user_id,community_id,primary_platform,user_type,activity_score,influence_score
U00001,C01,Instagram,Regular,0.2472,0.1337
U00002,C02,Instagram,Regular,0.3175,0.0899
U00003,C03,YouTube,Active,0.8273,0.2143
U00004,C04,Instagram,Active,0.7257,0.2811
U00005,C05,Instagram,Regular,0.1274,0.1967
U00006,C06,Reddit,Regular,0.3843,0.0439
U00007,C07,Instagram,Regular,0.2566,0.148
U00008,C08,Reddit,Regular,0.094,0.1994
U00009,C09,Reddit,Regular,0.0898,0.2083
U00010,C10,Instagram,Active,0.4978,0.313
U00011,C11,YouTube,Active,0.4899,0.4616
U00012,C12,Instagram,Regular,0.1119,0.1689
U00013,C13,Facebook,Influential,0.738,0.8369
U00014,C14,Instagram,Regular,0.2678,0.1213
U00015,C15,YouTube,Active,0.5183,0.3667
U00016,C16,YouTube,Active,0.4329,0.3024
U00017,C17,X,Regular,0.2132,0.0219
U00018,C18,Reddit,Regular,0.0946,0.1186
U00019,C19,YouTube,Active,0.5889,0.6585
U00020,C20,Reddit,Active,0.5137,0.1725
U00021,C21,Instagram,Regular,0.0546,0.0886
U00022,C22,Facebook,Regular,0.3839,0.0315
U00023,C23,Instagram,Regular,0.1678,0.1865
U00024,C24,Facebook,Regular,0.1008,0.2142
U00025,C25,Facebook,Regular,0.3745,0.0536
U00026,C01,Instagram,Regular,0.2679,0.1543
U00027,C02,X,Regular,0.1535,0.1014
U00028,C03,YouTube,Regular,0.3208,0.0531
U00029,C04,YouTube,Regular,0.1244,0.1996
U00030,C05,Facebook,Regular,0.1595,0.2375
U00031,C06,YouTube,Bridge,0.5658,0.755
U00032,C07,YouTube,Regular,0.2415,0.1759
U00033,C08,X,Active,0.2556,0.4063
U00034,C09,Instagram,Regular,0.1084,0.5788
U00035,C10,Facebook,Regular,0.0923,0.0703
U00036,C11,X,Regular,0.2234,0.0173
U00037,C12,Facebook,Active,0.4776,0.3401
U00038,C13,Facebook,Regular,0.1581,0.0384
U00039,C14,Reddit,Active,0.6445,0.5714
U00040,C15,Facebook,Regular,0.1872,0.0406
U00041,C16,Facebook,Regular,0.0327,0.0566
U00042,C17,X,Regular,0.2292,0.0729
U00043,C18,Instagram,Regular,0.0675,0.1942
U00044,C19,Reddit,Bridge,0.7036,0.5832
U00045,C20,Instagram,Regular,0.2726,0.098
U00046,C21,YouTube,Regular,0.1641,0.1022
U00047,C22,Facebook,Active,0.4954,0.3296
U00048,C23,Facebook,Regular,0.2112,0.3072
U00049,C24,Reddit,Bridge,0.7459,0.3923
U00050,C25,X,Influential,0.7359,0.7561
U00051,C01,YouTube,Regular,0.1453,0.254
U00052,C02,Reddit,Regular,0.0685,0.1005
U00053,C03,YouTube,Regular,0.1617,0.1099
U00054,C04,Facebook,Regular,0.0991,0.1776
U00055,C05,X,Regular,0.1787,0.1173
U00056,C06,Facebook,Active,0.2487,0.4772
U00057,C07,Instagram,Regular,0.1106,0.4332
U00058,C08,X,Active,0.7763,0.4519
U00059,C09,YouTube,Regular,0.2278,0.3055
U00060,C10,Instagram,Regular,0.3327,0.1717
U00061,C11,Reddit,Active,0.6117,0.5797
U00062,C12,Reddit,Active,0.516,0.2234
U00063,C13,Facebook,Regular,0.3477,0.2364
U00064,C14,X,Regular,0.0376,0.1505
U00065,C15,X,Active,0.6406,0.5755
U00066,C16,Instagram,Regular,0.1512,0.071
U00067,C17,X,Active,0.7199,0.2686
U00068,C18,Reddit,Regular,0.0433,0.1829
U00069,C19,X,Regular,0.2102,0.147
U00070,C20,Instagram,Active,0.707,0.4569
U00071,C21,Reddit,Regular,0.2231,0.0867
U00072,C22,X,Regular,0.0656,0.0377
U00073,C23,Instagram,Regular,0.2812,0.1035
U00074,C24,YouTube,Regular,0.1198,0.0363
U00075,C25,Facebook,Regular,0.1305,0.1915
U00076,C01,YouTube,Bridge,0.7801,0.4532
U00077,C02,Reddit,Regular,0.1532,0.0759
U00078,C03,Instagram,Regular,0.04,0.3293
U00079,C04,Reddit,Regular,0.1095,0.2945
U00080,C05,Instagram,Regular,0.165,0.2184
U00081,C06,YouTube,Regular,0.264,0.1623
U00082,C07,X,Regular,0.2455,0.2094
U00083,C08,Instagram,Active,0.6889,0.1833
U00084,C09,YouTube,Regular,0.1127,0.41
U00085,C10,Instagram,Regular,0.0337,0.1237
U00086,C11,Reddit,Influential,0.875,0.8751
U00087,C12,X,Regular,0.3489,0.1622
U00088,C13,Instagram,Active,0.7498,0.2611
U00089,C14,Facebook,Regular,0.0205,0.2382
U00090,C15,Reddit,Regular,0.1553,0.0697
U00091,C16,YouTube,Active,0.765,0.2468
U00092,C17,Instagram,Bridge,0.543,0.6456
U00093,C18,Facebook,Regular,0.1458,0.0742
U00094,C19,Facebook,Active,0.7366,0.2195
U00095,C20,Reddit,Regular,0.3404,0.4382
U00096,C21,Facebook,Regular,0.2102,0.1675
U00097,C22,X,Regular,0.0971,0.4584
U00098,C23,X,Regular,0.07,0.1836
U00099,C24,Instagram,Regular,0.36,0.0872
U00100,C25,X,Bridge,0.7089,0.4325
U00101,C01,X,Influential,0.865,0.9433
U00102,C02,Instagram,Active,0.3742,0.1453
U00103,C03,Instagram,Regular,0.0122,0.088
U00104,C04,Instagram,Regular,0.1835,0.2848
U00105,C05,X,Regular,0.2093,0.1249
U00106,C06,X,Regular,0.2685,0.2316
U00107,C07,Facebook,Regular,0.1585,0.0373
U00108,C08,X,Influential,0.9005,0.934
U00109,C09,YouTube,Regular,0.0598,0.1889
U00110,C10,Facebook,Regular,0.1138,0.3223
U00111,C11,Reddit,Influential,0.5605,0.904
U00112,C12,YouTube,Regular,0.3892,0.1182
U00113,C13,Reddit,Regular,0.1888,0.2113
U00114,C14,X,Regular,0.2168,0.0448
U00115,C15,X,Regular,0.1427,0.2816
U00116,C16,Instagram,Regular,0.1456,0.3514
U00117,C17,YouTube,Regular,0.3444,0.1381
U00118,C18,Instagram,Regular,0.1388,0.0685
U00119,C19,Facebook,Active,0.3432,0.3286
U00120,C20,YouTube,Regular,0.1057,0.1348
U00121,C21,Reddit,Regular,0.3168,0.1782
U00122,C22,X,Regular,0.2835,0.1205
U00123,C23,YouTube,Regular,0.2321,0.1137
U00124,C24,Facebook,Regular,0.1702,0.3986
U00125,C25,Facebook,Regular,0.1252,0.1897
U00126,C01,YouTube,Regular,0.0992,0.3907
U00127,C02,Reddit,Regular,0.1039,0.0823
U00128,C03,X,Bridge,0.7507,0.6149
U00129,C04,Instagram,Regular,0.1654,0.2246
U00130,C05,X,Regular,0.1758,0.1053
U00131,C06,X,Active,0.4858,0.5661
U00132,C07,Instagram,Regular,0.329,0.187
U00133,C08,YouTube,Active,0.5649,0.318
U00134,C09,X,Regular,0.1461,0.2136
U00135,C10,Instagram,Regular,0.0636,0.038
U00136,C11,Facebook,Active,0.6411,0.2915
U00137,C12,X,Regular,0.3154,0.2859
U00138,C13,Instagram,Regular,0.1954,0.2819
U00139,C14,Reddit,Regular,0.3171,0.3423
U00140,C15,YouTube,Regular,0.1256,0.0262
U00141,C16,Instagram,Regular,0.0086,0.2466
U00142,C17,Facebook,Regular,0.1734,0.06
U00143,C18,X,Regular,0.1955,0.1194
U00144,C19,Instagram,Active,0.604,0.3077
U00145,C20,Facebook,Regular,0.288,0.0704
U00146,C21,X,Regular,0.1806,0.1071
U00147,C22,Facebook,Regular,0.2439,0.0893
U00148,C23,Reddit,Active,0.3046,0.403
U00149,C24,Instagram,Regular,0.2075,0.036
U00150,C25,X,Regular,0.3583,0.2029
U00151,C01,Reddit,Active,0.4752,0.1107
U00152,C02,Reddit,Active,0.6394,0.3882
U00153,C03,Instagram,Regular,0.2691,0.1586
U00154,C04,X,Regular,0.0415,0.1252
U00155,C05,X,Active,0.7378,0.2018
U00156,C06,Instagram,Active,0.5655,0.1849
U00157,C07,Instagram,Regular,0.2883,0.1416
U00158,C08,X,Active,0.6468,0.4292
U00159,C09,YouTube,Regular,0.4548,0.3434
U00160,C10,X,Regular,0.0645,0.2133
U00161,C11,X,Active,0.7717,0.3781
U00162,C12,X,Active,0.8297,0.3195
U00163,C13,YouTube,Regular,0.3451,0.3703
U00164,C14,X,Regular,0.0975,0.1301
U00165,C15,X,Active,0.7989,0.4038
U00166,C16,Facebook,Active,0.6066,0.501
U00167,C17,Instagram,Active,0.6294,0.4598
U00168,C18,X,Active,0.6059,0.2872
U00169,C19,X,Regular,0.121,0.3621
U00170,C20,Facebook,Regular,0.0893,0.2289
U00171,C21,Instagram,Active,0.3043,0.2749
U00172,C22,Instagram,Regular,0.1648,0.1056
U00173,C23,X,Regular,0.0811,0.0853
U00174,C24,Facebook,Influential,0.4309,0.8088
U00175,C25,Facebook,Regular,0.1917,0.1483
U00176,C01,Reddit,Bridge,0.3846,0.4792
U00177,C02,Instagram,Influential,0.8873,0.9005
U00178,C03,Instagram,Influential,0.9533,0.6049
U00179,C04,Facebook,Influential,0.8409,0.8406
U00180,C05,Facebook,Regular,0.302,0.0594
U00181,C06,Facebook,Active,0.4644,0.4806
U00182,C07,Reddit,Regular,0.2198,0.1755
U00183,C08,Reddit,Regular,0.1568,0.0209
U00184,C09,YouTube,Regular,0.1164,0.1593
U00185,C10,X,Regular,0.1916,0.1621
U00186,C11,YouTube,Regular,0.1823,0.1161
U00187,C12,YouTube,Active,0.7357,0.2971
U00188,C13,Instagram,Regular,0.1587,0.2701
U00189,C14,Facebook,Regular,0.0542,0.0853
U00190,C15,X,Regular,0.2161,0.1019
U00191,C16,Facebook,Regular,0.197,0.359
U00192,C17,Facebook,Regular,0.0601,0.168
U00193,C18,Facebook,Regular,0.2915,0.0881
U00194,C19,Facebook,Regular,0.1493,0.2893
U00195,C20,YouTube,Influential,0.8795,0.9309
U00196,C21,YouTube,Active,0.3578,0.483
U00197,C22,Reddit,Regular,0.5073,0.2054
U00198,C23,Facebook,Regular,0.2821,0.1078
U00199,C24,Reddit,Regular,0.0805,0.0536
U00200,C25,Reddit,Regular,0.2741,0.3063
U00201,C01,Instagram,Regular,0.1551,0.114
U00202,C02,X,Regular,0.084,0.2852
U00203,C03,Instagram,Active,0.6321,0.4203
U00204,C04,Reddit,Regular,0.1679,0.2764
U00205,C05,Facebook,Regular,0.1469,0.1642
U00206,C06,YouTube,Active,0.7486,0.4669
U00207,C07,Instagram,Regular,0.3315,0.0899
U00208,C08,Instagram,Regular,0.2446,0.1908
U00209,C09,Reddit,Regular,0.2029,0.3086
U00210,C10,Instagram,Active,0.7477,0.2176
U00211,C11,YouTube,Regular,0.1048,0.3728
U00212,C12,YouTube,Regular,0.1016,0.0256
U00213,C13,Facebook,Regular,0.0577,0.208
U00214,C14,Instagram,Regular,0.2633,0.0781
U00215,C15,X,Active,0.5215,0.2339
U00216,C16,Facebook,Regular,0.1756,0.0383
U00217,C17,X,Regular,0.2077,0.2635
U00218,C18,Instagram,Regular,0.3317,0.1708
U00219,C19,X,Regular,0.2782,0.091
U00220,C20,X,Regular,0.1,0.1698
U00221,C21,X,Regular,0.178,0.1136
U00222,C22,X,Regular,0.3897,0.0068
U00223,C23,YouTube,Active,0.5035,0.2078
U00224,C24,Reddit,Regular,0.3834,0.197
U00225,C25,Reddit,Active,0.5833,0.2305
U00226,C01,YouTube,Active,0.6271,0.2007
U00227,C02,Facebook,Regular,0.2474,0.3965
U00228,C03,YouTube,Regular,0.4081,0.0765
U00229,C04,Reddit,Active,0.7443,0.133
U00230,C05,Facebook,Regular,0.1554,0.0801
U00231,C06,Facebook,Regular,0.0285,0.2608
U00232,C07,Facebook,Regular,0.3347,0.2807
U00233,C08,Instagram,Regular,0.184,0.1893
U00234,C09,YouTube,Regular,0.4544,0.1415
U00235,C10,Instagram,Regular,0.2229,0.1164
U00236,C11,Reddit,Regular,0.3532,0.2924
U00237,C12,Instagram,Regular,0.2445,0.1461
U00238,C13,X,Regular,0.2296,0.1896
U00239,C14,YouTube,Regular,0.0467,0.1882
U00240,C15,X,Active,0.8054,0.2896
U00241,C16,Instagram,Regular,0.2286,0.1625
U00242,C17,YouTube,Regular,0.1593,0.276
U00243,C18,X,Active,0.5075,0.4813
U00244,C19,YouTube,Regular,0.2285,0.0513
U00245,C20,YouTube,Regular,0.1354,0.1579
U00246,C21,Instagram,Regular,0.1125,0.1673
U00247,C22,Instagram,Regular,0.1756,0.1134
U00248,C23,YouTube,Regular,0.0808,0.2242
U00249,C24,Instagram,Regular,0.0047,0.1421
U00250,C25,Instagram,Regular,0.2844,0.2433
U00251,C01,Instagram,Regular,0.1569,0.3965
U00252,C02,Reddit,Regular,0.068,0.1349
U00253,C03,YouTube,Regular,0.1651,0.0442
U00254,C04,Reddit,Regular,0.1968,0.1496
U00255,C05,Facebook,Regular,0.0732,0.1818
U00256,C06,Facebook,Regular,0.0428,0.2265
U00257,C07,Facebook,Active,0.3932,0.6929
U00258,C08,X,Active,0.4894,0.3492
U00259,C09,Instagram,Regular,0.2376,0.1156
U00260,C10,Reddit,Regular,0.2959,0.1634
U00261,C11,Facebook,Bridge,0.4353,0.3779
U00262,C12,X,Regular,0.3215,0.1771
U00263,C13,YouTube,Regular,0.1574,0.1708
U00264,C14,Instagram,Influential,0.8394,0.8351
U00265,C15,Instagram,Regular,0.1954,0.4409
U00266,C16,YouTube,Regular,0.1489,0.1209
U00267,C17,Instagram,Regular,0.197,0.1513
U00268,C18,X,Regular,0.1503,0.2814
U00269,C19,YouTube,Regular,0.1471,0.2653
U00270,C20,Instagram,Active,0.4977,0.4937
U00271,C21,X,Active,0.7697,0.2804
U00272,C22,Instagram,Regular,0.0622,0.4069
U00273,C23,YouTube,Regular,0.1545,0.1804
U00274,C24,Facebook,Influential,0.6866,0.7523
U00275,C25,Instagram,Regular,0.304,0.3288
U00276,C01,YouTube,Regular,0.2741,0.1477
U00277,C02,X,Regular,0.2706,0.1128
U00278,C03,YouTube,Active,0.6089,0.2342
U00279,C04,X,Regular,0.0869,0.2212
U00280,C05,Facebook,Active,0.5747,0.381
U00281,C06,Facebook,Regular,0.164,0.1628
U00282,C07,Facebook,Regular,0.1091,0.0211
U00283,C08,X,Active,0.5196,0.219
U00284,C09,X,Regular,0.2946,0.2943
U00285,C10,X,Regular,0.4729,0.1564
U00286,C11,Facebook,Regular,0.109,0.1804
U00287,C12,X,Active,0.5945,0.3816
U00288,C13,X,Regular,0.3447,0.1308
U00289,C14,Reddit,Regular,0.1473,0.0721
U00290,C15,YouTube,Regular,0.1798,0.283
U00291,C16,X,Regular,0.1233,0.2778
U00292,C17,Instagram,Active,0.5064,0.4932
U00293,C18,Facebook,Active,0.692,0.2435
U00294,C19,YouTube,Regular,0.3127,0.0469
U00295,C20,Instagram,Regular,0.0672,0.1049
U00296,C21,Instagram,Active,0.7494,0.4221
U00297,C22,X,Regular,0.0878,0.0343
U00298,C23,X,Regular,0.2727,0.1704
U00299,C24,Facebook,Regular,0.2228,0.2036
U00300,C25,X,Regular,0.3599,0.1451
U00301,C01,YouTube,Regular,0.3317,0.0797
U00302,C02,YouTube,Regular,0.0395,0.2407
U00303,C03,YouTube,Regular,0.0775,0.1809
U00304,C04,X,Regular,0.3908,0.0378
U00305,C05,Instagram,Regular,0.2197,0.0315
U00306,C06,Facebook,Regular,0.1758,0.0085
U00307,C07,Reddit,Regular,0.0572,0.0916
U00308,C08,Facebook,Regular,0.0361,0.1988
U00309,C09,Facebook,Active,0.604,0.5736
U00310,C10,Facebook,Regular,0.0729,0.1181
U00311,C11,Instagram,Regular,0.0518,0.0971
U00312,C12,Instagram,Regular,0.4661,0.2365
U00313,C13,X,Regular,0.0745,0.0173
U00314,C14,Instagram,Regular,0.0186,0.1942
U00315,C15,YouTube,Regular,0.1094,0.5074
U00316,C16,Reddit,Influential,0.9071,0.6935
U00317,C17,Instagram,Regular,0.0507,0.2688
U00318,C18,Instagram,Regular,0.1428,0.1097
U00319,C19,Instagram,Regular,0.1961,0.1261
U00320,C20,Facebook,Regular,0.2537,0.0495
U00321,C21,Reddit,Influential,0.9355,0.8394
U00322,C22,Instagram,Regular,0.2761,0.3001
U00323,C23,Reddit,Active,0.4087,0.4539
U00324,C24,Reddit,Active,0.4151,0.3327
U00325,C25,Reddit,Regular,0.1746,0.3053
U00326,C01,Instagram,Regular,0.2675,0.0522
U00327,C02,Reddit,Influential,0.8427,0.7795
U00328,C03,Facebook,Active,0.8222,0.2732
U00329,C04,YouTube,Regular,0.1506,0.3405
U00330,C05,Instagram,Regular,0.3544,0.0554
U00331,C06,Facebook,Regular,0.1837,0.1914
U00332,C07,Instagram,Bridge,0.8207,0.5383
U00333,C08,YouTube,Active,0.7635,0.1687
U00334,C09,Instagram,Active,0.3642,0.56
U00335,C10,Reddit,Regular,0.1896,0.1518
U00336,C11,X,Regular,0.1694,0.0721
U00337,C12,Facebook,Bridge,0.4872,0.6823
U00338,C13,YouTube,Regular,0.2255,0.1938
U00339,C14,X,Active,0.5765,0.2098
U00340,C15,Instagram,Regular,0.1639,0.3945
U00341,C16,Instagram,Regular,0.1776,0.117
U00342,C17,Instagram,Regular,0.1657,0.1553
U00343,C18,Reddit,Regular,0.3957,0.2147
U00344,C19,Facebook,Regular,0.11,0.1017
U00345,C20,YouTube,Regular,0.1793,0.1731
U00346,C21,Reddit,Regular,0.0838,0.1135
U00347,C22,X,Regular,0.4491,0.3142
U00348,C23,YouTube,Active,0.414,0.3086
U00349,C24,X,Regular,0.2821,0.0254
U00350,C25,Reddit,Regular,0.3839,0.0974
U00351,C01,X,Regular,0.2402,0.0432
U00352,C02,Instagram,Active,0.6287,0.4315
U00353,C03,Facebook,Regular,0.2318,0.068
U00354,C04,Reddit,Active,0.4702,0.3835
U00355,C05,Instagram,Regular,0.1005,0.0916
U00356,C06,YouTube,Regular,0.3498,0.0258
U00357,C07,Reddit,Influential,0.9463,0.6485
U00358,C08,Instagram,Regular,0.3012,0.3837
U00359,C09,Facebook,Regular,0.2436,0.1995
U00360,C10,Facebook,Regular,0.1039,0.1362
U00361,C11,X,Regular,0.0841,0.0541
U00362,C12,Reddit,Active,0.7289,0.6322
U00363,C13,X,Influential,0.8809,0.8229
U00364,C14,Facebook,Regular,0.1451,0.0154
U00365,C15,YouTube,Regular,0.3547,0.2489
U00366,C16,YouTube,Regular,0.1213,0.2485
U00367,C17,Instagram,Active,0.3463,0.3918
U00368,C18,YouTube,Regular,0.3546,0.2233
U00369,C19,Instagram,Regular,0.2434,0.1277
U00370,C20,Facebook,Regular,0.4025,0.2353
U00371,C21,X,Regular,0.1254,0.0571
U00372,C22,YouTube,Regular,0.4291,0.2289
U00373,C23,X,Regular,0.2085,0.0541
U00374,C24,Reddit,Active,0.4991,0.5275
U00375,C25,Facebook,Regular,0.0225,0.0287
U00376,C01,X,Regular,0.1314,0.1472
U00377,C02,Reddit,Regular,0.3332,0.1132
U00378,C03,YouTube,Bridge,0.7197,0.6796
U00379,C04,Facebook,Regular,0.2952,0.2837
U00380,C05,Facebook,Regular,0.3353,0.0385
U00381,C06,YouTube,Active,0.5219,0.6185
U00382,C07,Instagram,Active,0.7375,0.306
U00383,C08,X,Regular,0.3137,0.1055
U00384,C09,YouTube,Regular,0.3084,0.1303
U00385,C10,X,Regular,0.2896,0.249
U00386,C11,Instagram,Regular,0.1953,0.048
U00387,C12,Reddit,Regular,0.3168,0.1393
U00388,C13,Instagram,Regular,0.132,0.1582
U00389,C14,X,Bridge,0.8604,0.6117
U00390,C15,Instagram,Regular,0.149,0.0746
U00391,C16,Reddit,Active,0.6522,0.4805
U00392,C17,Reddit,Regular,0.2267,0.1047
U00393,C18,X,Regular,0.2931,0.1765
U00394,C19,Facebook,Bridge,0.7542,0.6733
U00395,C20,Facebook,Regular,0.2436,0.2407
U00396,C21,Reddit,Influential,0.7898,0.5924
U00397,C22,X,Active,0.3214,0.5094
U00398,C23,X,Regular,0.0434,0.0721
U00399,C24,X,Regular,0.1754,0.2056
U00400,C25,X,Regular,0.1807,0.1775
U00401,C01,Facebook,Regular,0.1233,0.4573
U00402,C02,X,Regular,0.16,0.1821
U00403,C03,Instagram,Regular,0.0629,0.1194
U00404,C04,Facebook,Regular,0.3413,0.08
U00405,C05,Reddit,Regular,0.4002,0.1282
U00406,C06,Facebook,Regular,0.2447,0.0681
U00407,C07,YouTube,Regular,0.1827,0.3501
U00408,C08,Instagram,Regular,0.3569,0.1455
U00409,C09,Instagram,Active,0.4791,0.3823
U00410,C10,YouTube,Active,0.5567,0.5818
U00411,C11,Facebook,Active,0.4141,0.2516
U00412,C12,X,Regular,0.1428,0.0552
U00413,C13,Reddit,Bridge,0.1773,0.7836
U00414,C14,Reddit,Regular,0.3114,0.0697
U00415,C15,X,Regular,0.0687,0.1755
U00416,C16,Reddit,Active,0.4421,0.3216
U00417,C17,Reddit,Regular,0.164,0.1821
U00418,C18,Facebook,Active,0.3968,0.5236
U00419,C19,Instagram,Regular,0.1701,0.2325
U00420,C20,X,Regular,0.1065,0.3276
U00421,C21,YouTube,Regular,0.0464,0.3361
U00422,C22,X,Regular,0.4483,0.0023
U00423,C23,X,Active,0.7685,0.293
U00424,C24,Facebook,Regular,0.4679,0.0882
U00425,C25,YouTube,Regular,0.3039,0.1509
U00426,C01,Instagram,Active,0.4481,0.4516
U00427,C02,YouTube,Regular,0.0629,0.1097
U00428,C03,X,Influential,0.7862,0.9436
U00429,C04,Facebook,Active,0.5674,0.4174
U00430,C05,YouTube,Regular,0.3232,0.1518
U00431,C06,Reddit,Active,0.5997,0.606
U00432,C07,X,Regular,0.2006,0.1459
U00433,C08,X,Regular,0.3019,0.1614
U00434,C09,Facebook,Regular,0.4289,0.2798
U00435,C10,Reddit,Regular,0.1311,0.1314
U00436,C11,X,Regular,0.3473,0.204
U00437,C12,Instagram,Regular,0.351,0.1418
U00438,C13,YouTube,Active,0.5503,0.3313
U00439,C14,X,Regular,0.146,0.0885
U00440,C15,Reddit,Regular,0.2643,0.163
U00441,C16,Facebook,Regular,0.2288,0.2635
U00442,C17,X,Regular,0.0357,0.1622
U00443,C18,YouTube,Active,0.7605,0.2018
U00444,C19,Reddit,Regular,0.3266,0.1661
U00445,C20,Reddit,Regular,0.2298,0.2221
U00446,C21,Facebook,Regular,0.0916,0.0216
U00447,C22,X,Regular,0.2998,0.0685
U00448,C23,Facebook,Regular,0.1488,0.4561
U00449,C24,Instagram,Regular,0.1741,0.2122
U00450,C25,Reddit,Regular,0.1104,0.314
U00451,C01,Facebook,Bridge,0.6208,0.6597
U00452,C02,YouTube,Influential,0.6718,0.9717
U00453,C03,Reddit,Regular,0.2776,0.0707
U00454,C04,YouTube,Regular,0.1926,0.2063
U00455,C05,YouTube,Regular,0.1142,0.1268
U00456,C06,X,Regular,0.4038,0.1728
U00457,C07,X,Regular,0.34,0.2293
U00458,C08,Facebook,Regular,0.2506,0.2341
U00459,C09,YouTube,Regular,0.424,0.0821
U00460,C10,YouTube,Regular,0.312,0.4114
U00461,C11,X,Regular,0.2859,0.209
U00462,C12,X,Regular,0.401,0.4701
U00463,C13,Facebook,Regular,0.2332,0.2135
U00464,C14,Reddit,Regular,0.2808,0.047
U00465,C15,Instagram,Active,0.6488,0.2052
U00466,C16,YouTube,Regular,0.282,0.0451
U00467,C17,Instagram,Regular,0.0928,0.1112
U00468,C18,X,Regular,0.1229,0.2517
U00469,C19,X,Regular,0.1295,0.041
U00470,C20,Facebook,Active,0.474,0.3903
U00471,C21,Reddit,Active,0.5067,0.4137
U00472,C22,YouTube,Active,0.632,0.5392
U00473,C23,Instagram,Regular,0.2742,0.1429
U00474,C24,Instagram,Influential,0.6457,0.9297
U00475,C25,X,Influential,0.8233,0.8649
U00476,C01,X,Active,0.8084,0.3555
U00477,C02,X,Influential,0.9274,0.7339
U00478,C03,X,Regular,0.2128,0.2714
U00479,C04,Reddit,Regular,0.2048,0.3336
U00480,C05,YouTube,Regular,0.2046,0.3339
U00481,C06,Reddit,Regular,0.1143,0.1416
U00482,C07,X,Active,0.7421,0.1328
U00483,C08,Instagram,Regular,0.4031,0.0533
U00484,C09,X,Regular,0.152,0.0467
U00485,C10,X,Regular,0.0138,0.3271
U00486,C11,Instagram,Regular,0.1107,0.2359
U00487,C12,X,Active,0.4712,0.5854
U00488,C13,Facebook,Regular,0.138,0.1394
U00489,C14,X,Regular,0.1208,0.0651
U00490,C15,Reddit,Regular,0.2939,0.1675
U00491,C16,X,Regular,0.014,0.3749
U00492,C17,Reddit,Regular,0.1345,0.0645
U00493,C18,YouTube,Regular,0.0513,0.0712
U00494,C19,Facebook,Influential,0.7289,0.9341
U00495,C20,Instagram,Active,0.5122,0.7865
U00496,C21,Instagram,Regular,0.145,0.1496
U00497,C22,Facebook,Regular,0.0754,0.143
U00498,C23,Instagram,Influential,0.8824,0.9592
U00499,C24,Reddit,Regular,0.2686,0.0361
U00500,C25,X,Influential,0.6934,0.5462
U00501,C01,YouTube,Regular,0.0986,0.1208
U00502,C02,X,Regular,0.0694,0.2367
U00503,C03,Facebook,Regular,0.0855,0.1831
U00504,C04,Instagram,Regular,0.3102,0.1315
U00505,C05,Reddit,Active,0.7555,0.4589
U00506,C06,YouTube,Regular,0.1321,0.1133
U00507,C07,Instagram,Regular,0.1219,0.2461
U00508,C08,Facebook,Active,0.6636,0.4102
U00509,C09,Reddit,Regular,0.0566,0.0952
U00510,C10,X,Regular,0.0955,0.0187
U00511,C11,Instagram,Regular,0.0722,0.0527
U00512,C12,Facebook,Active,0.4749,0.4629
U00513,C13,X,Regular,0.1333,0.1323
U00514,C14,X,Regular,0.1848,0.1511
U00515,C15,Instagram,Regular,0.2062,0.3007
U00516,C16,Instagram,Regular,0.1624,0.3193
U00517,C17,Instagram,Regular,0.1906,0.1399
U00518,C18,X,Regular,0.5903,0.2206
U00519,C19,Facebook,Regular,0.0278,0.2158
U00520,C20,Instagram,Regular,0.0744,0.1503
U00521,C21,Reddit,Active,0.485,0.3871
U00522,C22,Reddit,Active,0.8516,0.4329
U00523,C23,Reddit,Active,0.4496,0.2929
U00524,C24,Reddit,Regular,0.4124,0.1822
U00525,C25,Instagram,Influential,0.9282,0.8158
U00526,C01,X,Active,0.6017,0.4392
U00527,C02,Reddit,Regular,0.421,0.1447
U00528,C03,Instagram,Influential,0.7145,0.7655
U00529,C04,Facebook,Regular,0.2972,0.1093
U00530,C05,Reddit,Regular,0.1506,0.2471
U00531,C06,Instagram,Active,0.4743,0.3579
U00532,C07,YouTube,Regular,0.3477,0.174
U00533,C08,Facebook,Regular,0.1861,0.2087
U00534,C09,Reddit,Regular,0.2438,0.1515
U00535,C10,X,Regular,0.035,0.2188
U00536,C11,Reddit,Regular,0.0651,0.2446
U00537,C12,Instagram,Regular,0.034,0.0661
U00538,C13,X,Regular,0.2023,0.1289
U00539,C14,X,Regular,0.1405,0.4484
U00540,C15,Instagram,Active,0.721,0.1375
U00541,C16,Instagram,Regular,0.3248,0.2222
U00542,C17,Reddit,Regular,0.1996,0.109
U00543,C18,Instagram,Regular,0.2768,0.1846
U00544,C19,YouTube,Regular,0.3073,0.0879
U00545,C20,Instagram,Regular,0.1202,0.063
U00546,C21,Instagram,Influential,0.7518,0.6326
U00547,C22,Instagram,Active,0.6186,0.2443
U00548,C23,YouTube,Regular,0.1945,0.3144
U00549,C24,Reddit,Active,0.6466,0.3121
U00550,C25,Reddit,Regular,0.01,0.1673
U00551,C01,Instagram,Regular,0.1154,0.0683
U00552,C02,YouTube,Regular,0.1974,0.2665
U00553,C03,X,Active,0.3781,0.4697
U00554,C04,X,Active,0.5069,0.3989
U00555,C05,Facebook,Regular,0.3652,0.0096
U00556,C06,Instagram,Regular,0.2009,0.3834
U00557,C07,Instagram,Regular,0.3451,0.0756
U00558,C08,X,Regular,0.22,0.4049
U00559,C09,X,Regular,0.1328,0.2751
U00560,C10,X,Regular,0.2063,0.1118
U00561,C11,X,Active,0.797,0.5261
U00562,C12,YouTube,Active,0.3502,0.5688
U00563,C13,Instagram,Regular,0.0034,0.1192
U00564,C14,X,Influential,0.7354,0.8106
U00565,C15,Instagram,Regular,0.1982,0.1143
U00566,C16,Facebook,Regular,0.189,0.2294
U00567,C17,Instagram,Regular,0.1683,0.3786
U00568,C18,Reddit,Active,0.5913,0.3347
U00569,C19,Instagram,Regular,0.5839,0.3079
U00570,C20,Instagram,Regular,0.2782,0.0398
U00571,C21,Instagram,Active,0.7955,0.4839
U00572,C22,Facebook,Regular,0.0629,0.2437
U00573,C23,YouTube,Regular,0.0982,0.3276
U00574,C24,Reddit,Active,0.7531,0.5279
U00575,C25,Instagram,Regular,0.1205,0.2398
U00576,C01,YouTube,Regular,0.0628,0.1963
U00577,C02,Facebook,Regular,0.1559,0.142
U00578,C03,Reddit,Regular,0.0558,0.1676
U00579,C04,Facebook,Regular,0.0868,0.1037
U00580,C05,Instagram,Active,0.6661,0.3614
U00581,C06,Facebook,Regular,0.124,0.0681
U00582,C07,Reddit,Regular,0.1313,0.1068
U00583,C08,Instagram,Regular,0.1454,0.2051
U00584,C09,Reddit,Regular,0.1525,0.3377
U00585,C10,Facebook,Regular,0.0904,0.1943
U00586,C11,Instagram,Regular,0.0719,0.08
U00587,C12,Facebook,Regular,0.0043,0.0792
U00588,C13,YouTube,Regular,0.0292,0.1303
U00589,C14,Facebook,Regular,0.1151,0.0257
U00590,C15,Reddit,Regular,0.2079,0.2899
U00591,C16,X,Active,0.8537,0.1415
U00592,C17,X,Regular,0.2032,0.212
U00593,C18,Instagram,Regular,0.2961,0.1304
U00594,C19,X,Influential,0.8939,0.8832
U00595,C20,Reddit,Regular,0.3812,0.156
U00596,C21,Facebook,Regular,0.024,0.1272
U00597,C22,Instagram,Regular,0.2549,0.1003
U00598,C23,X,Regular,0.2697,0.0415
U00599,C24,X,Regular,0.4743,0.0854
U00600,C25,Instagram,Active,0.3557,0.2284
U00601,C01,Facebook,Active,0.7939,0.234
U00602,C02,Reddit,Regular,0.2168,0.3617
U00603,C03,Facebook,Regular,0.0882,0.2941
U00604,C04,Facebook,Regular,0.2814,0.0191
U00605,C05,Reddit,Regular,0.3424,0.2249
U00606,C06,Reddit,Regular,0.0223,0.1568
U00607,C07,Facebook,Active,0.5418,0.2917
U00608,C08,X,Active,0.4926,0.1881
U00609,C09,Instagram,Active,0.5865,0.0523
U00610,C10,Instagram,Regular,0.187,0.1056
U00611,C11,X,Regular,0.1653,0.2075
U00612,C12,Instagram,Regular,0.1246,0.2127
U00613,C13,Reddit,Active,0.4864,0.2738
U00614,C14,YouTube,Active,0.5139,0.4898
U00615,C15,X,Regular,0.3712,0.2265
U00616,C16,YouTube,Regular,0.2675,0.2291
U00617,C17,X,Regular,0.0805,0.0805
U00618,C18,Instagram,Regular,0.1216,0.1723
U00619,C19,Reddit,Regular,0.035,0.1355
U00620,C20,Facebook,Regular,0.2991,0.269
U00621,C21,Reddit,Regular,0.0359,0.1828
U00622,C22,Reddit,Regular,0.1732,0.2152
U00623,C23,X,Regular,0.1523,0.2098
U00624,C24,X,Regular,0.1027,0.0495
U00625,C25,YouTube,Active,0.7687,0.4618
U00626,C01,Reddit,Regular,0.2959,0.1605
U00627,C02,X,Regular,0.0941,0.0485
U00628,C03,Reddit,Active,0.5178,0.3303
U00629,C04,YouTube,Active,0.6303,0.257
U00630,C05,Reddit,Regular,0.079,0.0841
U00631,C06,Instagram,Regular,0.2332,0.276
U00632,C07,X,Regular,0.1032,0.0596
U00633,C08,YouTube,Regular,0.1207,0.3625
U00634,C09,Instagram,Regular,0.1034,0.1876
U00635,C10,Facebook,Regular,0.1181,0.0931
U00636,C11,Reddit,Regular,0.3004,0.289
U00637,C12,Facebook,Regular,0.0913,0.0343
U00638,C13,Facebook,Regular,0.2156,0.1483
U00639,C14,Reddit,Regular,0.2237,0.0767
U00640,C15,YouTube,Active,0.7111,0.2446
U00641,C16,Instagram,Regular,0.1843,0.3619
U00642,C17,Facebook,Regular,0.1013,0.0982
U00643,C18,YouTube,Active,0.4559,0.2754
U00644,C19,X,Active,0.4014,0.2891
U00645,C20,Reddit,Regular,0.1455,0.1764
U00646,C21,Facebook,Regular,0.3253,0.1366
U00647,C22,YouTube,Influential,0.8517,0.9196
U00648,C23,Reddit,Regular,0.1025,0.0438
U00649,C24,Facebook,Influential,0.6982,0.6089
U00650,C25,X,Regular,0.2618,0.1115
U00651,C01,YouTube,Active,0.3025,0.6069
U00652,C02,YouTube,Active,0.7435,0.3415
U00653,C03,Reddit,Regular,0.1832,0.364
U00654,C04,Facebook,Regular,0.1356,0.1301
U00655,C05,Facebook,Regular,0.2589,0.1455
U00656,C06,Instagram,Regular,0.1369,0.2143
U00657,C07,Reddit,Influential,0.8539,0.7049
U00658,C08,Instagram,Regular,0.19,0.3373
U00659,C09,X,Regular,0.2587,0.1627
U00660,C10,X,Regular,0.2341,0.0551
U00661,C11,X,Active,0.4776,0.2582
U00662,C12,Facebook,Regular,0.2104,0.3487
U00663,C13,Instagram,Active,0.44,0.3631
U00664,C14,Instagram,Regular,0.1114,0.0726
U00665,C15,X,Active,0.5849,0.2204
U00666,C16,Instagram,Active,0.5729,0.429
U00667,C17,Facebook,Regular,0.1245,0.1623
U00668,C18,Instagram,Regular,0.5494,0.0175
U00669,C19,Facebook,Regular,0.1531,0.3319
U00670,C20,Reddit,Active,0.6218,0.4885
U00671,C21,Facebook,Regular,0.3943,0.2659
U00672,C22,Reddit,Active,0.6254,0.456
U00673,C23,Facebook,Active,0.4574,0.3268
U00674,C24,X,Influential,0.9354,0.9489
U00675,C25,Facebook,Regular,0.2112,0.1312
U00676,C01,Reddit,Regular,0.095,0.2274
U00677,C02,X,Influential,0.6978,0.7243
U00678,C03,Instagram,Active,0.5988,0.3726
U00679,C04,YouTube,Regular,0.1673,0.228
U00680,C05,Reddit,Active,0.6443,0.5507
U00681,C06,X,Regular,0.1614,0.0669
U00682,C07,Facebook,Active,0.5065,0.2213
U00683,C08,Facebook,Active,0.2931,0.3665
U00684,C09,Instagram,Active,0.4276,0.3795
U00685,C10,X,Regular,0.0901,0.1451
U00686,C11,Reddit,Regular,0.0831,0.0466
U00687,C12,Instagram,Regular,0.2569,0.3138
U00688,C13,Reddit,Regular,0.2667,0.0508
U00689,C14,X,Regular,0.5351,0.0906
U00690,C15,Instagram,Regular,0.1259,0.3563
U00691,C16,X,Influential,0.8852,0.9251
U00692,C17,X,Regular,0.1459,0.2629
U00693,C18,Facebook,Regular,0.149,0.1243
U00694,C19,YouTube,Active,0.5117,0.219
U00695,C20,YouTube,Regular,0.1732,0.2929
U00696,C21,Instagram,Regular,0.0502,0.1377
U00697,C22,Facebook,Regular,0.1053,0.1166
U00698,C23,Reddit,Active,0.3218,0.3437
U00699,C24,Reddit,Active,0.7883,0.2783
U00700,C25,Facebook,Regular,0.3222,0.178
U00701,C01,Instagram,Regular,0.4416,0.0455
U00702,C02,X,Regular,0.0427,0.1221
U00703,C03,Instagram,Regular,0.2004,0.2798
U00704,C04,Reddit,Active,0.4146,0.1246
U00705,C05,Reddit,Regular,0.5171,0.1191
U00706,C06,Instagram,Regular,0.312,0.0607
U00707,C07,YouTube,Regular,0.148,0.0455
U00708,C08,Facebook,Regular,0.4937,0.1069
U00709,C09,Instagram,Regular,0.0439,0.33
U00710,C10,Instagram,Influential,0.6849,0.9004
U00711,C11,Reddit,Regular,0.1987,0.1328
U00712,C12,Reddit,Bridge,0.71,0.5872
U00713,C13,Reddit,Regular,0.1389,0.1797
U00714,C14,X,Regular,0.2772,0.1567
U00715,C15,Instagram,Regular,0.0314,0.1452
U00716,C16,Facebook,Active,0.5423,0.3713
U00717,C17,YouTube,Active,0.5393,0.3328
U00718,C18,YouTube,Active,0.5507,0.5104
U00719,C19,Instagram,Regular,0.0804,0.1139
U00720,C20,X,Regular,0.0816,0.0989
U00721,C21,X,Regular,0.1874,0.0593
U00722,C22,YouTube,Regular,0.2098,0.1652
U00723,C23,X,Regular,0.0828,0.0999
U00724,C24,X,Regular,0.0277,0.08
U00725,C25,Facebook,Regular,0.1298,0.0926
U00726,C01,Instagram,Regular,0.0352,0.0583
U00727,C02,X,Regular,0.1573,0.309
U00728,C03,X,Regular,0.2637,0.1613
U00729,C04,Facebook,Regular,0.246,0.3486
U00730,C05,Instagram,Active,0.8789,0.3431
U00731,C06,X,Regular,0.0842,0.0303
U00732,C07,Facebook,Active,0.6614,0.4691
U00733,C08,Facebook,Regular,0.2498,0.0802
U00734,C09,YouTube,Active,0.6216,0.0917
U00735,C10,Facebook,Active,0.5385,0.536
U00736,C11,Reddit,Influential,0.5755,0.6365
U00737,C12,X,Regular,0.0784,0.0755
U00738,C13,X,Regular,0.3487,0.0726
U00739,C14,Instagram,Active,0.494,0.3022
U00740,C15,X,Regular,0.1712,0.0917
U00741,C16,Facebook,Regular,0.1413,0.0871
U00742,C17,YouTube,Regular,0.1205,0.0404
U00743,C18,YouTube,Regular,0.291,0.2527
U00744,C19,YouTube,Regular,0.1157,0.3125
U00745,C20,Instagram,Regular,0.1497,0.0945
U00746,C21,Facebook,Active,0.4251,0.2031
U00747,C22,Facebook,Bridge,0.4329,0.8541
U00748,C23,X,Bridge,0.6856,0.488
U00749,C24,YouTube,Regular,0.0562,0.1382
U00750,C25,X,Regular,0.2534,0.0669
U00751,C01,X,Regular,0.0759,0.1584
U00752,C02,YouTube,Regular,0.2932,0.0449
U00753,C03,Instagram,Active,0.6447,0.6654
U00754,C04,X,Regular,0.1328,0.151
U00755,C05,Facebook,Regular,0.0406,0.0205
U00756,C06,YouTube,Regular,0.2367,0.0262
U00757,C07,X,Regular,0.1457,0.0714
U00758,C08,X,Regular,0.1759,0.2525
U00759,C09,Reddit,Regular,0.299,0.1429
U00760,C10,YouTube,Regular,0.2113,0.2567
U00761,C11,Instagram,Regular,0.2226,0.0893
U00762,C12,Reddit,Active,0.2202,0.5414
U00763,C13,Reddit,Regular,0.4994,0.0999
U00764,C14,Facebook,Regular,0.1438,0.0203
U00765,C15,X,Regular,0.1376,0.1305
U00766,C16,X,Regular,0.0997,0.0765
U00767,C17,Instagram,Regular,0.1861,0.143
U00768,C18,Reddit,Active,0.3902,0.5397
U00769,C19,Reddit,Active,0.1498,0.5192
U00770,C20,YouTube,Regular,0.0983,0.1309
U00771,C21,Facebook,Active,0.5964,0.3593
U00772,C22,Instagram,Regular,0.128,0.0908
U00773,C23,X,Regular,0.1641,0.2794
U00774,C24,YouTube,Active,0.6846,0.201
U00775,C25,YouTube,Influential,0.9063,0.779
U00776,C01,Reddit,Active,0.7093,0.4361
U00777,C02,Instagram,Regular,0.051,0.2684
U00778,C03,X,Regular,0.2673,0.2055
U00779,C04,Reddit,Regular,0.0917,0.1371
U00780,C05,X,Regular,0.1194,0.1965
U00781,C06,YouTube,Regular,0.0726,0.3774
U00782,C07,Facebook,Regular,0.1998,0.1175
U00783,C08,YouTube,Bridge,0.7455,0.8275
U00784,C09,X,Regular,0.1127,0.2794
U00785,C10,Instagram,Active,0.5922,0.3438
U00786,C11,YouTube,Influential,0.3783,0.8998
U00787,C12,YouTube,Regular,0.274,0.291
U00788,C13,X,Regular,0.2895,0.1387
U00789,C14,YouTube,Active,0.4007,0.1001
U00790,C15,X,Regular,0.3042,0.2143
U00791,C16,X,Regular,0.1764,0.0707
U00792,C17,Instagram,Regular,0.0388,0.3468
U00793,C18,Instagram,Regular,0.402,0.4571
U00794,C19,YouTube,Regular,0.4337,0.1361
U00795,C20,X,Regular,0.0765,0.1196
U00796,C21,X,Active,0.4822,0.2741
U00797,C22,YouTube,Regular,0.2485,0.0715
U00798,C23,Instagram,Regular,0.2084,0.0495
U00799,C24,Reddit,Regular,0.1992,0.1388
U00800,C25,Instagram,Regular,0.4363,0.0507
U00801,C01,Instagram,Influential,0.6599,0.7385
U00802,C02,YouTube,Regular,0.3289,0.1176
U00803,C03,X,Regular,0.2474,0.1693
U00804,C04,X,Regular,0.0689,0.074
U00805,C05,Instagram,Regular,0.281,0.1952
U00806,C06,Reddit,Regular,0.1351,0.0265
U00807,C07,X,Regular,0.0821,0.1649
U00808,C08,YouTube,Regular,0.0936,0.3954
U00809,C09,YouTube,Regular,0.5858,0.1243
U00810,C10,X,Regular,0.2869,0.1885
U00811,C11,X,Regular,0.3146,0.4764
U00812,C12,Facebook,Regular,0.222,0.0071
U00813,C13,Instagram,Regular,0.2131,0.3205
U00814,C14,Reddit,Regular,0.0362,0.3832
U00815,C15,YouTube,Regular,0.458,0.2849
U00816,C16,YouTube,Regular,0.0529,0.13
U00817,C17,X,Active,0.4166,0.4643
U00818,C18,Instagram,Influential,0.585,0.9179
U00819,C19,Reddit,Regular,0.1439,0.1051
U00820,C20,Reddit,Regular,0.1423,0.0864
U00821,C21,Facebook,Regular,0.1794,0.0242
U00822,C22,Facebook,Regular,0.2214,0.063
U00823,C23,YouTube,Regular,0.3099,0.2762
U00824,C24,X,Regular,0.3239,0.204
U00825,C25,Facebook,Regular,0.2022,0.2852
U00826,C01,Facebook,Regular,0.2509,0.209
U00827,C02,Reddit,Active,0.6318,0.6272
U00828,C03,Reddit,Regular,0.4832,0.0374
U00829,C04,Instagram,Regular,0.2874,0.068
U00830,C05,Reddit,Influential,0.8052,0.6651
U00831,C06,Instagram,Influential,0.7119,0.4787
U00832,C07,Instagram,Regular,0.3399,0.2125
U00833,C08,X,Regular,0.4659,0.2921
U00834,C09,Reddit,Regular,0.0495,0.3459
U00835,C10,X,Regular,0.0969,0.1877
U00836,C11,X,Regular,0.069,0.3643
U00837,C12,X,Active,0.5061,0.2651
U00838,C13,Facebook,Regular,0.3933,0.1257
U00839,C14,Instagram,Regular,0.4362,0.1549
U00840,C15,Instagram,Regular,0.1389,0.0244
U00841,C16,X,Regular,0.3058,0.3652
U00842,C17,X,Regular,0.226,0.4279
U00843,C18,Instagram,Regular,0.1158,0.2393
U00844,C19,Facebook,Influential,0.6303,0.8726
U00845,C20,Facebook,Active,0.4771,0.4019
U00846,C21,YouTube,Influential,0.8925,0.9611
U00847,C22,Reddit,Regular,0.4655,0.0314
U00848,C23,Instagram,Regular,0.3474,0.1514
U00849,C24,Facebook,Regular,0.2119,0.169
U00850,C25,Reddit,Regular,0.0687,0.2071
U00851,C01,Reddit,Regular,0.1089,0.0536
U00852,C02,YouTube,Regular,0.2966,0.2475
U00853,C03,X,Regular,0.3476,0.1307
U00854,C04,Facebook,Active,0.7881,0.3933
U00855,C05,X,Regular,0.4116,0.3048
U00856,C06,YouTube,Regular,0.129,0.121
U00857,C07,X,Regular,0.2075,0.4339
U00858,C08,YouTube,Regular,0.1345,0.2003
U00859,C09,Reddit,Influential,0.8943,0.7248
U00860,C10,YouTube,Active,0.7744,0.2997
U00861,C11,Instagram,Regular,0.2112,0.1877
U00862,C12,X,Regular,0.3215,0.1744
U00863,C13,X,Active,0.408,0.5913
U00864,C14,YouTube,Regular,0.0061,0.1322
U00865,C15,Instagram,Regular,0.1733,0.2868
U00866,C16,YouTube,Regular,0.1302,0.2462
U00867,C17,Instagram,Active,0.6867,0.478
U00868,C18,Instagram,Regular,0.3307,0.2189
U00869,C19,Instagram,Influential,0.9025,0.8727
U00870,C20,Facebook,Regular,0.1157,0.0743
U00871,C21,YouTube,Regular,0.2775,0.0814
U00872,C22,X,Regular,0.0267,0.4268
U00873,C23,X,Influential,0.9594,0.8035
U00874,C24,Instagram,Active,0.5026,0.2724
U00875,C25,Instagram,Regular,0.263,0.0926
U00876,C01,YouTube,Regular,0.1317,0.2564
U00877,C02,Facebook,Regular,0.0648,0.1932
U00878,C03,X,Regular,0.0626,0.084
U00879,C04,Facebook,Regular,0.054,0.1365
U00880,C05,YouTube,Active,0.5293,0.1001
U00881,C06,YouTube,Regular,0.1694,0.0429
U00882,C07,Instagram,Regular,0.5204,0.2837
U00883,C08,Reddit,Regular,0.202,0.2948
U00884,C09,X,Regular,0.1437,0.2462
U00885,C10,Facebook,Regular,0.0908,0.1397
U00886,C11,YouTube,Regular,0.0904,0.5546
U00887,C12,Facebook,Regular,0.0231,0.0328
U00888,C13,X,Influential,0.6667,0.9844
U00889,C14,Instagram,Regular,0.1591,0.0973
U00890,C15,Facebook,Regular,0.2847,0.5058
U00891,C16,X,Bridge,0.6474,0.7822
U00892,C17,X,Influential,0.6279,0.8105
U00893,C18,Facebook,Regular,0.2824,0.2247
U00894,C19,Facebook,Regular,0.1192,0.1279
U00895,C20,Facebook,Regular,0.2372,0.2208
U00896,C21,Instagram,Regular,0.2528,0.2825
U00897,C22,X,Regular,0.103,0.3307
U00898,C23,Instagram,Regular,0.2846,0.1754
U00899,C24,Reddit,Regular,0.207,0.0336
U00900,C25,YouTube,Regular,0.1176,0.2437
U00901,C01,YouTube,Regular,0.1696,0.2796
U00902,C02,Facebook,Regular,0.0957,0.2886
U00903,C03,Instagram,Regular,0.1257,0.2047
U00904,C04,Instagram,Active,0.6556,0.3307
U00905,C05,X,Regular,0.0181,0.4034
U00906,C06,X,Regular,0.2743,0.1696
U00907,C07,Reddit,Active,0.5406,0.1552
U00908,C08,X,Regular,0.1035,0.2733
U00909,C09,YouTube,Regular,0.4261,0.0755
U00910,C10,Instagram,Active,0.6212,0.3797
U00911,C11,Reddit,Regular,0.303,0.1223
U00912,C12,X,Active,0.696,0.5024
U00913,C13,Instagram,Active,0.6935,0.498
U00914,C14,Instagram,Active,0.4613,0.5158
U00915,C15,X,Active,0.3933,0.5132
U00916,C16,Reddit,Regular,0.349,0.2101
U00917,C17,X,Influential,0.6287,0.774
U00918,C18,X,Influential,0.8339,0.7366
U00919,C19,Reddit,Regular,0.1337,0.2008
U00920,C20,X,Regular,0.1402,0.1075
U00921,C21,X,Regular,0.1777,0.1553
U00922,C22,Reddit,Regular,0.0495,0.1385
U00923,C23,X,Influential,0.7677,0.9488
U00924,C24,Instagram,Regular,0.3332,0.1988
U00925,C25,Instagram,Regular,0.0195,0.4382
U00926,C01,Facebook,Regular,0.26,0.1034
U00927,C02,YouTube,Regular,0.1544,0.1821
U00928,C03,Reddit,Active,0.4106,0.2262
U00929,C04,Instagram,Active,0.593,0.6821
U00930,C05,X,Active,0.6161,0.2203
U00931,C06,Reddit,Active,0.2729,0.2193
U00932,C07,YouTube,Regular,0.2393,0.1246
U00933,C08,Instagram,Regular,0.3248,0.0803
U00934,C09,Facebook,Regular,0.172,0.2644
U00935,C10,Instagram,Regular,0.0923,0.0927
U00936,C11,X,Active,0.4924,0.38
U00937,C12,YouTube,Regular,0.175,0.0368
U00938,C13,YouTube,Regular,0.0964,0.1342
U00939,C14,Instagram,Regular,0.1433,0.2992
U00940,C15,Facebook,Regular,0.422,0.3389
U00941,C16,Reddit,Regular,0.0843,0.2884
U00942,C17,YouTube,Active,0.652,0.3256
U00943,C18,Instagram,Regular,0.1891,0.152
U00944,C19,Facebook,Active,0.1134,0.3062
U00945,C20,Instagram,Regular,0.311,0.1254
U00946,C21,Instagram,Regular,0.2449,0.043
U00947,C22,YouTube,Active,0.4545,0.3
U00948,C23,Reddit,Regular,0.1907,0.1764
U00949,C24,Reddit,Regular,0.0726,0.398
U00950,C25,Instagram,Regular,0.1195,0.1501
U00951,C01,YouTube,Regular,0.0802,0.0322
U00952,C02,Instagram,Active,0.193,0.4891
U00953,C03,YouTube,Regular,0.1926,0.1294
U00954,C04,Reddit,Regular,0.0904,0.0658
U00955,C05,Reddit,Regular,0.0877,0.0392
U00956,C06,Reddit,Regular,0.1189,0.0942
U00957,C07,Facebook,Regular,0.1012,0.3861
U00958,C08,Instagram,Regular,0.1783,0.1303
U00959,C09,Reddit,Regular,0.0855,0.3072
U00960,C10,Reddit,Regular,0.0991,0.0893
U00961,C11,Reddit,Active,0.2052,0.2248
U00962,C12,Reddit,Regular,0.0548,0.1203
U00963,C13,Reddit,Regular,0.2912,0.1045
U00964,C14,YouTube,Active,0.5792,0.1979
U00965,C15,X,Regular,0.4279,0.3478
U00966,C16,Reddit,Active,0.6974,0.4717
U00967,C17,Facebook,Regular,0.0761,0.215
U00968,C18,X,Regular,0.203,0.2344
U00969,C19,Instagram,Influential,0.4869,0.7089
U00970,C20,Instagram,Influential,0.7901,0.6015
U00971,C21,X,Regular,0.1382,0.1617
U00972,C22,X,Active,0.625,0.5621
U00973,C23,Facebook,Regular,0.1009,0.2552
U00974,C24,Facebook,Bridge,0.5789,0.4075
U00975,C25,X,Active,0.6797,0.5285
U00976,C01,YouTube,Regular,0.349,0.1196
U00977,C02,Reddit,Regular,0.182,0.2362
U00978,C03,Facebook,Regular,0.2815,0.175
U00979,C04,Reddit,Regular,0.1281,0.2864
U00980,C05,YouTube,Regular,0.1188,0.2423
U00981,C06,Instagram,Regular,0.0672,0.2521
U00982,C07,Facebook,Regular,0.0612,0.2535
U00983,C08,Reddit,Regular,0.3586,0.1521
U00984,C09,X,Regular,0.2694,0.2621
U00985,C10,Facebook,Regular,0.3683,0.0829
U00986,C11,X,Regular,0.1462,0.3482
U00987,C12,Instagram,Active,0.4924,0.4358
U00988,C13,Facebook,Active,0.5543,0.577
U00989,C14,X,Active,0.4613,0.1293
U00990,C15,Instagram,Regular,0.5222,0.131
U00991,C16,Instagram,Regular,0.2078,0.0222
U00992,C17,YouTube,Regular,0.1367,0.0424
U00993,C18,YouTube,Regular,0.182,0.2479
U00994,C19,Instagram,Regular,0.1723,0.2167
U00995,C20,X,Regular,0.1783,0.2301
U00996,C21,Reddit,Regular,0.3454,0.0276
U00997,C22,X,Regular,0.1631,0.1095
U00998,C23,Facebook,Active,0.4943,0.243
U00999,C24,YouTube,Regular,0.2159,0.1016
U01000,C25,Facebook,Regular,0.1923,0.1567
U01001,C01,YouTube,Regular,0.0761,0.1127
U01002,C02,Facebook,Regular,0.2825,0.1067
U01003,C03,X,Regular,0.239,0.1581
U01004,C04,X,Active,0.3143,0.1462
U01005,C05,Facebook,Regular,0.0697,0.0619
U01006,C06,X,Regular,0.5468,0.2005
U01007,C07,YouTube,Influential,0.726,0.7498
U01008,C08,Facebook,Active,0.4945,0.4796
U01009,C09,Instagram,Regular,0.1159,0.1353
U01010,C10,YouTube,Regular,0.2694,0.1441
U01011,C11,X,Regular,0.0577,0.3726
U01012,C12,YouTube,Regular,0.1986,0.2364
U01013,C13,X,Active,0.689,0.4825
U01014,C14,X,Regular,0.079,0.0553
U01015,C15,Instagram,Regular,0.4305,0.2072
U01016,C16,Instagram,Regular,0.0037,0.1785
U01017,C17,X,Regular,0.0746,0.0961
U01018,C18,Instagram,Active,0.5027,0.3098
U01019,C19,Instagram,Active,0.8298,0.1718
U01020,C20,YouTube,Regular,0.2636,0.1638
U01021,C21,X,Regular,0.065,0.2867
U01022,C22,X,Regular,0.2162,0.0341
U01023,C23,Reddit,Active,0.6618,0.3074
U01024,C24,X,Regular,0.4008,0.2578
U01025,C25,X,Regular,0.1942,0.168
U01026,C01,X,Regular,0.382,0.1142
U01027,C02,Instagram,Influential,0.5493,0.79
U01028,C03,Reddit,Bridge,0.7529,0.5623
U01029,C04,YouTube,Regular,0.1515,0.1529
U01030,C05,X,Regular,0.0269,0.3066
U01031,C06,X,Regular,0.1775,0.3574
U01032,C07,Reddit,Regular,0.3441,0.1539
U01033,C08,Facebook,Regular,0.0892,0.1726
U01034,C09,Reddit,Regular,0.3321,0.0546
U01035,C10,X,Regular,0.0611,0.2675
U01036,C11,X,Regular,0.2486,0.1912
U01037,C12,Facebook,Active,0.564,0.5201
U01038,C13,Reddit,Regular,0.0959,0.0669
U01039,C14,Instagram,Regular,0.0783,0.0873
U01040,C15,X,Regular,0.1495,0.544
U01041,C16,Facebook,Regular,0.2149,0.2056
U01042,C17,Facebook,Regular,0.1005,0.2085
U01043,C18,X,Regular,0.1436,0.1077
U01044,C19,YouTube,Regular,0.386,0.1824
U01045,C20,Facebook,Regular,0.1156,0.1914
U01046,C21,X,Active,0.7507,0.6375
U01047,C22,Reddit,Regular,0.217,0.2837
U01048,C23,X,Regular,0.29,0.1381
U01049,C24,YouTube,Regular,0.1147,0.2131
U01050,C25,X,Regular,0.1951,0.1954
U01051,C01,YouTube,Regular,0.1307,0.2239
U01052,C02,Instagram,Regular,0.0989,0.053
U01053,C03,X,Active,0.8135,0.4318
U01054,C04,X,Regular,0.0742,0.1299
U01055,C05,X,Regular,0.1931,0.2383
U01056,C06,YouTube,Regular,0.3231,0.1795
U01057,C07,Reddit,Regular,0.1053,0.0492
U01058,C08,YouTube,Regular,0.1919,0.2167
U01059,C09,YouTube,Regular,0.1401,0.0886
U01060,C10,Reddit,Regular,0.1302,0.0922
U01061,C11,Reddit,Regular,0.2128,0.1511
U01062,C12,Reddit,Regular,0.069,0.293
U01063,C13,X,Regular,0.2767,0.1214
U01064,C14,X,Regular,0.1674,0.0632
U01065,C15,X,Regular,0.1574,0.0102
U01066,C16,Instagram,Active,0.4682,0.4308
U01067,C17,Instagram,Regular,0.1576,0.1277
U01068,C18,Reddit,Regular,0.3029,0.206
U01069,C19,Facebook,Active,0.4328,0.4624
U01070,C20,Facebook,Regular,0.1728,0.364
U01071,C21,Reddit,Regular,0.1836,0.0679
U01072,C22,Instagram,Bridge,0.6467,0.6481
U01073,C23,X,Regular,0.32,0.1129
U01074,C24,X,Regular,0.0734,0.0891
U01075,C25,Instagram,Active,0.8553,0.3839
U01076,C01,Reddit,Regular,0.135,0.168
U01077,C02,Instagram,Regular,0.1452,0.0637
U01078,C03,Reddit,Regular,0.2923,0.1135
U01079,C04,X,Regular,0.3636,0.1559
U01080,C05,X,Regular,0.143,0.2946
U01081,C06,Reddit,Regular,0.1745,0.0726
U01082,C07,Instagram,Regular,0.2897,0.1553
U01083,C08,X,Active,0.7772,0.4323
U01084,C09,Instagram,Regular,0.1375,0.0318
U01085,C10,X,Regular,0.1777,0.3028
U01086,C11,Reddit,Active,0.5242,0.4156
U01087,C12,X,Regular,0.2376,0.1785
U01088,C13,X,Regular,0.1636,0.1931
U01089,C14,YouTube,Regular,0.1206,0.142
U01090,C15,Facebook,Regular,0.0816,0.3593
U01091,C16,Instagram,Regular,0.1281,0.2641
U01092,C17,X,Regular,0.2662,0.2954
U01093,C18,X,Regular,0.0858,0.1621
U01094,C19,YouTube,Regular,0.2305,0.1356
U01095,C20,X,Regular,0.329,0.1198
U01096,C21,Reddit,Active,0.5406,0.4405
U01097,C22,Instagram,Influential,0.9545,0.9305
U01098,C23,X,Regular,0.1125,0.0537
U01099,C24,X,Regular,0.1337,0.2246
U01100,C25,Facebook,Influential,0.8331,0.8748
U01101,C01,Instagram,Active,0.4585,0.6201
U01102,C02,X,Regular,0.4213,0.1482
U01103,C03,Facebook,Regular,0.0515,0.49
U01104,C04,Facebook,Influential,0.9871,0.9538
U01105,C05,YouTube,Regular,0.1708,0.3324
U01106,C06,YouTube,Regular,0.3205,0.1872
U01107,C07,YouTube,Active,0.6198,0.2129
U01108,C08,Instagram,Regular,0.3367,0.2845
U01109,C09,YouTube,Regular,0.171,0.0539
U01110,C10,Facebook,Active,0.5131,0.2157
U01111,C11,Instagram,Regular,0.2637,0.1548
U01112,C12,Facebook,Regular,0.3313,0.0474
U01113,C13,Instagram,Regular,0.2759,0.1656
U01114,C14,Reddit,Regular,0.2953,0.0891
U01115,C15,Facebook,Regular,0.1687,0.1053
U01116,C16,Facebook,Regular,0.3659,0.0346
U01117,C17,Reddit,Regular,0.0694,0.0727
U01118,C18,Facebook,Regular,0.0807,0.0778
U01119,C19,Facebook,Regular,0.1652,0.2073
U01120,C20,X,Regular,0.0587,0.1252
U01121,C21,X,Active,0.6063,0.4768
U01122,C22,Instagram,Regular,0.0343,0.2222
U01123,C23,Instagram,Regular,0.2033,0.1179
U01124,C24,Reddit,Regular,0.1218,0.063
U01125,C25,Facebook,Regular,0.0462,0.2206
U01126,C01,Reddit,Regular,0.0592,0.0778
U01127,C02,Facebook,Regular,0.2429,0.0119
U01128,C03,YouTube,Regular,0.1451,0.1151
U01129,C04,Instagram,Regular,0.1694,0.0767
U01130,C05,Facebook,Regular,0.1525,0.1907
U01131,C06,Facebook,Influential,0.9275,0.7318
U01132,C07,X,Regular,0.1285,0.0602
U01133,C08,Facebook,Regular,0.1442,0.2672
U01134,C09,X,Active,0.661,0.4456
U01135,C10,Instagram,Influential,0.916,0.703
U01136,C11,X,Regular,0.0137,0.0855
U01137,C12,Facebook,Regular,0.2627,0.0768
U01138,C13,X,Influential,0.8663,0.8052
U01139,C14,YouTube,Regular,0.2071,0.2336
U01140,C15,Reddit,Regular,0.1438,0.394
U01141,C16,Facebook,Regular,0.1581,0.3168
U01142,C17,Facebook,Active,0.5496,0.2756
U01143,C18,Reddit,Regular,0.2355,0.1818
U01144,C19,Reddit,Regular,0.0703,0.2515
U01145,C20,Reddit,Regular,0.2545,0.3129
U01146,C21,Reddit,Influential,0.8139,0.6392
U01147,C22,Facebook,Regular,0.2038,0.1503
U01148,C23,YouTube,Regular,0.1285,0.1087
U01149,C24,X,Active,0.5493,0.5634
U01150,C25,Reddit,Regular,0.0347,0.1117
U01151,C01,Facebook,Regular,0.4205,0.0542
U01152,C02,YouTube,Regular,0.5876,0.2152
U01153,C03,Instagram,Active,0.315,0.3675
U01154,C04,Reddit,Bridge,0.525,0.511
U01155,C05,Reddit,Regular,0.2283,0.0243
U01156,C06,YouTube,Influential,0.3609,0.7824
U01157,C07,X,Regular,0.1129,0.2507
U01158,C08,X,Regular,0.1732,0.0931
U01159,C09,YouTube,Regular,0.2779,0.1695
U01160,C10,X,Regular,0.6297,0.103
U01161,C11,Facebook,Regular,0.0575,0.3309
U01162,C12,Instagram,Regular,0.1447,0.0537
U01163,C13,YouTube,Bridge,0.6809,0.6877
U01164,C14,YouTube,Regular,0.1684,0.2207
U01165,C15,Facebook,Influential,0.6427,0.8569
U01166,C16,Facebook,Regular,0.233,0.0593
U01167,C17,Reddit,Regular,0.2632,0.1262
U01168,C18,Reddit,Regular,0.5933,0.0933
U01169,C19,Facebook,Regular,0.0707,0.0882
U01170,C20,Reddit,Active,0.5632,0.3108
U01171,C21,Facebook,Regular,0.2548,0.0315
U01172,C22,Instagram,Regular,0.0894,0.1544
U01173,C23,X,Regular,0.064,0.2094
U01174,C24,X,Regular,0.0891,0.0888
U01175,C25,Facebook,Regular,0.0582,0.048
U01176,C01,Instagram,Regular,0.3181,0.1489
U01177,C02,Reddit,Regular,0.1096,0.2285
U01178,C03,YouTube,Regular,0.5894,0.1184
U01179,C04,Facebook,Regular,0.3665,0.2492
U01180,C05,Instagram,Active,0.6209,0.3174
U01181,C06,YouTube,Active,0.8127,0.2148
U01182,C07,Instagram,Regular,0.3803,0.1259
U01183,C08,Facebook,Bridge,0.6053,0.3569
U01184,C09,Instagram,Regular,0.1437,0.0394
U01185,C10,X,Regular,0.3396,0.1162
U01186,C11,Facebook,Regular,0.2843,0.1416
U01187,C12,YouTube,Regular,0.223,0.0933
U01188,C13,Instagram,Regular,0.1345,0.059
U01189,C14,Instagram,Regular,0.2815,0.1012
U01190,C15,Facebook,Regular,0.2777,0.0102
U01191,C16,Instagram,Regular,0.377,0.1391
U01192,C17,X,Active,0.693,0.0948
U01193,C18,Instagram,Regular,0.0333,0.5507
U01194,C19,Instagram,Active,0.5025,0.5551
U01195,C20,Reddit,Regular,0.0961,0.14
U01196,C21,X,Regular,0.1869,0.0765
U01197,C22,YouTube,Regular,0.1606,0.0549
U01198,C23,YouTube,Regular,0.4508,0.1714
U01199,C24,Facebook,Regular,0.1691,0.0577
U01200,C25,YouTube,Active,0.5321,0.1901
U01201,C01,YouTube,Active,0.3095,0.2449
U01202,C02,YouTube,Regular,0.0231,0.0491
U01203,C03,Instagram,Regular,0.1819,0.2047
U01204,C04,Facebook,Regular,0.06,0.2179
U01205,C05,YouTube,Regular,0.2811,0.2654
U01206,C06,Facebook,Regular,0.318,0.1248
U01207,C07,Facebook,Regular,0.1256,0.1411
U01208,C08,YouTube,Regular,0.204,0.2509
U01209,C09,YouTube,Regular,0.0414,0.1484
U01210,C10,Reddit,Bridge,0.5242,0.5103
U01211,C11,Instagram,Regular,0.1372,0.0862
U01212,C12,Reddit,Regular,0.2074,0.1758
U01213,C13,Facebook,Regular,0.2091,0.1002
U01214,C14,Instagram,Regular,0.1399,0.0215
U01215,C15,X,Active,0.3639,0.176
U01216,C16,Reddit,Regular,0.2947,0.0956
U01217,C17,Facebook,Regular,0.2059,0.1302
U01218,C18,Reddit,Active,0.4764,0.2076
U01219,C19,Instagram,Regular,0.1279,0.2804
U01220,C20,Facebook,Active,0.6717,0.561
U01221,C21,Reddit,Regular,0.4026,0.142
U01222,C22,Reddit,Regular,0.2223,0.1066
U01223,C23,X,Active,0.5967,0.3513
U01224,C24,Instagram,Regular,0.2895,0.267
U01225,C25,X,Regular,0.1679,0.1665
U01226,C01,Facebook,Active,0.5071,0.363
U01227,C02,Instagram,Active,0.6342,0.4316
U01228,C03,Reddit,Regular,0.0927,0.0999
U01229,C04,Instagram,Bridge,0.8115,0.6235
U01230,C05,YouTube,Active,0.5373,0.6127
U01231,C06,X,Regular,0.0223,0.148
U01232,C07,Facebook,Regular,0.1696,0.2849
U01233,C08,Facebook,Active,0.6535,0.3429
U01234,C09,X,Bridge,0.8732,0.3734
U01235,C10,X,Regular,0.209,0.1468
U01236,C11,Facebook,Regular,0.3307,0.4689
U01237,C12,YouTube,Regular,0.3311,0.1343
U01238,C13,Instagram,Regular,0.0625,0.0832
U01239,C14,Instagram,Regular,0.131,0.0643
U01240,C15,Facebook,Regular,0.3068,0.2001
U01241,C16,Reddit,Regular,0.1635,0.1395
U01242,C17,YouTube,Regular,0.2343,0.2036
U01243,C18,Facebook,Regular,0.1463,0.1219
U01244,C19,X,Active,0.7426,0.244
U01245,C20,Instagram,Regular,0.3196,0.1838
U01246,C21,X,Influential,0.9594,0.6758
U01247,C22,X,Active,0.3308,0.3961
U01248,C23,Instagram,Active,0.3668,0.2137
U01249,C24,Facebook,Active,0.7534,0.5301
U01250,C25,X,Regular,0.1711,0.1916
U01251,C01,YouTube,Active,0.5155,0.4513
U01252,C02,Reddit,Regular,0.1562,0.0069
U01253,C03,Facebook,Regular,0.0482,0.1098
U01254,C04,YouTube,Regular,0.1505,0.2124
U01255,C05,Instagram,Active,0.7593,0.257
U01256,C06,Facebook,Regular,0.1873,0.1853
U01257,C07,Facebook,Influential,0.665,0.9375
U01258,C08,Facebook,Influential,0.7702,0.8248
U01259,C09,X,Regular,0.1652,0.2136
U01260,C10,YouTube,Active,0.3797,0.5145
U01261,C11,YouTube,Regular,0.3186,0.1066
U01262,C12,Instagram,Regular,0.1487,0.2551
U01263,C13,Instagram,Regular,0.2888,0.2713
U01264,C14,Instagram,Regular,0.0971,0.0874
U01265,C15,X,Regular,0.0923,0.2911
U01266,C16,Reddit,Regular,0.1831,0.076
U01267,C17,Reddit,Regular,0.2732,0.2579
U01268,C18,YouTube,Regular,0.1526,0.0555
U01269,C19,Instagram,Regular,0.5836,0.1195
U01270,C20,Reddit,Active,0.6134,0.3292
U01271,C21,X,Regular,0.1042,0.1844
U01272,C22,Instagram,Regular,0.0851,0.2383
U01273,C23,Instagram,Influential,0.9501,0.895
U01274,C24,Instagram,Regular,0.134,0.0798
U01275,C25,Instagram,Regular,0.1261,0.1172
U01276,C01,Facebook,Influential,0.9572,0.8499
U01277,C02,Facebook,Regular,0.3322,0.1236
U01278,C03,X,Regular,0.2423,0.1459
U01279,C04,Facebook,Regular,0.026,0.0224
U01280,C05,YouTube,Regular,0.0704,0.2484
U01281,C06,YouTube,Regular,0.3083,0.082
U01282,C07,Instagram,Regular,0.4343,0.1239
U01283,C08,Instagram,Regular,0.1425,0.3759
U01284,C09,YouTube,Regular,0.1438,0.1995
U01285,C10,YouTube,Regular,0.297,0.4309
U01286,C11,X,Active,0.2837,0.4266
U01287,C12,Instagram,Regular,0.5459,0.2571
U01288,C13,Facebook,Regular,0.07,0.3831
U01289,C14,Instagram,Active,0.319,0.2732
U01290,C15,X,Regular,0.1425,0.0623
U01291,C16,X,Regular,0.2059,0.0804
U01292,C17,Instagram,Active,0.8323,0.3241
U01293,C18,Instagram,Bridge,0.8237,0.8527
U01294,C19,Instagram,Regular,0.2544,0.444
U01295,C20,Reddit,Regular,0.3191,0.1614
U01296,C21,YouTube,Active,0.5611,0.1674
U01297,C22,Facebook,Regular,0.1725,0.0753
U01298,C23,X,Regular,0.3711,0.0684
U01299,C24,Instagram,Regular,0.1911,0.2295
U01300,C25,Reddit,Active,0.4129,0.3664
U01301,C01,X,Regular,0.1236,0.2383
U01302,C02,Instagram,Regular,0.0533,0.4156
U01303,C03,Instagram,Regular,0.2069,0.3184
U01304,C04,YouTube,Regular,0.3312,0.0771
U01305,C05,X,Regular,0.2784,0.3538
U01306,C06,X,Regular,0.3551,0.189
U01307,C07,Facebook,Regular,0.1028,0.1795
U01308,C08,Reddit,Regular,0.2273,0.1094
U01309,C09,Facebook,Active,0.38,0.4254
U01310,C10,X,Regular,0.087,0.114
U01311,C11,Reddit,Influential,0.9092,0.6666
U01312,C12,Reddit,Regular,0.0595,0.0328
U01313,C13,Reddit,Regular,0.2254,0.1935
U01314,C14,X,Influential,0.8139,0.9098
U01315,C15,Instagram,Influential,0.7156,0.7796
U01316,C16,Reddit,Active,0.4886,0.1367
U01317,C17,YouTube,Regular,0.1115,0.0279
U01318,C18,X,Active,0.4088,0.4666
U01319,C19,Instagram,Active,0.2398,0.2765
U01320,C20,Facebook,Regular,0.1171,0.2408
U01321,C21,Instagram,Regular,0.1012,0.291
U01322,C22,Reddit,Active,0.4119,0.4932
U01323,C23,Reddit,Regular,0.3192,0.1438
U01324,C24,YouTube,Regular,0.1733,0.0476
U01325,C25,Reddit,Regular,0.2023,0.2636
U01326,C01,Facebook,Regular,0.0672,0.2657
U01327,C02,Reddit,Regular,0.3659,0.1762
U01328,C03,X,Regular,0.261,0.0632
U01329,C04,Facebook,Regular,0.1319,0.1465
U01330,C05,X,Regular,0.228,0.4243
U01331,C06,Instagram,Regular,0.1648,0.2361
U01332,C07,YouTube,Regular,0.0844,0.0338
U01333,C08,Instagram,Active,0.5337,0.4879
U01334,C09,Facebook,Regular,0.2554,0.0683
U01335,C10,YouTube,Regular,0.0114,0.1663
U01336,C11,YouTube,Regular,0.044,0.1825
U01337,C12,Instagram,Active,0.7961,0.4477
U01338,C13,YouTube,Regular,0.1552,0.2097
U01339,C14,X,Regular,0.4633,0.089
U01340,C15,X,Regular,0.0659,0.1157
U01341,C16,Instagram,Active,0.5048,0.2652
U01342,C17,X,Regular,0.2331,0.2176
U01343,C18,X,Regular,0.2149,0.1751
U01344,C19,Instagram,Active,0.4906,0.3465
U01345,C20,Facebook,Active,0.6716,0.2766
U01346,C21,YouTube,Regular,0.1696,0.2133
U01347,C22,Instagram,Regular,0.1966,0.3955
U01348,C23,Facebook,Regular,0.2488,0.2598
U01349,C24,Reddit,Regular,0.0626,0.1973
U01350,C25,Facebook,Regular,0.2958,0.1562
U01351,C01,Reddit,Regular,0.1128,0.0944
U01352,C02,Instagram,Active,0.8192,0.4531
U01353,C03,Instagram,Regular,0.2635,0.0378
U01354,C04,Facebook,Active,0.7028,0.2855
U01355,C05,Facebook,Regular,0.0945,0.1578
U01356,C06,X,Regular,0.1837,0.244
U01357,C07,Reddit,Active,0.6299,0.4958
U01358,C08,YouTube,Active,0.6379,0.642
U01359,C09,Facebook,Regular,0.2411,0.2165
U01360,C10,YouTube,Regular,0.2645,0.1283
U01361,C11,Instagram,Regular,0.2584,0.3262
U01362,C12,Reddit,Regular,0.1493,0.0182
U01363,C13,Instagram,Active,0.47,0.3683
U01364,C14,X,Active,0.5437,0.2956
U01365,C15,Instagram,Influential,0.7603,0.8632
U01366,C16,Facebook,Regular,0.3653,0.097
U01367,C17,Facebook,Active,0.6712,0.3644
U01368,C18,Instagram,Regular,0.0769,0.2584
U01369,C19,Reddit,Regular,0.1058,0.1243
U01370,C20,YouTube,Regular,0.3261,0.1742
U01371,C21,Reddit,Regular,0.2687,0.1804
U01372,C22,X,Regular,0.0431,0.047
U01373,C23,X,Regular,0.1805,0.2317
U01374,C24,Facebook,Active,0.6489,0.3247
U01375,C25,Facebook,Regular,0.2673,0.3425
U01376,C01,Facebook,Regular,0.2191,0.068
U01377,C02,X,Active,0.7486,0.2181
U01378,C03,Instagram,Influential,0.4789,0.8015
U01379,C04,X,Regular,0.2267,0.26
U01380,C05,Instagram,Active,0.4911,0.1769
U01381,C06,Instagram,Regular,0.2779,0.0905
U01382,C07,Instagram,Regular,0.1256,0.2468
U01383,C08,YouTube,Bridge,0.6878,0.6872
U01384,C09,X,Regular,0.2311,0.2053
U01385,C10,Reddit,Active,0.8088,0.3998
U01386,C11,Facebook,Regular,0.226,0.1936
U01387,C12,Instagram,Influential,0.8521,0.7427
U01388,C13,Instagram,Regular,0.1996,0.0915
U01389,C14,Instagram,Active,0.7523,0.386
U01390,C15,Facebook,Regular,0.2763,0.0523
U01391,C16,Instagram,Influential,0.8608,0.8603
U01392,C17,Facebook,Regular,0.0378,0.2295
U01393,C18,YouTube,Active,0.5658,0.3896
U01394,C19,Facebook,Active,0.4425,0.389
U01395,C20,Instagram,Regular,0.0271,0.0521
U01396,C21,X,Regular,0.353,0.1592
U01397,C22,Instagram,Regular,0.13,0.1496
U01398,C23,Reddit,Regular,0.2678,0.1249
U01399,C24,Reddit,Regular,0.5395,0.2006
U01400,C25,Instagram,Influential,0.6649,0.794
U01401,C01,Facebook,Regular,0.1049,0.1311
U01402,C02,Instagram,Regular,0.0261,0.2115
U01403,C03,X,Regular,0.0613,0.1168
U01404,C04,Instagram,Regular,0.1494,0.3335
U01405,C05,Facebook,Active,0.9152,0.4995
U01406,C06,Facebook,Regular,0.1021,0.0992
U01407,C07,Reddit,Regular,0.127,0.1271
U01408,C08,Facebook,Regular,0.1348,0.0737
U01409,C09,Instagram,Bridge,0.7057,0.6816
U01410,C10,Reddit,Regular,0.1081,0.1006
U01411,C11,Facebook,Active,0.7315,0.2247
U01412,C12,X,Regular,0.265,0.295
U01413,C13,Instagram,Regular,0.0696,0.0831
U01414,C14,X,Active,0.4503,0.3029
U01415,C15,X,Regular,0.2003,0.1071
U01416,C16,YouTube,Regular,0.2212,0.2239
U01417,C17,Reddit,Regular,0.5743,0.3067
U01418,C18,X,Regular,0.2711,0.1272
U01419,C19,Instagram,Regular,0.1318,0.2868
U01420,C20,Reddit,Active,0.7846,0.2588
U01421,C21,X,Regular,0.4298,0.232
U01422,C22,Facebook,Active,0.7124,0.461
U01423,C23,Reddit,Regular,0.1333,0.2174
U01424,C24,Reddit,Regular,0.1381,0.1158
U01425,C25,Facebook,Active,0.5689,0.2249
U01426,C01,YouTube,Regular,0.1391,0.2466
U01427,C02,Instagram,Regular,0.1676,0.1193
U01428,C03,Facebook,Regular,0.0966,0.0065
U01429,C04,Instagram,Active,0.8284,0.6579
U01430,C05,Facebook,Regular,0.161,0.1811
U01431,C06,Facebook,Regular,0.0928,0.415
U01432,C07,Instagram,Regular,0.1757,0.2379
U01433,C08,Instagram,Regular,0.1805,0.0953
U01434,C09,X,Regular,0.2058,0.1405
U01435,C10,YouTube,Regular,0.2554,0.2518
U01436,C11,X,Active,0.6676,0.5331
U01437,C12,X,Bridge,0.4417,0.5539
U01438,C13,Reddit,Regular,0.2982,0.0553
U01439,C14,X,Regular,0.1078,0.1384
U01440,C15,Facebook,Regular,0.1668,0.3483
U01441,C16,Facebook,Regular,0.1483,0.3127
U01442,C17,X,Regular,0.3431,0.0696
U01443,C18,Instagram,Active,0.5629,0.2304
U01444,C19,Reddit,Bridge,0.7479,0.559
U01445,C20,X,Active,0.6609,0.4399
U01446,C21,Instagram,Influential,0.6509,0.873
U01447,C22,Facebook,Regular,0.0977,0.1643
U01448,C23,X,Active,0.7816,0.3992
U01449,C24,X,Regular,0.2242,0.1234
U01450,C25,X,Regular,0.2159,0.0499
U01451,C01,Facebook,Active,0.5389,0.3886
U01452,C02,X,Active,0.3284,0.4081
U01453,C03,Reddit,Regular,0.1719,0.0476
U01454,C04,YouTube,Active,0.6996,0.165
U01455,C05,Instagram,Active,0.4163,0.2298
U01456,C06,X,Regular,0.0947,0.0931
U01457,C07,Reddit,Regular,0.3237,0.2257
U01458,C08,X,Regular,0.2545,0.0682
U01459,C09,Reddit,Active,0.4627,0.0933
U01460,C10,Reddit,Regular,0.0289,0.1292
U01461,C11,Instagram,Regular,0.4195,0.0488
U01462,C12,Reddit,Regular,0.4204,0.0409
U01463,C13,X,Regular,0.1303,0.0915
U01464,C14,Instagram,Regular,0.1025,0.1876
U01465,C15,X,Regular,0.1091,0.536
U01466,C16,Facebook,Active,0.6132,0.1928
U01467,C17,Reddit,Regular,0.0577,0.1484
U01468,C18,X,Active,0.1821,0.537
U01469,C19,X,Active,0.6077,0.3543
U01470,C20,Facebook,Influential,0.6833,0.7826
U01471,C21,Facebook,Influential,0.7225,0.9236
U01472,C22,Facebook,Regular,0.3475,0.318
U01473,C23,Instagram,Regular,0.4125,0.1985
U01474,C24,X,Influential,0.7089,0.8966
U01475,C25,YouTube,Influential,0.9215,0.8647
U01476,C01,X,Regular,0.2969,0.1064
U01477,C02,X,Regular,0.3277,0.075
U01478,C03,Instagram,Active,0.7037,0.3091
U01479,C04,Instagram,Regular,0.0599,0.3744
U01480,C05,YouTube,Regular,0.3351,0.219
U01481,C06,YouTube,Regular,0.2227,0.0987
U01482,C07,X,Influential,0.839,0.757
U01483,C08,X,Regular,0.0589,0.3156
U01484,C09,Instagram,Influential,0.8633,0.9394
U01485,C10,X,Regular,0.4303,0.0768
U01486,C11,Instagram,Influential,0.899,0.6491
U01487,C12,X,Regular,0.2466,0.1241
U01488,C13,YouTube,Regular,0.2966,0.2568
U01489,C14,X,Regular,0.2149,0.0169
U01490,C15,X,Regular,0.1473,0.3939
U01491,C16,YouTube,Regular,0.2879,0.342
U01492,C17,X,Regular,0.0298,0.0184
U01493,C18,Facebook,Regular,0.1685,0.2234
U01494,C19,Instagram,Regular,0.3032,0.144
U01495,C20,Instagram,Regular,0.2036,0.0384
U01496,C21,Facebook,Regular,0.2201,0.0663
U01497,C22,X,Active,0.6764,0.3689
U01498,C23,Reddit,Active,0.6816,0.266
U01499,C24,Reddit,Regular,0.21,0.0965
U01500,C25,Reddit,Regular,0.0982,0.1165
U01501,C01,YouTube,Active,0.368,0.1546
U01502,C02,Instagram,Regular,0.08,0.1169
U01503,C03,X,Regular,0.1297,0.1075
U01504,C04,Facebook,Regular,0.1465,0.0651
U01505,C05,Instagram,Influential,0.8022,0.8761
U01506,C06,Facebook,Regular,0.0742,0.0991
U01507,C07,Reddit,Active,0.7236,0.3836
U01508,C08,Instagram,Active,0.3855,0.2286
U01509,C09,YouTube,Regular,0.2231,0.4706
U01510,C10,Instagram,Regular,0.0787,0.0968
U01511,C11,Instagram,Influential,0.8558,0.7703
U01512,C12,Instagram,Active,0.4913,0.2254
U01513,C13,Instagram,Regular,0.1046,0.2285
U01514,C14,YouTube,Regular,0.1523,0.0349
U01515,C15,YouTube,Active,0.6256,0.6747
U01516,C16,Facebook,Regular,0.415,0.0947
U01517,C17,Instagram,Regular,0.0785,0.2304
U01518,C18,X,Regular,0.2913,0.0063
U01519,C19,Facebook,Regular,0.2875,0.0725
U01520,C20,Facebook,Regular,0.0782,0.0929
U01521,C21,YouTube,Regular,0.2117,0.0763
U01522,C22,Instagram,Regular,0.3374,0.1947
U01523,C23,Facebook,Regular,0.0774,0.2631
U01524,C24,X,Regular,0.2401,0.1601
U01525,C25,Facebook,Regular,0.1685,0.2702
U01526,C01,YouTube,Regular,0.1205,0.3646
U01527,C02,Reddit,Regular,0.1713,0.1291
U01528,C03,X,Regular,0.1767,0.0853
U01529,C04,Reddit,Regular,0.086,0.026
U01530,C05,Reddit,Regular,0.283,0.3022
U01531,C06,Facebook,Regular,0.3385,0.3148
U01532,C07,YouTube,Regular,0.0783,0.0892
U01533,C08,Instagram,Regular,0.2183,0.1005
U01534,C09,Reddit,Regular,0.3381,0.2834
U01535,C10,Reddit,Influential,0.6418,0.5262
U01536,C11,X,Regular,0.3649,0.2852
U01537,C12,Facebook,Active,0.4102,0.262
U01538,C13,X,Regular,0.0419,0.2271
U01539,C14,X,Regular,0.2068,0.3323
U01540,C15,Instagram,Regular,0.2914,0.1501
U01541,C16,YouTube,Active,0.3562,0.1535
U01542,C17,X,Regular,0.0567,0.099
U01543,C18,YouTube,Active,0.4994,0.278
U01544,C19,Instagram,Regular,0.3464,0.2318
U01545,C20,Instagram,Active,0.7832,0.3101
U01546,C21,X,Bridge,0.6605,0.8242
U01547,C22,Instagram,Active,0.7948,0.1061
U01548,C23,X,Regular,0.1087,0.0363
U01549,C24,X,Regular,0.2068,0.1917
U01550,C25,X,Regular,0.1322,0.2706
U01551,C01,X,Regular,0.1605,0.0845
U01552,C02,Instagram,Active,0.5205,0.1737
U01553,C03,Facebook,Regular,0.2209,0.35
U01554,C04,Facebook,Regular,0.3536,0.2258
U01555,C05,X,Regular,0.3078,0.151
U01556,C06,YouTube,Active,0.6751,0.5216
U01557,C07,Facebook,Regular,0.5723,0.1224
U01558,C08,Instagram,Regular,0.2536,0.1313
U01559,C09,YouTube,Regular,0.1903,0.1074
U01560,C10,X,Influential,0.8714,0.8427
U01561,C11,Instagram,Regular,0.3544,0.0617
U01562,C12,Reddit,Regular,0.1205,0.1451
U01563,C13,Facebook,Regular,0.2643,0.1422
U01564,C14,Reddit,Regular,0.4605,0.0682
U01565,C15,Instagram,Regular,0.2158,0.3613
U01566,C16,Instagram,Regular,0.4789,0.113
U01567,C17,YouTube,Regular,0.0553,0.1824
U01568,C18,X,Regular,0.0532,0.1355
U01569,C19,Instagram,Regular,0.202,0.0784
U01570,C20,X,Active,0.686,0.446
U01571,C21,Instagram,Active,0.6592,0.4228
U01572,C22,Facebook,Active,0.5179,0.3315
U01573,C23,Reddit,Regular,0.1599,0.167
U01574,C24,Instagram,Regular,0.0739,0.2071
U01575,C25,Instagram,Active,0.6193,0.295
U01576,C01,Reddit,Influential,0.595,0.6473
U01577,C02,Facebook,Active,0.4749,0.3092
U01578,C03,YouTube,Regular,0.3965,0.0728
U01579,C04,Instagram,Regular,0.1265,0.0339
U01580,C05,YouTube,Active,0.619,0.2772
U01581,C06,X,Active,0.6152,0.3446
U01582,C07,Reddit,Active,0.659,0.5016
U01583,C08,Facebook,Regular,0.1089,0.1528
U01584,C09,Instagram,Regular,0.0984,0.3658
U01585,C10,X,Active,0.2887,0.3028
U01586,C11,Instagram,Regular,0.2992,0.1372
U01587,C12,X,Active,0.4845,0.2448
U01588,C13,Reddit,Regular,0.2213,0.0874
U01589,C14,YouTube,Active,0.4141,0.3619
U01590,C15,X,Regular,0.4324,0.0936
U01591,C16,YouTube,Regular,0.1965,0.1133
U01592,C17,Instagram,Regular,0.3498,0.0713
U01593,C18,Reddit,Regular,0.316,0.1356
U01594,C19,X,Regular,0.1175,0.0658
U01595,C20,Facebook,Regular,0.0913,0.1215
U01596,C21,X,Regular,0.1585,0.184
U01597,C22,YouTube,Active,0.718,0.3964
U01598,C23,Facebook,Regular,0.1761,0.0953
U01599,C24,Reddit,Regular,0.6558,0.0706
U01600,C25,X,Influential,0.9208,0.9453
U01601,C01,YouTube,Regular,0.3592,0.0667
U01602,C02,Facebook,Regular,0.1394,0.3819
U01603,C03,X,Regular,0.247,0.1678
U01604,C04,Instagram,Active,0.7198,0.1352
U01605,C05,YouTube,Active,0.6125,0.49
U01606,C06,Instagram,Regular,0.1326,0.0868
U01607,C07,X,Regular,0.1429,0.1564
U01608,C08,X,Regular,0.1974,0.4224
U01609,C09,Facebook,Regular,0.5499,0.1863
U01610,C10,Facebook,Regular,0.2236,0.0917
U01611,C11,Reddit,Regular,0.0831,0.25
U01612,C12,X,Regular,0.1072,0.0824
U01613,C13,Instagram,Regular,0.5229,0.061
U01614,C14,YouTube,Regular,0.1065,0.1746
U01615,C15,Facebook,Active,0.4528,0.4934
U01616,C16,YouTube,Regular,0.1537,0.1136
U01617,C17,Instagram,Regular,0.0253,0.2261
U01618,C18,X,Regular,0.4301,0.1935
U01619,C19,X,Regular,0.2843,0.026
U01620,C20,YouTube,Regular,0.2013,0.0802
U01621,C21,Facebook,Active,0.7292,0.7824
U01622,C22,X,Regular,0.0703,0.1382
U01623,C23,X,Active,0.7876,0.1026
U01624,C24,YouTube,Active,0.3915,0.5701
U01625,C25,YouTube,Regular,0.3942,0.0469
U01626,C01,YouTube,Active,0.6985,0.3063
U01627,C02,Facebook,Bridge,0.5564,0.7124
U01628,C03,Facebook,Regular,0.0805,0.0501
U01629,C04,YouTube,Regular,0.1723,0.2079
U01630,C05,Instagram,Regular,0.3463,0.0764
U01631,C06,Instagram,Active,0.3765,0.2966
U01632,C07,X,Regular,0.138,0.2007
U01633,C08,YouTube,Active,0.5655,0.1931
U01634,C09,X,Regular,0.2044,0.0535
U01635,C10,X,Active,0.6386,0.1116
U01636,C11,Instagram,Regular,0.3921,0.0454
U01637,C12,Facebook,Regular,0.2096,0.2103
U01638,C13,X,Active,0.4378,0.4501
U01639,C14,YouTube,Regular,0.2665,0.0608
U01640,C15,Instagram,Regular,0.3458,0.1418
U01641,C16,YouTube,Regular,0.0422,0.1138
U01642,C17,X,Regular,0.153,0.0751
U01643,C18,Facebook,Regular,0.0507,0.1177
U01644,C19,X,Regular,0.2464,0.2343
U01645,C20,X,Regular,0.0851,0.0522
U01646,C21,X,Regular,0.1486,0.1424
U01647,C22,X,Regular,0.0494,0.116
U01648,C23,X,Regular,0.1579,0.1601
U01649,C24,Facebook,Regular,0.1575,0.4096
U01650,C25,X,Regular,0.2626,0.4477
U01651,C01,Instagram,Regular,0.0699,0.0319
U01652,C02,Reddit,Regular,0.1797,0.0684
U01653,C03,Reddit,Active,0.5796,0.2848
U01654,C04,YouTube,Regular,0.0566,0.2025
U01655,C05,Reddit,Active,0.788,0.3194
U01656,C06,Instagram,Regular,0.1462,0.2104
U01657,C07,Instagram,Regular,0.2437,0.3743
U01658,C08,X,Regular,0.1448,0.2838
U01659,C09,X,Regular,0.3211,0.0568
U01660,C10,X,Regular,0.0944,0.1036
U01661,C11,YouTube,Regular,0.4854,0.0874
U01662,C12,Facebook,Regular,0.307,0.0509
U01663,C13,Facebook,Influential,0.7528,0.7178
U01664,C14,Instagram,Regular,0.4421,0.046
U01665,C15,Instagram,Regular,0.0741,0.0564
U01666,C16,X,Regular,0.0957,0.1213
U01667,C17,YouTube,Regular,0.2101,0.2299
U01668,C18,Facebook,Regular,0.1014,0.1458
U01669,C19,Facebook,Regular,0.4246,0.3956
U01670,C20,Facebook,Regular,0.0453,0.0531
U01671,C21,Instagram,Regular,0.0786,0.1991
U01672,C22,Facebook,Active,0.4751,0.224
U01673,C23,YouTube,Regular,0.1757,0.3701
U01674,C24,Facebook,Regular,0.0466,0.1487
U01675,C25,X,Active,0.4582,0.4948
U01676,C01,X,Regular,0.0476,0.1266
U01677,C02,Instagram,Regular,0.3309,0.1144
U01678,C03,X,Influential,0.7608,0.6313
U01679,C04,Instagram,Regular,0.168,0.1699
U01680,C05,Instagram,Active,0.6186,0.2105
U01681,C06,Reddit,Active,0.5827,0.3986
U01682,C07,Facebook,Regular,0.1828,0.1095
U01683,C08,Instagram,Regular,0.0806,0.1373
U01684,C09,Facebook,Active,0.6058,0.4814
U01685,C10,Instagram,Regular,0.0826,0.2392
U01686,C11,YouTube,Bridge,0.4037,0.4667
U01687,C12,Instagram,Regular,0.2955,0.1519
U01688,C13,Facebook,Regular,0.2641,0.2774
U01689,C14,Reddit,Regular,0.2389,0.0743
U01690,C15,Instagram,Regular,0.1854,0.4874
U01691,C16,YouTube,Regular,0.0816,0.2739
U01692,C17,YouTube,Regular,0.1807,0.4443
U01693,C18,Facebook,Regular,0.1883,0.1512
U01694,C19,Instagram,Regular,0.1665,0.3082
U01695,C20,Instagram,Active,0.545,0.2938
U01696,C21,Instagram,Regular,0.34,0.127
U01697,C22,Instagram,Regular,0.2544,0.0741
U01698,C23,Instagram,Regular,0.1118,0.2319
U01699,C24,Reddit,Regular,0.0955,0.066
U01700,C25,YouTube,Regular,0.23,0.4355
U01701,C01,Instagram,Regular,0.1221,0.1558
U01702,C02,Instagram,Regular,0.2541,0.0852
U01703,C03,Facebook,Influential,0.7424,0.5851
U01704,C04,YouTube,Regular,0.1342,0.2293
U01705,C05,X,Active,0.3557,0.5687
U01706,C06,Instagram,Regular,0.1456,0.1562
U01707,C07,Reddit,Regular,0.1878,0.1783
U01708,C08,Instagram,Active,0.6566,0.343
U01709,C09,Instagram,Regular,0.2879,0.1565
U01710,C10,Facebook,Bridge,0.4351,0.5378
U01711,C11,Instagram,Regular,0.2819,0.1827
U01712,C12,Instagram,Regular,0.2878,0.2174
U01713,C13,X,Regular,0.2112,0.0904
U01714,C14,YouTube,Regular,0.2874,0.1409
U01715,C15,YouTube,Regular,0.1003,0.0241
U01716,C16,X,Regular,0.2401,0.164
U01717,C17,Instagram,Regular,0.1626,0.2721
U01718,C18,Facebook,Regular,0.1547,0.0298
U01719,C19,X,Regular,0.415,0.3619
U01720,C20,X,Regular,0.2262,0.0116
U01721,C21,Facebook,Regular,0.1836,0.1462
U01722,C22,Facebook,Influential,0.7386,0.8901
U01723,C23,X,Regular,0.0493,0.14
U01724,C24,YouTube,Active,0.5682,0.1533
U01725,C25,Instagram,Active,0.6211,0.3252
U01726,C01,Instagram,Regular,0.2567,0.044
U01727,C02,Instagram,Influential,0.8312,0.8966
U01728,C03,Reddit,Regular,0.3097,0.0264
U01729,C04,YouTube,Active,0.4608,0.2865
U01730,C05,Facebook,Regular,0.3112,0.1721
U01731,C06,Instagram,Regular,0.1511,0.3239
U01732,C07,X,Regular,0.063,0.1251
U01733,C08,Instagram,Influential,0.8252,0.8826
U01734,C09,Instagram,Influential,0.9152,0.8922
U01735,C10,Instagram,Regular,0.2034,0.0313
U01736,C11,Facebook,Regular,0.1089,0.1177
U01737,C12,YouTube,Regular,0.2095,0.0674
U01738,C13,Reddit,Active,0.6364,0.2985
U01739,C14,X,Regular,0.2422,0.0733
U01740,C15,Facebook,Regular,0.1558,0.1135
U01741,C16,YouTube,Regular,0.1457,0.3043
U01742,C17,YouTube,Regular,0.2162,0.1482
U01743,C18,Facebook,Regular,0.181,0.1118
U01744,C19,Facebook,Regular,0.267,0.0566
U01745,C20,Reddit,Active,0.7719,0.2988
U01746,C21,Instagram,Bridge,0.4648,0.6987
U01747,C22,Instagram,Regular,0.0445,0.3714
U01748,C23,X,Active,0.4702,0.5104
U01749,C24,Instagram,Active,0.6057,0.372
U01750,C25,Facebook,Regular,0.3827,0.1305
U01751,C01,Instagram,Influential,0.8804,0.8936
U01752,C02,YouTube,Regular,0.18,0.1091
U01753,C03,Instagram,Regular,0.0282,0.1363
U01754,C04,X,Regular,0.3103,0.1221
U01755,C05,X,Regular,0.2295,0.0729
U01756,C06,Instagram,Regular,0.0345,0.1324
U01757,C07,YouTube,Regular,0.2867,0.157
U01758,C08,Facebook,Regular,0.0962,0.0339
U01759,C09,Instagram,Regular,0.312,0.1551
U01760,C10,YouTube,Regular,0.2084,0.208
U01761,C11,Facebook,Regular,0.011,0.1062
U01762,C12,Instagram,Regular,0.077,0.0515
U01763,C13,X,Regular,0.136,0.1579
U01764,C14,Instagram,Regular,0.2833,0.2469
U01765,C15,Reddit,Regular,0.0837,0.1678
U01766,C16,YouTube,Regular,0.1362,0.2013
U01767,C17,YouTube,Regular,0.2761,0.0718
U01768,C18,Instagram,Regular,0.2181,0.0718
U01769,C19,Instagram,Active,0.6701,0.7568
U01770,C20,X,Regular,0.1133,0.1444
U01771,C21,Facebook,Influential,0.8029,0.6741
U01772,C22,YouTube,Regular,0.2675,0.3876
U01773,C23,Instagram,Regular,0.1499,0.0983
U01774,C24,YouTube,Regular,0.3786,0.1706
U01775,C25,Instagram,Active,0.6522,0.1809
U01776,C01,Instagram,Regular,0.1121,0.031
U01777,C02,Facebook,Influential,0.6292,0.7337
U01778,C03,X,Regular,0.1671,0.2744
U01779,C04,Instagram,Regular,0.2452,0.03
U01780,C05,X,Regular,0.0935,0.0838
U01781,C06,Reddit,Active,0.605,0.1175
U01782,C07,Reddit,Active,0.7717,0.2831
U01783,C08,X,Regular,0.1039,0.1689
U01784,C09,Reddit,Regular,0.0448,0.0428
U01785,C10,Instagram,Regular,0.194,0.154
U01786,C11,X,Influential,0.9325,0.6051
U01787,C12,Reddit,Regular,0.3684,0.1487
U01788,C13,Instagram,Influential,0.671,0.8388
U01789,C14,YouTube,Regular,0.4129,0.1617
U01790,C15,Facebook,Regular,0.2437,0.0503
U01791,C16,X,Regular,0.1163,0.2287
U01792,C17,Facebook,Regular,0.0896,0.2728
U01793,C18,X,Influential,0.8351,0.9595
U01794,C19,Facebook,Active,0.7838,0.4259
U01795,C20,X,Influential,0.626,0.5529
U01796,C21,Instagram,Regular,0.0592,0.067
U01797,C22,YouTube,Regular,0.3413,0.0699
U01798,C23,Facebook,Active,0.616,0.2904
U01799,C24,X,Regular,0.24,0.1104
U01800,C25,X,Regular,0.1344,0.0258
U01801,C01,Instagram,Regular,0.164,0.1619
U01802,C02,Facebook,Regular,0.1542,0.0448
U01803,C03,YouTube,Regular,0.1085,0.3359
U01804,C04,YouTube,Bridge,0.8019,0.6044
U01805,C05,Reddit,Influential,0.4741,0.862
U01806,C06,Facebook,Regular,0.2808,0.3238
U01807,C07,Facebook,Regular,0.1862,0.422
U01808,C08,Reddit,Regular,0.2952,0.1175
U01809,C09,Facebook,Regular,0.0903,0.1181
U01810,C10,X,Active,0.4753,0.2402
U01811,C11,X,Regular,0.3189,0.0807
U01812,C12,Reddit,Active,0.5608,0.4669
U01813,C13,Instagram,Regular,0.144,0.1378
U01814,C14,Instagram,Regular,0.3857,0.0368
U01815,C15,Instagram,Active,0.4438,0.5175
U01816,C16,Facebook,Regular,0.0228,0.267
U01817,C17,YouTube,Active,0.8338,0.1421
U01818,C18,YouTube,Regular,0.0884,0.2947
U01819,C19,X,Regular,0.1241,0.1161
U01820,C20,X,Regular,0.2622,0.1356
U01821,C21,X,Active,0.4336,0.3243
U01822,C22,Reddit,Active,0.3046,0.1194
U01823,C23,X,Regular,0.1893,0.0927
U01824,C24,Facebook,Active,0.2114,0.2476
U01825,C25,X,Regular,0.0887,0.2334
U01826,C01,X,Regular,0.0658,0.2398
U01827,C02,Facebook,Influential,0.8448,0.93
U01828,C03,Instagram,Regular,0.2356,0.1123
U01829,C04,YouTube,Regular,0.3829,0.1175
U01830,C05,X,Active,0.5477,0.2167
U01831,C06,X,Active,0.6307,0.1473
U01832,C07,YouTube,Regular,0.1549,0.0808
U01833,C08,Reddit,Active,0.4261,0.392
U01834,C09,X,Regular,0.2932,0.009
U01835,C10,Facebook,Influential,0.8534,0.9139
U01836,C11,YouTube,Regular,0.0775,0.1585
U01837,C12,Instagram,Regular,0.1211,0.2832
U01838,C13,Facebook,Regular,0.1247,0.17
U01839,C14,Reddit,Regular,0.1737,0.1729
U01840,C15,Reddit,Regular,0.2284,0.1632
U01841,C16,Facebook,Regular,0.2299,0.2541
U01842,C17,Instagram,Regular,0.2192,0.2655
U01843,C18,Facebook,Regular,0.0496,0.2079
U01844,C19,X,Regular,0.1138,0.2296
U01845,C20,YouTube,Regular,0.08,0.3131
U01846,C21,Reddit,Regular,0.2013,0.3486
U01847,C22,X,Regular,0.4057,0.1217
U01848,C23,Instagram,Regular,0.1529,0.1847
U01849,C24,Instagram,Regular,0.1624,0.161
U01850,C25,Facebook,Regular,0.263,0.2656
U01851,C01,Instagram,Regular,0.0626,0.2863
U01852,C02,Instagram,Regular,0.017,0.0865
U01853,C03,Facebook,Regular,0.2115,0.0708
U01854,C04,YouTube,Regular,0.2132,0.2585
U01855,C05,X,Regular,0.3594,0.1488
U01856,C06,X,Active,0.612,0.5981
U01857,C07,YouTube,Regular,0.0847,0.1305
U01858,C08,X,Regular,0.1045,0.1964
U01859,C09,YouTube,Regular,0.4983,0.0828
U01860,C10,YouTube,Influential,0.8821,0.9103
U01861,C11,X,Regular,0.0967,0.353
U01862,C12,Facebook,Influential,0.7612,0.7888
U01863,C13,Facebook,Regular,0.1799,0.0564
U01864,C14,X,Active,0.6869,0.4583
U01865,C15,X,Regular,0.2042,0.1562
U01866,C16,Instagram,Regular,0.2952,0.2932
U01867,C17,Instagram,Active,0.7034,0.131
U01868,C18,X,Regular,0.0735,0.158
U01869,C19,X,Regular,0.2343,0.2126
U01870,C20,Instagram,Regular,0.2025,0.1038
U01871,C21,YouTube,Regular,0.1917,0.141
U01872,C22,X,Active,0.4843,0.0824
U01873,C23,Instagram,Regular,0.0807,0.1707
U01874,C24,YouTube,Regular,0.1598,0.1355
U01875,C25,X,Influential,0.9309,0.8173
U01876,C01,X,Regular,0.0796,0.0448
U01877,C02,Instagram,Active,0.6222,0.2375
U01878,C03,Facebook,Regular,0.0434,0.1452
U01879,C04,Instagram,Regular,0.1349,0.262
U01880,C05,Reddit,Active,0.6752,0.3806
U01881,C06,Instagram,Regular,0.0491,0.341
U01882,C07,Facebook,Regular,0.2975,0.4468
U01883,C08,Facebook,Regular,0.3193,0.1614
U01884,C09,YouTube,Regular,0.1317,0.2537
U01885,C10,YouTube,Regular,0.3174,0.04
U01886,C11,YouTube,Regular,0.175,0.0347
U01887,C12,YouTube,Regular,0.1845,0.2644
U01888,C13,X,Regular,0.3203,0.0185
U01889,C14,X,Regular,0.2067,0.0426
U01890,C15,Instagram,Regular,0.0925,0.1555
U01891,C16,Facebook,Active,0.4702,0.1936
U01892,C17,YouTube,Regular,0.2266,0.1848
U01893,C18,Reddit,Regular,0.0738,0.2184
U01894,C19,Facebook,Regular,0.1993,0.2618
U01895,C20,Reddit,Active,0.7907,0.3385
U01896,C21,Instagram,Influential,0.7818,0.66
U01897,C22,X,Regular,0.1432,0.2296
U01898,C23,YouTube,Active,0.7241,0.4049
U01899,C24,X,Regular,0.3086,0.1746
U01900,C25,Reddit,Regular,0.0876,0.1755
U01901,C01,Instagram,Regular,0.1386,0.2106
U01902,C02,Reddit,Regular,0.1481,0.2126
U01903,C03,Facebook,Influential,0.7079,0.9158
U01904,C04,X,Active,0.5843,0.0787
U01905,C05,Facebook,Regular,0.1587,0.106
U01906,C06,Reddit,Regular,0.537,0.339
U01907,C07,Instagram,Regular,0.1509,0.144
U01908,C08,Instagram,Active,0.4333,0.293
U01909,C09,X,Regular,0.1595,0.4734
U01910,C10,X,Active,0.3498,0.4795
U01911,C11,X,Influential,0.8263,0.7004
U01912,C12,Reddit,Regular,0.3234,0.2283
U01913,C13,Instagram,Regular,0.3051,0.1891
U01914,C14,YouTube,Regular,0.2383,0.1152
U01915,C15,Facebook,Regular,0.3342,0.2445
U01916,C16,YouTube,Regular,0.135,0.2484
U01917,C17,YouTube,Regular,0.1404,0.1606
U01918,C18,Facebook,Active,0.3886,0.262
U01919,C19,YouTube,Regular,0.1497,0.1562
U01920,C20,Reddit,Regular,0.0899,0.2076
U01921,C21,Facebook,Regular,0.0819,0.1708
U01922,C22,Facebook,Regular,0.2479,0.1427
U01923,C23,Facebook,Regular,0.3366,0.1752
U01924,C24,YouTube,Regular,0.2002,0.2014
U01925,C25,X,Regular,0.2212,0.152
U01926,C01,YouTube,Regular,0.06,0.1743
U01927,C02,Reddit,Active,0.3364,0.4298
U01928,C03,Facebook,Regular,0.5044,0.297
U01929,C04,Instagram,Regular,0.1124,0.1869
U01930,C05,X,Regular,0.1031,0.2663
U01931,C06,Instagram,Active,0.6176,0.2094
U01932,C07,Facebook,Regular,0.2935,0.2127
U01933,C08,Instagram,Active,0.4105,0.3242
U01934,C09,Instagram,Regular,0.1414,0.24
U01935,C10,Instagram,Regular,0.2504,0.1276
U01936,C11,Facebook,Regular,0.1833,0.1249
U01937,C12,X,Regular,0.1516,0.039
U01938,C13,Reddit,Regular,0.0463,0.1193
U01939,C14,Reddit,Bridge,0.3623,0.6625
U01940,C15,Facebook,Active,0.8513,0.176
U01941,C16,X,Regular,0.2538,0.1288
U01942,C17,Facebook,Active,0.6332,0.4225
U01943,C18,Reddit,Regular,0.2757,0.0506
U01944,C19,Reddit,Regular,0.1809,0.0666
U01945,C20,X,Regular,0.111,0.1319
U01946,C21,YouTube,Active,0.4658,0.2939
U01947,C22,Reddit,Regular,0.1096,0.0687
U01948,C23,Instagram,Regular,0.0892,0.0706
U01949,C24,YouTube,Influential,0.8391,0.818
U01950,C25,YouTube,Influential,0.5562,0.739
U01951,C01,Facebook,Regular,0.1535,0.0942
U01952,C02,Reddit,Regular,0.3897,0.1352
U01953,C03,Facebook,Regular,0.3693,0.0924
U01954,C04,Instagram,Regular,0.1777,0.1371
U01955,C05,Facebook,Active,0.2311,0.6117
U01956,C06,Reddit,Regular,0.3787,0.3757
U01957,C07,X,Regular,0.2949,0.0086
U01958,C08,YouTube,Regular,0.2749,0.03
U01959,C09,X,Regular,0.2535,0.3088
U01960,C10,Facebook,Active,0.6598,0.5082
U01961,C11,Instagram,Regular,0.0731,0.061
U01962,C12,Facebook,Regular,0.038,0.0453
U01963,C13,X,Regular,0.0497,0.1541
U01964,C14,Facebook,Regular,0.2428,0.0278
U01965,C15,Reddit,Active,0.3904,0.4132
U01966,C16,X,Regular,0.0504,0.3197
U01967,C17,Reddit,Regular,0.0788,0.2849
U01968,C18,Reddit,Regular,0.2949,0.1618
U01969,C19,Instagram,Regular,0.254,0.3695
U01970,C20,YouTube,Regular,0.2586,0.1703
U01971,C21,Instagram,Regular,0.2964,0.0294
U01972,C22,YouTube,Regular,0.2395,0.1615
U01973,C23,Instagram,Regular,0.0595,0.384
U01974,C24,YouTube,Active,0.6488,0.3318
U01975,C25,Reddit,Regular,0.2428,0.2323
U01976,C01,Instagram,Regular,0.1213,0.2826
U01977,C02,Instagram,Active,0.6045,0.1118
U01978,C03,Reddit,Regular,0.2688,0.0913
U01979,C04,YouTube,Regular,0.1028,0.1489
U01980,C05,Reddit,Regular,0.2441,0.4295
U01981,C06,Facebook,Regular,0.0765,0.178
U01982,C07,X,Regular,0.2886,0.1467
U01983,C08,Reddit,Regular,0.4241,0.3391
U01984,C09,YouTube,Regular,0.2316,0.0513
U01985,C10,Facebook,Regular,0.0596,0.1838
U01986,C11,Reddit,Regular,0.2035,0.3097
U01987,C12,X,Bridge,0.6514,0.5744
U01988,C13,X,Regular,0.2218,0.1257
U01989,C14,X,Regular,0.1281,0.3967
U01990,C15,Instagram,Active,0.504,0.1694
U01991,C16,Facebook,Regular,0.1809,0.2923
U01992,C17,Facebook,Active,0.6536,0.2789
U01993,C18,Reddit,Regular,0.4655,0.2057
U01994,C19,Facebook,Regular,0.0874,0.0547
U01995,C20,Instagram,Regular,0.1105,0.0199
U01996,C21,Reddit,Active,0.804,0.3541
U01997,C22,Instagram,Regular,0.0741,0.1361
U01998,C23,Reddit,Regular,0.0519,0.2925
U01999,C24,Instagram,Regular,0.2547,0.2508
U02000,C25,Reddit,Active,0.6415,0.4338
U02001,C01,Reddit,Regular,0.1528,0.1795
U02002,C02,YouTube,Regular,0.2772,0.1667
U02003,C03,X,Active,0.7213,0.5026
U02004,C04,YouTube,Active,0.3939,0.2191
U02005,C05,Facebook,Regular,0.0607,0.099
U02006,C06,Reddit,Regular,0.24,0.4112
U02007,C07,X,Regular,0.2075,0.1948
U02008,C08,Facebook,Active,0.6579,0.4323
U02009,C09,YouTube,Regular,0.1084,0.1177
U02010,C10,YouTube,Active,0.5864,0.2966
U02011,C11,Instagram,Regular,0.156,0.1171
U02012,C12,Instagram,Regular,0.248,0.0585
U02013,C13,Facebook,Active,0.438,0.6527
U02014,C14,Facebook,Active,0.6805,0.2474
U02015,C15,YouTube,Regular,0.1948,0.0758
U02016,C16,Reddit,Active,0.8566,0.2369
U02017,C17,Instagram,Regular,0.0911,0.1881
U02018,C18,YouTube,Regular,0.1197,0.2943
U02019,C19,Facebook,Regular,0.2262,0.3085
U02020,C20,YouTube,Regular,0.0727,0.0449
U02021,C21,X,Regular,0.2119,0.2319
U02022,C22,Facebook,Regular,0.0448,0.2128
U02023,C23,YouTube,Regular,0.2704,0.2211
U02024,C24,Facebook,Active,0.52,0.5566
U02025,C25,Reddit,Active,0.3397,0.4121
U02026,C01,Reddit,Regular,0.2319,0.0755
U02027,C02,Facebook,Regular,0.0428,0.291
U02028,C03,YouTube,Regular,0.199,0.2171
U02029,C04,X,Active,0.4856,0.38
U02030,C05,YouTube,Regular,0.1763,0.2467
U02031,C06,YouTube,Regular,0.1744,0.0738
U02032,C07,Instagram,Regular,0.0849,0.3178
U02033,C08,Facebook,Regular,0.0559,0.2157
U02034,C09,YouTube,Regular,0.1252,0.0232
U02035,C10,Instagram,Regular,0.2867,0.242
U02036,C11,Instagram,Influential,0.8226,0.7409
U02037,C12,Instagram,Regular,0.3855,0.1684
U02038,C13,Facebook,Influential,0.6165,0.961
U02039,C14,Instagram,Regular,0.0879,0.1488
U02040,C15,Instagram,Regular,0.2285,0.4107
U02041,C16,X,Regular,0.3352,0.2221
U02042,C17,Reddit,Regular,0.0933,0.0767
U02043,C18,Reddit,Regular,0.3688,0.0609
U02044,C19,X,Influential,0.5533,0.5998
U02045,C20,Facebook,Regular,0.1042,0.2303
U02046,C21,YouTube,Regular,0.1237,0.1324
U02047,C22,Facebook,Active,0.2914,0.5641
U02048,C23,Reddit,Regular,0.2774,0.1316
U02049,C24,Instagram,Regular,0.1404,0.1363
U02050,C25,Instagram,Regular,0.1735,0.1306
U02051,C01,Instagram,Regular,0.2324,0.1466
U02052,C02,X,Regular,0.0803,0.1834
U02053,C03,Facebook,Active,0.512,0.3636
U02054,C04,Reddit,Regular,0.0568,0.1246
U02055,C05,YouTube,Regular,0.1036,0.2012
U02056,C06,Instagram,Regular,0.1948,0.0978
U02057,C07,X,Regular,0.1276,0.198
U02058,C08,Facebook,Active,0.5574,0.3511
U02059,C09,Facebook,Influential,0.7888,0.8881
U02060,C10,Instagram,Regular,0.0924,0.0331
U02061,C11,Reddit,Influential,0.847,0.839
U02062,C12,Facebook,Regular,0.2424,0.1914
U02063,C13,Instagram,Regular,0.2334,0.0863
U02064,C14,X,Regular,0.0199,0.0524
U02065,C15,X,Active,0.4384,0.4026
U02066,C16,X,Active,0.7862,0.2118
U02067,C17,YouTube,Regular,0.2027,0.1172
U02068,C18,Reddit,Influential,0.5672,0.8712
U02069,C19,YouTube,Active,0.7254,0.3949
U02070,C20,Reddit,Influential,0.8482,0.8482
U02071,C21,Reddit,Regular,0.1797,0.3105
U02072,C22,Instagram,Regular,0.0752,0.0596
U02073,C23,YouTube,Regular,0.0221,0.2145
U02074,C24,YouTube,Bridge,0.6815,0.5987
U02075,C25,Facebook,Regular,0.2433,0.0769
U02076,C01,Reddit,Influential,0.6803,0.879
U02077,C02,X,Regular,0.0738,0.0767
U02078,C03,Instagram,Regular,0.2186,0.0708
U02079,C04,X,Regular,0.2523,0.2764
U02080,C05,X,Regular,0.1531,0.1168
U02081,C06,Facebook,Regular,0.0557,0.0574
U02082,C07,Facebook,Active,0.4528,0.3785
U02083,C08,YouTube,Influential,0.8136,0.792
U02084,C09,Reddit,Active,0.7997,0.5297
U02085,C10,YouTube,Regular,0.1686,0.1791
U02086,C11,Instagram,Active,0.5812,0.3433
U02087,C12,Facebook,Regular,0.0263,0.1285
U02088,C13,Instagram,Regular,0.0114,0.1926
U02089,C14,X,Regular,0.3117,0.1347
U02090,C15,YouTube,Regular,0.3697,0.3572
U02091,C16,X,Regular,0.1545,0.2295
U02092,C17,Instagram,Regular,0.3918,0.085
U02093,C18,YouTube,Regular,0.0595,0.1784
U02094,C19,X,Regular,0.2159,0.148
U02095,C20,X,Active,0.3996,0.2878
U02096,C21,X,Regular,0.0322,0.1341
U02097,C22,Facebook,Active,0.7484,0.4342
U02098,C23,Reddit,Regular,0.0477,0.0904
U02099,C24,X,Regular,0.1122,0.2494
U02100,C25,Reddit,Regular,0.44,0.0561
U02101,C01,Facebook,Regular,0.2465,0.2214
U02102,C02,Instagram,Regular,0.0283,0.0888
U02103,C03,YouTube,Influential,0.931,0.6676
U02104,C04,YouTube,Regular,0.074,0.3817
U02105,C05,Instagram,Regular,0.2271,0.1007
U02106,C06,Facebook,Regular,0.1349,0.2277
U02107,C07,Facebook,Regular,0.3713,0.2845
U02108,C08,Instagram,Regular,0.0594,0.1433
U02109,C09,YouTube,Regular,0.1124,0.0944
U02110,C10,Reddit,Regular,0.1751,0.224
U02111,C11,YouTube,Regular,0.0782,0.0737
U02112,C12,X,Regular,0.1643,0.3135
U02113,C13,Instagram,Regular,0.2281,0.0626
U02114,C14,Reddit,Regular,0.3732,0.1347
U02115,C15,Instagram,Regular,0.1856,0.1827
U02116,C16,Instagram,Regular,0.1079,0.0656
U02117,C17,Facebook,Regular,0.0183,0.0108
U02118,C18,X,Regular,0.2603,0.1248
U02119,C19,X,Regular,0.0021,0.3978
U02120,C20,Reddit,Regular,0.2203,0.109
U02121,C21,X,Bridge,0.8075,0.764
U02122,C22,YouTube,Regular,0.1498,0.0253
U02123,C23,Facebook,Active,0.5465,0.3202
U02124,C24,Reddit,Regular,0.1155,0.1447
U02125,C25,YouTube,Regular,0.2966,0.1086
U02126,C01,X,Regular,0.0404,0.0738
U02127,C02,YouTube,Regular,0.4965,0.0292
U02128,C03,Facebook,Regular,0.1909,0.1367
U02129,C04,Reddit,Regular,0.2732,0.1042
U02130,C05,Facebook,Influential,0.9205,0.9119
U02131,C06,Instagram,Regular,0.2554,0.1197
U02132,C07,X,Active,0.6646,0.5687
U02133,C08,Reddit,Regular,0.1812,0.2798
U02134,C09,Instagram,Regular,0.3565,0.0785
U02135,C10,Facebook,Active,0.4071,0.4155
U02136,C11,Reddit,Regular,0.346,0.0868
U02137,C12,X,Active,0.5526,0.4348
U02138,C13,Facebook,Regular,0.0178,0.2416
U02139,C14,Instagram,Regular,0.1179,0.1495
U02140,C15,X,Regular,0.0347,0.1082
U02141,C16,YouTube,Regular,0.1564,0.1953
U02142,C17,X,Regular,0.1398,0.1269
U02143,C18,Instagram,Regular,0.248,0.1688
U02144,C19,Facebook,Regular,0.0679,0.0486
U02145,C20,Facebook,Regular,0.328,0.2539
U02146,C21,Facebook,Regular,0.2274,0.1729
U02147,C22,X,Regular,0.1331,0.0859
U02148,C23,Reddit,Regular,0.2374,0.0824
U02149,C24,Facebook,Influential,0.8554,0.7777
U02150,C25,Instagram,Regular,0.0799,0.1283
U02151,C01,YouTube,Active,0.6746,0.3396
U02152,C02,YouTube,Influential,0.5945,0.9427
U02153,C03,Instagram,Regular,0.1966,0.0821
U02154,C04,Instagram,Regular,0.3586,0.0471
U02155,C05,Reddit,Active,0.6204,0.3773
U02156,C06,Facebook,Regular,0.1112,0.0431
U02157,C07,Instagram,Active,0.7265,0.3132
U02158,C08,Instagram,Regular,0.3287,0.0206
U02159,C09,X,Regular,0.3396,0.2862
U02160,C10,Facebook,Regular,0.2251,0.1179
U02161,C11,YouTube,Regular,0.1447,0.1632
U02162,C12,X,Regular,0.184,0.0995
U02163,C13,YouTube,Regular,0.335,0.0658
U02164,C14,Facebook,Active,0.7492,0.2951
U02165,C15,X,Regular,0.207,0.226
U02166,C16,Facebook,Regular,0.0902,0.0843
U02167,C17,X,Regular,0.1551,0.1836
U02168,C18,Instagram,Regular,0.453,0.0232
U02169,C19,YouTube,Regular,0.1103,0.1537
U02170,C20,Reddit,Regular,0.2478,0.1442
U02171,C21,YouTube,Regular,0.0593,0.1326
U02172,C22,Facebook,Regular,0.0857,0.2413
U02173,C23,X,Regular,0.4593,0.1312
U02174,C24,Facebook,Regular,0.0536,0.0695
U02175,C25,Facebook,Regular,0.119,0.2967
U02176,C01,X,Regular,0.0869,0.0274
U02177,C02,Facebook,Active,0.2292,0.3778
U02178,C03,Instagram,Regular,0.0521,0.0557
U02179,C04,X,Influential,0.9016,0.8077
U02180,C05,Instagram,Regular,0.2152,0.0835
U02181,C06,Facebook,Regular,0.3833,0.2876
U02182,C07,Instagram,Regular,0.1794,0.0667
U02183,C08,Facebook,Regular,0.4059,0.0541
U02184,C09,Facebook,Regular,0.1756,0.0349
U02185,C10,YouTube,Regular,0.4368,0.1265
U02186,C11,Facebook,Regular,0.0651,0.0343
U02187,C12,Facebook,Regular,0.3147,0.08
U02188,C13,X,Regular,0.0185,0.1124
U02189,C14,X,Active,0.8867,0.2767
U02190,C15,Facebook,Regular,0.5537,0.3902
U02191,C16,X,Active,0.6873,0.2264
U02192,C17,X,Regular,0.2384,0.0292
U02193,C18,Facebook,Regular,0.071,0.4807
U02194,C19,YouTube,Regular,0.1041,0.0555
U02195,C20,YouTube,Regular,0.4198,0.1976
U02196,C21,Instagram,Regular,0.1975,0.0468
U02197,C22,Reddit,Regular,0.4049,0.0786
U02198,C23,Instagram,Regular,0.1261,0.0903
U02199,C24,YouTube,Regular,0.211,0.2599
U02200,C25,Instagram,Active,0.7834,0.6732
U02201,C01,Reddit,Regular,0.2365,0.0569
U02202,C02,Facebook,Regular,0.3387,0.0744
U02203,C03,X,Active,0.5167,0.1732
U02204,C04,X,Regular,0.2281,0.311
U02205,C05,X,Regular,0.1952,0.091
U02206,C06,Instagram,Influential,0.6361,0.9158
U02207,C07,Instagram,Active,0.3409,0.4582
U02208,C08,Instagram,Regular,0.0493,0.1723
U02209,C09,X,Active,0.5398,0.2347
U02210,C10,Instagram,Active,0.3125,0.2177
U02211,C11,Facebook,Active,0.3803,0.2042
U02212,C12,Reddit,Active,0.6374,0.1125
U02213,C13,Instagram,Active,0.7203,0.2131
U02214,C14,X,Regular,0.222,0.2142
U02215,C15,X,Regular,0.3502,0.2393
U02216,C16,YouTube,Regular,0.1341,0.0827
U02217,C17,Facebook,Regular,0.3101,0.2768
U02218,C18,Instagram,Regular,0.2035,0.0794
U02219,C19,Reddit,Influential,0.8724,0.7528
U02220,C20,YouTube,Regular,0.0744,0.1935
U02221,C21,X,Regular,0.1098,0.0794
U02222,C22,Instagram,Active,0.6385,0.5172
U02223,C23,YouTube,Regular,0.2598,0.1678
U02224,C24,Instagram,Regular,0.5971,0.2822
U02225,C25,Instagram,Regular,0.1403,0.1309
U02226,C01,Instagram,Active,0.6823,0.4232
U02227,C02,X,Regular,0.065,0.055
U02228,C03,Reddit,Regular,0.0662,0.0801
U02229,C04,Instagram,Regular,0.1159,0.1628
U02230,C05,Instagram,Regular,0.1162,0.1049
U02231,C06,X,Regular,0.2626,0.1192
U02232,C07,YouTube,Bridge,0.8549,0.68
U02233,C08,YouTube,Regular,0.2641,0.2226
U02234,C09,X,Regular,0.0734,0.2143
U02235,C10,Instagram,Regular,0.0981,0.3151
U02236,C11,X,Bridge,0.781,0.4661
U02237,C12,X,Active,0.7664,0.44
U02238,C13,Instagram,Regular,0.1435,0.2516
U02239,C14,Facebook,Regular,0.4449,0.1134
U02240,C15,X,Regular,0.0291,0.128
U02241,C16,Facebook,Regular,0.2561,0.1202
U02242,C17,YouTube,Regular,0.0639,0.1486
U02243,C18,Instagram,Regular,0.1138,0.2739
U02244,C19,YouTube,Regular,0.0438,0.3384
U02245,C20,X,Regular,0.3419,0.0399
U02246,C21,Reddit,Active,0.3994,0.3223
U02247,C22,Instagram,Regular,0.4103,0.0703
U02248,C23,Facebook,Regular,0.1136,0.2638
U02249,C24,Instagram,Regular,0.1871,0.1643
U02250,C25,Facebook,Regular,0.0822,0.2463
U02251,C01,Instagram,Regular,0.3686,0.2718
U02252,C02,X,Active,0.5064,0.415
U02253,C03,YouTube,Regular,0.1078,0.2148
U02254,C04,Reddit,Regular,0.2775,0.2058
U02255,C05,Reddit,Regular,0.1284,0.1198
U02256,C06,Reddit,Regular,0.1232,0.1614
U02257,C07,Facebook,Regular,0.1515,0.1064
U02258,C08,Instagram,Regular,0.6483,0.0186
U02259,C09,Instagram,Regular,0.2356,0.0453
U02260,C10,Instagram,Active,0.546,0.4707
U02261,C11,Instagram,Active,0.3573,0.1507
U02262,C12,Instagram,Regular,0.2346,0.0918
U02263,C13,X,Regular,0.0767,0.1243
U02264,C14,Reddit,Regular,0.408,0.0955
U02265,C15,Facebook,Regular,0.1031,0.126
U02266,C16,YouTube,Regular,0.0627,0.1315
U02267,C17,X,Regular,0.4018,0.0628
U02268,C18,Reddit,Regular,0.0823,0.1659
U02269,C19,Instagram,Active,0.6996,0.5254
U02270,C20,Instagram,Active,0.2608,0.2855
U02271,C21,X,Regular,0.2959,0.0455
U02272,C22,Facebook,Regular,0.3561,0.2349
U02273,C23,X,Regular,0.053,0.112
U02274,C24,Instagram,Regular,0.1417,0.1611
U02275,C25,Facebook,Regular,0.1587,0.0812
U02276,C01,X,Influential,0.8578,0.8193
U02277,C02,YouTube,Regular,0.2308,0.1379
U02278,C03,Instagram,Regular,0.3018,0.0923
U02279,C04,Facebook,Regular,0.1727,0.0428
U02280,C05,Instagram,Regular,0.3608,0.0784
U02281,C06,Facebook,Active,0.2011,0.3481
U02282,C07,YouTube,Regular,0.1815,0.2138
U02283,C08,Reddit,Regular,0.2671,0.0678
U02284,C09,X,Regular,0.1189,0.4349
U02285,C10,Instagram,Regular,0.1128,0.2809
U02286,C11,Facebook,Regular,0.3506,0.0596
U02287,C12,X,Regular,0.3064,0.164
U02288,C13,Facebook,Regular,0.2001,0.2016
U02289,C14,X,Regular,0.4422,0.1692
U02290,C15,Facebook,Regular,0.0803,0.0949
U02291,C16,Facebook,Active,0.813,0.5857
U02292,C17,YouTube,Active,0.3475,0.2893
U02293,C18,Instagram,Regular,0.4463,0.0484
U02294,C19,X,Active,0.4002,0.3254
U02295,C20,X,Regular,0.0984,0.1179
U02296,C21,Facebook,Regular,0.2495,0.2978
U02297,C22,X,Active,0.4146,0.6329
U02298,C23,Reddit,Regular,0.3521,0.064
U02299,C24,Facebook,Bridge,0.8178,0.4536
U02300,C25,Instagram,Regular,0.0553,0.0743
U02301,C01,Instagram,Active,0.5294,0.0992
U02302,C02,YouTube,Active,0.3282,0.1492
U02303,C03,Reddit,Regular,0.4998,0.119
U02304,C04,X,Regular,0.2265,0.0954
U02305,C05,Instagram,Regular,0.1741,0.0448
U02306,C06,Instagram,Regular,0.0954,0.1698
U02307,C07,Reddit,Regular,0.0487,0.0888
U02308,C08,X,Regular,0.1906,0.0453
U02309,C09,Facebook,Regular,0.3448,0.1226
U02310,C10,YouTube,Active,0.6171,0.3118
U02311,C11,X,Active,0.6485,0.2659
U02312,C12,X,Regular,0.0769,0.0518
U02313,C13,Reddit,Regular,0.2369,0.1189
U02314,C14,Reddit,Active,0.3783,0.2095
U02315,C15,YouTube,Regular,0.1552,0.1077
U02316,C16,Instagram,Regular,0.2137,0.1717
U02317,C17,X,Regular,0.3228,0.0273
U02318,C18,X,Regular,0.2022,0.108
U02319,C19,X,Regular,0.1233,0.084
U02320,C20,Instagram,Active,0.2807,0.2526
U02321,C21,YouTube,Regular,0.169,0.219
U02322,C22,X,Regular,0.2531,0.0559
U02323,C23,Facebook,Regular,0.1623,0.1489
U02324,C24,Reddit,Regular,0.1597,0.0184
U02325,C25,Reddit,Regular,0.1774,0.1058
U02326,C01,Instagram,Regular,0.1322,0.2557
U02327,C02,Facebook,Active,0.6445,0.2722
U02328,C03,Reddit,Regular,0.1478,0.0545
U02329,C04,Instagram,Regular,0.058,0.2799
U02330,C05,Facebook,Regular,0.3854,0.1918
U02331,C06,Instagram,Regular,0.4438,0.1414
U02332,C07,Instagram,Regular,0.1849,0.2016
U02333,C08,Instagram,Regular,0.1965,0.1255
U02334,C09,X,Regular,0.1733,0.1594
U02335,C10,Instagram,Regular,0.2635,0.0633
U02336,C11,Reddit,Regular,0.2806,0.2115
U02337,C12,Instagram,Regular,0.0377,0.154
U02338,C13,YouTube,Regular,0.238,0.0845
U02339,C14,Instagram,Regular,0.2527,0.2494
U02340,C15,Facebook,Active,0.5974,0.4327
U02341,C16,Instagram,Influential,0.5903,0.8418
U02342,C17,Facebook,Regular,0.1814,0.3107
U02343,C18,Facebook,Regular,0.2662,0.1176
U02344,C19,Instagram,Regular,0.1809,0.1205
U02345,C20,X,Regular,0.2067,0.3193
U02346,C21,X,Regular,0.1611,0.3015
U02347,C22,Instagram,Regular,0.3956,0.0671
U02348,C23,X,Regular,0.152,0.0995
U02349,C24,Facebook,Regular,0.2971,0.1354
U02350,C25,X,Active,0.5774,0.4724
U02351,C01,Instagram,Regular,0.4277,0.3625
U02352,C02,X,Influential,0.815,0.9392
U02353,C03,X,Active,0.717,0.4579
U02354,C04,YouTube,Regular,0.4209,0.0581
U02355,C05,Reddit,Regular,0.1749,0.33
U02356,C06,Instagram,Regular,0.1571,0.1937
U02357,C07,Instagram,Regular,0.1367,0.1242
U02358,C08,Facebook,Regular,0.2502,0.2597
U02359,C09,YouTube,Regular,0.1307,0.2627
U02360,C10,YouTube,Regular,0.1711,0.2373
U02361,C11,Reddit,Regular,0.1806,0.1966
U02362,C12,Instagram,Regular,0.1788,0.0448
U02363,C13,Facebook,Regular,0.148,0.142
U02364,C14,YouTube,Active,0.5272,0.6617
U02365,C15,YouTube,Regular,0.2976,0.2109
U02366,C16,Facebook,Regular,0.1749,0.0352
U02367,C17,X,Regular,0.1596,0.2487
U02368,C18,X,Regular,0.1232,0.1009
U02369,C19,X,Regular,0.083,0.0752
U02370,C20,Instagram,Regular,0.611,0.2382
U02371,C21,X,Regular,0.2475,0.1996
U02372,C22,Facebook,Regular,0.4473,0.2982
U02373,C23,Reddit,Active,0.3206,0.2492
U02374,C24,Reddit,Regular,0.2528,0.1838
U02375,C25,X,Regular,0.1941,0.0662
U02376,C01,Facebook,Regular,0.1627,0.2293
U02377,C02,Facebook,Regular,0.1461,0.0567
U02378,C03,Instagram,Regular,0.3066,0.0542
U02379,C04,Facebook,Regular,0.3093,0.1279
U02380,C05,Instagram,Regular,0.1658,0.2105
U02381,C06,Reddit,Influential,0.7879,0.8782
U02382,C07,YouTube,Active,0.5227,0.4319
U02383,C08,X,Active,0.4589,0.3984
U02384,C09,Instagram,Active,0.6977,0.4186
U02385,C10,Facebook,Regular,0.0757,0.3097
U02386,C11,X,Regular,0.2706,0.1761
U02387,C12,Instagram,Regular,0.126,0.1193
U02388,C13,X,Regular,0.3437,0.0623
U02389,C14,YouTube,Regular,0.1495,0.3423
U02390,C15,Facebook,Regular,0.1552,0.2284
U02391,C16,X,Regular,0.1396,0.3782
U02392,C17,Facebook,Active,0.7935,0.5402
U02393,C18,Instagram,Regular,0.2034,0.1842
U02394,C19,Reddit,Regular,0.2823,0.2734
U02395,C20,X,Active,0.5081,0.5026
U02396,C21,YouTube,Regular,0.2221,0.0547
U02397,C22,Instagram,Regular,0.1282,0.2184
U02398,C23,X,Bridge,0.8226,0.6766
U02399,C24,X,Regular,0.4527,0.0366
U02400,C25,Facebook,Active,0.5742,0.5303
U02401,C01,X,Regular,0.2488,0.0995
U02402,C02,Facebook,Regular,0.098,0.0664
U02403,C03,YouTube,Active,0.5299,0.4286
U02404,C04,X,Active,0.5424,0.6935
U02405,C05,Facebook,Regular,0.0723,0.1295
U02406,C06,X,Regular,0.092,0.0398
U02407,C07,X,Active,0.8759,0.5477
U02408,C08,X,Regular,0.2107,0.2561
U02409,C09,Instagram,Regular,0.1077,0.0832
U02410,C10,YouTube,Active,0.2617,0.4663
U02411,C11,Reddit,Regular,0.3841,0.1339
U02412,C12,Instagram,Regular,0.059,0.2226
U02413,C13,Facebook,Regular,0.2276,0.2235
U02414,C14,Reddit,Regular,0.1192,0.1313
U02415,C15,YouTube,Regular,0.3169,0.0623
U02416,C16,Facebook,Regular,0.2407,0.1578
U02417,C17,Reddit,Active,0.6126,0.4752
U02418,C18,Instagram,Regular,0.4784,0.1395
U02419,C19,X,Regular,0.0548,0.0171
U02420,C20,Facebook,Regular,0.3444,0.1199
U02421,C21,YouTube,Regular,0.1583,0.0254
U02422,C22,YouTube,Bridge,0.5257,0.6834
U02423,C23,X,Regular,0.3265,0.136
U02424,C24,X,Bridge,0.8083,0.438
U02425,C25,Facebook,Regular,0.0632,0.121
U02426,C01,Facebook,Regular,0.1668,0.0784
U02427,C02,Instagram,Regular,0.2238,0.1403
U02428,C03,Facebook,Active,0.4191,0.5134
U02429,C04,YouTube,Regular,0.3185,0.2417
U02430,C05,Reddit,Active,0.8285,0.2828
U02431,C06,X,Regular,0.2554,0.3421
U02432,C07,Reddit,Active,0.5978,0.5622
U02433,C08,X,Regular,0.1397,0.2063
U02434,C09,X,Regular,0.1854,0.0532
U02435,C10,Facebook,Regular,0.1925,0.0722
U02436,C11,Reddit,Active,0.676,0.2329
U02437,C12,YouTube,Regular,0.4581,0.2725
U02438,C13,Facebook,Regular,0.0443,0.0684
U02439,C14,Facebook,Regular,0.1455,0.2116
U02440,C15,Reddit,Active,0.7285,0.3747
U02441,C16,YouTube,Regular,0.3561,0.1109
U02442,C17,Reddit,Regular,0.1906,0.1293
U02443,C18,X,Regular,0.3277,0.1405
U02444,C19,YouTube,Regular,0.4165,0.2142
U02445,C20,X,Regular,0.0972,0.2329
U02446,C21,YouTube,Influential,0.5596,0.8879
U02447,C22,Facebook,Regular,0.335,0.2574
U02448,C23,Instagram,Regular,0.2013,0.1368
U02449,C24,YouTube,Regular,0.1975,0.0737
U02450,C25,Reddit,Regular,0.4573,0.1355
U02451,C01,YouTube,Regular,0.2233,0.0441
U02452,C02,X,Active,0.5301,0.1598
U02453,C03,Instagram,Regular,0.4469,0.1234
U02454,C04,Reddit,Regular,0.2599,0.2315
U02455,C05,Reddit,Regular,0.071,0.117
U02456,C06,X,Regular,0.1312,0.025
U02457,C07,X,Regular,0.2701,0.0343
U02458,C08,Facebook,Regular,0.2857,0.1953
U02459,C09,X,Active,0.7392,0.1155
U02460,C10,YouTube,Regular,0.4069,0.0111
U02461,C11,X,Regular,0.2624,0.0448
U02462,C12,YouTube,Regular,0.1729,0.0423
U02463,C13,Facebook,Regular,0.1436,0.2123
U02464,C14,Reddit,Active,0.6356,0.297
U02465,C15,Instagram,Regular,0.3495,0.0412
U02466,C16,Instagram,Regular,0.042,0.041
U02467,C17,Facebook,Regular,0.1523,0.0312
U02468,C18,X,Regular,0.1936,0.0956
U02469,C19,Instagram,Regular,0.1172,0.0491
U02470,C20,Instagram,Active,0.6704,0.3681
U02471,C21,Reddit,Regular,0.162,0.0957
U02472,C22,Instagram,Regular,0.1786,0.3131
U02473,C23,Facebook,Regular,0.0786,0.0797
U02474,C24,YouTube,Regular,0.0586,0.1715
U02475,C25,X,Regular,0.2804,0.0659
U02476,C01,Instagram,Regular,0.146,0.1014
U02477,C02,Instagram,Regular,0.2543,0.2097
U02478,C03,YouTube,Active,0.5252,0.1932
U02479,C04,Facebook,Active,0.3759,0.2524
U02480,C05,Instagram,Influential,0.7168,0.8506
U02481,C06,Instagram,Regular,0.1973,0.1725
U02482,C07,YouTube,Regular,0.1526,0.0081
U02483,C08,Reddit,Regular,0.1256,0.1756
U02484,C09,Instagram,Active,0.6665,0.2164
U02485,C10,Reddit,Regular,0.341,0.0809
U02486,C11,Instagram,Influential,0.5346,0.9725
U02487,C12,Facebook,Regular,0.2641,0.0749
U02488,C13,Instagram,Regular,0.0968,0.1008
U02489,C14,Reddit,Regular,0.186,0.21
U02490,C15,Instagram,Regular,0.3274,0.1325
U02491,C16,Facebook,Regular,0.1546,0.2127
U02492,C17,Reddit,Regular,0.1828,0.0543
U02493,C18,YouTube,Regular,0.3681,0.1252
U02494,C19,YouTube,Regular,0.0885,0.1172
U02495,C20,X,Regular,0.2904,0.0704
U02496,C21,YouTube,Regular,0.3809,0.1867
U02497,C22,X,Influential,0.8988,0.826
U02498,C23,YouTube,Regular,0.08,0.1622
U02499,C24,Reddit,Regular,0.0622,0.232
U02500,C25,Facebook,Bridge,0.6543,0.5659
U02501,C01,Reddit,Regular,0.0727,0.1314
U02502,C02,YouTube,Regular,0.2259,0.0517
U02503,C03,Instagram,Regular,0.0836,0.1732
U02504,C04,YouTube,Regular,0.016,0.0248
U02505,C05,Instagram,Influential,0.5833,0.7926
U02506,C06,YouTube,Regular,0.2416,0.1901
U02507,C07,X,Regular,0.2303,0.1996
U02508,C08,X,Active,0.3978,0.3699
U02509,C09,Facebook,Regular,0.1963,0.2247
U02510,C10,YouTube,Regular,0.0274,0.1273
U02511,C11,Instagram,Regular,0.2394,0.0755
U02512,C12,X,Regular,0.0984,0.0646
U02513,C13,Reddit,Regular,0.3998,0.0704
U02514,C14,Instagram,Regular,0.1222,0.129
U02515,C15,Facebook,Regular,0.0727,0.1493
U02516,C16,YouTube,Active,0.5528,0.6402
U02517,C17,Instagram,Regular,0.1036,0.0419
U02518,C18,Facebook,Regular,0.4042,0.1466
U02519,C19,X,Regular,0.1397,0.1058
U02520,C20,YouTube,Active,0.6648,0.6053
U02521,C21,YouTube,Regular,0.0522,0.421
U02522,C22,Reddit,Active,0.3055,0.5363
U02523,C23,X,Regular,0.076,0.1456
U02524,C24,YouTube,Regular,0.1027,0.134
U02525,C25,Facebook,Active,0.6744,0.4679
U02526,C01,Facebook,Active,0.6968,0.2208
U02527,C02,Instagram,Regular,0.2443,0.0749
U02528,C03,X,Regular,0.202,0.2202
U02529,C04,Facebook,Active,0.3629,0.2292
U02530,C05,Facebook,Influential,0.5499,0.8458
U02531,C06,X,Regular,0.2136,0.0915
U02532,C07,X,Regular,0.4185,0.0628
U02533,C08,Facebook,Regular,0.2335,0.386
U02534,C09,X,Regular,0.0271,0.0713
U02535,C10,YouTube,Active,0.4394,0.2957
U02536,C11,Instagram,Regular,0.0556,0.0709
U02537,C12,Reddit,Regular,0.3801,0.2009
U02538,C13,Reddit,Regular,0.2576,0.1061
U02539,C14,Instagram,Influential,0.9091,0.7561
U02540,C15,Instagram,Regular,0.1289,0.0859
U02541,C16,X,Active,0.716,0.3668
U02542,C17,Reddit,Active,0.474,0.2935
U02543,C18,Reddit,Regular,0.3052,0.1013
U02544,C19,Instagram,Regular,0.0562,0.424
U02545,C20,YouTube,Influential,0.7142,0.4724
U02546,C21,X,Regular,0.1662,0.0338
U02547,C22,X,Regular,0.1159,0.3061
U02548,C23,X,Active,0.6546,0.2589
U02549,C24,Instagram,Regular,0.431,0.0332
U02550,C25,Reddit,Active,0.4374,0.3844
U02551,C01,Reddit,Regular,0.3153,0.1608
U02552,C02,X,Regular,0.1415,0.0342
U02553,C03,Reddit,Regular,0.2368,0.0661
U02554,C04,Reddit,Regular,0.5712,0.034
U02555,C05,Reddit,Regular,0.4409,0.2983
U02556,C06,Facebook,Regular,0.5747,0.3264
U02557,C07,Facebook,Regular,0.2227,0.1138
U02558,C08,Facebook,Active,0.8079,0.4291
U02559,C09,Facebook,Regular,0.1519,0.0926
U02560,C10,Reddit,Regular,0.0618,0.2791
U02561,C11,Instagram,Regular,0.0648,0.4446
U02562,C12,Instagram,Regular,0.3216,0.3287
U02563,C13,Reddit,Regular,0.2536,0.0252
U02564,C14,Facebook,Regular,0.226,0.1116
U02565,C15,Instagram,Regular,0.2368,0.0142
U02566,C16,Facebook,Regular,0.0487,0.034
U02567,C17,Instagram,Regular,0.3287,0.184
U02568,C18,Facebook,Regular,0.4485,0.167
U02569,C19,Instagram,Regular,0.1786,0.1025
U02570,C20,YouTube,Regular,0.1576,0.0692
U02571,C21,Instagram,Regular,0.0426,0.2394
U02572,C22,Instagram,Regular,0.1492,0.3062
U02573,C23,Reddit,Regular,0.1926,0.0731
U02574,C24,YouTube,Active,0.6418,0.5354
U02575,C25,Facebook,Regular,0.4823,0.1341
U02576,C01,YouTube,Active,0.678,0.3296
U02577,C02,Reddit,Regular,0.0865,0.1964
U02578,C03,YouTube,Influential,0.7516,0.9523
U02579,C04,Instagram,Regular,0.5174,0.0217
U02580,C05,X,Active,0.6205,0.256
U02581,C06,Reddit,Regular,0.1165,0.0728
U02582,C07,YouTube,Regular,0.067,0.1062
U02583,C08,Instagram,Regular,0.145,0.3224
U02584,C09,X,Regular,0.3631,0.2549
U02585,C10,X,Regular,0.1675,0.1038
U02586,C11,YouTube,Regular,0.4382,0.1742
U02587,C12,X,Regular,0.1953,0.1756
U02588,C13,Reddit,Active,0.7641,0.3506
U02589,C14,Reddit,Regular,0.0461,0.019
U02590,C15,Reddit,Regular,0.0836,0.1549
U02591,C16,X,Regular,0.1,0.2206
U02592,C17,Instagram,Regular,0.3083,0.1742
U02593,C18,X,Regular,0.0711,0.0675
U02594,C19,Facebook,Active,0.8289,0.6069
U02595,C20,X,Regular,0.4433,0.2648
U02596,C21,Facebook,Regular,0.4525,0.0461
U02597,C22,YouTube,Regular,0.1068,0.2427
U02598,C23,X,Regular,0.0596,0.1567
U02599,C24,Facebook,Regular,0.0868,0.3517
U02600,C25,Reddit,Active,0.5023,0.2782
U02601,C01,Facebook,Active,0.8273,0.2298
U02602,C02,Reddit,Active,0.554,0.5237
U02603,C03,YouTube,Regular,0.0711,0.1196
U02604,C04,X,Regular,0.0645,0.1714
U02605,C05,Reddit,Regular,0.3329,0.1324
U02606,C06,Reddit,Regular,0.206,0.2709
U02607,C07,X,Regular,0.1065,0.0851
U02608,C08,X,Regular,0.1927,0.1667
U02609,C09,Instagram,Regular,0.113,0.2909
U02610,C10,X,Active,0.6293,0.4323
U02611,C11,Reddit,Regular,0.3066,0.0979
U02612,C12,Instagram,Regular,0.1764,0.1471
U02613,C13,X,Active,0.5723,0.3247
U02614,C14,YouTube,Active,0.671,0.355
U02615,C15,Instagram,Regular,0.1297,0.0556
U02616,C16,Reddit,Regular,0.0593,0.0501
U02617,C17,Reddit,Regular,0.411,0.2467
U02618,C18,YouTube,Regular,0.2023,0.3193
U02619,C19,Reddit,Regular,0.2075,0.0307
U02620,C20,Facebook,Active,0.3109,0.3201
U02621,C21,Facebook,Influential,0.7943,0.8544
U02622,C22,Facebook,Bridge,0.8021,0.6797
U02623,C23,Instagram,Regular,0.5241,0.1713
U02624,C24,Facebook,Bridge,0.7319,0.5965
U02625,C25,Facebook,Regular,0.2834,0.1341
U02626,C01,Reddit,Regular,0.1026,0.1973
U02627,C02,YouTube,Regular,0.234,0.1223
U02628,C03,Facebook,Active,0.4761,0.3547
U02629,C04,X,Active,0.6055,0.4257
U02630,C05,YouTube,Regular,0.2463,0.1875
U02631,C06,Facebook,Regular,0.1197,0.1834
U02632,C07,Facebook,Regular,0.1411,0.0605
U02633,C08,YouTube,Regular,0.1051,0.1385
U02634,C09,Instagram,Regular,0.2305,0.1184
U02635,C10,X,Regular,0.2171,0.137
U02636,C11,Instagram,Active,0.4663,0.1968
U02637,C12,YouTube,Bridge,0.4418,0.3899
U02638,C13,Instagram,Regular,0.1354,0.0734
U02639,C14,YouTube,Regular,0.1698,0.1913
U02640,C15,Facebook,Regular,0.2889,0.3953
U02641,C16,Instagram,Bridge,0.7184,0.689
U02642,C17,Facebook,Regular,0.1461,0.0945
U02643,C18,X,Regular,0.5295,0.1927
U02644,C19,Facebook,Regular,0.0663,0.0508
U02645,C20,Reddit,Regular,0.3051,0.2187
U02646,C21,Reddit,Regular,0.2019,0.1984
U02647,C22,Instagram,Regular,0.1719,0.0478
U02648,C23,Reddit,Regular,0.365,0.1949
U02649,C24,Instagram,Active,0.4815,0.1137
U02650,C25,Facebook,Regular,0.1301,0.1261
U02651,C01,Facebook,Regular,0.0695,0.054
U02652,C02,Reddit,Influential,0.8857,0.9374
U02653,C03,Instagram,Regular,0.1591,0.0865
U02654,C04,YouTube,Regular,0.0298,0.1434
U02655,C05,YouTube,Regular,0.0461,0.0655
U02656,C06,X,Bridge,0.5631,0.4763
U02657,C07,Reddit,Active,0.1533,0.3692
U02658,C08,X,Regular,0.0546,0.1601
U02659,C09,Reddit,Regular,0.2364,0.0684
U02660,C10,X,Active,0.2901,0.3017
U02661,C11,YouTube,Regular,0.1139,0.0531
U02662,C12,Facebook,Active,0.525,0.2999
U02663,C13,Facebook,Regular,0.2077,0.15
U02664,C14,Reddit,Active,0.6666,0.3827
U02665,C15,Reddit,Regular,0.1938,0.1781
U02666,C16,Facebook,Active,0.704,0.2162
U02667,C17,X,Influential,0.6293,0.7406
U02668,C18,Instagram,Regular,0.2422,0.163
U02669,C19,YouTube,Influential,0.9271,0.8198
U02670,C20,Reddit,Active,0.4332,0.3175
U02671,C21,Reddit,Regular,0.1294,0.0884
U02672,C22,Instagram,Regular,0.3159,0.2189
U02673,C23,X,Bridge,0.407,0.7358
U02674,C24,Facebook,Regular,0.1743,0.2148
U02675,C25,Reddit,Regular,0.1734,0.0974
U02676,C01,Facebook,Active,0.3213,0.3943
U02677,C02,Facebook,Regular,0.2106,0.3353
U02678,C03,Instagram,Active,0.3913,0.4026
U02679,C04,Instagram,Regular,0.3078,0.1355
U02680,C05,Instagram,Regular,0.0937,0.0489
U02681,C06,X,Regular,0.096,0.1362
U02682,C07,YouTube,Regular,0.3212,0.0354
U02683,C08,X,Regular,0.2259,0.1941
U02684,C09,Facebook,Active,0.4318,0.4542
U02685,C10,Instagram,Regular,0.1422,0.046
U02686,C11,Instagram,Influential,0.7968,0.6241
U02687,C12,X,Regular,0.1977,0.1055
U02688,C13,Instagram,Active,0.6249,0.5459
U02689,C14,YouTube,Regular,0.1838,0.2302
U02690,C15,YouTube,Regular,0.0567,0.2327
U02691,C16,YouTube,Regular,0.3212,0.3237
U02692,C17,Instagram,Active,0.4573,0.3137
U02693,C18,Facebook,Regular,0.1891,0.2716
U02694,C19,YouTube,Regular,0.0253,0.0605
U02695,C20,Reddit,Active,0.3705,0.3777
U02696,C21,YouTube,Regular,0.1916,0.1109
U02697,C22,Instagram,Regular,0.06,0.2089
U02698,C23,Instagram,Active,0.5372,0.3478
U02699,C24,Reddit,Influential,0.9346,0.8333
U02700,C25,X,Regular,0.1877,0.3077
U02701,C01,Instagram,Regular,0.0902,0.2258
U02702,C02,YouTube,Active,0.3599,0.3035
U02703,C03,Facebook,Influential,0.6675,0.8272
U02704,C04,X,Active,0.4714,0.3342
U02705,C05,Facebook,Regular,0.1603,0.1986
U02706,C06,YouTube,Regular,0.0658,0.0761
U02707,C07,X,Regular,0.2252,0.179
U02708,C08,YouTube,Active,0.4832,0.2107
U02709,C09,Instagram,Regular,0.2551,0.2545
U02710,C10,YouTube,Regular,0.2959,0.0737
U02711,C11,Reddit,Regular,0.0364,0.089
U02712,C12,X,Regular,0.0429,0.1379
U02713,C13,Instagram,Regular,0.1923,0.2365
U02714,C14,Reddit,Regular,0.1142,0.3936
U02715,C15,Facebook,Regular,0.4851,0.2898
U02716,C16,Instagram,Regular,0.212,0.2067
U02717,C17,X,Regular,0.1905,0.134
U02718,C18,X,Regular,0.1814,0.1386
U02719,C19,YouTube,Influential,0.9216,0.6987
U02720,C20,Instagram,Regular,0.205,0.1564
U02721,C21,Instagram,Active,0.3615,0.2139
U02722,C22,X,Regular,0.0918,0.169
U02723,C23,X,Regular,0.0399,0.1334
U02724,C24,YouTube,Active,0.5813,0.4083
U02725,C25,Reddit,Regular,0.1553,0.2707
U02726,C01,YouTube,Influential,0.8634,0.879
U02727,C02,Facebook,Influential,0.8845,0.6038
U02728,C03,X,Regular,0.3428,0.037
U02729,C04,Facebook,Active,0.5902,0.3962
U02730,C05,Instagram,Regular,0.2223,0.1084
U02731,C06,Facebook,Active,0.4535,0.4277
U02732,C07,Instagram,Regular,0.1876,0.0504
U02733,C08,Facebook,Influential,0.8572,0.8668
U02734,C09,Reddit,Regular,0.143,0.213
U02735,C10,YouTube,Influential,0.7726,0.8782
U02736,C11,Reddit,Regular,0.4015,0.1177
U02737,C12,X,Regular,0.2071,0.0257
U02738,C13,YouTube,Regular,0.1325,0.0744
U02739,C14,YouTube,Active,0.835,0.3977
U02740,C15,Instagram,Regular,0.1248,0.2417
U02741,C16,Facebook,Regular,0.0554,0.2383
U02742,C17,X,Regular,0.1316,0.2002
U02743,C18,YouTube,Regular,0.0689,0.0098
U02744,C19,YouTube,Influential,0.8471,0.8261
U02745,C20,YouTube,Regular,0.3625,0.2158
U02746,C21,Reddit,Active,0.709,0.3738
U02747,C22,X,Regular,0.2668,0.1459
U02748,C23,Facebook,Regular,0.0947,0.0584
U02749,C24,X,Active,0.5247,0.4318
U02750,C25,Reddit,Active,0.7495,0.236
U02751,C01,X,Regular,0.2607,0.1066
U02752,C02,Reddit,Active,0.5634,0.3011
U02753,C03,X,Regular,0.131,0.2593
U02754,C04,YouTube,Regular,0.0385,0.1772
U02755,C05,YouTube,Regular,0.0735,0.1629
U02756,C06,Instagram,Influential,0.8436,0.8812
U02757,C07,X,Regular,0.0918,0.0442
U02758,C08,Reddit,Regular,0.0115,0.0434
U02759,C09,YouTube,Active,0.842,0.5122
U02760,C10,Instagram,Regular,0.2457,0.0207
U02761,C11,Instagram,Regular,0.1715,0.0546
U02762,C12,X,Regular,0.1138,0.1996
U02763,C13,Facebook,Regular,0.3923,0.3059
U02764,C14,YouTube,Regular,0.5381,0.1285
U02765,C15,Instagram,Active,0.4632,0.4176
U02766,C16,YouTube,Regular,0.1718,0.1642
U02767,C17,Reddit,Regular,0.0851,0.1226
U02768,C18,Reddit,Regular,0.1934,0.1813
U02769,C19,Reddit,Regular,0.2695,0.2106
U02770,C20,Reddit,Active,0.3374,0.2313
U02771,C21,Instagram,Bridge,0.5032,0.3745
U02772,C22,X,Regular,0.3271,0.0964
U02773,C23,Instagram,Regular,0.5066,0.0964
U02774,C24,YouTube,Active,0.177,0.4733
U02775,C25,YouTube,Regular,0.2271,0.0827
U02776,C01,Instagram,Active,0.5956,0.2477
U02777,C02,X,Regular,0.1348,0.0753
U02778,C03,Instagram,Regular,0.2014,0.097
U02779,C04,Reddit,Regular,0.2339,0.2416
U02780,C05,Instagram,Active,0.7428,0.1492
U02781,C06,Instagram,Regular,0.0887,0.0375
U02782,C07,Instagram,Regular,0.1546,0.3162
U02783,C08,X,Regular,0.4235,0.132
U02784,C09,Instagram,Regular,0.0815,0.3987
U02785,C10,X,Regular,0.4409,0.0944
U02786,C11,Reddit,Regular,0.0848,0.121
U02787,C12,Instagram,Active,0.3584,0.2903
U02788,C13,Facebook,Active,0.2253,0.2043
U02789,C14,X,Active,0.4454,0.5221
U02790,C15,Facebook,Regular,0.1834,0.1131
U02791,C16,Reddit,Influential,0.6913,0.9555
U02792,C17,X,Regular,0.0811,0.0174
U02793,C18,X,Active,0.6942,0.3134
U02794,C19,Facebook,Regular,0.1119,0.0842
U02795,C20,Instagram,Regular,0.1959,0.2636
U02796,C21,YouTube,Regular,0.271,0.2077
U02797,C22,Facebook,Regular,0.3416,0.0643
U02798,C23,Instagram,Influential,0.366,0.9855
U02799,C24,X,Regular,0.1315,0.3056
U02800,C25,X,Regular,0.0475,0.1591
U02801,C01,Reddit,Regular,0.1049,0.1497
U02802,C02,Instagram,Regular,0.2678,0.2212
U02803,C03,YouTube,Regular,0.1495,0.0563
U02804,C04,Facebook,Active,0.4931,0.5945
U02805,C05,X,Active,0.6265,0.1576
U02806,C06,Instagram,Regular,0.1248,0.1858
U02807,C07,Reddit,Regular,0.4045,0.3842
U02808,C08,X,Regular,0.2668,0.0982
U02809,C09,Instagram,Regular,0.1103,0.1238
U02810,C10,Reddit,Regular,0.1889,0.0985
U02811,C11,YouTube,Influential,0.7973,0.8645
U02812,C12,Facebook,Active,0.4661,0.432
U02813,C13,Instagram,Regular,0.244,0.3152
U02814,C14,Reddit,Regular,0.4511,0.0461
U02815,C15,Facebook,Regular,0.0723,0.3575
U02816,C16,Reddit,Active,0.6925,0.2206
U02817,C17,X,Regular,0.4322,0.0405
U02818,C18,Facebook,Regular,0.0691,0.1359
U02819,C19,X,Regular,0.2944,0.0928
U02820,C20,X,Regular,0.2356,0.0225
U02821,C21,Instagram,Regular,0.5526,0.0844
U02822,C22,Instagram,Regular,0.2209,0.1931
U02823,C23,Facebook,Regular,0.1936,0.0459
U02824,C24,Facebook,Regular,0.027,0.0908
U02825,C25,YouTube,Active,0.6785,0.2512
U02826,C01,YouTube,Regular,0.298,0.2223
U02827,C02,Instagram,Influential,0.4585,0.7174
U02828,C03,Reddit,Active,0.6821,0.269
U02829,C04,X,Regular,0.3372,0.1292
U02830,C05,Reddit,Active,0.2007,0.4683
U02831,C06,Instagram,Regular,0.0935,0.1681
U02832,C07,Facebook,Regular,0.2832,0.3067
U02833,C08,Facebook,Active,0.6923,0.3885
U02834,C09,YouTube,Regular,0.2095,0.1387
U02835,C10,Facebook,Active,0.8496,0.211
U02836,C11,Reddit,Regular,0.1958,0.309
U02837,C12,X,Regular,0.266,0.0272
U02838,C13,X,Regular,0.1059,0.0826
U02839,C14,Facebook,Regular,0.1883,0.192
U02840,C15,YouTube,Regular,0.0151,0.2923
U02841,C16,X,Regular,0.0585,0.0514
U02842,C17,Instagram,Regular,0.2473,0.2327
U02843,C18,Instagram,Regular,0.3547,0.1062
U02844,C19,X,Regular,0.374,0.2987
U02845,C20,Instagram,Regular,0.1937,0.0966
U02846,C21,X,Regular,0.4907,0.1637
U02847,C22,X,Regular,0.2678,0.1739
U02848,C23,YouTube,Regular,0.2152,0.0895
U02849,C24,X,Regular,0.1459,0.2077
U02850,C25,Instagram,Active,0.6315,0.5006
U02851,C01,Reddit,Active,0.406,0.4589
U02852,C02,Reddit,Bridge,0.846,0.7264
U02853,C03,Facebook,Active,0.2546,0.451
U02854,C04,YouTube,Active,0.4173,0.3449
U02855,C05,Facebook,Regular,0.0545,0.1101
U02856,C06,X,Regular,0.4004,0.1113
U02857,C07,Instagram,Regular,0.1725,0.072
U02858,C08,Instagram,Regular,0.1379,0.267
U02859,C09,Instagram,Bridge,0.4994,0.5386
U02860,C10,X,Regular,0.0652,0.1008
U02861,C11,Reddit,Regular,0.1852,0.2188
U02862,C12,X,Regular,0.3065,0.0467
U02863,C13,Reddit,Active,0.7334,0.2104
U02864,C14,Reddit,Regular,0.4198,0.2308
U02865,C15,YouTube,Regular,0.1773,0.1251
U02866,C16,Instagram,Influential,0.9586,0.9064
U02867,C17,YouTube,Regular,0.2059,0.1324
U02868,C18,Reddit,Regular,0.0146,0.3832
U02869,C19,YouTube,Regular,0.353,0.0871
U02870,C20,YouTube,Active,0.4057,0.1178
U02871,C21,Reddit,Regular,0.4504,0.0634
U02872,C22,X,Active,0.6139,0.1839
U02873,C23,X,Regular,0.3938,0.0237
U02874,C24,Reddit,Regular,0.2359,0.0935
U02875,C25,X,Regular,0.1364,0.1281
U02876,C01,X,Regular,0.1111,0.2281
U02877,C02,Instagram,Regular,0.1232,0.1932
U02878,C03,Facebook,Regular,0.0808,0.0645
U02879,C04,Reddit,Influential,0.6907,0.8715
U02880,C05,X,Active,0.6994,0.5146
U02881,C06,X,Regular,0.148,0.3622
U02882,C07,Instagram,Active,0.8457,0.1318
U02883,C08,YouTube,Influential,0.8411,0.7857
U02884,C09,Instagram,Active,0.4831,0.5406
U02885,C10,YouTube,Regular,0.377,0.1802
U02886,C11,Instagram,Regular,0.0993,0.1364
U02887,C12,Instagram,Regular,0.3186,0.3551
U02888,C13,Instagram,Regular,0.0593,0.0503
U02889,C14,Instagram,Bridge,0.5747,0.7663
U02890,C15,Reddit,Regular,0.1709,0.1384
U02891,C16,Reddit,Influential,0.8688,0.8298
U02892,C17,Instagram,Influential,0.8337,0.7534
U02893,C18,Instagram,Active,0.2071,0.3347
U02894,C19,Facebook,Regular,0.4294,0.0372
U02895,C20,Facebook,Regular,0.2092,0.2272
U02896,C21,Facebook,Regular,0.1306,0.1118
U02897,C22,Reddit,Regular,0.1975,0.1943
U02898,C23,YouTube,Regular,0.2681,0.192
U02899,C24,Reddit,Regular,0.3579,0.2162
U02900,C25,YouTube,Regular,0.3925,0.0322
U02901,C01,X,Active,0.3292,0.4289
U02902,C02,X,Active,0.6749,0.4959
U02903,C03,X,Regular,0.2645,0.2316
U02904,C04,Instagram,Regular,0.2109,0.1158
U02905,C05,Facebook,Active,0.3923,0.5155
U02906,C06,Instagram,Influential,0.7779,0.7195
U02907,C07,YouTube,Regular,0.0697,0.0944
U02908,C08,X,Regular,0.3947,0.1374
U02909,C09,YouTube,Regular,0.3745,0.1776
U02910,C10,X,Regular,0.2463,0.2675
U02911,C11,Instagram,Regular,0.1708,0.1189
U02912,C12,Reddit,Regular,0.2539,0.1838
U02913,C13,Facebook,Regular,0.1651,0.129
U02914,C14,X,Regular,0.3517,0.0467
U02915,C15,X,Regular,0.1625,0.0494
U02916,C16,Facebook,Regular,0.106,0.0516
U02917,C17,YouTube,Regular,0.1862,0.3164
U02918,C18,Reddit,Regular,0.2295,0.0434
U02919,C19,X,Regular,0.1388,0.0999
U02920,C20,Facebook,Regular,0.0211,0.3641
U02921,C21,X,Regular,0.4063,0.0737
U02922,C22,Facebook,Regular,0.2622,0.1536
U02923,C23,X,Regular,0.1618,0.5146
U02924,C24,Instagram,Active,0.6412,0.2413
U02925,C25,Reddit,Regular,0.1317,0.1174
U02926,C01,X,Regular,0.2425,0.0749
U02927,C02,Facebook,Regular,0.2646,0.1658
U02928,C03,X,Influential,0.3983,0.7645
U02929,C04,YouTube,Regular,0.0833,0.1139
U02930,C05,Instagram,Regular,0.0933,0.0608
U02931,C06,Facebook,Regular,0.2912,0.2744
U02932,C07,Facebook,Regular,0.169,0.1324
U02933,C08,Reddit,Regular,0.1563,0.3615
U02934,C09,Facebook,Regular,0.0818,0.4087
U02935,C10,Facebook,Regular,0.1226,0.0891
U02936,C11,Instagram,Regular,0.1263,0.051
U02937,C12,X,Regular,0.0381,0.1142
U02938,C13,Reddit,Regular,0.1799,0.2807
U02939,C14,Reddit,Regular,0.1183,0.1257
U02940,C15,Instagram,Regular,0.149,0.2382
U02941,C16,X,Active,0.5548,0.4409
U02942,C17,YouTube,Regular,0.1274,0.1462
U02943,C18,Facebook,Regular,0.3158,0.1065
U02944,C19,X,Influential,0.4619,0.769
U02945,C20,Instagram,Regular,0.1358,0.1159
U02946,C21,X,Regular,0.1955,0.2347
U02947,C22,YouTube,Regular,0.0873,0.132
U02948,C23,X,Active,0.5898,0.4583
U02949,C24,Reddit,Regular,0.0916,0.1483
U02950,C25,Facebook,Regular,0.0754,0.1009
U02951,C01,Reddit,Active,0.6542,0.2103
U02952,C02,Instagram,Regular,0.262,0.1988
U02953,C03,Reddit,Regular,0.1768,0.0299
U02954,C04,X,Regular,0.1998,0.0394
U02955,C05,Instagram,Regular,0.2488,0.149
U02956,C06,Reddit,Regular,0.1847,0.0289
U02957,C07,Instagram,Regular,0.1864,0.2062
U02958,C08,Instagram,Regular,0.0814,0.2616
U02959,C09,YouTube,Regular,0.0798,0.1631
U02960,C10,X,Influential,0.9358,0.8194
U02961,C11,Instagram,Regular,0.0408,0.2285
U02962,C12,Facebook,Active,0.5117,0.599
U02963,C13,Facebook,Regular,0.1083,0.2041
U02964,C14,X,Regular,0.285,0.0468
U02965,C15,Instagram,Active,0.3877,0.2229
U02966,C16,Reddit,Active,0.68,0.3513
U02967,C17,X,Bridge,0.7872,0.7032
U02968,C18,X,Regular,0.0192,0.3929
U02969,C19,Facebook,Influential,0.5515,0.8317
U02970,C20,Instagram,Active,0.7193,0.1425
U02971,C21,Instagram,Regular,0.2834,0.1064
U02972,C22,Reddit,Regular,0.2057,0.1139
U02973,C23,X,Active,0.3489,0.4889
U02974,C24,X,Regular,0.3905,0.1437
U02975,C25,Instagram,Active,0.2312,0.3059
U02976,C01,X,Regular,0.3158,0.285
U02977,C02,Reddit,Regular,0.1451,0.0699
U02978,C03,YouTube,Regular,0.2496,0.2749
U02979,C04,Instagram,Regular,0.3899,0.2193
U02980,C05,Reddit,Regular,0.1738,0.0569
U02981,C06,X,Regular,0.0548,0.1895
U02982,C07,Facebook,Active,0.5498,0.5256
U02983,C08,Reddit,Regular,0.2816,0.0743
U02984,C09,Instagram,Regular,0.3633,0.2378
U02985,C10,X,Regular,0.2305,0.2185
U02986,C11,Reddit,Active,0.8202,0.398
U02987,C12,X,Regular,0.1791,0.1768
U02988,C13,Reddit,Regular,0.3217,0.1175
U02989,C14,Facebook,Regular,0.1562,0.0465
U02990,C15,Facebook,Regular,0.0364,0.096
U02991,C16,Instagram,Bridge,0.4985,0.7711
U02992,C17,Reddit,Active,0.4393,0.3135
U02993,C18,X,Regular,0.2864,0.1666
U02994,C19,Reddit,Regular,0.1192,0.0228
U02995,C20,Instagram,Regular,0.1788,0.2257
U02996,C21,Reddit,Regular,0.3212,0.3358
U02997,C22,Instagram,Active,0.6937,0.5409
U02998,C23,Facebook,Regular,0.0684,0.3854
U02999,C24,Instagram,Active,0.6503,0.4714
U03000,C25,Facebook,Regular,0.2123,0.0962
U03001,C01,X,Regular,0.0819,0.0571
U03002,C02,Facebook,Regular,0.2051,0.1654
U03003,C03,X,Regular,0.349,0.2625
U03004,C04,X,Regular,0.3412,0.1118
U03005,C05,Instagram,Regular,0.2348,0.374
U03006,C06,Reddit,Active,0.3504,0.2659
U03007,C07,X,Active,0.7877,0.444
U03008,C08,Facebook,Regular,0.4411,0.0982
U03009,C09,YouTube,Regular,0.0647,0.1114
U03010,C10,Reddit,Regular,0.4201,0.3578
U03011,C11,Instagram,Active,0.4881,0.5524
U03012,C12,Facebook,Regular,0.3686,0.2048
U03013,C13,Facebook,Regular,0.1041,0.2151
U03014,C14,Instagram,Active,0.252,0.3051
U03015,C15,Instagram,Regular,0.1912,0.059
U03016,C16,X,Regular,0.1264,0.0797
U03017,C17,X,Regular,0.0809,0.3301
U03018,C18,Reddit,Regular,0.3672,0.1118
U03019,C19,YouTube,Regular,0.2067,0.1685
U03020,C20,Reddit,Regular,0.1465,0.1066
U03021,C21,X,Regular,0.1463,0.0221
U03022,C22,Reddit,Influential,0.7378,0.8483
U03023,C23,Facebook,Regular,0.0989,0.1026
U03024,C24,X,Active,0.642,0.5528
U03025,C25,X,Regular,0.1493,0.1675
U03026,C01,YouTube,Regular,0.0813,0.1492
U03027,C02,X,Regular,0.2221,0.1402
U03028,C03,X,Regular,0.0424,0.1759
U03029,C04,Instagram,Regular,0.1126,0.0088
U03030,C05,Instagram,Regular,0.0889,0.2747
U03031,C06,YouTube,Regular,0.1108,0.2164
U03032,C07,Instagram,Active,0.5134,0.3479
U03033,C08,YouTube,Active,0.512,0.5462
U03034,C09,Instagram,Regular,0.4304,0.1994
U03035,C10,Reddit,Active,0.602,0.2023
U03036,C11,Instagram,Regular,0.1722,0.1576
U03037,C12,Instagram,Regular,0.0879,0.369
U03038,C13,YouTube,Regular,0.2371,0.2274
U03039,C14,X,Active,0.5135,0.4391
U03040,C15,X,Regular,0.1356,0.2315
U03041,C16,Facebook,Regular,0.1145,0.236
U03042,C17,X,Regular,0.1241,0.1896
U03043,C18,X,Influential,0.8473,0.8613
U03044,C19,Instagram,Regular,0.411,0.1281
U03045,C20,YouTube,Regular,0.2086,0.2858
U03046,C21,Reddit,Regular,0.3511,0.2749
U03047,C22,Reddit,Regular,0.1034,0.1048
U03048,C23,Instagram,Regular,0.1524,0.2903
U03049,C24,Facebook,Regular,0.4615,0.231
U03050,C25,Reddit,Active,0.3705,0.6151
U03051,C01,Instagram,Influential,0.9255,0.766
U03052,C02,Reddit,Regular,0.1824,0.1697
U03053,C03,Facebook,Regular,0.4008,0.303
U03054,C04,Facebook,Regular,0.0394,0.1497
U03055,C05,Instagram,Influential,0.7952,0.9291
U03056,C06,Facebook,Regular,0.314,0.0797
U03057,C07,Instagram,Regular,0.2207,0.3529
U03058,C08,X,Regular,0.3013,0.1151
U03059,C09,Instagram,Regular,0.148,0.2025
U03060,C10,X,Regular,0.4442,0.0893
U03061,C11,Reddit,Regular,0.2677,0.0497
U03062,C12,Facebook,Regular,0.2457,0.0347
U03063,C13,Facebook,Regular,0.244,0.249
U03064,C14,Facebook,Regular,0.1258,0.2961
U03065,C15,Reddit,Influential,0.8978,0.7431
U03066,C16,Facebook,Regular,0.2806,0.016
U03067,C17,Instagram,Active,0.7755,0.2116
U03068,C18,X,Regular,0.0995,0.0129
U03069,C19,YouTube,Regular,0.2357,0.0493
U03070,C20,X,Regular,0.2508,0.1612
U03071,C21,Instagram,Regular,0.0457,0.1576
U03072,C22,YouTube,Regular,0.1215,0.1837
U03073,C23,Instagram,Regular,0.0745,0.1112
U03074,C24,Reddit,Regular,0.117,0.1909
U03075,C25,X,Regular,0.1087,0.3007
U03076,C01,Instagram,Influential,0.8654,0.9325
U03077,C02,Facebook,Influential,0.8764,0.6508
U03078,C03,X,Regular,0.2987,0.2638
U03079,C04,X,Regular,0.1185,0.1734
U03080,C05,Facebook,Active,0.6847,0.2238
U03081,C06,Reddit,Regular,0.3103,0.2498
U03082,C07,X,Regular,0.159,0.0653
U03083,C08,Facebook,Regular,0.0606,0.0781
U03084,C09,YouTube,Regular,0.3196,0.1851
U03085,C10,Reddit,Regular,0.1954,0.2349
U03086,C11,X,Regular,0.3121,0.1962
U03087,C12,Facebook,Regular,0.619,0.1492
U03088,C13,YouTube,Regular,0.3361,0.3267
U03089,C14,Instagram,Regular,0.2426,0.1033
U03090,C15,Instagram,Regular,0.1185,0.1381
U03091,C16,X,Regular,0.1723,0.2821
U03092,C17,YouTube,Regular,0.121,0.0831
U03093,C18,YouTube,Regular,0.0555,0.3636
U03094,C19,Instagram,Regular,0.2003,0.0336
U03095,C20,X,Active,0.5196,0.2625
U03096,C21,Instagram,Active,0.5851,0.0273
U03097,C22,Reddit,Regular,0.1125,0.0574
U03098,C23,Facebook,Regular,0.1569,0.1873
U03099,C24,Reddit,Active,0.6729,0.4177
U03100,C25,Instagram,Influential,0.5508,0.9315
U03101,C01,X,Regular,0.0846,0.1047
U03102,C02,Facebook,Regular,0.0289,0.0352
U03103,C03,Reddit,Regular,0.0148,0.0328
U03104,C04,Reddit,Regular,0.0915,0.0969
U03105,C05,Facebook,Active,0.2543,0.3625
U03106,C06,Reddit,Regular,0.2565,0.287
U03107,C07,YouTube,Regular,0.3189,0.1103
U03108,C08,Instagram,Regular,0.2752,0.1588
U03109,C09,YouTube,Regular,0.2275,0.0831
U03110,C10,Reddit,Regular,0.0627,0.133
U03111,C11,X,Regular,0.061,0.1945
U03112,C12,Facebook,Regular,0.1505,0.1263
U03113,C13,X,Regular,0.3417,0.0582
U03114,C14,Facebook,Regular,0.0207,0.1805
U03115,C15,Facebook,Influential,0.4685,0.7705
U03116,C16,Instagram,Regular,0.155,0.1199
U03117,C17,Facebook,Active,0.2125,0.2991
U03118,C18,Instagram,Active,0.7545,0.2344
U03119,C19,Facebook,Active,0.776,0.4608
U03120,C20,Facebook,Regular,0.0283,0.0304
U03121,C21,Facebook,Regular,0.0398,0.2841
U03122,C22,Facebook,Regular,0.2346,0.0638
U03123,C23,Reddit,Regular,0.3371,0.2874
U03124,C24,Instagram,Active,0.5573,0.5447
U03125,C25,Facebook,Regular,0.097,0.2462
U03126,C01,Facebook,Regular,0.0333,0.1615
U03127,C02,X,Regular,0.2725,0.0686
U03128,C03,X,Regular,0.1623,0.2666
U03129,C04,YouTube,Regular,0.2865,0.1654
U03130,C05,X,Regular,0.2332,0.0604
U03131,C06,Facebook,Regular,0.1203,0.0088
U03132,C07,X,Regular,0.0748,0.0554
U03133,C08,YouTube,Regular,0.1954,0.25
U03134,C09,Reddit,Regular,0.2169,0.0528
U03135,C10,Facebook,Active,0.6764,0.4367
U03136,C11,Facebook,Regular,0.3987,0.129
U03137,C12,Reddit,Regular,0.264,0.3037
U03138,C13,X,Active,0.2314,0.368
U03139,C14,Reddit,Active,0.5551,0.3546
U03140,C15,Instagram,Regular,0.1334,0.106
U03141,C16,Facebook,Bridge,0.4519,0.6125
U03142,C17,YouTube,Regular,0.0748,0.2183
U03143,C18,X,Regular,0.2633,0.1694
U03144,C19,Facebook,Regular,0.2137,0.2401
U03145,C20,X,Regular,0.0911,0.1663
U03146,C21,Instagram,Regular,0.2367,0.284
U03147,C22,YouTube,Active,0.6269,0.1955
U03148,C23,X,Regular,0.1318,0.0985
U03149,C24,Reddit,Regular,0.2718,0.1046
U03150,C25,Facebook,Regular,0.023,0.3306
U03151,C01,Reddit,Regular,0.0622,0.1046
U03152,C02,Instagram,Active,0.6395,0.3118
U03153,C03,YouTube,Regular,0.1763,0.5068
U03154,C04,Reddit,Active,0.4764,0.5712
U03155,C05,X,Regular,0.1458,0.2767
U03156,C06,Reddit,Active,0.4594,0.2105
U03157,C07,Reddit,Influential,0.8885,0.8816
U03158,C08,X,Regular,0.5526,0.1945
U03159,C09,Reddit,Regular,0.2148,0.1269
U03160,C10,Reddit,Regular,0.062,0.1479
U03161,C11,Instagram,Regular,0.0259,0.2758
U03162,C12,YouTube,Regular,0.1109,0.1967
U03163,C13,Facebook,Regular,0.2607,0.1025
U03164,C14,X,Regular,0.2255,0.1091
U03165,C15,Instagram,Regular,0.1432,0.1808
U03166,C16,X,Regular,0.1413,0.3625
U03167,C17,Facebook,Regular,0.0651,0.1391
U03168,C18,Facebook,Regular,0.0722,0.4923
U03169,C19,Instagram,Regular,0.3976,0.31
U03170,C20,X,Regular,0.0148,0.1645
U03171,C21,Reddit,Regular,0.1695,0.2874
U03172,C22,YouTube,Regular,0.1742,0.1294
U03173,C23,Instagram,Regular,0.2528,0.2131
U03174,C24,Facebook,Regular,0.1769,0.2636
U03175,C25,YouTube,Active,0.5449,0.4359
U03176,C01,X,Regular,0.4779,0.1327
U03177,C02,Reddit,Influential,0.6709,0.8131
U03178,C03,X,Regular,0.2211,0.1971
U03179,C04,YouTube,Regular,0.3808,0.1503
U03180,C05,X,Active,0.6382,0.4015
U03181,C06,Facebook,Regular,0.1413,0.1713
U03182,C07,Instagram,Regular,0.0647,0.1736
U03183,C08,YouTube,Influential,0.7163,0.5373
U03184,C09,Instagram,Regular,0.1263,0.3325
U03185,C10,X,Active,0.6278,0.1398
U03186,C11,X,Regular,0.0913,0.2547
U03187,C12,X,Influential,0.5388,0.9269
U03188,C13,X,Regular,0.4798,0.0813
U03189,C14,Instagram,Regular,0.0935,0.0449
U03190,C15,Facebook,Active,0.3536,0.3978
U03191,C16,Facebook,Regular,0.1894,0.145
U03192,C17,Instagram,Active,0.4011,0.2796
U03193,C18,Instagram,Regular,0.4023,0.2607
U03194,C19,X,Regular,0.2874,0.211
U03195,C20,Facebook,Regular,0.1231,0.0805
U03196,C21,Reddit,Regular,0.5877,0.1169
U03197,C22,X,Regular,0.0881,0.2938
U03198,C23,Facebook,Regular,0.0532,0.3693
U03199,C24,X,Regular,0.2162,0.1812
U03200,C25,X,Active,0.2017,0.1079
U03201,C01,YouTube,Regular,0.2055,0.1536
U03202,C02,Instagram,Active,0.7397,0.4942
U03203,C03,YouTube,Influential,0.9626,0.8365
U03204,C04,YouTube,Active,0.3358,0.3015
U03205,C05,YouTube,Influential,0.5947,0.7934
U03206,C06,Instagram,Active,0.4249,0.4579
U03207,C07,Facebook,Regular,0.1311,0.2914
U03208,C08,Facebook,Influential,0.552,0.8884
U03209,C09,Instagram,Active,0.7341,0.2837
U03210,C10,X,Active,0.5913,0.3382
U03211,C11,X,Regular,0.0669,0.1919
U03212,C12,X,Regular,0.204,0.2773
U03213,C13,Instagram,Regular,0.243,0.2563
U03214,C14,Instagram,Active,0.4226,0.4307
U03215,C15,X,Regular,0.0738,0.4886
U03216,C16,YouTube,Active,0.4731,0.1511
U03217,C17,X,Active,0.4135,0.5036
U03218,C18,Instagram,Regular,0.3486,0.2991
U03219,C19,X,Active,0.6832,0.3767
U03220,C20,Reddit,Influential,0.7413,0.9339
U03221,C21,X,Regular,0.0599,0.3459
U03222,C22,X,Regular,0.3342,0.2887
U03223,C23,X,Active,0.4647,0.3481
U03224,C24,Reddit,Regular,0.1648,0.0365
U03225,C25,YouTube,Regular,0.376,0.0868
U03226,C01,YouTube,Active,0.431,0.5369
U03227,C02,Instagram,Regular,0.35,0.3034
U03228,C03,YouTube,Regular,0.0525,0.0655
U03229,C04,X,Regular,0.338,0.1365
U03230,C05,Facebook,Regular,0.0838,0.0871
U03231,C06,Facebook,Regular,0.3277,0.0848
U03232,C07,Instagram,Regular,0.1223,0.463
U03233,C08,X,Regular,0.1873,0.0697
U03234,C09,X,Active,0.8707,0.4433
U03235,C10,YouTube,Active,0.7296,0.3249
U03236,C11,Facebook,Active,0.6124,0.6093
U03237,C12,YouTube,Regular,0.3387,0.219
U03238,C13,YouTube,Regular,0.1216,0.1582
U03239,C14,X,Active,0.6796,0.3117
U03240,C15,Facebook,Regular,0.1268,0.2567
U03241,C16,X,Regular,0.2816,0.1338
U03242,C17,X,Influential,0.7249,0.8861
U03243,C18,X,Regular,0.2606,0.0821
U03244,C19,YouTube,Influential,0.958,0.8674
U03245,C20,X,Regular,0.0983,0.1057
U03246,C21,Instagram,Influential,0.746,0.8874
U03247,C22,Instagram,Regular,0.1032,0.1826
U03248,C23,Facebook,Regular,0.263,0.0636
U03249,C24,Instagram,Regular,0.159,0.1163
U03250,C25,X,Regular,0.1764,0.0714
U03251,C01,YouTube,Regular,0.125,0.0742
U03252,C02,X,Regular,0.1972,0.1246
U03253,C03,YouTube,Regular,0.4108,0.3412
U03254,C04,YouTube,Regular,0.1998,0.2821
U03255,C05,X,Regular,0.2073,0.0754
U03256,C06,Facebook,Active,0.6183,0.3651
U03257,C07,Instagram,Regular,0.1816,0.1512
U03258,C08,YouTube,Active,0.7264,0.2527
U03259,C09,Facebook,Bridge,0.9076,0.7002
U03260,C10,Facebook,Regular,0.2648,0.035
U03261,C11,Instagram,Regular,0.2165,0.3728
U03262,C12,Facebook,Regular,0.1023,0.1684
U03263,C13,X,Regular,0.2028,0.1432
U03264,C14,YouTube,Regular,0.1792,0.0475
U03265,C15,Instagram,Regular,0.2733,0.0944
U03266,C16,Facebook,Regular,0.2512,0.2674
U03267,C17,YouTube,Regular,0.1036,0.1448
U03268,C18,YouTube,Regular,0.4968,0.1887
U03269,C19,Facebook,Active,0.5326,0.2875
U03270,C20,Instagram,Regular,0.1857,0.0473
U03271,C21,Instagram,Regular,0.2186,0.1722
U03272,C22,X,Active,0.4262,0.2069
U03273,C23,X,Influential,0.6821,0.6382
U03274,C24,YouTube,Regular,0.2228,0.0285
U03275,C25,Facebook,Regular,0.0501,0.2605
U03276,C01,Facebook,Regular,0.1355,0.2012
U03277,C02,Facebook,Regular,0.07,0.2993
U03278,C03,Reddit,Influential,0.7317,0.9273
U03279,C04,Facebook,Regular,0.1907,0.0701
U03280,C05,X,Regular,0.1365,0.2148
U03281,C06,Instagram,Active,0.4133,0.1482
U03282,C07,Reddit,Regular,0.1753,0.1084
U03283,C08,Instagram,Regular,0.2438,0.183
U03284,C09,Instagram,Regular,0.0784,0.179
U03285,C10,X,Active,0.6509,0.4749
U03286,C11,X,Active,0.6175,0.4474
U03287,C12,X,Regular,0.3483,0.3168
U03288,C13,X,Regular,0.2032,0.193
U03289,C14,Facebook,Regular,0.1023,0.0507
U03290,C15,Facebook,Active,0.6503,0.4238
U03291,C16,X,Bridge,0.7134,0.7721
U03292,C17,X,Regular,0.0355,0.2077
U03293,C18,X,Regular,0.0767,0.2183
U03294,C19,Instagram,Regular,0.0386,0.1804
U03295,C20,Instagram,Regular,0.5126,0.1221
U03296,C21,YouTube,Regular,0.1009,0.2953
U03297,C22,X,Regular,0.2834,0.1116
U03298,C23,Instagram,Influential,0.8274,0.7619
U03299,C24,YouTube,Regular,0.2678,0.2732
U03300,C25,Reddit,Regular,0.2365,0.1497
U03301,C01,X,Active,0.4997,0.6144
U03302,C02,Instagram,Regular,0.1919,0.1994
U03303,C03,Instagram,Active,0.7379,0.3257
U03304,C04,Reddit,Regular,0.2605,0.1795
U03305,C05,X,Regular,0.4855,0.0651
U03306,C06,Reddit,Regular,0.0501,0.1523
U03307,C07,Reddit,Influential,0.8571,0.5435
U03308,C08,Facebook,Regular,0.1997,0.022
U03309,C09,X,Regular,0.1566,0.218
U03310,C10,X,Regular,0.0677,0.1969
U03311,C11,YouTube,Regular,0.1346,0.1719
U03312,C12,Facebook,Regular,0.248,0.1322
U03313,C13,X,Regular,0.235,0.1915
U03314,C14,Instagram,Active,0.6727,0.1397
U03315,C15,X,Regular,0.3974,0.1684
U03316,C16,Reddit,Regular,0.0968,0.0643
U03317,C17,Reddit,Influential,0.7778,0.7944
U03318,C18,X,Regular,0.137,0.2529
U03319,C19,X,Regular,0.0782,0.2063
U03320,C20,YouTube,Regular,0.2872,0.2064
U03321,C21,X,Active,0.5772,0.2982
U03322,C22,Instagram,Regular,0.2815,0.1136
U03323,C23,YouTube,Regular,0.1534,0.1113
U03324,C24,Instagram,Regular,0.3129,0.2562
U03325,C25,X,Regular,0.0514,0.2386
U03326,C01,Facebook,Regular,0.0405,0.1489
U03327,C02,X,Regular,0.2581,0.1271
U03328,C03,Instagram,Active,0.2565,0.5332
U03329,C04,Instagram,Active,0.729,0.3615
U03330,C05,Facebook,Active,0.5254,0.478
U03331,C06,YouTube,Active,0.343,0.2594
U03332,C07,Reddit,Regular,0.1075,0.219
U03333,C08,X,Regular,0.0171,0.1761
U03334,C09,YouTube,Regular,0.0172,0.0515
U03335,C10,YouTube,Regular,0.3088,0.1876
U03336,C11,Reddit,Active,0.5094,0.2269
U03337,C12,X,Regular,0.2043,0.1569
U03338,C13,Reddit,Regular,0.2147,0.3144
U03339,C14,YouTube,Regular,0.3241,0.1284
U03340,C15,YouTube,Active,0.5195,0.2885
U03341,C16,Facebook,Regular,0.2083,0.2657
U03342,C17,Facebook,Regular,0.3076,0.2424
U03343,C18,Instagram,Regular,0.2364,0.0693
U03344,C19,Instagram,Regular,0.296,0.0284
U03345,C20,YouTube,Regular,0.0662,0.1768
U03346,C21,Facebook,Regular,0.1186,0.2237
U03347,C22,X,Regular,0.1772,0.1764
U03348,C23,Instagram,Regular,0.2233,0.2034
U03349,C24,X,Regular,0.099,0.0768
U03350,C25,Reddit,Active,0.5917,0.3235
U03351,C01,Instagram,Regular,0.1869,0.1351
U03352,C02,Instagram,Regular,0.1445,0.1425
U03353,C03,Facebook,Regular,0.1336,0.0572
U03354,C04,YouTube,Regular,0.2368,0.0726
U03355,C05,Facebook,Regular,0.2907,0.0448
U03356,C06,Instagram,Regular,0.1875,0.0366
U03357,C07,Instagram,Regular,0.0969,0.1692
U03358,C08,Instagram,Regular,0.1076,0.052
U03359,C09,Facebook,Regular,0.2802,0.1954
U03360,C10,X,Regular,0.1839,0.2399
U03361,C11,Reddit,Regular,0.0948,0.0523
U03362,C12,YouTube,Regular,0.3127,0.5732
U03363,C13,Facebook,Regular,0.117,0.0374
U03364,C14,X,Influential,0.8608,0.77
U03365,C15,Instagram,Regular,0.2958,0.1987
U03366,C16,YouTube,Active,0.4634,0.3606
U03367,C17,Instagram,Active,0.5499,0.5473
U03368,C18,Instagram,Regular,0.0118,0.2088
U03369,C19,Instagram,Regular,0.3438,0.0406
U03370,C20,YouTube,Regular,0.2823,0.1739
U03371,C21,X,Active,0.62,0.7114
U03372,C22,Reddit,Regular,0.5009,0.3602
U03373,C23,X,Regular,0.2382,0.3062
U03374,C24,YouTube,Regular,0.3753,0.3711
U03375,C25,Facebook,Regular,0.0987,0.1484
U03376,C01,Instagram,Regular,0.2972,0.0854
U03377,C02,Instagram,Regular,0.3279,0.1696
U03378,C03,X,Regular,0.2492,0.2436
U03379,C04,Instagram,Active,0.5594,0.4279
U03380,C05,YouTube,Regular,0.0096,0.0174
U03381,C06,YouTube,Regular,0.2615,0.1093
U03382,C07,Instagram,Active,0.6556,0.2104
U03383,C08,Reddit,Regular,0.2596,0.3012
U03384,C09,Instagram,Regular,0.1569,0.1379
U03385,C10,Instagram,Regular,0.1927,0.081
U03386,C11,X,Regular,0.1358,0.0364
U03387,C12,X,Regular,0.458,0.2101
U03388,C13,Instagram,Regular,0.2505,0.1631
U03389,C14,X,Regular,0.5122,0.0137
U03390,C15,Instagram,Regular,0.0607,0.2583
U03391,C16,YouTube,Regular,0.3924,0.1318
U03392,C17,X,Influential,0.9453,0.8537
U03393,C18,Reddit,Active,0.8667,0.5058
U03394,C19,Facebook,Regular,0.2298,0.1306
U03395,C20,Reddit,Regular,0.293,0.0364
U03396,C21,YouTube,Regular,0.1086,0.1346
U03397,C22,X,Regular,0.3634,0.2179
U03398,C23,YouTube,Regular,0.3117,0.2818
U03399,C24,Facebook,Regular,0.349,0.1936
U03400,C25,Instagram,Regular,0.259,0.2166
U03401,C01,Facebook,Active,0.6855,0.3334
U03402,C02,Reddit,Regular,0.109,0.0283
U03403,C03,Facebook,Influential,0.6194,0.725
U03404,C04,Instagram,Regular,0.1872,0.0426
U03405,C05,Instagram,Regular,0.2054,0.2686
U03406,C06,Instagram,Regular,0.0798,0.0572
U03407,C07,X,Regular,0.2985,0.1739
U03408,C08,YouTube,Regular,0.2213,0.1685
U03409,C09,YouTube,Active,0.4923,0.5801
U03410,C10,Facebook,Regular,0.1042,0.0735
U03411,C11,X,Regular,0.2365,0.2415
U03412,C12,YouTube,Active,0.5161,0.2287
U03413,C13,X,Active,0.5277,0.3473
U03414,C14,X,Active,0.6467,0.2499
U03415,C15,Facebook,Regular,0.6489,0.3178
U03416,C16,YouTube,Active,0.5057,0.2157
U03417,C17,Instagram,Regular,0.0745,0.3413
U03418,C18,Instagram,Regular,0.2272,0.0405
U03419,C19,X,Regular,0.2818,0.0413
U03420,C20,Instagram,Regular,0.1078,0.2352
U03421,C21,Instagram,Regular,0.1508,0.3356
U03422,C22,Facebook,Active,0.7363,0.3872
U03423,C23,X,Regular,0.0428,0.1137
U03424,C24,Instagram,Active,0.4386,0.3041
U03425,C25,Facebook,Regular,0.2804,0.1777
U03426,C01,Instagram,Regular,0.1163,0.099
U03427,C02,Facebook,Regular,0.0789,0.0742
U03428,C03,Facebook,Regular,0.2151,0.2087
U03429,C04,X,Regular,0.1221,0.2296
U03430,C05,Instagram,Regular,0.169,0.3152
U03431,C06,Reddit,Regular,0.2506,0.1943
U03432,C07,YouTube,Regular,0.2247,0.2476
U03433,C08,Facebook,Influential,0.9101,0.9886
U03434,C09,X,Regular,0.0915,0.2214
U03435,C10,Instagram,Regular,0.2311,0.2596
U03436,C11,X,Regular,0.0583,0.404
U03437,C12,X,Influential,0.6058,0.9257
U03438,C13,Instagram,Regular,0.243,0.2166
U03439,C14,X,Regular,0.1777,0.0441
U03440,C15,Instagram,Active,0.7552,0.3668
U03441,C16,Reddit,Regular,0.1942,0.0261
U03442,C17,YouTube,Regular,0.5226,0.0784
U03443,C18,YouTube,Regular,0.093,0.1782
U03444,C19,Instagram,Regular,0.2568,0.2852
U03445,C20,Facebook,Active,0.4484,0.6755
U03446,C21,X,Regular,0.1425,0.2112
U03447,C22,X,Regular,0.1243,0.3121
U03448,C23,Reddit,Regular,0.1295,0.1263
U03449,C24,Facebook,Regular,0.3422,0.3252
U03450,C25,Facebook,Active,0.6362,0.3496
U03451,C01,Instagram,Regular,0.1917,0.3139
U03452,C02,Facebook,Active,0.7513,0.2909
U03453,C03,X,Regular,0.0439,0.0427
U03454,C04,Facebook,Regular,0.3835,0.1276
U03455,C05,X,Regular,0.1276,0.0987
U03456,C06,Facebook,Active,0.788,0.5353
U03457,C07,Instagram,Regular,0.1842,0.2361
U03458,C08,X,Regular,0.2528,0.108
U03459,C09,Instagram,Influential,0.8416,0.8733
U03460,C10,X,Regular,0.3557,0.1396
U03461,C11,Instagram,Regular,0.2308,0.1381
U03462,C12,YouTube,Active,0.6236,0.4692
U03463,C13,X,Regular,0.1774,0.2781
U03464,C14,YouTube,Regular,0.2813,0.2457
U03465,C15,YouTube,Regular,0.196,0.1828
U03466,C16,Facebook,Regular,0.2786,0.0667
U03467,C17,YouTube,Regular,0.1166,0.0534
U03468,C18,Facebook,Regular,0.245,0.1146
U03469,C19,X,Active,0.4333,0.3397
U03470,C20,Facebook,Regular,0.0804,0.0549
U03471,C21,X,Regular,0.1206,0.1106
U03472,C22,Reddit,Regular,0.2281,0.0498
U03473,C23,Reddit,Regular,0.2047,0.032
U03474,C24,YouTube,Active,0.7823,0.2657
U03475,C25,X,Regular,0.1156,0.2971
U03476,C01,Facebook,Active,0.3069,0.4374
U03477,C02,Facebook,Regular,0.4108,0.1419
U03478,C03,Facebook,Regular,0.094,0.0637
U03479,C04,YouTube,Active,0.6685,0.3334
U03480,C05,X,Regular,0.0218,0.1564
U03481,C06,Instagram,Regular,0.2085,0.0962
U03482,C07,Reddit,Regular,0.2987,0.0094
U03483,C08,Instagram,Active,0.6741,0.493
U03484,C09,X,Regular,0.3355,0.1626
U03485,C10,Facebook,Regular,0.136,0.1517
U03486,C11,YouTube,Active,0.4452,0.2831
U03487,C12,Instagram,Bridge,0.6868,0.6686
U03488,C13,Facebook,Regular,0.0321,0.1869
U03489,C14,Facebook,Regular,0.0891,0.3142
U03490,C15,YouTube,Regular,0.2272,0.0297
U03491,C16,Facebook,Regular,0.2254,0.2923
U03492,C17,Reddit,Active,0.5844,0.3197
U03493,C18,X,Bridge,0.7696,0.6688
U03494,C19,Reddit,Bridge,0.9534,0.8105
U03495,C20,YouTube,Active,0.6255,0.3683
U03496,C21,Reddit,Regular,0.0679,0.1962
U03497,C22,Facebook,Regular,0.1302,0.2954
U03498,C23,YouTube,Active,0.4286,0.405
U03499,C24,YouTube,Regular,0.3785,0.1533
U03500,C25,Facebook,Regular,0.3543,0.2172
U03501,C01,Reddit,Regular,0.5339,0.1241
U03502,C02,Facebook,Active,0.3783,0.1892
U03503,C03,YouTube,Regular,0.0534,0.1206
U03504,C04,Instagram,Active,0.6578,0.3949
U03505,C05,X,Regular,0.2272,0.1492
U03506,C06,Reddit,Regular,0.5757,0.1655
U03507,C07,Reddit,Regular,0.2702,0.094
U03508,C08,Reddit,Regular,0.2425,0.0599
U03509,C09,Facebook,Regular,0.0321,0.1341
U03510,C10,Facebook,Regular,0.1162,0.1274
U03511,C11,X,Regular,0.1573,0.0625
U03512,C12,X,Regular,0.0934,0.0825
U03513,C13,Instagram,Active,0.4913,0.0659
U03514,C14,YouTube,Regular,0.1034,0.1513
U03515,C15,YouTube,Regular,0.2972,0.094
U03516,C16,Instagram,Active,0.5111,0.4182
U03517,C17,Reddit,Regular,0.2615,0.0312
U03518,C18,X,Active,0.5091,0.3946
U03519,C19,X,Regular,0.1621,0.0613
U03520,C20,Facebook,Regular,0.175,0.2353
U03521,C21,Reddit,Regular,0.6038,0.2824
U03522,C22,Instagram,Regular,0.2208,0.1364
U03523,C23,X,Regular,0.311,0.1208
U03524,C24,Reddit,Regular,0.3075,0.0806
U03525,C25,Instagram,Active,0.4333,0.3462
U03526,C01,Instagram,Regular,0.0632,0.1306
U03527,C02,X,Active,0.6371,0.3799
U03528,C03,X,Regular,0.1984,0.014
U03529,C04,Instagram,Regular,0.1774,0.377
U03530,C05,X,Regular,0.2296,0.0525
U03531,C06,Reddit,Regular,0.493,0.1346
U03532,C07,X,Regular,0.2779,0.163
U03533,C08,Reddit,Active,0.5309,0.1975
U03534,C09,YouTube,Active,0.3269,0.2372
U03535,C10,Reddit,Active,0.4235,0.2926
U03536,C11,Reddit,Regular,0.1319,0.3509
U03537,C12,X,Regular,0.3468,0.1707
U03538,C13,X,Regular,0.4611,0.405
U03539,C14,Facebook,Regular,0.159,0.0869
U03540,C15,Facebook,Regular,0.2806,0.1351
U03541,C16,X,Regular,0.3194,0.1925
U03542,C17,YouTube,Active,0.6594,0.5628
U03543,C18,X,Regular,0.2055,0.1145
U03544,C19,Reddit,Regular,0.1857,0.0609
U03545,C20,YouTube,Active,0.5619,0.4184
U03546,C21,Instagram,Regular,0.1168,0.2142
U03547,C22,Instagram,Regular,0.114,0.2759
U03548,C23,Reddit,Regular,0.3688,0.4876
U03549,C24,Reddit,Regular,0.1964,0.1158
U03550,C25,Reddit,Regular,0.4764,0.1563
U03551,C01,Instagram,Active,0.5683,0.28
U03552,C02,Instagram,Influential,0.9499,0.8354
U03553,C03,X,Regular,0.318,0.4978
U03554,C04,YouTube,Regular,0.1859,0.3974
U03555,C05,Reddit,Active,0.778,0.3266
U03556,C06,YouTube,Active,0.6883,0.6565
U03557,C07,Instagram,Regular,0.1144,0.2951
U03558,C08,Instagram,Active,0.4523,0.6313
U03559,C09,Facebook,Regular,0.115,0.1402
U03560,C10,Facebook,Active,0.5479,0.2423
U03561,C11,Instagram,Regular,0.2094,0.2368
U03562,C12,Instagram,Regular,0.0573,0.1778
U03563,C13,Facebook,Regular,0.1463,0.1602
U03564,C14,Facebook,Regular,0.3949,0.2281
U03565,C15,Instagram,Regular,0.1103,0.1212
U03566,C16,Facebook,Regular,0.3897,0.1273
U03567,C17,Instagram,Regular,0.0718,0.0383
U03568,C18,Facebook,Regular,0.3214,0.2888
U03569,C19,Facebook,Regular,0.0473,0.1771
U03570,C20,X,Regular,0.2389,0.1903
U03571,C21,Instagram,Regular,0.3537,0.0398
U03572,C22,Reddit,Active,0.5694,0.1925
U03573,C23,YouTube,Regular,0.1955,0.0991
U03574,C24,Instagram,Regular,0.2482,0.0023
U03575,C25,Reddit,Regular,0.0471,0.301
U03576,C01,Reddit,Regular,0.2289,0.0846
U03577,C02,Instagram,Regular,0.1257,0.3998
U03578,C03,Facebook,Active,0.5499,0.3215
U03579,C04,YouTube,Influential,0.9397,0.7907
U03580,C05,Reddit,Regular,0.186,0.1584
U03581,C06,Facebook,Active,0.6194,0.6583
U03582,C07,Instagram,Regular,0.0263,0.1792
U03583,C08,Instagram,Regular,0.1094,0.112
U03584,C09,Facebook,Influential,0.9083,0.8978
U03585,C10,X,Bridge,0.5058,0.6053
U03586,C11,Facebook,Regular,0.051,0.0447
U03587,C12,Reddit,Active,0.3013,0.4921
U03588,C13,Reddit,Regular,0.2,0.3379
U03589,C14,Facebook,Active,0.5757,0.5522
U03590,C15,Instagram,Influential,0.7121,0.8864
U03591,C16,Reddit,Influential,0.8459,0.8821
U03592,C17,X,Regular,0.0617,0.0702
U03593,C18,Facebook,Regular,0.0898,0.1924
U03594,C19,Reddit,Regular,0.4811,0.0351
U03595,C20,Instagram,Regular,0.226,0.067
U03596,C21,Reddit,Active,0.6172,0.3378
U03597,C22,Facebook,Regular,0.2356,0.197
U03598,C23,Instagram,Regular,0.2428,0.2858
U03599,C24,Facebook,Regular,0.2683,0.1732
U03600,C25,YouTube,Regular,0.3608,0.2714
U03601,C01,Facebook,Influential,0.7361,0.8417
U03602,C02,Facebook,Regular,0.1695,0.4226
U03603,C03,YouTube,Regular,0.1778,0.0937
U03604,C04,Facebook,Regular,0.1444,0.3032
U03605,C05,Facebook,Bridge,0.7831,0.4101
U03606,C06,Reddit,Regular,0.2468,0.0954
U03607,C07,YouTube,Regular,0.5253,0.0338
U03608,C08,Instagram,Regular,0.1053,0.3146
U03609,C09,X,Regular,0.276,0.2079
U03610,C10,Facebook,Regular,0.1315,0.2119
U03611,C11,YouTube,Active,0.3216,0.5721
U03612,C12,Reddit,Active,0.5554,0.0657
U03613,C13,YouTube,Active,0.5232,0.2594
U03614,C14,Instagram,Regular,0.2354,0.2328
U03615,C15,YouTube,Active,0.6512,0.3426
U03616,C16,Facebook,Regular,0.1777,0.3224
U03617,C17,X,Active,0.6275,0.3148
U03618,C18,Instagram,Regular,0.0594,0.0807
U03619,C19,YouTube,Active,0.6095,0.4674
U03620,C20,Reddit,Regular,0.1356,0.3331
U03621,C21,Reddit,Influential,0.9499,0.6193
U03622,C22,Instagram,Regular,0.2074,0.1273
U03623,C23,X,Regular,0.128,0.236
U03624,C24,Instagram,Regular,0.3519,0.1333
U03625,C25,Facebook,Regular,0.0929,0.1058
U03626,C01,Instagram,Regular,0.2472,0.2061
U03627,C02,Facebook,Regular,0.2364,0.2364
U03628,C03,X,Regular,0.2463,0.1137
U03629,C04,Instagram,Regular,0.2927,0.3442
U03630,C05,X,Regular,0.0686,0.2399
U03631,C06,X,Regular,0.1026,0.0816
U03632,C07,Reddit,Regular,0.2078,0.0654
U03633,C08,YouTube,Regular,0.3711,0.1879
U03634,C09,YouTube,Regular,0.319,0.2764
U03635,C10,Instagram,Regular,0.1211,0.1632
U03636,C11,Instagram,Regular,0.2043,0.0631
U03637,C12,Reddit,Regular,0.1746,0.1161
U03638,C13,Reddit,Regular,0.2748,0.1201
U03639,C14,Instagram,Active,0.5093,0.305
U03640,C15,X,Regular,0.2395,0.1817
U03641,C16,Reddit,Regular,0.3173,0.2389
U03642,C17,Reddit,Regular,0.3456,0.2936
U03643,C18,X,Regular,0.5492,0.0957
U03644,C19,X,Regular,0.2369,0.1695
U03645,C20,X,Regular,0.2257,0.2529
U03646,C21,X,Regular,0.1145,0.1165
U03647,C22,YouTube,Regular,0.037,0.2148
U03648,C23,Facebook,Regular,0.0836,0.1031
U03649,C24,X,Active,0.5188,0.6923
U03650,C25,Facebook,Regular,0.1749,0.1454
U03651,C01,Reddit,Regular,0.576,0.1244
U03652,C02,Instagram,Regular,0.0751,0.134
U03653,C03,Reddit,Regular,0.0597,0.1771
U03654,C04,YouTube,Regular,0.2776,0.2455
U03655,C05,Facebook,Influential,0.9555,0.7125
U03656,C06,Facebook,Regular,0.5513,0.1398
U03657,C07,Facebook,Regular,0.1392,0.2371
U03658,C08,Instagram,Regular,0.0703,0.1341
U03659,C09,X,Regular,0.1388,0.0744
U03660,C10,YouTube,Regular,0.4104,0.1012
U03661,C11,Facebook,Regular,0.2755,0.1903
U03662,C12,Instagram,Regular,0.4786,0.2794
U03663,C13,Instagram,Regular,0.0864,0.1137
U03664,C14,X,Regular,0.082,0.4732
U03665,C15,X,Influential,0.8406,0.8335
U03666,C16,X,Regular,0.075,0.1314
U03667,C17,Reddit,Regular,0.0707,0.2172
U03668,C18,Instagram,Regular,0.1339,0.1636
U03669,C19,Facebook,Regular,0.2544,0.1741
U03670,C20,Instagram,Active,0.603,0.2443
U03671,C21,X,Regular,0.2809,0.048
U03672,C22,Facebook,Regular,0.1608,0.0292
U03673,C23,Instagram,Regular,0.2986,0.1722
U03674,C24,Reddit,Regular,0.2904,0.1582
U03675,C25,Facebook,Regular,0.1448,0.0685
U03676,C01,YouTube,Regular,0.4541,0.3577
U03677,C02,Reddit,Regular,0.4709,0.026
U03678,C03,Instagram,Regular,0.2318,0.271
U03679,C04,X,Regular,0.0762,0.1915
U03680,C05,YouTube,Active,0.5221,0.2748
U03681,C06,X,Regular,0.0364,0.2725
U03682,C07,Reddit,Active,0.529,0.6383
U03683,C08,Instagram,Regular,0.2413,0.2914
U03684,C09,Reddit,Regular,0.1433,0.2336
U03685,C10,X,Regular,0.3076,0.054
U03686,C11,Reddit,Regular,0.095,0.1402
U03687,C12,Facebook,Regular,0.3502,0.3922
U03688,C13,YouTube,Regular,0.0836,0.084
U03689,C14,Facebook,Regular,0.2922,0.3501
U03690,C15,Instagram,Active,0.3753,0.4359
U03691,C16,Facebook,Regular,0.0034,0.2533
U03692,C17,YouTube,Influential,0.9488,0.5194
U03693,C18,X,Regular,0.2995,0.1933
U03694,C19,Instagram,Active,0.5419,0.3542
U03695,C20,Facebook,Regular,0.1143,0.0278
U03696,C21,Instagram,Regular,0.2938,0.204
U03697,C22,YouTube,Regular,0.2046,0.2549
U03698,C23,Reddit,Regular,0.0562,0.3703
U03699,C24,X,Active,0.8363,0.186
U03700,C25,Instagram,Regular,0.2124,0.4794
U03701,C01,X,Regular,0.3478,0.2909
U03702,C02,Facebook,Active,0.5619,0.3555
U03703,C03,YouTube,Regular,0.1941,0.1184
U03704,C04,Reddit,Bridge,0.6198,0.7533
U03705,C05,Reddit,Regular,0.0936,0.2255
U03706,C06,YouTube,Influential,0.7713,0.6636
U03707,C07,Instagram,Regular,0.0776,0.2334
U03708,C08,X,Regular,0.0238,0.1006
U03709,C09,Instagram,Regular,0.0326,0.1802
U03710,C10,Instagram,Regular,0.0724,0.1444
U03711,C11,YouTube,Regular,0.4784,0.1363
U03712,C12,YouTube,Regular,0.1361,0.2142
U03713,C13,Facebook,Influential,0.9173,0.7901
U03714,C14,Instagram,Active,0.5585,0.3849
U03715,C15,X,Regular,0.0964,0.2059
U03716,C16,Instagram,Regular,0.1252,0.1601
U03717,C17,Instagram,Regular,0.1024,0.169
U03718,C18,Instagram,Regular,0.2042,0.1237
U03719,C19,X,Regular,0.1312,0.1014
U03720,C20,Instagram,Regular,0.0129,0.2146
U03721,C21,Instagram,Regular,0.1045,0.2619
U03722,C22,YouTube,Active,0.6402,0.3
U03723,C23,Reddit,Regular,0.0807,0.1144
U03724,C24,Instagram,Regular,0.4324,0.212
U03725,C25,X,Active,0.5019,0.2183
U03726,C01,YouTube,Regular,0.2115,0.1352
U03727,C02,X,Regular,0.3274,0.059
U03728,C03,X,Regular,0.2065,0.3315
U03729,C04,Facebook,Regular,0.1307,0.0357
U03730,C05,YouTube,Active,0.5731,0.3143
U03731,C06,X,Influential,0.7212,0.6636
U03732,C07,X,Bridge,0.5863,0.8077
U03733,C08,Instagram,Active,0.6816,0.476
U03734,C09,X,Regular,0.2417,0.0579
U03735,C10,Instagram,Active,0.5773,0.4226
U03736,C11,Facebook,Regular,0.2928,0.344
U03737,C12,X,Regular,0.1473,0.1113
U03738,C13,Instagram,Regular,0.2283,0.1226
U03739,C14,Instagram,Regular,0.0828,0.0889
U03740,C15,X,Regular,0.1553,0.0322
U03741,C16,Instagram,Regular,0.385,0.1102
U03742,C17,X,Active,0.4709,0.4179
U03743,C18,X,Active,0.2361,0.6109
U03744,C19,Instagram,Active,0.7168,0.3656
U03745,C20,Reddit,Regular,0.2224,0.1495
U03746,C21,Instagram,Regular,0.1904,0.1735
U03747,C22,YouTube,Regular,0.0494,0.1568
U03748,C23,Reddit,Regular,0.2231,0.2594
U03749,C24,Reddit,Regular,0.3262,0.0793
U03750,C25,Facebook,Regular,0.1664,0.0156
U03751,C01,YouTube,Regular,0.2718,0.2575
U03752,C02,Facebook,Regular,0.0111,0.1265
U03753,C03,X,Regular,0.0056,0.1849
U03754,C04,Instagram,Regular,0.0408,0.4743
U03755,C05,Instagram,Regular,0.1157,0.2462
U03756,C06,Facebook,Active,0.3707,0.3408
U03757,C07,X,Regular,0.1228,0.2243
U03758,C08,X,Regular,0.1318,0.1526
U03759,C09,Reddit,Regular,0.088,0.1503
U03760,C10,Instagram,Regular,0.0901,0.076
U03761,C11,Facebook,Regular,0.5311,0.0835
U03762,C12,Reddit,Regular,0.2378,0.0489
U03763,C13,Facebook,Regular,0.0966,0.2336
U03764,C14,Facebook,Regular,0.0869,0.089
U03765,C15,Facebook,Active,0.5562,0.3236
U03766,C16,Instagram,Regular,0.1514,0.4838
U03767,C17,YouTube,Regular,0.1358,0.1998
U03768,C18,Instagram,Regular,0.3921,0.1695
U03769,C19,Reddit,Active,0.3648,0.3686
U03770,C20,X,Regular,0.0377,0.005
U03771,C21,Instagram,Influential,0.899,0.8295
U03772,C22,Instagram,Regular,0.3917,0.438
U03773,C23,Instagram,Regular,0.5192,0.2406
U03774,C24,Facebook,Regular,0.3597,0.0447
U03775,C25,YouTube,Active,0.3058,0.3741
U03776,C01,YouTube,Regular,0.1175,0.1879
U03777,C02,X,Bridge,0.6401,0.8172
U03778,C03,YouTube,Active,0.5629,0.1585
U03779,C04,Instagram,Active,0.635,0.252
U03780,C05,X,Regular,0.2825,0.2097
U03781,C06,Facebook,Active,0.6887,0.4603
U03782,C07,Reddit,Regular,0.4336,0.0384
U03783,C08,Reddit,Regular,0.1061,0.2214
U03784,C09,X,Regular,0.0827,0.055
U03785,C10,Facebook,Regular,0.2547,0.1755
U03786,C11,YouTube,Regular,0.3481,0.0698
U03787,C12,Reddit,Regular,0.3087,0.2696
U03788,C13,YouTube,Active,0.4449,0.25
U03789,C14,Reddit,Active,0.7809,0.2482
U03790,C15,Facebook,Active,0.7205,0.2135
U03791,C16,X,Regular,0.1712,0.1402
U03792,C17,Instagram,Regular,0.1202,0.1991
U03793,C18,Reddit,Regular,0.1437,0.197
U03794,C19,Reddit,Regular,0.4479,0.049
U03795,C20,X,Regular,0.1938,0.0936
U03796,C21,X,Regular,0.2646,0.0634
U03797,C22,Facebook,Active,0.8508,0.137
U03798,C23,YouTube,Regular,0.4113,0.3795
U03799,C24,X,Regular,0.3664,0.145
U03800,C25,Facebook,Regular,0.3962,0.0446
U03801,C01,X,Regular,0.385,0.249
U03802,C02,Instagram,Influential,0.7513,0.9697
U03803,C03,Facebook,Influential,0.9598,0.9286
U03804,C04,YouTube,Regular,0.366,0.0196
U03805,C05,X,Regular,0.0685,0.0948
U03806,C06,Instagram,Bridge,0.4187,0.5406
U03807,C07,Reddit,Regular,0.1172,0.1528
U03808,C08,Instagram,Regular,0.256,0.062
U03809,C09,Reddit,Regular,0.2926,0.2487
U03810,C10,Instagram,Active,0.6464,0.5778
U03811,C11,Reddit,Regular,0.0864,0.1175
U03812,C12,YouTube,Regular,0.1493,0.3191
U03813,C13,Instagram,Regular,0.0874,0.2253
U03814,C14,X,Regular,0.4037,0.4857
U03815,C15,Instagram,Regular,0.1447,0.1916
U03816,C16,Instagram,Regular,0.2657,0.5366
U03817,C17,Reddit,Regular,0.2619,0.1816
U03818,C18,X,Regular,0.2253,0.0276
U03819,C19,Instagram,Regular,0.2938,0.2083
U03820,C20,Reddit,Regular,0.0586,0.3302
U03821,C21,Instagram,Regular,0.0271,0.1004
U03822,C22,X,Influential,0.8032,0.7534
U03823,C23,Instagram,Regular,0.1413,0.2434
U03824,C24,YouTube,Regular,0.1854,0.2628
U03825,C25,YouTube,Regular,0.1832,0.0998
U03826,C01,Reddit,Influential,0.7989,0.8004
U03827,C02,YouTube,Regular,0.2422,0.4072
U03828,C03,Instagram,Regular,0.0136,0.2566
U03829,C04,Instagram,Regular,0.079,0.2257
U03830,C05,X,Regular,0.3269,0.2899
U03831,C06,X,Regular,0.0437,0.2677
U03832,C07,Reddit,Active,0.512,0.3581
U03833,C08,YouTube,Regular,0.1304,0.3517
U03834,C09,X,Regular,0.4839,0.2565
U03835,C10,YouTube,Regular,0.5273,0.2644
U03836,C11,Facebook,Regular,0.0918,0.2145
U03837,C12,X,Regular,0.2861,0.4809
U03838,C13,Facebook,Regular,0.3166,0.0724
U03839,C14,YouTube,Active,0.5295,0.4026
U03840,C15,X,Regular,0.2628,0.2075
U03841,C16,Reddit,Regular,0.3526,0.1778
U03842,C17,X,Regular,0.084,0.0965
U03843,C18,X,Regular,0.1889,0.1742
U03844,C19,YouTube,Regular,0.0614,0.1936
U03845,C20,X,Regular,0.3496,0.0471
U03846,C21,YouTube,Regular,0.0649,0.324
U03847,C22,Reddit,Regular,0.2175,0.2596
U03848,C23,Reddit,Bridge,0.6652,0.4119
U03849,C24,Instagram,Bridge,0.7519,0.4659
U03850,C25,X,Regular,0.4458,0.1026
U03851,C01,Reddit,Regular,0.0649,0.2581
U03852,C02,Reddit,Regular,0.4191,0.078
U03853,C03,Instagram,Regular,0.0613,0.0947
U03854,C04,YouTube,Regular,0.2295,0.1336
U03855,C05,YouTube,Regular,0.2927,0.1739
U03856,C06,Facebook,Active,0.6963,0.141
U03857,C07,Instagram,Regular,0.1814,0.063
U03858,C08,Facebook,Active,0.6319,0.3307
U03859,C09,Reddit,Active,0.6464,0.1677
U03860,C10,Reddit,Regular,0.172,0.1262
U03861,C11,X,Regular,0.1124,0.1078
U03862,C12,X,Regular,0.2526,0.2831
U03863,C13,Instagram,Active,0.7597,0.5152
U03864,C14,Instagram,Regular,0.0552,0.2191
U03865,C15,Reddit,Regular,0.2787,0.0672
U03866,C16,Instagram,Regular,0.1954,0.0266
U03867,C17,YouTube,Active,0.7782,0.3322
U03868,C18,Facebook,Regular,0.2204,0.1858
U03869,C19,Instagram,Regular,0.1723,0.1017
U03870,C20,Instagram,Regular,0.1925,0.0405
U03871,C21,X,Regular,0.1537,0.2031
U03872,C22,YouTube,Active,0.8737,0.2438
U03873,C23,X,Regular,0.163,0.2566
U03874,C24,Facebook,Regular,0.1651,0.0941
U03875,C25,Instagram,Regular,0.1942,0.0651
U03876,C01,X,Active,0.7438,0.5978
U03877,C02,Facebook,Influential,0.9134,0.6623
U03878,C03,Instagram,Regular,0.257,0.1127
U03879,C04,X,Regular,0.2093,0.1387
U03880,C05,Instagram,Regular,0.0831,0.0779
U03881,C06,Instagram,Regular,0.0923,0.1017
U03882,C07,X,Active,0.3641,0.5894
U03883,C08,Instagram,Active,0.612,0.2691
U03884,C09,Facebook,Regular,0.2145,0.0367
U03885,C10,Facebook,Regular,0.1267,0.2992
U03886,C11,Instagram,Regular,0.153,0.1296
U03887,C12,Reddit,Regular,0.1043,0.2166
U03888,C13,Instagram,Influential,0.7642,0.9133
U03889,C14,Facebook,Regular,0.3941,0.0401
U03890,C15,Facebook,Regular,0.0793,0.1488
U03891,C16,Facebook,Regular,0.0571,0.17
U03892,C17,Instagram,Regular,0.2072,0.0628
U03893,C18,YouTube,Active,0.5865,0.4928
U03894,C19,Instagram,Regular,0.1307,0.0967
U03895,C20,Facebook,Regular,0.0137,0.2271
U03896,C21,X,Regular,0.0362,0.2495
U03897,C22,Reddit,Regular,0.1061,0.1923
U03898,C23,X,Bridge,0.596,0.583
U03899,C24,X,Regular,0.0898,0.1178
U03900,C25,X,Regular,0.0663,0.0209
U03901,C01,YouTube,Regular,0.1931,0.2284
U03902,C02,YouTube,Influential,0.8375,0.8644
U03903,C03,YouTube,Regular,0.2003,0.0578
U03904,C04,Facebook,Active,0.6383,0.5585
U03905,C05,Reddit,Active,0.5122,0.2177
U03906,C06,YouTube,Regular,0.3047,0.0305
U03907,C07,Facebook,Regular,0.3398,0.0499
U03908,C08,Instagram,Regular,0.1932,0.0815
U03909,C09,X,Regular,0.325,0.1386
U03910,C10,YouTube,Regular,0.1751,0.3926
U03911,C11,Facebook,Active,0.6872,0.2822
U03912,C12,YouTube,Active,0.5917,0.4388
U03913,C13,Instagram,Regular,0.0889,0.0776
U03914,C14,Facebook,Regular,0.1135,0.1587
U03915,C15,Instagram,Regular,0.1219,0.0445
U03916,C16,X,Regular,0.05,0.3515
U03917,C17,X,Regular,0.2112,0.3465
U03918,C18,Facebook,Active,0.6812,0.1798
U03919,C19,YouTube,Regular,0.1338,0.2046
U03920,C20,Reddit,Active,0.5486,0.3699
U03921,C21,YouTube,Influential,0.8884,0.9317
U03922,C22,Instagram,Regular,0.146,0.08
U03923,C23,Facebook,Active,0.6613,0.3663
U03924,C24,Reddit,Regular,0.0363,0.1911
U03925,C25,YouTube,Active,0.5437,0.2705
U03926,C01,YouTube,Regular,0.523,0.3009
U03927,C02,YouTube,Regular,0.3133,0.1941
U03928,C03,Facebook,Regular,0.1273,0.0901
U03929,C04,Instagram,Regular,0.1058,0.0672
U03930,C05,Instagram,Active,0.7762,0.7874
U03931,C06,YouTube,Regular,0.0907,0.1442
U03932,C07,Instagram,Regular,0.0522,0.4518
U03933,C08,Reddit,Regular,0.065,0.0907
U03934,C09,X,Active,0.7055,0.2371
U03935,C10,Instagram,Regular,0.2963,0.0469
U03936,C11,Facebook,Active,0.3826,0.3752
U03937,C12,Facebook,Active,0.5473,0.3301
U03938,C13,Facebook,Regular,0.1877,0.1165
U03939,C14,Reddit,Regular,0.2076,0.2522
U03940,C15,Facebook,Regular,0.1305,0.278
U03941,C16,Instagram,Active,0.6457,0.398
U03942,C17,Facebook,Influential,0.7341,0.8573
U03943,C18,Reddit,Regular,0.0263,0.0208
U03944,C19,YouTube,Regular,0.5044,0.0688
U03945,C20,X,Active,0.6295,0.6031
U03946,C21,Instagram,Active,0.4232,0.4321
U03947,C22,X,Regular,0.2031,0.1606
U03948,C23,X,Active,0.5577,0.4934
U03949,C24,Instagram,Regular,0.1853,0.0864
U03950,C25,Facebook,Active,0.5878,0.3346
U03951,C01,Reddit,Regular,0.0098,0.3494
U03952,C02,YouTube,Regular,0.1489,0.3483
U03953,C03,Instagram,Regular,0.2166,0.0224
U03954,C04,Instagram,Regular,0.2322,0.3408
U03955,C05,Instagram,Regular,0.2563,0.0805
U03956,C06,YouTube,Regular,0.2016,0.4267
U03957,C07,X,Regular,0.1334,0.1987
U03958,C08,X,Influential,0.854,0.6319
U03959,C09,Reddit,Regular,0.1482,0.02
U03960,C10,Reddit,Regular,0.2678,0.2834
U03961,C11,Instagram,Regular,0.3804,0.0781
U03962,C12,Facebook,Influential,0.7191,0.9599
U03963,C13,Instagram,Regular,0.1306,0.0141
U03964,C14,Facebook,Regular,0.1895,0.3022
U03965,C15,YouTube,Active,0.6357,0.2067
U03966,C16,Reddit,Regular,0.32,0.0521
U03967,C17,YouTube,Regular,0.2805,0.1387
U03968,C18,X,Regular,0.2478,0.1728
U03969,C19,Facebook,Active,0.2721,0.0937
U03970,C20,X,Regular,0.1215,0.1346
U03971,C21,YouTube,Regular,0.2972,0.2594
U03972,C22,YouTube,Regular,0.3807,0.0424
U03973,C23,Reddit,Regular,0.2846,0.1599
U03974,C24,Facebook,Regular,0.2716,0.2591
U03975,C25,X,Regular,0.1525,0.0299
U03976,C01,Instagram,Active,0.4613,0.3127
U03977,C02,YouTube,Active,0.6232,0.3278
U03978,C03,Facebook,Active,0.74,0.2105
U03979,C04,X,Regular,0.1772,0.0904
U03980,C05,Instagram,Regular,0.1675,0.1445
U03981,C06,X,Regular,0.2756,0.1335
U03982,C07,Facebook,Regular,0.4176,0.1908
U03983,C08,YouTube,Influential,0.8418,0.88
U03984,C09,Facebook,Regular,0.2353,0.142
U03985,C10,X,Regular,0.4696,0.1119
U03986,C11,Instagram,Active,0.6177,0.5643
U03987,C12,X,Regular,0.0428,0.0881
U03988,C13,Instagram,Regular,0.1285,0.2278
U03989,C14,X,Active,0.5175,0.2886
U03990,C15,Facebook,Regular,0.1469,0.0866
U03991,C16,X,Bridge,0.7408,0.7327
U03992,C17,Instagram,Regular,0.2743,0.1638
U03993,C18,Reddit,Regular,0.0746,0.1084
U03994,C19,YouTube,Regular,0.1259,0.2075
U03995,C20,Facebook,Regular,0.1819,0.1587
U03996,C21,Instagram,Regular,0.1245,0.2328
U03997,C22,X,Regular,0.0369,0.0646
U03998,C23,X,Regular,0.156,0.1754
U03999,C24,Instagram,Regular,0.2552,0.0486
U04000,C25,YouTube,Regular,0.0529,0.273
U04001,C01,X,Regular,0.1002,0.2076
U04002,C02,YouTube,Regular,0.1717,0.2235
U04003,C03,X,Regular,0.1698,0.043
U04004,C04,Facebook,Regular,0.1667,0.2921
U04005,C05,Facebook,Regular,0.0896,0.1589
U04006,C06,Reddit,Regular,0.0981,0.2645
U04007,C07,YouTube,Regular,0.2866,0.0761
U04008,C08,Instagram,Regular,0.1539,0.0478
U04009,C09,Instagram,Active,0.6442,0.2862
U04010,C10,X,Regular,0.2412,0.3941
U04011,C11,Reddit,Regular,0.1598,0.0208
U04012,C12,YouTube,Regular,0.0809,0.0807
U04013,C13,X,Bridge,0.776,0.7151
U04014,C14,Reddit,Influential,0.8421,0.9616
U04015,C15,Facebook,Regular,0.0722,0.1746
U04016,C16,X,Regular,0.0762,0.196
U04017,C17,X,Bridge,0.4284,0.6875
U04018,C18,YouTube,Influential,0.6107,0.5462
U04019,C19,Instagram,Regular,0.0893,0.4706
U04020,C20,Facebook,Regular,0.2761,0.248
U04021,C21,Reddit,Regular,0.0883,0.1976
U04022,C22,YouTube,Regular,0.1018,0.096
U04023,C23,Instagram,Active,0.6716,0.4408
U04024,C24,X,Regular,0.2632,0.11
U04025,C25,YouTube,Regular,0.5574,0.1714
U04026,C01,Facebook,Active,0.521,0.185
U04027,C02,YouTube,Regular,0.1477,0.0896
U04028,C03,Facebook,Regular,0.0513,0.2803
U04029,C04,X,Regular,0.1459,0.2148
U04030,C05,X,Influential,0.797,0.679
U04031,C06,Facebook,Regular,0.1104,0.243
U04032,C07,X,Regular,0.3567,0.2924
U04033,C08,Reddit,Regular,0.1436,0.3612
U04034,C09,Facebook,Regular,0.3111,0.0693
U04035,C10,Instagram,Regular,0.4197,0.2286
U04036,C11,X,Regular,0.1378,0.2911
U04037,C12,X,Influential,0.8366,0.8327
U04038,C13,X,Active,0.4948,0.4516
U04039,C14,Facebook,Active,0.5105,0.1775
U04040,C15,Instagram,Regular,0.1269,0.1135
U04041,C16,Reddit,Regular,0.2367,0.0698
U04042,C17,Reddit,Active,0.4142,0.1152
U04043,C18,X,Regular,0.4984,0.0853
U04044,C19,YouTube,Regular,0.2524,0.171
U04045,C20,X,Regular,0.2021,0.0963
U04046,C21,Reddit,Regular,0.1849,0.1118
U04047,C22,YouTube,Regular,0.1776,0.1532
U04048,C23,Instagram,Regular,0.371,0.5334
U04049,C24,YouTube,Active,0.3407,0.3585
U04050,C25,Facebook,Regular,0.2541,0.2755
U04051,C01,Instagram,Regular,0.0894,0.1141
U04052,C02,X,Influential,0.8618,0.7029
U04053,C03,Instagram,Active,0.5229,0.5939
U04054,C04,Reddit,Regular,0.3829,0.2389
U04055,C05,Instagram,Active,0.6294,0.3001
U04056,C06,Reddit,Regular,0.1554,0.1723
U04057,C07,Instagram,Active,0.6076,0.4998
U04058,C08,X,Regular,0.1131,0.0949
U04059,C09,X,Influential,0.8878,0.9493
U04060,C10,YouTube,Regular,0.0525,0.3137
U04061,C11,YouTube,Regular,0.111,0.2111
U04062,C12,Facebook,Active,0.7084,0.5011
U04063,C13,Reddit,Regular,0.2447,0.2887
U04064,C14,X,Active,0.6359,0.6322
U04065,C15,Instagram,Regular,0.0766,0.121
U04066,C16,Instagram,Regular,0.2048,0.0613
U04067,C17,X,Active,0.6288,0.254
U04068,C18,Instagram,Active,0.5749,0.1195
U04069,C19,X,Regular,0.4444,0.1479
U04070,C20,Reddit,Influential,0.9293,0.7367
U04071,C21,Instagram,Regular,0.0401,0.0539
U04072,C22,X,Regular,0.2226,0.3073
U04073,C23,Facebook,Influential,0.7041,0.7862
U04074,C24,YouTube,Regular,0.2391,0.2121
U04075,C25,Reddit,Active,0.4101,0.355
U04076,C01,Instagram,Regular,0.345,0.1235
U04077,C02,Reddit,Regular,0.1901,0.0222
U04078,C03,Instagram,Regular,0.1334,0.1159
U04079,C04,X,Influential,0.6646,0.9025
U04080,C05,Reddit,Regular,0.2359,0.4536
U04081,C06,Instagram,Regular,0.2097,0.3038
U04082,C07,X,Regular,0.1252,0.208
U04083,C08,Reddit,Regular,0.3465,0.0812
U04084,C09,X,Regular,0.0813,0.0112
U04085,C10,X,Regular,0.2746,0.0356
U04086,C11,Reddit,Regular,0.373,0.4567
U04087,C12,Reddit,Active,0.3736,0.4864
U04088,C13,Facebook,Regular,0.0832,0.1846
U04089,C14,Facebook,Bridge,0.6752,0.2708
U04090,C15,Instagram,Active,0.7306,0.2194
U04091,C16,X,Active,0.6661,0.6856
U04092,C17,Instagram,Regular,0.2682,0.2038
U04093,C18,Instagram,Active,0.4994,0.4293
U04094,C19,Facebook,Regular,0.3889,0.3079
U04095,C20,YouTube,Bridge,0.4405,0.6514
U04096,C21,X,Active,0.4118,0.5662
U04097,C22,Facebook,Regular,0.3456,0.1836
U04098,C23,X,Regular,0.1856,0.137
U04099,C24,Facebook,Active,0.8249,0.2118
U04100,C25,Facebook,Regular,0.1071,0.2892
U04101,C01,Instagram,Regular,0.2018,0.4597
U04102,C02,Facebook,Active,0.4639,0.3284
U04103,C03,YouTube,Regular,0.193,0.1596
U04104,C04,X,Regular,0.1944,0.334
U04105,C05,YouTube,Active,0.7191,0.5511
U04106,C06,Instagram,Regular,0.1115,0.363
U04107,C07,YouTube,Regular,0.1898,0.1015
U04108,C08,Instagram,Regular,0.1334,0.0705
U04109,C09,YouTube,Regular,0.1999,0.1027
U04110,C10,Instagram,Active,0.4316,0.329
U04111,C11,Reddit,Active,0.2325,0.2153
U04112,C12,X,Regular,0.0582,0.1705
U04113,C13,X,Regular,0.2722,0.188
U04114,C14,X,Regular,0.3329,0.2126
U04115,C15,Instagram,Influential,0.8162,0.6327
U04116,C16,Instagram,Influential,0.6049,0.8897
U04117,C17,X,Regular,0.2531,0.1002
U04118,C18,Reddit,Regular,0.2257,0.1429
U04119,C19,YouTube,Influential,0.944,0.9646
U04120,C20,Instagram,Regular,0.0865,0.0664
U04121,C21,Reddit,Regular,0.18,0.2477
U04122,C22,X,Regular,0.2538,0.3118
U04123,C23,Facebook,Regular,0.5603,0.0196
U04124,C24,X,Regular,0.1642,0.0449
U04125,C25,X,Regular,0.1209,0.0398
U04126,C01,YouTube,Active,0.7017,0.4317
U04127,C02,YouTube,Regular,0.0768,0.1519
U04128,C03,Instagram,Regular,0.159,0.1355
U04129,C04,Reddit,Regular,0.0694,0.1802
U04130,C05,Reddit,Regular,0.0727,0.1719
U04131,C06,Reddit,Regular,0.433,0.2544
U04132,C07,Facebook,Regular,0.0482,0.2341
U04133,C08,X,Active,0.48,0.1361
U04134,C09,Reddit,Regular,0.0986,0.2918
U04135,C10,Facebook,Regular,0.1408,0.1399
U04136,C11,Instagram,Regular,0.3359,0.3268
U04137,C12,X,Regular,0.2375,0.0757
U04138,C13,Instagram,Active,0.4624,0.3459
U04139,C14,Instagram,Active,0.7452,0.4676
U04140,C15,Reddit,Regular,0.0962,0.1189
U04141,C16,Reddit,Active,0.7367,0.3412
U04142,C17,Reddit,Regular,0.2014,0.1753
U04143,C18,X,Regular,0.4578,0.2366
U04144,C19,YouTube,Regular,0.1971,0.0555
U04145,C20,X,Influential,0.5198,0.6887
U04146,C21,Reddit,Regular,0.0368,0.1237
U04147,C22,Reddit,Regular,0.2022,0.2082
U04148,C23,Instagram,Active,0.6375,0.2869
U04149,C24,Instagram,Regular,0.1034,0.2712
U04150,C25,Reddit,Regular,0.0409,0.1888
U04151,C01,Instagram,Active,0.3134,0.4292
U04152,C02,Reddit,Influential,0.9124,0.9364
U04153,C03,Reddit,Regular,0.2014,0.1729
U04154,C04,X,Regular,0.1536,0.0097
U04155,C05,Facebook,Regular,0.3052,0.1406
U04156,C06,Reddit,Influential,0.8951,0.6934
U04157,C07,YouTube,Active,0.5179,0.3021
U04158,C08,Reddit,Regular,0.0833,0.3279
U04159,C09,Reddit,Regular,0.1891,0.223
U04160,C10,Facebook,Bridge,0.5708,0.7358
U04161,C11,Instagram,Regular,0.1415,0.2593
U04162,C12,X,Regular,0.0358,0.1682
U04163,C13,Instagram,Regular,0.122,0.1507
U04164,C14,X,Regular,0.2801,0.1537
U04165,C15,YouTube,Influential,0.8976,0.6063
U04166,C16,Facebook,Regular,0.2122,0.1282
U04167,C17,YouTube,Regular,0.1513,0.295
U04168,C18,Facebook,Regular,0.0633,0.1613
U04169,C19,X,Regular,0.3317,0.2786
U04170,C20,Instagram,Regular,0.109,0.0459
U04171,C21,Facebook,Regular,0.5476,0.3569
U04172,C22,Reddit,Regular,0.2008,0.3168
U04173,C23,YouTube,Regular,0.1407,0.1927
U04174,C24,YouTube,Bridge,0.7695,0.6567
U04175,C25,Facebook,Regular,0.1247,0.5137
U04176,C01,X,Regular,0.1197,0.3743
U04177,C02,Facebook,Regular,0.3164,0.2075
U04178,C03,X,Regular,0.225,0.4946
U04179,C04,Instagram,Regular,0.1874,0.0819
U04180,C05,Instagram,Regular,0.3014,0.0645
U04181,C06,Instagram,Regular,0.0898,0.2843
U04182,C07,Instagram,Regular,0.0555,0.3269
U04183,C08,Facebook,Regular,0.1036,0.0055
U04184,C09,Facebook,Regular,0.2023,0.1113
U04185,C10,Instagram,Active,0.6759,0.4817
U04186,C11,Facebook,Regular,0.0395,0.0293
U04187,C12,Facebook,Influential,0.8883,0.7599
U04188,C13,X,Regular,0.4242,0.1149
U04189,C14,YouTube,Regular,0.2395,0.186
U04190,C15,X,Regular,0.0931,0.238
U04191,C16,Reddit,Regular,0.15,0.2018
U04192,C17,X,Regular,0.1893,0.3242
U04193,C18,YouTube,Regular,0.4802,0.0588
U04194,C19,Instagram,Active,0.4204,0.2175
U04195,C20,Facebook,Influential,0.4511,0.6327
U04196,C21,YouTube,Regular,0.0577,0.2322
U04197,C22,Reddit,Influential,0.4894,0.6333
U04198,C23,X,Regular,0.2173,0.1996
U04199,C24,Instagram,Regular,0.2083,0.1089
U04200,C25,Reddit,Regular,0.1606,0.1157
U04201,C01,Instagram,Regular,0.3087,0.0933
U04202,C02,YouTube,Regular,0.1981,0.1769
U04203,C03,YouTube,Regular,0.0805,0.1405
U04204,C04,YouTube,Influential,0.8713,0.8202
U04205,C05,YouTube,Regular,0.152,0.0257
U04206,C06,Instagram,Regular,0.0901,0.2655
U04207,C07,X,Bridge,0.4958,0.5543
U04208,C08,Facebook,Regular,0.1274,0.0524
U04209,C09,X,Regular,0.0285,0.1839
U04210,C10,X,Active,0.5826,0.2796
U04211,C11,X,Regular,0.1277,0.0069
U04212,C12,Facebook,Influential,0.8419,0.8119
U04213,C13,Instagram,Regular,0.414,0.1744
U04214,C14,YouTube,Regular,0.1042,0.0835
U04215,C15,Instagram,Influential,0.8566,0.9841
U04216,C16,YouTube,Regular,0.3169,0.1352
U04217,C17,Reddit,Regular,0.1481,0.1631
U04218,C18,X,Active,0.3907,0.4111
U04219,C19,Reddit,Regular,0.0421,0.3339
U04220,C20,Reddit,Active,0.5485,0.4243
U04221,C21,X,Regular,0.0898,0.286
U04222,C22,YouTube,Active,0.4488,0.1484
U04223,C23,YouTube,Regular,0.2578,0.4907
U04224,C24,YouTube,Active,0.5946,0.1294
U04225,C25,YouTube,Regular,0.1542,0.2225
U04226,C01,Facebook,Active,0.5226,0.5344
U04227,C02,X,Active,0.8319,0.3758
U04228,C03,X,Active,0.4066,0.3418
U04229,C04,YouTube,Regular,0.2109,0.1113
U04230,C05,X,Regular,0.1853,0.006
U04231,C06,X,Regular,0.1176,0.1951
U04232,C07,Instagram,Regular,0.1058,0.1561
U04233,C08,X,Regular,0.2186,0.0572
U04234,C09,X,Regular,0.1156,0.3491
U04235,C10,Facebook,Regular,0.0927,0.0797
U04236,C11,Instagram,Regular,0.3315,0.2247
U04237,C12,Facebook,Active,0.6848,0.4664
U04238,C13,X,Regular,0.2865,0.3331
U04239,C14,Facebook,Regular,0.287,0.2536
U04240,C15,Instagram,Regular,0.2826,0.0195
U04241,C16,Reddit,Active,0.7018,0.3331
U04242,C17,Facebook,Regular,0.0583,0.2349
U04243,C18,YouTube,Influential,0.7936,0.8574
U04244,C19,Instagram,Active,0.5483,0.3966
U04245,C20,YouTube,Regular,0.1509,0.0802
U04246,C21,Facebook,Regular,0.068,0.2229
U04247,C22,Facebook,Regular,0.1408,0.0547
U04248,C23,Instagram,Regular,0.0139,0.105
U04249,C24,Instagram,Active,0.7212,0.3256
U04250,C25,Instagram,Regular,0.2484,0.0333
U04251,C01,Instagram,Regular,0.1291,0.1352
U04252,C02,Instagram,Regular,0.1156,0.1519
U04253,C03,Reddit,Regular,0.2913,0.1262
U04254,C04,YouTube,Regular,0.0687,0.0586
U04255,C05,Facebook,Regular,0.0893,0.2907
U04256,C06,Facebook,Regular,0.2099,0.1138
U04257,C07,X,Regular,0.0975,0.1526
U04258,C08,Facebook,Regular,0.1378,0.1139
U04259,C09,Instagram,Active,0.6095,0.4676
U04260,C10,Facebook,Regular,0.2184,0.2147
U04261,C11,X,Regular,0.0369,0.1923
U04262,C12,Instagram,Regular,0.3396,0.1125
U04263,C13,Facebook,Regular,0.0242,0.1212
U04264,C14,X,Active,0.7135,0.514
U04265,C15,Instagram,Regular,0.0994,0.0975
U04266,C16,YouTube,Regular,0.2805,0.0956
U04267,C17,Facebook,Regular,0.2407,0.0954
U04268,C18,X,Regular,0.0873,0.0815
U04269,C19,Facebook,Regular,0.0601,0.235
U04270,C20,X,Active,0.2083,0.2551
U04271,C21,X,Regular,0.2089,0.212
U04272,C22,Facebook,Active,0.7057,0.2213
U04273,C23,Instagram,Regular,0.3748,0.2344
U04274,C24,Instagram,Regular,0.2807,0.4399
U04275,C25,X,Regular,0.1881,0.1767
U04276,C01,YouTube,Regular,0.2411,0.0925
U04277,C02,X,Regular,0.5482,0.1355
U04278,C03,Facebook,Active,0.628,0.2407
U04279,C04,Reddit,Regular,0.0276,0.1834
U04280,C05,Facebook,Active,0.6444,0.1571
U04281,C06,Reddit,Regular,0.1332,0.0407
U04282,C07,X,Regular,0.127,0.1354
U04283,C08,X,Active,0.3593,0.2328
U04284,C09,X,Regular,0.2429,0.1184
U04285,C10,YouTube,Regular,0.4154,0.2366
U04286,C11,YouTube,Active,0.5011,0.7203
U04287,C12,Instagram,Regular,0.4033,0.1646
U04288,C13,Reddit,Bridge,0.639,0.764
U04289,C14,Instagram,Regular,0.2905,0.1085
U04290,C15,Instagram,Regular,0.2167,0.1103
U04291,C16,X,Bridge,0.8486,0.3539
U04292,C17,YouTube,Regular,0.1198,0.022
U04293,C18,Instagram,Regular,0.35,0.1585
U04294,C19,Facebook,Regular,0.3818,0.1685
U04295,C20,Instagram,Regular,0.1187,0.2983
U04296,C21,Reddit,Regular,0.0804,0.1723
U04297,C22,YouTube,Regular,0.6112,0.1675
U04298,C23,Facebook,Regular,0.0927,0.3009
U04299,C24,Facebook,Regular,0.0585,0.0306
U04300,C25,Facebook,Regular,0.1232,0.3069
U04301,C01,Instagram,Regular,0.5396,0.2029
U04302,C02,YouTube,Regular,0.3355,0.1676
U04303,C03,Reddit,Regular,0.231,0.2395
U04304,C04,Instagram,Active,0.5937,0.4559
U04305,C05,X,Regular,0.1818,0.1809
U04306,C06,Facebook,Regular,0.2585,0.0637
U04307,C07,Instagram,Regular,0.13,0.1954
U04308,C08,X,Regular,0.2048,0.1568
U04309,C09,YouTube,Regular,0.1559,0.0501
U04310,C10,X,Regular,0.0652,0.1203
U04311,C11,Facebook,Regular,0.103,0.1118
U04312,C12,Instagram,Regular,0.0999,0.1017
U04313,C13,X,Regular,0.1728,0.3273
U04314,C14,YouTube,Regular,0.1242,0.243
U04315,C15,Reddit,Regular,0.2745,0.4169
U04316,C16,YouTube,Active,0.502,0.415
U04317,C17,YouTube,Regular,0.0994,0.0467
U04318,C18,Instagram,Influential,0.8456,0.8168
U04319,C19,Facebook,Regular,0.119,0.3628
U04320,C20,X,Active,0.7578,0.1748
U04321,C21,YouTube,Regular,0.2274,0.1656
U04322,C22,Instagram,Regular,0.229,0.1541
U04323,C23,Facebook,Regular,0.1005,0.1426
U04324,C24,X,Active,0.8086,0.3631
U04325,C25,X,Active,0.5881,0.1291
U04326,C01,Reddit,Active,0.6582,0.4084
U04327,C02,X,Regular,0.0277,0.0828
U04328,C03,Facebook,Regular,0.2934,0.1181
U04329,C04,Reddit,Influential,0.7591,0.8634
U04330,C05,Reddit,Regular,0.2104,0.0613
U04331,C06,Instagram,Regular,0.1434,0.4393
U04332,C07,Reddit,Regular,0.2671,0.2236
U04333,C08,YouTube,Active,0.7037,0.4619
U04334,C09,Facebook,Active,0.2936,0.2727
U04335,C10,X,Regular,0.2395,0.1058
U04336,C11,Instagram,Influential,0.6876,0.9288
U04337,C12,Facebook,Active,0.4517,0.3328
U04338,C13,Facebook,Active,0.5622,0.4076
U04339,C14,Instagram,Regular,0.5223,0.1368
U04340,C15,Instagram,Regular,0.1563,0.077
U04341,C16,X,Regular,0.2474,0.0831
U04342,C17,Reddit,Active,0.4355,0.5421
U04343,C18,Reddit,Regular,0.1527,0.483
U04344,C19,Instagram,Regular,0.3897,0.0984
U04345,C20,Reddit,Regular,0.344,0.1169
U04346,C21,Instagram,Regular,0.0717,0.1423
U04347,C22,Instagram,Regular,0.2999,0.1019
U04348,C23,X,Regular,0.1543,0.1397
U04349,C24,Facebook,Influential,0.8923,0.7686
U04350,C25,YouTube,Active,0.6649,0.2587
U04351,C01,X,Regular,0.3855,0.2225
U04352,C02,Instagram,Regular,0.3846,0.1009
U04353,C03,YouTube,Regular,0.1314,0.2275
U04354,C04,Instagram,Regular,0.3165,0.1454
U04355,C05,Reddit,Regular,0.3855,0.0728
U04356,C06,Facebook,Active,0.4866,0.3861
U04357,C07,Facebook,Regular,0.139,0.0222
U04358,C08,X,Regular,0.1194,0.1081
U04359,C09,Instagram,Active,0.6359,0.3313
U04360,C10,Instagram,Influential,0.8968,0.7101
U04361,C11,Reddit,Influential,0.8971,0.6686
U04362,C12,X,Influential,0.933,0.9595
U04363,C13,Instagram,Active,0.7236,0.2336
U04364,C14,Facebook,Active,0.5975,0.5049
U04365,C15,X,Regular,0.1811,0.2427
U04366,C16,Reddit,Regular,0.1697,0.1953
U04367,C17,Instagram,Active,0.4667,0.4422
U04368,C18,Reddit,Regular,0.1551,0.0958
U04369,C19,YouTube,Active,0.6988,0.0927
U04370,C20,Instagram,Regular,0.0287,0.0474
U04371,C21,Facebook,Active,0.7976,0.2377
U04372,C22,Instagram,Active,0.9208,0.1814
U04373,C23,Instagram,Regular,0.0336,0.1044
U04374,C24,Instagram,Active,0.5137,0.4675
U04375,C25,YouTube,Regular,0.1182,0.3675
U04376,C01,Instagram,Regular,0.3173,0.1104
U04377,C02,Instagram,Regular,0.3189,0.138
U04378,C03,YouTube,Regular,0.1062,0.2321
U04379,C04,Instagram,Regular,0.1325,0.1897
U04380,C05,X,Regular,0.1514,0.266
U04381,C06,Instagram,Influential,0.8162,0.9349
U04382,C07,YouTube,Regular,0.1695,0.2917
U04383,C08,YouTube,Active,0.4136,0.4643
U04384,C09,Instagram,Regular,0.0485,0.1865
U04385,C10,X,Active,0.7033,0.6231
U04386,C11,Instagram,Regular,0.2894,0.0574
U04387,C12,Instagram,Regular,0.1749,0.1097
U04388,C13,YouTube,Regular,0.0983,0.14
U04389,C14,X,Regular,0.0105,0.421
U04390,C15,Instagram,Influential,0.7967,0.766
U04391,C16,Facebook,Active,0.5018,0.349
U04392,C17,Instagram,Regular,0.0965,0.0986
U04393,C18,Reddit,Regular,0.2036,0.3076
U04394,C19,Instagram,Regular,0.3244,0.2596
U04395,C20,Instagram,Regular,0.0749,0.0889
U04396,C21,YouTube,Regular,0.2512,0.0928
U04397,C22,Instagram,Regular,0.2081,0.0217
U04398,C23,Instagram,Active,0.6102,0.6219
U04399,C24,Reddit,Regular,0.3672,0.2886
U04400,C25,Instagram,Active,0.666,0.3924
U04401,C01,Instagram,Active,0.8418,0.2587
U04402,C02,Instagram,Regular,0.2893,0.4286
U04403,C03,Instagram,Regular,0.4207,0.0881
U04404,C04,Facebook,Active,0.5379,0.3523
U04405,C05,X,Active,0.7399,0.3397
U04406,C06,Instagram,Regular,0.1274,0.3088
U04407,C07,Instagram,Regular,0.4938,0.33
U04408,C08,Facebook,Influential,0.8082,0.8885
U04409,C09,Instagram,Regular,0.0492,0.2904
U04410,C10,X,Influential,0.9463,0.914
U04411,C11,YouTube,Active,0.522,0.4554
U04412,C12,Reddit,Regular,0.576,0.2128
U04413,C13,YouTube,Regular,0.3047,0.1022
U04414,C14,YouTube,Regular,0.1188,0.0184
U04415,C15,X,Regular,0.3317,0.431
U04416,C16,Instagram,Regular,0.0781,0.0812
U04417,C17,YouTube,Active,0.3733,0.2369
U04418,C18,X,Influential,0.7379,0.8349
U04419,C19,Instagram,Regular,0.101,0.1017
U04420,C20,X,Regular,0.2144,0.3762
U04421,C21,YouTube,Regular,0.2482,0.0843
U04422,C22,Facebook,Regular,0.4093,0.1666
U04423,C23,X,Active,0.2584,0.2348
U04424,C24,Instagram,Regular,0.0697,0.0947
U04425,C25,X,Regular,0.3343,0.2093
U04426,C01,Instagram,Regular,0.0416,0.0616
U04427,C02,Instagram,Bridge,0.919,0.2493
U04428,C03,Facebook,Regular,0.2227,0.0223
U04429,C04,YouTube,Regular,0.0733,0.3386
U04430,C05,X,Regular,0.1734,0.0213
U04431,C06,X,Regular,0.0844,0.0447
U04432,C07,Facebook,Regular,0.3747,0.1
U04433,C08,Reddit,Regular,0.1908,0.1449
U04434,C09,Reddit,Regular,0.37,0.2613
U04435,C10,Facebook,Active,0.7903,0.2314
U04436,C11,Facebook,Regular,0.0541,0.1144
U04437,C12,YouTube,Regular,0.4312,0.3196
U04438,C13,YouTube,Active,0.6886,0.3976
U04439,C14,Instagram,Regular,0.0955,0.2014
U04440,C15,Instagram,Bridge,0.2252,0.376
U04441,C16,X,Regular,0.1014,0.0883
U04442,C17,Instagram,Influential,0.7314,0.7694
U04443,C18,X,Regular,0.4558,0.0348
U04444,C19,X,Active,0.6319,0.3145
U04445,C20,Instagram,Regular,0.083,0.2506
U04446,C21,X,Active,0.4401,0.4602
U04447,C22,Facebook,Active,0.4253,0.254
U04448,C23,Instagram,Active,0.6214,0.3865
U04449,C24,X,Regular,0.0849,0.268
U04450,C25,Facebook,Regular,0.1603,0.0845
U04451,C01,X,Regular,0.1862,0.3399
U04452,C02,YouTube,Regular,0.0931,0.321
U04453,C03,Instagram,Regular,0.1025,0.0322
U04454,C04,X,Active,0.3613,0.1651
U04455,C05,Facebook,Regular,0.3596,0.1781
U04456,C06,Instagram,Regular,0.3882,0.0829
U04457,C07,X,Regular,0.1205,0.3639
U04458,C08,Instagram,Regular,0.0733,0.1429
U04459,C09,YouTube,Active,0.6809,0.5375
U04460,C10,Facebook,Regular,0.0833,0.1874
U04461,C11,Facebook,Regular,0.0882,0.4298
U04462,C12,YouTube,Active,0.4342,0.3455
U04463,C13,Instagram,Regular,0.0968,0.2927
U04464,C14,Instagram,Active,0.7904,0.4829
U04465,C15,Reddit,Active,0.4735,0.4872
U04466,C16,X,Regular,0.0582,0.0382
U04467,C17,X,Regular,0.2073,0.1953
U04468,C18,X,Regular,0.4208,0.0218
U04469,C19,Reddit,Active,0.3996,0.2703
U04470,C20,Facebook,Regular,0.1098,0.2663
U04471,C21,X,Regular,0.2008,0.1812
U04472,C22,X,Regular,0.3767,0.2566
U04473,C23,Instagram,Regular,0.2006,0.1981
U04474,C24,Instagram,Regular,0.2695,0.0041
U04475,C25,YouTube,Regular,0.2511,0.2157
U04476,C01,X,Regular,0.3481,0.272
U04477,C02,Reddit,Active,0.4328,0.2955
U04478,C03,YouTube,Regular,0.0441,0.0649
U04479,C04,Instagram,Active,0.6566,0.3155
U04480,C05,YouTube,Active,0.8173,0.222
U04481,C06,Instagram,Regular,0.0379,0.3147
U04482,C07,YouTube,Regular,0.1348,0.1149
U04483,C08,Instagram,Active,0.1922,0.4137
U04484,C09,Reddit,Regular,0.1593,0.1585
U04485,C10,Reddit,Regular,0.1483,0.2471
U04486,C11,Facebook,Active,0.638,0.1732
U04487,C12,YouTube,Regular,0.1962,0.2424
U04488,C13,Facebook,Regular,0.2793,0.319
U04489,C14,Reddit,Influential,0.7389,0.928
U04490,C15,X,Regular,0.1231,0.1395
U04491,C16,Facebook,Regular,0.1028,0.0648
U04492,C17,Instagram,Influential,0.8294,0.9017
U04493,C18,Facebook,Regular,0.176,0.3823
U04494,C19,Instagram,Regular,0.2012,0.0715
U04495,C20,YouTube,Active,0.7676,0.5836
U04496,C21,YouTube,Influential,0.9144,0.9043
U04497,C22,Facebook,Regular,0.3185,0.0632
U04498,C23,Instagram,Active,0.8035,0.3678
U04499,C24,Instagram,Active,0.6025,0.6514
U04500,C25,Facebook,Regular,0.3207,0.1287
U04501,C01,X,Regular,0.1631,0.2019
U04502,C02,Instagram,Regular,0.1885,0.153
U04503,C03,X,Regular,0.1134,0.1485
U04504,C04,YouTube,Regular,0.0785,0.5554
U04505,C05,X,Active,0.425,0.4557
U04506,C06,X,Regular,0.0999,0.0451
U04507,C07,X,Regular,0.1866,0.2498
U04508,C08,YouTube,Regular,0.0678,0.0879
U04509,C09,X,Regular,0.0464,0.3039
U04510,C10,X,Regular,0.3995,0.1249
U04511,C11,Facebook,Regular,0.2765,0.0823
U04512,C12,Facebook,Active,0.6641,0.3413
U04513,C13,X,Active,0.6967,0.3615
U04514,C14,Instagram,Regular,0.0347,0.2256
U04515,C15,Instagram,Regular,0.332,0.2083
U04516,C16,YouTube,Regular,0.1775,0.1236
U04517,C17,X,Regular,0.2144,0.3222
U04518,C18,X,Regular,0.0963,0.0475
U04519,C19,X,Regular,0.3264,0.4953
U04520,C20,Instagram,Active,0.2364,0.2562
U04521,C21,Facebook,Regular,0.3096,0.4119
U04522,C22,Instagram,Influential,0.9277,0.685
U04523,C23,Facebook,Regular,0.1579,0.2982
U04524,C24,Instagram,Regular,0.0538,0.1162
U04525,C25,Facebook,Active,0.6108,0.4663
U04526,C01,Facebook,Regular,0.1212,0.2048
U04527,C02,YouTube,Active,0.5654,0.2493
U04528,C03,Instagram,Regular,0.0832,0.093
U04529,C04,Instagram,Regular,0.4619,0.2237
U04530,C05,Facebook,Active,0.7764,0.6348
U04531,C06,X,Active,0.5914,0.4351
U04532,C07,Facebook,Regular,0.2111,0.1516
U04533,C08,X,Active,0.5331,0.4248
U04534,C09,YouTube,Regular,0.3799,0.2037
U04535,C10,Facebook,Regular,0.3708,0.25
U04536,C11,YouTube,Active,0.4161,0.4014
U04537,C12,YouTube,Regular,0.1048,0.0951
U04538,C13,Facebook,Active,0.3446,0.2203
U04539,C14,Instagram,Active,0.3573,0.4274
U04540,C15,Facebook,Active,0.3817,0.6079
U04541,C16,Facebook,Regular,0.1797,0.1998
U04542,C17,Facebook,Regular,0.4625,0.4183
U04543,C18,Instagram,Regular,0.1876,0.1329
U04544,C19,YouTube,Regular,0.1441,0.097
U04545,C20,Reddit,Active,0.5025,0.3492
U04546,C21,YouTube,Regular,0.0983,0.1611
U04547,C22,X,Active,0.6116,0.4502
U04548,C23,Instagram,Active,0.716,0.437
U04549,C24,Facebook,Regular,0.1265,0.1411
U04550,C25,Reddit,Bridge,0.4214,0.5542
U04551,C01,Reddit,Regular,0.1357,0.0244
U04552,C02,Instagram,Regular,0.3712,0.0808
U04553,C03,Reddit,Regular,0.0431,0.3373
U04554,C04,Facebook,Regular,0.131,0.0539
U04555,C05,YouTube,Regular,0.5201,0.1355
U04556,C06,X,Regular,0.2712,0.2787
U04557,C07,Facebook,Regular,0.3604,0.0265
U04558,C08,Instagram,Regular,0.1703,0.1231
U04559,C09,X,Active,0.3877,0.3741
U04560,C10,Facebook,Regular,0.0283,0.1766
U04561,C11,Instagram,Regular,0.3442,0.2034
U04562,C12,Facebook,Regular,0.2193,0.0969
U04563,C13,YouTube,Regular,0.144,0.3315
U04564,C14,Reddit,Active,0.3484,0.4367
U04565,C15,Facebook,Regular,0.1454,0.2231
U04566,C16,Instagram,Active,0.4444,0.4496
U04567,C17,Facebook,Active,0.7492,0.4914
U04568,C18,Instagram,Active,0.6741,0.2418
U04569,C19,Facebook,Regular,0.1473,0.2007
U04570,C20,YouTube,Regular,0.0985,0.1648
U04571,C21,YouTube,Regular,0.4982,0.4381
U04572,C22,YouTube,Regular,0.5093,0.2267
U04573,C23,Instagram,Regular,0.2137,0.3054
U04574,C24,Reddit,Active,0.4255,0.3459
U04575,C25,YouTube,Regular,0.2974,0.0993
U04576,C01,Facebook,Regular,0.2822,0.192
U04577,C02,X,Bridge,0.6146,0.4343
U04578,C03,YouTube,Active,0.5864,0.3358
U04579,C04,Instagram,Regular,0.3444,0.0824
U04580,C05,Instagram,Regular,0.0927,0.122
U04581,C06,Instagram,Active,0.7168,0.5896
U04582,C07,Facebook,Influential,0.8009,0.7159
U04583,C08,Instagram,Regular,0.2797,0.0949
U04584,C09,X,Regular,0.1321,0.2148
U04585,C10,Reddit,Regular,0.0596,0.0875
U04586,C11,Instagram,Influential,0.8502,0.609
U04587,C12,X,Regular,0.1532,0.1013
U04588,C13,Reddit,Regular,0.1932,0.0744
U04589,C14,Facebook,Regular,0.2391,0.1498
U04590,C15,X,Regular,0.4229,0.0618
U04591,C16,Reddit,Influential,0.604,0.9138
U04592,C17,X,Regular,0.0474,0.0996
U04593,C18,X,Regular,0.1129,0.2305
U04594,C19,X,Regular,0.1994,0.1829
U04595,C20,YouTube,Regular,0.1997,0.0325
U04596,C21,Facebook,Regular,0.1425,0.0232
U04597,C22,Reddit,Regular,0.0537,0.0589
U04598,C23,X,Regular,0.2917,0.1243
U04599,C24,Instagram,Regular,0.0657,0.2614
U04600,C25,Instagram,Regular,0.0192,0.1078
U04601,C01,Reddit,Regular,0.2501,0.2663
U04602,C02,X,Regular,0.346,0.207
U04603,C03,Facebook,Regular,0.4524,0.0814
U04604,C04,YouTube,Regular,0.2358,0.1953
U04605,C05,X,Influential,0.7763,0.8202
U04606,C06,X,Bridge,0.724,0.5943
U04607,C07,YouTube,Regular,0.1583,0.0679
U04608,C08,Facebook,Regular,0.1243,0.275
U04609,C09,YouTube,Regular,0.2801,0.2041
U04610,C10,Instagram,Influential,0.7012,0.6641
U04611,C11,Reddit,Regular,0.1006,0.0666
U04612,C12,Facebook,Regular,0.4576,0.1571
U04613,C13,Instagram,Regular,0.0909,0.0985
U04614,C14,Facebook,Regular,0.2036,0.0969
U04615,C15,Reddit,Regular,0.2653,0.1723
U04616,C16,X,Regular,0.193,0.0675
U04617,C17,Facebook,Active,0.3099,0.6377
U04618,C18,YouTube,Active,0.7771,0.0824
U04619,C19,Instagram,Active,0.4332,0.1032
U04620,C20,Instagram,Regular,0.1469,0.2166
U04621,C21,X,Regular,0.1581,0.181
U04622,C22,X,Regular,0.1425,0.1902
U04623,C23,Facebook,Active,0.7185,0.211
U04624,C24,X,Regular,0.0765,0.2824
U04625,C25,Instagram,Regular,0.0946,0.1383
U04626,C01,Facebook,Regular,0.1066,0.0534
U04627,C02,X,Active,0.435,0.4685
U04628,C03,Facebook,Regular,0.1948,0.0832
U04629,C04,X,Influential,0.799,0.9135
U04630,C05,X,Regular,0.1762,0.3018
U04631,C06,YouTube,Regular,0.0071,0.0763
U04632,C07,X,Active,0.4461,0.4436
U04633,C08,Instagram,Regular,0.3698,0.0084
U04634,C09,X,Regular,0.091,0.3016
U04635,C10,X,Regular,0.1265,0.0624
U04636,C11,Facebook,Regular,0.4283,0.1125
U04637,C12,X,Regular,0.2765,0.3786
U04638,C13,YouTube,Regular,0.0953,0.0941
U04639,C14,X,Active,0.6334,0.4627
U04640,C15,Facebook,Regular,0.3805,0.272
U04641,C16,X,Regular,0.246,0.1746
U04642,C17,Instagram,Regular,0.2487,0.2753
U04643,C18,YouTube,Regular,0.1876,0.1988
U04644,C19,Instagram,Regular,0.0246,0.1647
U04645,C20,X,Regular,0.2884,0.3838
U04646,C21,Facebook,Regular,0.2714,0.2441
U04647,C22,Instagram,Active,0.5821,0.4072
U04648,C23,YouTube,Regular,0.2739,0.2301
U04649,C24,Instagram,Regular,0.3583,0.3147
U04650,C25,Facebook,Active,0.7255,0.4761
U04651,C01,Facebook,Regular,0.108,0.1312
U04652,C02,X,Active,0.6119,0.1824
U04653,C03,YouTube,Active,0.6821,0.3331
U04654,C04,X,Regular,0.1883,0.0894
U04655,C05,YouTube,Regular,0.6456,0.4505
U04656,C06,Instagram,Regular,0.1239,0.6915
U04657,C07,Reddit,Regular,0.0586,0.0246
U04658,C08,Facebook,Regular,0.231,0.136
U04659,C09,Instagram,Active,0.4302,0.3923
U04660,C10,Facebook,Regular,0.0554,0.3815
U04661,C11,Facebook,Active,0.5496,0.1661
U04662,C12,Instagram,Regular,0.0621,0.2374
U04663,C13,X,Regular,0.4155,0.6222
U04664,C14,YouTube,Regular,0.1285,0.0991
U04665,C15,Facebook,Regular,0.5591,0.0492
U04666,C16,X,Active,0.7172,0.3497
U04667,C17,Instagram,Regular,0.051,0.0161
U04668,C18,Reddit,Regular,0.2257,0.1044
U04669,C19,Instagram,Regular,0.1581,0.1125
U04670,C20,X,Influential,0.8663,0.8874
U04671,C21,YouTube,Regular,0.3439,0.1604
U04672,C22,Instagram,Regular,0.1045,0.1898
U04673,C23,X,Active,0.7106,0.3188
U04674,C24,Instagram,Regular,0.057,0.2368
U04675,C25,Reddit,Regular,0.4409,0.0157
U04676,C01,X,Regular,0.1056,0.0798
U04677,C02,Instagram,Regular,0.3027,0.0869
U04678,C03,Instagram,Regular,0.0977,0.0872
U04679,C04,X,Active,0.7457,0.1165
U04680,C05,Reddit,Regular,0.3173,0.0537
U04681,C06,Facebook,Influential,0.7104,0.8666
U04682,C07,Facebook,Regular,0.3582,0.0718
U04683,C08,Reddit,Active,0.759,0.3459
U04684,C09,Facebook,Regular,0.1071,0.1442
U04685,C10,Instagram,Regular,0.2454,0.1074
U04686,C11,X,Regular,0.2548,0.11
U04687,C12,Facebook,Regular,0.4169,0.1725
U04688,C13,X,Regular,0.1295,0.0677
U04689,C14,X,Regular,0.2884,0.017
U04690,C15,Reddit,Influential,0.6905,0.7057
U04691,C16,Facebook,Active,0.4854,0.3135
U04692,C17,X,Active,0.6232,0.2059
U04693,C18,YouTube,Regular,0.1221,0.2634
U04694,C19,Reddit,Regular,0.3911,0.0971
U04695,C20,YouTube,Regular,0.1405,0.0735
U04696,C21,Instagram,Regular,0.0289,0.0603
U04697,C22,Reddit,Regular,0.1131,0.1073
U04698,C23,Facebook,Regular,0.1189,0.2598
U04699,C24,YouTube,Active,0.6589,0.1899
U04700,C25,Facebook,Influential,0.7164,0.8858
U04701,C01,Instagram,Regular,0.2495,0.284
U04702,C02,X,Regular,0.1398,0.0253
U04703,C03,Instagram,Regular,0.0888,0.1003
U04704,C04,Facebook,Regular,0.3367,0.2749
U04705,C05,Instagram,Active,0.5405,0.2146
U04706,C06,Instagram,Regular,0.1715,0.2169
U04707,C07,Reddit,Regular,0.1077,0.3886
U04708,C08,X,Active,0.6587,0.1802
U04709,C09,Facebook,Regular,0.136,0.0741
U04710,C10,Reddit,Regular,0.3666,0.0521
U04711,C11,Facebook,Regular,0.0974,0.13
U04712,C12,X,Regular,0.2507,0.1602
U04713,C13,Instagram,Active,0.4402,0.2998
U04714,C14,Facebook,Active,0.7304,0.5903
U04715,C15,Facebook,Active,0.2245,0.576
U04716,C16,Instagram,Regular,0.1447,0.1927
U04717,C17,Reddit,Active,0.5056,0.4402
U04718,C18,Facebook,Bridge,0.642,0.5188
U04719,C19,Instagram,Regular,0.2174,0.0639
U04720,C20,Facebook,Regular,0.3858,0.1115
U04721,C21,Facebook,Regular,0.2147,0.015
U04722,C22,X,Regular,0.1301,0.2489
U04723,C23,X,Bridge,0.7683,0.6322
U04724,C24,X,Regular,0.3792,0.2946
U04725,C25,X,Regular,0.0096,0.2136
U04726,C01,Instagram,Active,0.7621,0.4712
U04727,C02,Instagram,Regular,0.2824,0.1696
U04728,C03,X,Regular,0.1939,0.047
U04729,C04,Facebook,Active,0.3919,0.6237
U04730,C05,Facebook,Active,0.6321,0.3185
U04731,C06,Facebook,Regular,0.1366,0.1935
U04732,C07,Facebook,Regular,0.132,0.3886
U04733,C08,Reddit,Regular,0.3237,0.1365
U04734,C09,X,Active,0.6624,0.3861
U04735,C10,Facebook,Regular,0.2482,0.4293
U04736,C11,Instagram,Regular,0.1779,0.1213
U04737,C12,Instagram,Regular,0.0648,0.1079
U04738,C13,Facebook,Regular,0.1574,0.0574
U04739,C14,Facebook,Regular,0.1947,0.0926
U04740,C15,Instagram,Regular,0.2292,0.1002
U04741,C16,Facebook,Active,0.414,0.7906
U04742,C17,X,Active,0.4248,0.2772
U04743,C18,X,Influential,0.8847,0.9676
U04744,C19,X,Regular,0.1481,0.1816
U04745,C20,X,Regular,0.2032,0.0434
U04746,C21,Facebook,Regular,0.1286,0.1966
U04747,C22,X,Regular,0.1417,0.0243
U04748,C23,Instagram,Regular,0.2043,0.124
U04749,C24,Reddit,Regular,0.0285,0.0486
U04750,C25,X,Regular,0.233,0.0707
U04751,C01,X,Active,0.5211,0.3221
U04752,C02,Facebook,Influential,0.7576,0.8696
U04753,C03,Instagram,Regular,0.0758,0.1211
U04754,C04,Reddit,Regular,0.256,0.1346
U04755,C05,X,Regular,0.1236,0.1904
U04756,C06,YouTube,Regular,0.3014,0.1571
U04757,C07,Facebook,Regular,0.0626,0.1599
U04758,C08,Instagram,Regular,0.3096,0.1288
U04759,C09,X,Regular,0.069,0.0955
U04760,C10,YouTube,Regular,0.2541,0.0855
U04761,C11,Instagram,Regular,0.0495,0.1826
U04762,C12,Instagram,Influential,0.8458,0.9069
U04763,C13,Instagram,Regular,0.106,0.3499
U04764,C14,Instagram,Active,0.6371,0.3498
U04765,C15,Instagram,Regular,0.0602,0.0769
U04766,C16,Reddit,Regular,0.2639,0.1906
U04767,C17,X,Active,0.5991,0.3277
U04768,C18,Reddit,Regular,0.0685,0.2884
U04769,C19,Reddit,Regular,0.2904,0.0584
U04770,C20,Instagram,Active,0.7882,0.2749
U04771,C21,X,Regular,0.039,0.2202
U04772,C22,Reddit,Active,0.5913,0.1021
U04773,C23,Instagram,Active,0.8824,0.5406
U04774,C24,Instagram,Regular,0.115,0.1379
U04775,C25,X,Regular,0.2211,0.121
U04776,C01,Instagram,Regular,0.039,0.2463
U04777,C02,YouTube,Active,0.5995,0.2021
U04778,C03,X,Regular,0.0849,0.1589
U04779,C04,Instagram,Regular,0.1166,0.137
U04780,C05,Reddit,Regular,0.0466,0.0651
U04781,C06,X,Regular,0.2098,0.0966
U04782,C07,Facebook,Regular,0.3263,0.0521
U04783,C08,Reddit,Regular,0.3548,0.0709
U04784,C09,Instagram,Regular,0.3456,0.113
U04785,C10,Instagram,Regular,0.5225,0.1282
U04786,C11,YouTube,Regular,0.1374,0.3447
U04787,C12,Facebook,Regular,0.2052,0.2375
U04788,C13,Reddit,Regular,0.0558,0.1904
U04789,C14,Reddit,Regular,0.4579,0.0905
U04790,C15,YouTube,Regular,0.0899,0.1045
U04791,C16,X,Regular,0.1394,0.2359
U04792,C17,Instagram,Regular,0.2175,0.3668
U04793,C18,Facebook,Regular,0.0714,0.1144
U04794,C19,Instagram,Regular,0.1479,0.1798
U04795,C20,YouTube,Regular,0.1515,0.121
U04796,C21,Facebook,Regular,0.1793,0.1163
U04797,C22,YouTube,Regular,0.1394,0.0729
U04798,C23,Facebook,Active,0.6048,0.211
U04799,C24,X,Regular,0.2031,0.2382
U04800,C25,Facebook,Regular,0.13,0.164
U04801,C01,YouTube,Regular,0.1155,0.0374
U04802,C02,Reddit,Regular,0.4124,0.2685
U04803,C03,Reddit,Regular,0.5053,0.1432
U04804,C04,X,Regular,0.0124,0.196
U04805,C05,Facebook,Regular,0.2948,0.0332
U04806,C06,Instagram,Regular,0.1131,0.3156
U04807,C07,Instagram,Active,0.4914,0.2724
U04808,C08,Reddit,Regular,0.1565,0.2714
U04809,C09,Instagram,Regular,0.2755,0.06
U04810,C10,Instagram,Regular,0.2113,0.1035
U04811,C11,X,Regular,0.0284,0.1591
U04812,C12,X,Regular,0.0739,0.1281
U04813,C13,Reddit,Regular,0.2182,0.0155
U04814,C14,Instagram,Regular,0.1983,0.1149
U04815,C15,Reddit,Active,0.6967,0.2583
U04816,C16,X,Bridge,0.4152,0.6415
U04817,C17,Instagram,Regular,0.2226,0.1783
U04818,C18,Instagram,Regular,0.1184,0.1694
U04819,C19,YouTube,Regular,0.0859,0.1654
U04820,C20,YouTube,Regular,0.1823,0.3807
U04821,C21,Facebook,Bridge,0.5194,0.4497
U04822,C22,Facebook,Regular,0.2232,0.1347
U04823,C23,Facebook,Regular,0.2119,0.0978
U04824,C24,X,Regular,0.3534,0.0632
U04825,C25,X,Active,0.3491,0.4009
U04826,C01,Reddit,Active,0.6753,0.1055
U04827,C02,YouTube,Regular,0.2788,0.1629
U04828,C03,Instagram,Active,0.618,0.4255
U04829,C04,X,Influential,0.6664,0.8795
U04830,C05,Instagram,Regular,0.162,0.2322
U04831,C06,Facebook,Regular,0.1748,0.1726
U04832,C07,X,Active,0.5205,0.2557
U04833,C08,YouTube,Regular,0.3825,0.0343
U04834,C09,X,Regular,0.0447,0.0425
U04835,C10,X,Regular,0.0984,0.3908
U04836,C11,YouTube,Active,0.3699,0.5994
U04837,C12,Reddit,Active,0.6253,0.482
U04838,C13,Reddit,Influential,0.8523,0.8342
U04839,C14,YouTube,Regular,0.1284,0.2221
U04840,C15,Facebook,Active,0.2797,0.2791
U04841,C16,X,Regular,0.0622,0.2826
U04842,C17,Instagram,Regular,0.1346,0.3568
U04843,C18,Facebook,Regular,0.3518,0.1018
U04844,C19,Facebook,Regular,0.2856,0.0667
U04845,C20,X,Regular,0.2243,0.0814
U04846,C21,Facebook,Active,0.6995,0.3336
U04847,C22,Reddit,Influential,0.8103,0.7346
U04848,C23,Reddit,Regular,0.2388,0.0511
U04849,C24,X,Regular,0.2013,0.1553
U04850,C25,YouTube,Regular,0.4825,0.0695
U04851,C01,Facebook,Regular,0.4637,0.0807
U04852,C02,Instagram,Active,0.5041,0.1423
U04853,C03,Facebook,Regular,0.1966,0.2086
U04854,C04,Instagram,Regular,0.2283,0.0852
U04855,C05,Facebook,Regular,0.2264,0.198
U04856,C06,Instagram,Regular,0.0566,0.0905
U04857,C07,Facebook,Regular,0.2838,0.0482
U04858,C08,X,Regular,0.2142,0.344
U04859,C09,X,Regular,0.1407,0.0412
U04860,C10,Instagram,Regular,0.2597,0.1291
U04861,C11,X,Regular,0.4358,0.0973
U04862,C12,Reddit,Regular,0.2726,0.42
U04863,C13,Instagram,Regular,0.1252,0.0678
U04864,C14,Facebook,Regular,0.3142,0.2721
U04865,C15,YouTube,Active,0.4828,0.3245
U04866,C16,X,Regular,0.2904,0.0621
U04867,C17,Facebook,Regular,0.1824,0.3836
U04868,C18,Facebook,Regular,0.0749,0.253
U04869,C19,YouTube,Regular,0.2535,0.3108
U04870,C20,Reddit,Regular,0.1887,0.0619
U04871,C21,Instagram,Regular,0.2427,0.3592
U04872,C22,Reddit,Regular,0.4171,0.2047
U04873,C23,Instagram,Regular,0.0765,0.1249
U04874,C24,YouTube,Regular,0.1888,0.014
U04875,C25,Facebook,Regular,0.1462,0.0129
U04876,C01,Facebook,Active,0.4872,0.4647
U04877,C02,Reddit,Regular,0.1239,0.1471
U04878,C03,X,Regular,0.0231,0.2579
U04879,C04,Reddit,Regular,0.1993,0.1881
U04880,C05,Facebook,Regular,0.0469,0.0463
U04881,C06,Instagram,Regular,0.4588,0.0589
U04882,C07,X,Regular,0.2604,0.1499
U04883,C08,YouTube,Regular,0.1019,0.0884
U04884,C09,Facebook,Regular,0.3028,0.3008
U04885,C10,Reddit,Regular,0.1335,0.2132
U04886,C11,Reddit,Regular,0.23,0.1584
U04887,C12,Facebook,Regular,0.0435,0.1118
U04888,C13,Facebook,Active,0.39,0.2007
U04889,C14,Instagram,Regular,0.5987,0.0712
U04890,C15,X,Active,0.393,0.5179
U04891,C16,Instagram,Regular,0.0628,0.0571
U04892,C17,X,Regular,0.1109,0.135
U04893,C18,Facebook,Regular,0.2308,0.1624
U04894,C19,Facebook,Regular,0.061,0.437
U04895,C20,Facebook,Regular,0.2331,0.0292
U04896,C21,YouTube,Regular,0.2705,0.0905
U04897,C22,YouTube,Regular,0.1859,0.1535
U04898,C23,Instagram,Regular,0.3132,0.0968
U04899,C24,YouTube,Regular,0.0673,0.1572
U04900,C25,Instagram,Regular,0.0779,0.0919
U04901,C01,X,Regular,0.3483,0.362
U04902,C02,Facebook,Regular,0.3005,0.2243
U04903,C03,Instagram,Bridge,0.7749,0.6349
U04904,C04,YouTube,Regular,0.2416,0.1901
U04905,C05,Instagram,Regular,0.3272,0.1042
U04906,C06,Instagram,Regular,0.1656,0.1633
U04907,C07,Instagram,Regular,0.2427,0.1241
U04908,C08,X,Regular,0.2119,0.0874
U04909,C09,Instagram,Regular,0.2949,0.0973
U04910,C10,Facebook,Regular,0.2763,0.3145
U04911,C11,X,Bridge,0.6794,0.6074
U04912,C12,Reddit,Active,0.5567,0.4006
U04913,C13,YouTube,Active,0.5153,0.4145
U04914,C14,YouTube,Active,0.507,0.1867
U04915,C15,YouTube,Regular,0.116,0.1844
U04916,C16,X,Regular,0.0239,0.2482
U04917,C17,Instagram,Regular,0.2435,0.0545
U04918,C18,Reddit,Active,0.787,0.4076
U04919,C19,Facebook,Regular,0.1487,0.0568
U04920,C20,X,Regular,0.3669,0.2421
U04921,C21,YouTube,Regular,0.2031,0.3376
U04922,C22,YouTube,Regular,0.3594,0.1297
U04923,C23,Facebook,Regular,0.1135,0.1621
U04924,C24,Instagram,Regular,0.2171,0.1875
U04925,C25,Reddit,Regular,0.4757,0.3283
U04926,C01,Facebook,Regular,0.3414,0.0677
U04927,C02,X,Regular,0.186,0.1877
U04928,C03,Instagram,Regular,0.0669,0.0385
U04929,C04,X,Active,0.784,0.291
U04930,C05,YouTube,Regular,0.5935,0.0468
U04931,C06,X,Regular,0.1723,0.186
U04932,C07,X,Regular,0.3921,0.0646
U04933,C08,Facebook,Regular,0.3076,0.0274
U04934,C09,Facebook,Regular,0.3595,0.1242
U04935,C10,YouTube,Regular,0.0714,0.2055
U04936,C11,YouTube,Regular,0.2129,0.0272
U04937,C12,YouTube,Regular,0.158,0.2311
U04938,C13,Facebook,Active,0.6448,0.6523
U04939,C14,Facebook,Active,0.4929,0.3135
U04940,C15,X,Regular,0.3439,0.0483
U04941,C16,Facebook,Regular,0.0464,0.1754
U04942,C17,YouTube,Regular,0.0707,0.037
U04943,C18,X,Regular,0.0391,0.0392
U04944,C19,Reddit,Active,0.371,0.4251
U04945,C20,Facebook,Regular,0.1128,0.0981
U04946,C21,Facebook,Influential,0.667,0.6843
U04947,C22,Facebook,Regular,0.2761,0.1954
U04948,C23,X,Regular,0.0559,0.2396
U04949,C24,Instagram,Regular,0.1486,0.0947
U04950,C25,X,Regular,0.0427,0.0678
U04951,C01,YouTube,Regular,0.1738,0.527
U04952,C02,X,Bridge,0.7749,0.3835
U04953,C03,Instagram,Active,0.5986,0.2547
U04954,C04,Instagram,Active,0.5315,0.5479
U04955,C05,YouTube,Active,0.5937,0.4438
U04956,C06,Instagram,Regular,0.0721,0.2418
U04957,C07,Instagram,Regular,0.1645,0.1209
U04958,C08,Instagram,Active,0.4745,0.2314
U04959,C09,YouTube,Active,0.5092,0.3869
U04960,C10,X,Active,0.414,0.3771
U04961,C11,YouTube,Regular,0.2246,0.1823
U04962,C12,X,Regular,0.1576,0.1785
U04963,C13,Instagram,Regular,0.4393,0.141
U04964,C14,Facebook,Regular,0.4313,0.0853
U04965,C15,Instagram,Regular,0.4478,0.2126
U04966,C16,X,Regular,0.1443,0.0812
U04967,C17,Instagram,Active,0.5828,0.17
U04968,C18,YouTube,Regular,0.1249,0.0787
U04969,C19,Instagram,Regular,0.0777,0.376
U04970,C20,X,Active,0.4841,0.536
U04971,C21,Facebook,Regular,0.0506,0.0768
U04972,C22,Instagram,Regular,0.2092,0.2357
U04973,C23,YouTube,Regular,0.102,0.0449
U04974,C24,YouTube,Active,0.8397,0.1245
U04975,C25,X,Regular,0.3068,0.0353
U04976,C01,Reddit,Regular,0.3219,0.2537
U04977,C02,YouTube,Regular,0.1856,0.1436
U04978,C03,Instagram,Regular,0.4759,0.263
U04979,C04,Facebook,Regular,0.1352,0.3223
U04980,C05,Instagram,Regular,0.1118,0.0222
U04981,C06,X,Regular,0.1812,0.0385
U04982,C07,Instagram,Regular,0.2947,0.3342
U04983,C08,YouTube,Regular,0.1125,0.0682
U04984,C09,Instagram,Regular,0.171,0.1252
U04985,C10,X,Influential,0.7939,0.8897
U04986,C11,YouTube,Regular,0.0119,0.1164
U04987,C12,X,Regular,0.053,0.0726
U04988,C13,Instagram,Influential,0.9016,0.8796
U04989,C14,X,Regular,0.1241,0.2192
U04990,C15,Reddit,Influential,0.7525,0.8688
U04991,C16,Instagram,Regular,0.0978,0.0827
U04992,C17,Instagram,Regular,0.0839,0.2584
U04993,C18,X,Regular,0.3615,0.0556
U04994,C19,Instagram,Regular,0.1721,0.0452
U04995,C20,Facebook,Regular,0.2094,0.1306
U04996,C21,X,Regular,0.1544,0.1926
U04997,C22,Reddit,Regular,0.2696,0.2577
U04998,C23,X,Active,0.9174,0.5859
U04999,C24,X,Regular,0.3344,0.3167
U05000,C25,Instagram,Regular,0.2814,0.0555
U05001,C01,X,Influential,0.888,0.8623
U05002,C02,X,Regular,0.1227,0.1506
U05003,C03,X,Regular,0.372,0.3409
U05004,C04,Reddit,Influential,0.8754,0.8421
U05005,C05,Instagram,Regular,0.2842,0.3774
U05006,C06,X,Regular,0.1888,0.32
U05007,C07,Instagram,Regular,0.178,0.2989
U05008,C08,Reddit,Regular,0.1379,0.0665
U05009,C09,Facebook,Regular,0.0755,0.0792
U05010,C10,X,Regular,0.1489,0.1393
U05011,C11,Instagram,Influential,0.7044,0.9346
U05012,C12,X,Regular,0.1245,0.2494
U05013,C13,Reddit,Active,0.7145,0.1757
U05014,C14,YouTube,Active,0.5331,0.3794
U05015,C15,Reddit,Active,0.7619,0.4284
U05016,C16,X,Regular,0.174,0.1065
U05017,C17,Facebook,Regular,0.0144,0.2884
U05018,C18,Instagram,Regular,0.1353,0.1232
U05019,C19,X,Regular,0.4932,0.2271
U05020,C20,Facebook,Bridge,0.7969,0.5403
U05021,C21,Facebook,Regular,0.0921,0.1353
U05022,C22,Instagram,Regular,0.4449,0.1407
U05023,C23,Instagram,Regular,0.2104,0.025
U05024,C24,X,Active,0.3361,0.4062
U05025,C25,Reddit,Active,0.7764,0.416
U05026,C01,Instagram,Bridge,0.7197,0.6841
U05027,C02,X,Regular,0.3823,0.0706
U05028,C03,Instagram,Regular,0.0211,0.2413
U05029,C04,Instagram,Regular,0.2686,0.2463
U05030,C05,YouTube,Regular,0.2774,0.3535
U05031,C06,Facebook,Regular,0.3155,0.1853
U05032,C07,Reddit,Regular,0.1296,0.0425
U05033,C08,Instagram,Regular,0.1313,0.0696
U05034,C09,Reddit,Regular,0.3314,0.0489
U05035,C10,YouTube,Regular,0.1926,0.0726
U05036,C11,X,Regular,0.0396,0.0584
U05037,C12,YouTube,Regular,0.1669,0.1928
U05038,C13,X,Influential,0.9649,0.7082
U05039,C14,YouTube,Regular,0.0485,0.0431
U05040,C15,Facebook,Regular,0.0553,0.3363
U05041,C16,Reddit,Regular,0.2744,0.1703
U05042,C17,X,Regular,0.0886,0.2583
U05043,C18,YouTube,Regular,0.1875,0.0579
U05044,C19,Instagram,Regular,0.0452,0.2307
U05045,C20,X,Regular,0.2325,0.1149
U05046,C21,YouTube,Regular,0.1496,0.1332
U05047,C22,Facebook,Regular,0.1366,0.1265
U05048,C23,Instagram,Active,0.5523,0.4291
U05049,C24,YouTube,Influential,0.835,0.9099
U05050,C25,Reddit,Regular,0.113,0.0358
U05051,C01,Reddit,Regular,0.0895,0.1592
U05052,C02,Facebook,Regular,0.1508,0.095
U05053,C03,X,Regular,0.1425,0.1059
U05054,C04,Facebook,Regular,0.1799,0.0775
U05055,C05,Reddit,Regular,0.2467,0.2304
U05056,C06,Facebook,Active,0.7565,0.1621
U05057,C07,Instagram,Regular,0.2919,0.2517
U05058,C08,Facebook,Regular,0.2929,0.2071
U05059,C09,Facebook,Regular,0.146,0.1858
U05060,C10,Facebook,Regular,0.3209,0.062
U05061,C11,YouTube,Regular,0.2631,0.0271
U05062,C12,X,Active,0.6325,0.3148
U05063,C13,X,Active,0.8119,0.4928
U05064,C14,YouTube,Regular,0.3437,0.2592
U05065,C15,X,Regular,0.3371,0.1003
U05066,C16,Facebook,Regular,0.4277,0.2413
U05067,C17,YouTube,Active,0.8208,0.3725
U05068,C18,Instagram,Regular,0.2073,0.2428
U05069,C19,YouTube,Regular,0.1577,0.2162
U05070,C20,X,Regular,0.1277,0.1598
U05071,C21,Reddit,Influential,0.8656,0.9452
U05072,C22,Reddit,Regular,0.2879,0.2301
U05073,C23,Instagram,Regular,0.4281,0.0656
U05074,C24,YouTube,Regular,0.1551,0.6238
U05075,C25,Instagram,Influential,0.5882,0.8982
U05076,C01,X,Regular,0.2892,0.029
U05077,C02,Instagram,Influential,0.9226,0.9013
U05078,C03,Reddit,Regular,0.1418,0.1565
U05079,C04,Facebook,Regular,0.1611,0.2637
U05080,C05,Facebook,Regular,0.3251,0.1761
U05081,C06,X,Regular,0.0578,0.2882
U05082,C07,YouTube,Active,0.7259,0.3038
U05083,C08,Reddit,Regular,0.3429,0.1586
U05084,C09,Facebook,Regular,0.0946,0.1137
U05085,C10,Reddit,Regular,0.1941,0.1588
U05086,C11,Reddit,Regular,0.4635,0.0892
U05087,C12,Reddit,Influential,0.8077,0.8492
U05088,C13,Instagram,Active,0.7114,0.1357
U05089,C14,X,Regular,0.326,0.3647
U05090,C15,YouTube,Regular,0.0671,0.0535
U05091,C16,Instagram,Regular,0.0703,0.1078
U05092,C17,X,Regular,0.1515,0.2048
U05093,C18,X,Regular,0.201,0.2749
U05094,C19,YouTube,Regular,0.3509,0.2602
U05095,C20,YouTube,Regular,0.1656,0.0475
U05096,C21,Instagram,Regular,0.1703,0.0639
U05097,C22,YouTube,Regular,0.4475,0.3469
U05098,C23,Reddit,Active,0.5811,0.2412
U05099,C24,YouTube,Regular,0.5328,0.1752
U05100,C25,YouTube,Regular,0.3883,0.0533
U05101,C01,Facebook,Regular,0.3349,0.1676
U05102,C02,X,Regular,0.1357,0.2053
U05103,C03,YouTube,Regular,0.3528,0.1223
U05104,C04,Facebook,Regular,0.1736,0.2592
U05105,C05,Reddit,Regular,0.0854,0.2237
U05106,C06,Instagram,Regular,0.061,0.0907
U05107,C07,Facebook,Regular,0.2414,0.1257
U05108,C08,Facebook,Active,0.6695,0.3107
U05109,C09,X,Regular,0.2392,0.0543
U05110,C10,Facebook,Regular,0.103,0.2743
U05111,C11,Facebook,Active,0.535,0.3434
U05112,C12,YouTube,Regular,0.2744,0.063
U05113,C13,X,Regular,0.3604,0.0794
U05114,C14,Instagram,Regular,0.17,0.1106
U05115,C15,X,Regular,0.5019,0.0178
U05116,C16,Instagram,Active,0.472,0.5467
U05117,C17,X,Regular,0.2485,0.1219
U05118,C18,X,Regular,0.6125,0.2719
U05119,C19,Reddit,Regular,0.4168,0.2088
U05120,C20,Instagram,Regular,0.2334,0.0157
U05121,C21,Instagram,Active,0.3517,0.3284
U05122,C22,Facebook,Active,0.618,0.2059
U05123,C23,Instagram,Bridge,0.4941,0.4829
U05124,C24,X,Regular,0.1757,0.2701
U05125,C25,Reddit,Regular,0.1936,0.0149
U05126,C01,Reddit,Regular,0.0567,0.4797
U05127,C02,YouTube,Regular,0.2017,0.3413
U05128,C03,Reddit,Active,0.6998,0.4078
U05129,C04,Reddit,Regular,0.1341,0.1249
U05130,C05,Reddit,Regular,0.1237,0.1446
U05131,C06,X,Regular,0.1302,0.0183
U05132,C07,Facebook,Regular,0.1173,0.0868
U05133,C08,X,Regular,0.0426,0.1107
U05134,C09,Reddit,Regular,0.1076,0.0283
U05135,C10,Instagram,Active,0.3081,0.4946
U05136,C11,YouTube,Regular,0.266,0.138
U05137,C12,Facebook,Active,0.4825,0.4818
U05138,C13,Reddit,Regular,0.3592,0.2308
U05139,C14,YouTube,Active,0.5654,0.4876
U05140,C15,Reddit,Regular,0.2161,0.119
U05141,C16,Reddit,Regular,0.0932,0.1384
U05142,C17,Instagram,Active,0.1518,0.722
U05143,C18,X,Regular,0.0886,0.4013
U05144,C19,Reddit,Regular,0.1276,0.1219
U05145,C20,Facebook,Regular,0.0504,0.3362
U05146,C21,Facebook,Regular,0.3131,0.0786
U05147,C22,Facebook,Regular,0.1624,0.3283
U05148,C23,Reddit,Bridge,0.5808,0.7555
U05149,C24,X,Regular,0.1974,0.0302
U05150,C25,X,Active,0.5622,0.2825
U05151,C01,Instagram,Regular,0.0933,0.1387
U05152,C02,Reddit,Regular,0.0786,0.2541
U05153,C03,YouTube,Influential,0.8511,0.9244
U05154,C04,Instagram,Regular,0.4299,0.1116
U05155,C05,YouTube,Regular,0.2967,0.13
U05156,C06,Instagram,Bridge,0.7692,0.5547
U05157,C07,X,Active,0.7057,0.2771
U05158,C08,Facebook,Active,0.3316,0.3423
U05159,C09,Reddit,Regular,0.1275,0.1683
U05160,C10,Instagram,Regular,0.265,0.3808
U05161,C11,X,Active,0.6318,0.3062
U05162,C12,YouTube,Regular,0.3494,0.0616
U05163,C13,Instagram,Bridge,0.889,0.5787
U05164,C14,Facebook,Active,0.6265,0.4324
U05165,C15,Facebook,Regular,0.1218,0.4402
U05166,C16,X,Regular,0.1371,0.1224
U05167,C17,Reddit,Regular,0.1042,0.0511
U05168,C18,Instagram,Regular,0.2063,0.0986
U05169,C19,X,Active,0.4821,0.2557
U05170,C20,Instagram,Influential,0.9412,0.8447
U05171,C21,Reddit,Active,0.5746,0.3179
U05172,C22,YouTube,Regular,0.1913,0.1855
U05173,C23,Facebook,Regular,0.0574,0.1437
U05174,C24,Reddit,Regular,0.3486,0.1086
U05175,C25,Instagram,Influential,0.7482,0.9837
U05176,C01,Facebook,Regular,0.1432,0.0956
U05177,C02,X,Regular,0.0779,0.1705
U05178,C03,X,Regular,0.2147,0.3006
U05179,C04,Facebook,Regular,0.2806,0.1143
U05180,C05,Instagram,Regular,0.0721,0.1853
U05181,C06,X,Regular,0.238,0.1317
U05182,C07,X,Active,0.4857,0.2856
U05183,C08,Reddit,Regular,0.4231,0.1186
U05184,C09,YouTube,Regular,0.328,0.0582
U05185,C10,Facebook,Regular,0.156,0.2129
U05186,C11,Facebook,Regular,0.1155,0.0735
U05187,C12,X,Regular,0.2397,0.2204
U05188,C13,X,Regular,0.0549,0.0768
U05189,C14,YouTube,Bridge,0.7257,0.42
U05190,C15,YouTube,Influential,0.5738,0.7208
U05191,C16,Instagram,Regular,0.0709,0.2732
U05192,C17,YouTube,Active,0.7405,0.3792
U05193,C18,X,Regular,0.0644,0.0757
U05194,C19,Reddit,Influential,0.5758,0.8012
U05195,C20,Instagram,Active,0.4701,0.3394
U05196,C21,Instagram,Active,0.5749,0.6157
U05197,C22,X,Regular,0.0275,0.1347
U05198,C23,YouTube,Regular,0.0154,0.0227
U05199,C24,X,Regular,0.1442,0.1167
U05200,C25,Instagram,Regular,0.2705,0.1286
U05201,C01,X,Regular,0.4323,0.2202
U05202,C02,Facebook,Regular,0.4784,0.1717
U05203,C03,X,Regular,0.1625,0.1587
U05204,C04,YouTube,Bridge,0.1577,0.8302
U05205,C05,Facebook,Regular,0.0702,0.0916
U05206,C06,X,Regular,0.2581,0.1054
U05207,C07,Facebook,Active,0.535,0.2018
U05208,C08,Facebook,Regular,0.1604,0.1361
U05209,C09,Reddit,Regular,0.1668,0.2783
U05210,C10,YouTube,Active,0.6362,0.6425
U05211,C11,X,Regular,0.0613,0.4233
U05212,C12,X,Regular,0.0887,0.3005
U05213,C13,Facebook,Active,0.4767,0.4
U05214,C14,YouTube,Active,0.5918,0.3657
U05215,C15,Instagram,Active,0.5919,0.3341
U05216,C16,Instagram,Regular,0.0605,0.0844
U05217,C17,Facebook,Regular,0.145,0.1499
U05218,C18,YouTube,Influential,0.8486,0.7306
U05219,C19,Instagram,Regular,0.1989,0.0626
U05220,C20,YouTube,Active,0.3078,0.2372
U05221,C21,Instagram,Regular,0.164,0.1517
U05222,C22,X,Active,0.1707,0.3023
U05223,C23,YouTube,Active,0.4864,0.3853
U05224,C24,Instagram,Regular,0.0954,0.3404
U05225,C25,Instagram,Regular,0.4064,0.1255
U05226,C01,Facebook,Regular,0.2328,0.0495
U05227,C02,Facebook,Regular,0.0698,0.2068
U05228,C03,YouTube,Regular,0.161,0.1085
U05229,C04,YouTube,Regular,0.129,0.1757
U05230,C05,Facebook,Regular,0.1769,0.2806
U05231,C06,Facebook,Regular,0.1455,0.103
U05232,C07,X,Regular,0.192,0.2152
U05233,C08,Facebook,Regular,0.3496,0.1371
U05234,C09,Instagram,Regular,0.173,0.0999
U05235,C10,X,Regular,0.2535,0.0746
U05236,C11,Facebook,Active,0.7096,0.1883
U05237,C12,Facebook,Influential,0.8233,0.6968
U05238,C13,Instagram,Regular,0.3508,0.176
U05239,C14,Facebook,Regular,0.1482,0.0138
U05240,C15,YouTube,Regular,0.3826,0.1444
U05241,C16,X,Regular,0.152,0.168
U05242,C17,X,Regular,0.0685,0.1473
U05243,C18,Facebook,Regular,0.2367,0.1807
U05244,C19,Facebook,Regular,0.2221,0.2756
U05245,C20,X,Regular,0.1265,0.1368
U05246,C21,Instagram,Active,0.3539,0.2635
U05247,C22,Facebook,Active,0.4742,0.2406
U05248,C23,Facebook,Regular,0.0384,0.0625
U05249,C24,Facebook,Regular,0.3299,0.0978
U05250,C25,Facebook,Active,0.3205,0.4034
U05251,C01,Facebook,Active,0.7027,0.5243
U05252,C02,Facebook,Active,0.6522,0.2727
U05253,C03,Reddit,Regular,0.2462,0.1029
U05254,C04,Instagram,Regular,0.0757,0.3618
U05255,C05,X,Regular,0.3829,0.3317
U05256,C06,Facebook,Regular,0.0966,0.0635
U05257,C07,Instagram,Regular,0.3609,0.3955
U05258,C08,X,Active,0.6312,0.6701
U05259,C09,YouTube,Regular,0.3111,0.144
U05260,C10,X,Active,0.4088,0.3421
U05261,C11,YouTube,Regular,0.2368,0.2622
U05262,C12,Facebook,Regular,0.1264,0.2088
U05263,C13,Instagram,Regular,0.031,0.1168
U05264,C14,X,Regular,0.0574,0.0985
U05265,C15,X,Regular,0.1964,0.0764
U05266,C16,Facebook,Active,0.5817,0.2882
U05267,C17,YouTube,Regular,0.2238,0.1371
U05268,C18,Instagram,Influential,0.7155,0.9309
U05269,C19,X,Regular,0.1878,0.2436
U05270,C20,Facebook,Regular,0.3912,0.2796
U05271,C21,Instagram,Regular,0.057,0.1153
U05272,C22,Instagram,Regular,0.1138,0.1526
U05273,C23,Facebook,Active,0.7114,0.1414
U05274,C24,Instagram,Regular,0.2065,0.1269
U05275,C25,YouTube,Active,0.5537,0.1873
U05276,C01,YouTube,Regular,0.0281,0.0234
U05277,C02,Instagram,Regular,0.1313,0.2794
U05278,C03,YouTube,Regular,0.0217,0.207
U05279,C04,Facebook,Active,0.6155,0.2674
U05280,C05,X,Regular,0.2246,0.1313
U05281,C06,Instagram,Regular,0.0171,0.3354
U05282,C07,X,Active,0.581,0.2939
U05283,C08,YouTube,Regular,0.1236,0.0552
U05284,C09,Facebook,Regular,0.0795,0.0682
U05285,C10,Instagram,Regular,0.3651,0.0586
U05286,C11,Instagram,Regular,0.0874,0.1894
U05287,C12,YouTube,Regular,0.1631,0.0277
U05288,C13,Facebook,Regular,0.2353,0.132
U05289,C14,X,Regular,0.0769,0.3326
U05290,C15,Reddit,Regular,0.1829,0.0726
U05291,C16,Reddit,Active,0.4304,0.3853
U05292,C17,Instagram,Regular,0.1147,0.2002
U05293,C18,Facebook,Regular,0.0857,0.0809
U05294,C19,Reddit,Regular,0.1399,0.1569
U05295,C20,Instagram,Regular,0.28,0.1526
U05296,C21,Facebook,Influential,0.7891,0.8349
U05297,C22,Facebook,Regular,0.1743,0.0052
U05298,C23,YouTube,Regular,0.1107,0.245
U05299,C24,X,Regular,0.2538,0.0831
U05300,C25,Instagram,Influential,0.6946,0.9257
U05301,C01,X,Regular,0.2876,0.2429
U05302,C02,Facebook,Regular,0.0696,0.3795
U05303,C03,YouTube,Regular,0.1029,0.113
U05304,C04,YouTube,Regular,0.3837,0.2579
U05305,C05,Instagram,Regular,0.232,0.1089
U05306,C06,Facebook,Active,0.8434,0.3863
U05307,C07,Facebook,Regular,0.1365,0.0322
U05308,C08,Facebook,Regular,0.0102,0.0444
U05309,C09,Facebook,Regular,0.3851,0.0458
U05310,C10,YouTube,Regular,0.2157,0.0742
U05311,C11,X,Active,0.4847,0.16
U05312,C12,Facebook,Regular,0.4525,0.3882
U05313,C13,Facebook,Regular,0.0552,0.035
U05314,C14,Reddit,Regular,0.0957,0.1043
U05315,C15,X,Active,0.8816,0.242
U05316,C16,Instagram,Regular,0.1577,0.1598
U05317,C17,Facebook,Regular,0.0172,0.12
U05318,C18,Instagram,Active,0.326,0.3539
U05319,C19,Instagram,Active,0.7853,0.234
U05320,C20,X,Regular,0.1879,0.0815
U05321,C21,Facebook,Regular,0.4334,0.272
U05322,C22,X,Regular,0.1368,0.1849
U05323,C23,YouTube,Regular,0.2562,0.0481
U05324,C24,Facebook,Regular,0.0675,0.2081
U05325,C25,Facebook,Regular,0.1159,0.2403
U05326,C01,X,Regular,0.1855,0.2958
U05327,C02,Reddit,Regular,0.1866,0.133
U05328,C03,Facebook,Regular,0.2387,0.3108
U05329,C04,Instagram,Regular,0.3747,0.2257
U05330,C05,Instagram,Regular,0.0301,0.1055
U05331,C06,YouTube,Regular,0.3212,0.2597
U05332,C07,Facebook,Regular,0.3206,0.1475
U05333,C08,X,Regular,0.078,0.0614
U05334,C09,YouTube,Influential,0.7899,0.7358
U05335,C10,Instagram,Active,0.6579,0.3765
U05336,C11,X,Regular,0.4042,0.0806
U05337,C12,Facebook,Regular,0.1385,0.1591
U05338,C13,Instagram,Regular,0.142,0.3843
U05339,C14,Facebook,Influential,0.9333,0.869
U05340,C15,YouTube,Regular,0.3115,0.3808
U05341,C16,Facebook,Regular,0.4888,0.0513
U05342,C17,Reddit,Regular,0.3362,0.2984
U05343,C18,Facebook,Regular,0.0674,0.2678
U05344,C19,Instagram,Regular,0.1228,0.1282
U05345,C20,X,Regular,0.3487,0.0404
U05346,C21,X,Regular,0.1375,0.1186
U05347,C22,Reddit,Active,0.6752,0.3823
U05348,C23,YouTube,Regular,0.3343,0.1716
U05349,C24,Facebook,Regular,0.1576,0.0431
U05350,C25,YouTube,Regular,0.0783,0.3206
U05351,C01,Instagram,Regular,0.1742,0.0746
U05352,C02,Facebook,Active,0.6251,0.2721
U05353,C03,Instagram,Regular,0.0915,0.0231
U05354,C04,Reddit,Active,0.5867,0.413
U05355,C05,Facebook,Active,0.1768,0.2984
U05356,C06,Reddit,Active,0.2838,0.283
U05357,C07,X,Regular,0.0551,0.0663
U05358,C08,YouTube,Active,0.7546,0.2952
U05359,C09,Instagram,Regular,0.05,0.073
U05360,C10,X,Active,0.7443,0.2707
U05361,C11,X,Regular,0.297,0.025
U05362,C12,Instagram,Regular,0.1521,0.2063
U05363,C13,Facebook,Active,0.788,0.3451
U05364,C14,Instagram,Active,0.4532,0.5537
U05365,C15,Facebook,Regular,0.1946,0.092
U05366,C16,Facebook,Regular,0.083,0.1536
U05367,C17,Instagram,Regular,0.153,0.0889
U05368,C18,Facebook,Regular,0.1346,0.3303
U05369,C19,Reddit,Regular,0.0595,0.1211
U05370,C20,Reddit,Regular,0.103,0.2398
U05371,C21,X,Regular,0.2678,0.1295
U05372,C22,X,Active,0.5911,0.1887
U05373,C23,X,Influential,0.8295,0.5564
U05374,C24,X,Regular,0.2109,0.244
U05375,C25,Reddit,Regular,0.1251,0.1193
U05376,C01,YouTube,Active,0.4977,0.5634
U05377,C02,Facebook,Regular,0.2009,0.194
U05378,C03,Instagram,Regular,0.2624,0.1273
U05379,C04,Reddit,Regular,0.1313,0.1583
U05380,C05,YouTube,Regular,0.1645,0.2101
U05381,C06,Reddit,Regular,0.2358,0.0374
U05382,C07,X,Bridge,0.7353,0.2933
U05383,C08,Instagram,Regular,0.1505,0.364
U05384,C09,Instagram,Active,0.5491,0.1628
U05385,C10,Reddit,Regular,0.1943,0.1172
U05386,C11,Facebook,Regular,0.3304,0.1977
U05387,C12,Facebook,Regular,0.1543,0.3085
U05388,C13,X,Regular,0.0916,0.2114
U05389,C14,Instagram,Regular,0.3826,0.4136
U05390,C15,Reddit,Regular,0.269,0.2064
U05391,C16,YouTube,Regular,0.0836,0.1651
U05392,C17,YouTube,Regular,0.2407,0.1291
U05393,C18,X,Influential,0.4922,0.7418
U05394,C19,X,Active,0.4096,0.198
U05395,C20,YouTube,Bridge,0.5324,0.3812
U05396,C21,Reddit,Regular,0.1792,0.1246
U05397,C22,YouTube,Active,0.4668,0.4056
U05398,C23,Instagram,Active,0.4446,0.4617
U05399,C24,X,Regular,0.0681,0.2887
U05400,C25,YouTube,Regular,0.2289,0.0067
U05401,C01,Instagram,Active,0.3012,0.3109
U05402,C02,X,Regular,0.2184,0.3401
U05403,C03,YouTube,Regular,0.2128,0.1056
U05404,C04,Instagram,Regular,0.3619,0.1688
U05405,C05,X,Regular,0.0204,0.1814
U05406,C06,YouTube,Regular,0.0101,0.0804
U05407,C07,X,Regular,0.1379,0.217
U05408,C08,Facebook,Active,0.7093,0.5204
U05409,C09,X,Regular,0.1245,0.1537
U05410,C10,X,Regular,0.0496,0.1262
U05411,C11,X,Regular,0.0984,0.0423
U05412,C12,X,Regular,0.1069,0.0807
U05413,C13,Instagram,Regular,0.4787,0.2123
U05414,C14,Reddit,Active,0.7218,0.2348
U05415,C15,Instagram,Active,0.5682,0.2878
U05416,C16,Facebook,Regular,0.2721,0.0526
U05417,C17,Reddit,Regular,0.128,0.17
U05418,C18,YouTube,Regular,0.0275,0.0978
U05419,C19,Instagram,Active,0.3006,0.205
U05420,C20,Facebook,Regular,0.1387,0.1872
U05421,C21,Reddit,Regular,0.4919,0.3083
U05422,C22,Reddit,Regular,0.4102,0.0608
U05423,C23,Instagram,Regular,0.1233,0.3755
U05424,C24,YouTube,Regular,0.4505,0.1909
U05425,C25,Reddit,Regular,0.2329,0.2014
U05426,C01,X,Influential,0.7986,0.9015
U05427,C02,Instagram,Active,0.6924,0.293
U05428,C03,Instagram,Regular,0.1405,0.1694
U05429,C04,Facebook,Active,0.385,0.4557
U05430,C05,YouTube,Active,0.4074,0.4388
U05431,C06,Instagram,Active,0.0849,0.4203
U05432,C07,Instagram,Active,0.619,0.5869
U05433,C08,YouTube,Regular,0.1259,0.1133
U05434,C09,Instagram,Regular,0.136,0.4117
U05435,C10,Instagram,Regular,0.446,0.2277
U05436,C11,X,Regular,0.1877,0.2602
U05437,C12,Facebook,Regular,0.0196,0.1227
U05438,C13,Facebook,Regular,0.349,0.0145
U05439,C14,Reddit,Regular,0.2063,0.2292
U05440,C15,YouTube,Regular,0.2219,0.182
U05441,C16,YouTube,Regular,0.0949,0.0602
U05442,C17,Instagram,Active,0.4674,0.4415
U05443,C18,Facebook,Active,0.5987,0.4471
U05444,C19,Instagram,Regular,0.1551,0.1619
U05445,C20,Facebook,Regular,0.2422,0.3553
U05446,C21,X,Active,0.7058,0.3341
U05447,C22,YouTube,Regular,0.0976,0.187
U05448,C23,X,Regular,0.0795,0.0423
U05449,C24,Instagram,Active,0.5886,0.1961
U05450,C25,Facebook,Active,0.4051,0.3217
U05451,C01,Instagram,Regular,0.0931,0.2286
U05452,C02,YouTube,Regular,0.0903,0.1351
U05453,C03,Instagram,Regular,0.1067,0.1882
U05454,C04,Facebook,Regular,0.2078,0.1849
U05455,C05,Reddit,Regular,0.1081,0.1322
U05456,C06,YouTube,Regular,0.0617,0.3189
U05457,C07,X,Regular,0.2197,0.2134
U05458,C08,Facebook,Regular,0.122,0.0754
U05459,C09,YouTube,Regular,0.1504,0.3365
U05460,C10,X,Regular,0.1614,0.1823
U05461,C11,Reddit,Regular,0.2773,0.0279
U05462,C12,Instagram,Regular,0.217,0.371
U05463,C13,Reddit,Active,0.5228,0.7038
U05464,C14,Facebook,Regular,0.3384,0.2752
U05465,C15,X,Regular,0.2839,0.1618
U05466,C16,Facebook,Regular,0.4365,0.1708
U05467,C17,YouTube,Regular,0.221,0.2424
U05468,C18,X,Regular,0.2099,0.056
U05469,C19,X,Active,0.397,0.3404
U05470,C20,Reddit,Active,0.6826,0.4155
U05471,C21,X,Regular,0.1332,0.1406
U05472,C22,Facebook,Influential,0.8417,0.8879
U05473,C23,Reddit,Regular,0.1256,0.0925
U05474,C24,X,Influential,0.7714,0.9367
U05475,C25,X,Influential,0.7674,0.8942
U05476,C01,X,Regular,0.0959,0.1086
U05477,C02,Instagram,Active,0.7909,0.3726
U05478,C03,X,Regular,0.2419,0.1908
U05479,C04,Facebook,Influential,0.7682,0.89
U05480,C05,X,Active,0.375,0.2986
U05481,C06,Instagram,Regular,0.1208,0.1121
U05482,C07,Instagram,Regular,0.1621,0.2628
U05483,C08,Facebook,Active,0.364,0.2699
U05484,C09,Instagram,Regular,0.1571,0.1
U05485,C10,Instagram,Regular,0.3745,0.1161
U05486,C11,YouTube,Regular,0.4634,0.2374
U05487,C12,Facebook,Active,0.5033,0.4551
U05488,C13,Facebook,Regular,0.2577,0.1749
U05489,C14,YouTube,Regular,0.0981,0.1743
U05490,C15,X,Regular,0.2334,0.194
U05491,C16,X,Regular,0.052,0.0827
U05492,C17,X,Regular,0.2884,0.0125
U05493,C18,Instagram,Regular,0.1475,0.0858
U05494,C19,Instagram,Active,0.6891,0.146
U05495,C20,X,Active,0.7653,0.448
U05496,C21,YouTube,Active,0.5536,0.2531
U05497,C22,Facebook,Regular,0.3064,0.3121
U05498,C23,Reddit,Regular,0.1113,0.3019
U05499,C24,Reddit,Active,0.6949,0.4548
U05500,C25,YouTube,Regular,0.2389,0.3823
U05501,C01,Facebook,Active,0.396,0.2542
U05502,C02,X,Regular,0.1138,0.2796
U05503,C03,YouTube,Regular,0.1285,0.0515
U05504,C04,YouTube,Active,0.4721,0.3229
U05505,C05,Instagram,Regular,0.1309,0.3395
U05506,C06,Facebook,Regular,0.2504,0.1372
U05507,C07,YouTube,Regular,0.1508,0.2524
U05508,C08,Facebook,Regular,0.2282,0.0302
U05509,C09,X,Regular,0.0856,0.0271
U05510,C10,X,Regular,0.3012,0.1398
U05511,C11,Instagram,Regular,0.3255,0.1348
U05512,C12,X,Regular,0.2348,0.1856
U05513,C13,Instagram,Regular,0.0744,0.2478
U05514,C14,Instagram,Regular,0.0914,0.1275
U05515,C15,X,Active,0.6697,0.276
U05516,C16,Facebook,Regular,0.2733,0.3241
U05517,C17,Facebook,Regular,0.2802,0.2638
U05518,C18,Reddit,Regular,0.3468,0.1058
U05519,C19,Facebook,Influential,0.7174,0.8634
U05520,C20,Facebook,Active,0.7838,0.2804
U05521,C21,YouTube,Regular,0.1865,0.1009
U05522,C22,X,Regular,0.3012,0.3047
U05523,C23,Facebook,Regular,0.2612,0.1895
U05524,C24,Facebook,Regular,0.1861,0.0217
U05525,C25,Facebook,Regular,0.1033,0.1374
U05526,C01,X,Active,0.5301,0.2736
U05527,C02,Facebook,Regular,0.2455,0.0719
U05528,C03,Instagram,Regular,0.1839,0.0971
U05529,C04,X,Regular,0.2293,0.2402
U05530,C05,Instagram,Regular,0.0505,0.0585
U05531,C06,YouTube,Active,0.5681,0.2853
U05532,C07,Instagram,Regular,0.0848,0.1591
U05533,C08,Instagram,Regular,0.4098,0.0603
U05534,C09,Facebook,Regular,0.0909,0.0977
U05535,C10,YouTube,Active,0.6728,0.3902
U05536,C11,Facebook,Regular,0.1461,0.1444
U05537,C12,X,Regular,0.3651,0.1933
U05538,C13,Instagram,Regular,0.3374,0.087
U05539,C14,Instagram,Regular,0.0567,0.3742
U05540,C15,YouTube,Regular,0.1677,0.0874
U05541,C16,Facebook,Regular,0.0947,0.074
U05542,C17,YouTube,Regular,0.3856,0.2535
U05543,C18,Instagram,Regular,0.2875,0.217
U05544,C19,YouTube,Regular,0.3034,0.3345
U05545,C20,Facebook,Regular,0.1857,0.1234
U05546,C21,X,Regular,0.4547,0.0665
U05547,C22,Facebook,Regular,0.3222,0.2332
U05548,C23,X,Active,0.6922,0.3082
U05549,C24,Reddit,Active,0.7439,0.3727
U05550,C25,Instagram,Regular,0.0617,0.1929
U05551,C01,Instagram,Regular,0.363,0.1903
U05552,C02,YouTube,Influential,0.9535,0.802
U05553,C03,Facebook,Active,0.3915,0.2424
U05554,C04,Instagram,Bridge,0.4733,0.3844
U05555,C05,YouTube,Influential,0.9734,0.7971
U05556,C06,Instagram,Regular,0.1827,0.1808
U05557,C07,Facebook,Influential,0.5815,0.8678
U05558,C08,X,Regular,0.1694,0.0288
U05559,C09,Facebook,Active,0.8385,0.5768
U05560,C10,Instagram,Regular,0.2408,0.2645
U05561,C11,Facebook,Regular,0.2798,0.0277
U05562,C12,X,Regular,0.4138,0.1949
U05563,C13,X,Regular,0.2095,0.0444
U05564,C14,Reddit,Regular,0.0226,0.1046
U05565,C15,Facebook,Active,0.1645,0.143
U05566,C16,X,Active,0.3783,0.3303
U05567,C17,YouTube,Regular,0.2639,0.2145
U05568,C18,X,Regular,0.3356,0.1188
U05569,C19,Facebook,Regular,0.125,0.0761
U05570,C20,Instagram,Regular,0.1677,0.2057
U05571,C21,Instagram,Regular,0.0853,0.0518
U05572,C22,Reddit,Regular,0.2076,0.5501
U05573,C23,Facebook,Influential,0.8256,0.8993
U05574,C24,Instagram,Regular,0.1787,0.202
U05575,C25,Instagram,Regular,0.3332,0.3792
U05576,C01,YouTube,Regular,0.3163,0.1722
U05577,C02,Reddit,Active,0.5955,0.5888
U05578,C03,Facebook,Regular,0.318,0.0879
U05579,C04,X,Regular,0.0878,0.2714
U05580,C05,Facebook,Regular,0.1506,0.1697
U05581,C06,Reddit,Regular,0.2786,0.1856
U05582,C07,YouTube,Regular,0.0931,0.1809
U05583,C08,YouTube,Regular,0.3004,0.0875
U05584,C09,Facebook,Regular,0.1722,0.1366
U05585,C10,X,Regular,0.3525,0.445
U05586,C11,YouTube,Influential,0.7402,0.5908
U05587,C12,Facebook,Regular,0.1928,0.1469
U05588,C13,X,Regular,0.2977,0.4658
U05589,C14,Facebook,Regular,0.5131,0.0806
U05590,C15,YouTube,Regular,0.2078,0.2208
U05591,C16,YouTube,Regular,0.3145,0.0803
U05592,C17,Facebook,Regular,0.2391,0.0467
U05593,C18,X,Regular,0.3097,0.1852
U05594,C19,X,Regular,0.2651,0.1343
U05595,C20,Reddit,Regular,0.1059,0.1686
U05596,C21,X,Regular,0.1976,0.1998
U05597,C22,YouTube,Regular,0.2273,0.0637
U05598,C23,Instagram,Active,0.2784,0.5225
U05599,C24,X,Regular,0.2704,0.0904
U05600,C25,Instagram,Regular,0.1635,0.1561
U05601,C01,X,Regular,0.2959,0.2009
U05602,C02,Facebook,Active,0.7442,0.2597
U05603,C03,YouTube,Regular,0.0344,0.22
U05604,C04,Reddit,Regular,0.1114,0.0594
U05605,C05,Facebook,Regular,0.2048,0.0938
U05606,C06,X,Regular,0.1661,0.4568
U05607,C07,X,Influential,0.8274,0.7079
U05608,C08,Reddit,Regular,0.5966,0.0857
U05609,C09,X,Regular,0.1031,0.1636
U05610,C10,Reddit,Regular,0.0761,0.2397
U05611,C11,Reddit,Active,0.6229,0.1924
U05612,C12,Instagram,Influential,0.8067,0.4691
U05613,C13,Reddit,Regular,0.0538,0.2005
U05614,C14,Reddit,Regular,0.1675,0.2044
U05615,C15,X,Regular,0.12,0.2338
U05616,C16,YouTube,Regular,0.3552,0.2407
U05617,C17,Facebook,Influential,0.7111,0.6593
U05618,C18,YouTube,Regular,0.0507,0.1008
U05619,C19,YouTube,Regular,0.165,0.1884
U05620,C20,Reddit,Bridge,0.45,0.7236
U05621,C21,X,Active,0.4906,0.1459
U05622,C22,Facebook,Regular,0.1564,0.1926
U05623,C23,Reddit,Regular,0.2448,0.1403
U05624,C24,Facebook,Regular,0.4262,0.0874
U05625,C25,X,Active,0.7493,0.3632
U05626,C01,Reddit,Regular,0.4323,0.0829
U05627,C02,X,Active,0.5768,0.3472
U05628,C03,Facebook,Regular,0.2381,0.1659
U05629,C04,Instagram,Active,0.4736,0.3585
U05630,C05,X,Influential,0.948,0.4294
U05631,C06,Facebook,Regular,0.1505,0.1197
U05632,C07,Instagram,Active,0.7729,0.7088
U05633,C08,Facebook,Regular,0.3972,0.1026
U05634,C09,X,Regular,0.0442,0.0659
U05635,C10,X,Active,0.8209,0.216
U05636,C11,Instagram,Regular,0.0546,0.0492
U05637,C12,Facebook,Regular,0.1854,0.1856
U05638,C13,Instagram,Influential,0.5191,0.7903
U05639,C14,X,Regular,0.2674,0.0819
U05640,C15,Instagram,Regular,0.1146,0.2767
U05641,C16,X,Regular,0.3964,0.0767
U05642,C17,X,Bridge,0.6107,0.5899
U05643,C18,Facebook,Regular,0.3252,0.0685
U05644,C19,YouTube,Regular,0.1952,0.0467
U05645,C20,X,Regular,0.1979,0.2244
U05646,C21,Reddit,Regular,0.0884,0.0465
U05647,C22,Reddit,Regular,0.159,0.1167
U05648,C23,Facebook,Active,0.6403,0.1122
U05649,C24,X,Regular,0.18,0.0623
U05650,C25,Facebook,Active,0.6697,0.4574
U05651,C01,Reddit,Regular,0.4949,0.0148
U05652,C02,Facebook,Regular,0.1181,0.1574
U05653,C03,Instagram,Regular,0.2448,0.1009
U05654,C04,X,Regular,0.2232,0.1004
U05655,C05,Instagram,Active,0.3841,0.2657
U05656,C06,Facebook,Regular,0.1861,0.1224
U05657,C07,X,Regular,0.2072,0.3344
U05658,C08,Instagram,Active,0.8558,0.3716
U05659,C09,YouTube,Regular,0.0498,0.4331
U05660,C10,X,Regular,0.0476,0.3632
U05661,C11,Facebook,Regular,0.5337,0.0688
U05662,C12,Facebook,Regular,0.3988,0.2118
U05663,C13,X,Regular,0.0508,0.1305
U05664,C14,Reddit,Regular,0.1573,0.4979
U05665,C15,X,Regular,0.3434,0.0771
U05666,C16,Facebook,Regular,0.2469,0.0507
U05667,C17,Facebook,Regular,0.1289,0.1887
U05668,C18,Facebook,Regular,0.0267,0.0799
U05669,C19,Instagram,Influential,0.7808,0.9185
U05670,C20,Reddit,Regular,0.0386,0.2021
U05671,C21,Facebook,Regular,0.3073,0.2607
U05672,C22,YouTube,Active,0.525,0.3792
U05673,C23,Facebook,Regular,0.0987,0.0977
U05674,C24,YouTube,Regular,0.1174,0.0897
U05675,C25,Instagram,Regular,0.1585,0.3175
U05676,C01,Reddit,Regular,0.235,0.2397
U05677,C02,YouTube,Regular,0.2988,0.0721
U05678,C03,X,Active,0.5852,0.2812
U05679,C04,YouTube,Regular,0.2864,0.2528
U05680,C05,Facebook,Regular,0.1422,0.2423
U05681,C06,X,Regular,0.3075,0.1039
U05682,C07,Facebook,Regular,0.4018,0.0893
U05683,C08,Reddit,Active,0.7134,0.5127
U05684,C09,Reddit,Regular,0.1423,0.161
U05685,C10,X,Regular,0.1307,0.1005
U05686,C11,X,Regular,0.3201,0.0436
U05687,C12,Facebook,Regular,0.3514,0.3735
U05688,C13,Facebook,Regular,0.4947,0.0451
U05689,C14,X,Active,0.5315,0.276
U05690,C15,Facebook,Regular,0.3044,0.1976
U05691,C16,X,Regular,0.066,0.0695
U05692,C17,X,Active,0.8205,0.0756
U05693,C18,X,Active,0.8796,0.3225
U05694,C19,Instagram,Regular,0.109,0.1689
U05695,C20,YouTube,Regular,0.5143,0.1548
U05696,C21,Instagram,Regular,0.2713,0.1383
U05697,C22,Instagram,Regular,0.1253,0.1494
U05698,C23,Reddit,Regular,0.3813,0.1062
U05699,C24,X,Active,0.3892,0.4678
U05700,C25,Instagram,Influential,0.8001,0.9502
U05701,C01,Facebook,Regular,0.2003,0.2906
U05702,C02,YouTube,Regular,0.0764,0.2976
U05703,C03,YouTube,Regular,0.257,0.0987
U05704,C04,YouTube,Regular,0.2308,0.2079
U05705,C05,Instagram,Regular,0.1632,0.1553
U05706,C06,Reddit,Regular,0.2674,0.0144
U05707,C07,Instagram,Regular,0.2441,0.0361
U05708,C08,Instagram,Active,0.8176,0.4441
U05709,C09,Reddit,Active,0.317,0.5617
U05710,C10,Instagram,Regular,0.1834,0.083
U05711,C11,Reddit,Regular,0.118,0.1373
U05712,C12,Reddit,Regular,0.0294,0.3111
U05713,C13,Facebook,Active,0.2658,0.1926
U05714,C14,Instagram,Regular,0.1072,0.1088
U05715,C15,Instagram,Regular,0.3359,0.0744
U05716,C16,Reddit,Regular,0.5738,0.0711
U05717,C17,Reddit,Regular,0.1578,0.254
U05718,C18,Reddit,Regular,0.2282,0.0939
U05719,C19,Instagram,Active,0.4985,0.2879
U05720,C20,X,Active,0.662,0.3877
U05721,C21,X,Regular,0.1613,0.0252
U05722,C22,Reddit,Regular,0.1782,0.1456
U05723,C23,YouTube,Regular,0.2322,0.1952
U05724,C24,Reddit,Regular,0.2737,0.171
U05725,C25,Reddit,Regular,0.1624,0.0724
U05726,C01,X,Regular,0.0752,0.2122
U05727,C02,X,Regular,0.0545,0.0929
U05728,C03,Facebook,Regular,0.1493,0.0557
U05729,C04,Facebook,Regular,0.0953,0.2379
U05730,C05,X,Regular,0.0713,0.0443
U05731,C06,Reddit,Influential,0.4492,0.9577
U05732,C07,X,Regular,0.0708,0.1684
U05733,C08,Instagram,Regular,0.3518,0.1111
U05734,C09,Facebook,Regular,0.1153,0.2894
U05735,C10,X,Regular,0.2382,0.2856
U05736,C11,YouTube,Regular,0.1438,0.2672
U05737,C12,Instagram,Regular,0.3267,0.1364
U05738,C13,X,Active,0.6899,0.2954
U05739,C14,Reddit,Regular,0.1374,0.3138
U05740,C15,Reddit,Regular,0.2076,0.0939
U05741,C16,Facebook,Regular,0.1418,0.1205
U05742,C17,Reddit,Regular,0.0721,0.2003
U05743,C18,Instagram,Regular,0.2084,0.1468
U05744,C19,X,Active,0.5044,0.3997
U05745,C20,YouTube,Active,0.278,0.1304
U05746,C21,X,Regular,0.229,0.1651
U05747,C22,YouTube,Bridge,0.412,0.8088
U05748,C23,X,Active,0.3862,0.483
U05749,C24,X,Regular,0.0933,0.1503
U05750,C25,X,Regular,0.2268,0.1552
U05751,C01,Instagram,Regular,0.0941,0.074
U05752,C02,Facebook,Regular,0.068,0.0763
U05753,C03,Reddit,Active,0.4771,0.5672
U05754,C04,Facebook,Regular,0.1646,0.3991
U05755,C05,X,Regular,0.0709,0.0221
U05756,C06,X,Regular,0.5013,0.2041
U05757,C07,X,Regular,0.2781,0.0646
U05758,C08,X,Influential,0.683,0.8268
U05759,C09,YouTube,Regular,0.2257,0.1537
U05760,C10,YouTube,Regular,0.0461,0.0441
U05761,C11,Facebook,Regular,0.3491,0.1745
U05762,C12,X,Regular,0.1589,0.1781
U05763,C13,Reddit,Regular,0.4217,0.3002
U05764,C14,Instagram,Regular,0.4129,0.1656
U05765,C15,X,Regular,0.1797,0.3301
U05766,C16,Facebook,Regular,0.0979,0.1559
U05767,C17,Reddit,Regular,0.1326,0.1703
U05768,C18,Reddit,Active,0.2706,0.2837
U05769,C19,Instagram,Influential,0.6521,0.9377
U05770,C20,YouTube,Regular,0.1103,0.2105
U05771,C21,Reddit,Active,0.352,0.4731
U05772,C22,YouTube,Regular,0.2786,0.1636
U05773,C23,Instagram,Regular,0.0616,0.1025
U05774,C24,Facebook,Regular,0.06,0.0212
U05775,C25,X,Regular,0.2742,0.3704
U05776,C01,Instagram,Regular,0.6227,0.2778
U05777,C02,Facebook,Active,0.6353,0.2285
U05778,C03,Facebook,Active,0.5476,0.5611
U05779,C04,Instagram,Regular,0.1929,0.0835
U05780,C05,Instagram,Regular,0.3242,0.0652
U05781,C06,Facebook,Regular,0.0527,0.0657
U05782,C07,X,Regular,0.0581,0.0799
U05783,C08,Reddit,Regular,0.2112,0.1925
U05784,C09,Instagram,Regular,0.1342,0.0991
U05785,C10,Instagram,Active,0.3236,0.2248
U05786,C11,YouTube,Active,0.6823,0.3677
U05787,C12,X,Regular,0.1395,0.072
U05788,C13,Reddit,Active,0.2501,0.2338
U05789,C14,Instagram,Active,0.5327,0.0479
U05790,C15,Reddit,Regular,0.1423,0.1165
U05791,C16,YouTube,Regular,0.2352,0.2857
U05792,C17,Facebook,Regular,0.241,0.1544
U05793,C18,Instagram,Active,0.5169,0.4055
U05794,C19,Facebook,Regular,0.0885,0.096
U05795,C20,Reddit,Regular,0.1246,0.0893
U05796,C21,Reddit,Regular,0.2062,0.0989
U05797,C22,Reddit,Active,0.455,0.4874
U05798,C23,Facebook,Regular,0.4887,0.2485
U05799,C24,Reddit,Regular,0.3098,0.1027
U05800,C25,X,Active,0.5282,0.4207
U05801,C01,Reddit,Regular,0.5063,0.1303
U05802,C02,YouTube,Regular,0.2656,0.2341
U05803,C03,X,Regular,0.0529,0.0493
U05804,C04,Reddit,Active,0.7676,0.4972
U05805,C05,X,Active,0.4924,0.2234
U05806,C06,X,Regular,0.0901,0.0311
U05807,C07,X,Regular,0.2553,0.051
U05808,C08,X,Active,0.3801,0.347
U05809,C09,Facebook,Regular,0.3809,0.1675
U05810,C10,X,Regular,0.3735,0.2626
U05811,C11,YouTube,Active,0.8044,0.1699
U05812,C12,YouTube,Regular,0.1223,0.1399
U05813,C13,Reddit,Regular,0.1147,0.3221
U05814,C14,X,Regular,0.1388,0.2755
U05815,C15,Instagram,Regular,0.1701,0.0797
U05816,C16,Instagram,Regular,0.1535,0.3255
U05817,C17,Instagram,Active,0.6392,0.2072
U05818,C18,Facebook,Regular,0.322,0.1645
U05819,C19,Instagram,Regular,0.167,0.1293
U05820,C20,Facebook,Regular,0.2876,0.1429
U05821,C21,YouTube,Regular,0.2547,0.1232
U05822,C22,Reddit,Active,0.6706,0.3677
U05823,C23,X,Regular,0.4471,0.3079
U05824,C24,Instagram,Active,0.5524,0.4289
U05825,C25,Instagram,Active,0.1761,0.3899
U05826,C01,Instagram,Regular,0.2127,0.0573
U05827,C02,X,Regular,0.2688,0.2292
U05828,C03,Reddit,Active,0.6483,0.4764
U05829,C04,Facebook,Influential,0.8267,0.8701
U05830,C05,Instagram,Regular,0.042,0.2967
U05831,C06,Facebook,Regular,0.2076,0.0456
U05832,C07,Facebook,Regular,0.2131,0.1394
U05833,C08,Instagram,Influential,0.6242,0.969
U05834,C09,Instagram,Regular,0.2245,0.1009
U05835,C10,Facebook,Active,0.4956,0.3636
U05836,C11,Facebook,Active,0.467,0.3409
U05837,C12,YouTube,Regular,0.1624,0.0864
U05838,C13,Facebook,Active,0.5254,0.1152
U05839,C14,Facebook,Regular,0.107,0.1009
U05840,C15,Facebook,Regular,0.0853,0.1196
U05841,C16,Instagram,Active,0.6864,0.3729
U05842,C17,X,Regular,0.124,0.1056
U05843,C18,Instagram,Active,0.7905,0.258
U05844,C19,Instagram,Active,0.899,0.1035
U05845,C20,YouTube,Regular,0.0999,0.0394
U05846,C21,Facebook,Active,0.5288,0.4324
U05847,C22,X,Regular,0.1545,0.4939
U05848,C23,Facebook,Active,0.8918,0.18
U05849,C24,Instagram,Regular,0.2438,0.1715
U05850,C25,Instagram,Regular,0.3117,0.2946
U05851,C01,Facebook,Active,0.6067,0.5148
U05852,C02,Facebook,Active,0.2263,0.342
U05853,C03,X,Influential,0.3698,0.9833
U05854,C04,X,Regular,0.1775,0.1488
U05855,C05,X,Regular,0.3899,0.0741
U05856,C06,YouTube,Regular,0.1253,0.0733
U05857,C07,Reddit,Regular,0.0894,0.223
U05858,C08,Facebook,Influential,0.8321,0.8953
U05859,C09,Facebook,Regular,0.0666,0.1203
U05860,C10,Facebook,Regular,0.2953,0.1666
U05861,C11,Instagram,Regular,0.0791,0.5117
U05862,C12,YouTube,Regular,0.1585,0.1091
U05863,C13,Instagram,Active,0.3094,0.2893
U05864,C14,X,Active,0.6284,0.2259
U05865,C15,Facebook,Regular,0.0469,0.1194
U05866,C16,Instagram,Regular,0.1221,0.2118
U05867,C17,X,Regular,0.1505,0.0239
U05868,C18,YouTube,Influential,0.8153,0.7819
U05869,C19,Instagram,Active,0.7381,0.5283
U05870,C20,Instagram,Active,0.5483,0.4323
U05871,C21,Reddit,Regular,0.3727,0.2775
U05872,C22,YouTube,Regular,0.3818,0.1471
U05873,C23,Facebook,Active,0.5313,0.3066
U05874,C24,X,Regular,0.0693,0.3285
U05875,C25,X,Regular,0.1183,0.0619
U05876,C01,X,Regular,0.3174,0.2747
U05877,C02,Instagram,Active,0.4676,0.6378
U05878,C03,Reddit,Regular,0.194,0.2323
U05879,C04,Instagram,Regular,0.0478,0.0717
U05880,C05,X,Regular,0.4216,0.0918
U05881,C06,X,Regular,0.0674,0.2798
U05882,C07,Reddit,Regular,0.0318,0.1249
U05883,C08,X,Bridge,0.6295,0.425
U05884,C09,Instagram,Regular,0.0231,0.221
U05885,C10,YouTube,Regular,0.2393,0.319
U05886,C11,Reddit,Regular,0.1857,0.1598
U05887,C12,Instagram,Active,0.5889,0.477
U05888,C13,Facebook,Regular,0.1732,0.2615
U05889,C14,YouTube,Regular,0.1916,0.0515
U05890,C15,YouTube,Regular,0.2913,0.2685
U05891,C16,Instagram,Active,0.4301,0.2385
U05892,C17,Instagram,Regular,0.207,0.2389
U05893,C18,Instagram,Influential,0.9447,0.9323
U05894,C19,Instagram,Regular,0.0844,0.2416
U05895,C20,X,Regular,0.5217,0.0584
U05896,C21,Instagram,Regular,0.221,0.1133
U05897,C22,YouTube,Regular,0.1446,0.329
U05898,C23,X,Regular,0.3218,0.2407
U05899,C24,Reddit,Regular,0.1158,0.1475
U05900,C25,X,Regular,0.3696,0.179
U05901,C01,Instagram,Active,0.613,0.3709
U05902,C02,YouTube,Regular,0.0199,0.2975
U05903,C03,X,Regular,0.2359,0.0445
U05904,C04,X,Regular,0.0882,0.1649
U05905,C05,Instagram,Regular,0.121,0.19
U05906,C06,Instagram,Regular,0.2776,0.1253
U05907,C07,Instagram,Regular,0.0533,0.0261
U05908,C08,Instagram,Active,0.7054,0.3007
U05909,C09,Reddit,Regular,0.2563,0.3258
U05910,C10,Facebook,Regular,0.2304,0.2128
U05911,C11,X,Regular,0.1942,0.0307
U05912,C12,Reddit,Regular,0.4115,0.1439
U05913,C13,YouTube,Regular,0.0859,0.0766
U05914,C14,Instagram,Regular,0.082,0.1005
U05915,C15,X,Regular,0.0803,0.1531
U05916,C16,Facebook,Influential,0.7268,0.7347
U05917,C17,Facebook,Active,0.5772,0.5491
U05918,C18,Reddit,Active,0.4638,0.1486
U05919,C19,YouTube,Regular,0.1347,0.3125
U05920,C20,Facebook,Regular,0.3118,0.3052
U05921,C21,Instagram,Regular,0.2815,0.0921
U05922,C22,YouTube,Regular,0.2089,0.1194
U05923,C23,Instagram,Influential,0.9722,0.9679
U05924,C24,Reddit,Regular,0.5579,0.1779
U05925,C25,Reddit,Regular,0.2268,0.3403
U05926,C01,X,Regular,0.0338,0.1968
U05927,C02,Facebook,Regular,0.4645,0.1608
U05928,C03,Instagram,Bridge,0.461,0.5278
U05929,C04,Reddit,Active,0.4053,0.5868
U05930,C05,X,Regular,0.0738,0.1262
U05931,C06,Instagram,Bridge,0.7707,0.459
U05932,C07,Instagram,Active,0.5633,0.5858
U05933,C08,YouTube,Regular,0.0667,0.0873
U05934,C09,YouTube,Regular,0.1924,0.1745
U05935,C10,X,Regular,0.1372,0.1915
U05936,C11,X,Regular,0.2957,0.2909
U05937,C12,Instagram,Regular,0.1528,0.2053
U05938,C13,Reddit,Influential,0.8767,0.7482
U05939,C14,Instagram,Regular,0.2196,0.158
U05940,C15,YouTube,Regular,0.216,0.1378
U05941,C16,X,Regular,0.3281,0.144
U05942,C17,Instagram,Active,0.6109,0.7693
U05943,C18,YouTube,Influential,0.6186,0.8693
U05944,C19,Facebook,Active,0.4203,0.4864
U05945,C20,X,Influential,0.728,0.9027
U05946,C21,X,Regular,0.2851,0.0355
U05947,C22,X,Influential,0.7331,0.8908
U05948,C23,Instagram,Regular,0.3878,0.2051
U05949,C24,Instagram,Influential,0.8852,0.5979
U05950,C25,Reddit,Regular,0.155,0.1618
U05951,C01,X,Regular,0.2143,0.1378
U05952,C02,X,Regular,0.2062,0.3773
U05953,C03,Facebook,Regular,0.0523,0.1687
U05954,C04,X,Regular,0.2318,0.5191
U05955,C05,X,Active,0.6463,0.463
U05956,C06,Facebook,Influential,0.5064,0.8933
U05957,C07,YouTube,Active,0.6553,0.162
U05958,C08,Instagram,Regular,0.4413,0.196
U05959,C09,Instagram,Active,0.8364,0.412
U05960,C10,Facebook,Influential,0.8601,0.8213
U05961,C11,Instagram,Active,0.6694,0.2423
U05962,C12,X,Active,0.7448,0.578
U05963,C13,Reddit,Regular,0.1552,0.0102
U05964,C14,X,Regular,0.2142,0.0088
U05965,C15,Instagram,Regular,0.1044,0.0692
U05966,C16,Instagram,Regular,0.0361,0.1242
U05967,C17,Reddit,Regular,0.2668,0.3011
U05968,C18,Facebook,Regular,0.1262,0.0957
U05969,C19,YouTube,Regular,0.1646,0.0884
U05970,C20,Instagram,Regular,0.2003,0.007
U05971,C21,X,Influential,0.6957,0.7151
U05972,C22,Facebook,Regular,0.263,0.1066
U05973,C23,Facebook,Bridge,0.7092,0.663
U05974,C24,Instagram,Active,0.758,0.287
U05975,C25,Reddit,Regular,0.09,0.1193
U05976,C01,YouTube,Active,0.622,0.6538
U05977,C02,YouTube,Active,0.6648,0.2152
U05978,C03,Instagram,Regular,0.5105,0.0771
U05979,C04,YouTube,Bridge,0.6209,0.7394
U05980,C05,Facebook,Regular,0.3721,0.1018
U05981,C06,YouTube,Active,0.314,0.3732
U05982,C07,X,Active,0.4194,0.5207
U05983,C08,YouTube,Regular,0.4747,0.1129
U05984,C09,Facebook,Active,0.6051,0.3412
U05985,C10,Facebook,Active,0.1658,0.2786
U05986,C11,Reddit,Regular,0.074,0.1147
U05987,C12,X,Regular,0.0248,0.2034
U05988,C13,Instagram,Bridge,0.7681,0.7642
U05989,C14,X,Regular,0.195,0.1296
U05990,C15,Reddit,Regular,0.342,0.0567
U05991,C16,YouTube,Regular,0.2346,0.2444
U05992,C17,X,Regular,0.111,0.0647
U05993,C18,Reddit,Regular,0.2611,0.0936
U05994,C19,Facebook,Active,0.4973,0.1261
U05995,C20,X,Regular,0.0482,0.2481
U05996,C21,YouTube,Regular,0.2297,0.0967
U05997,C22,X,Regular,0.2522,0.1826
U05998,C23,Reddit,Influential,0.8234,0.8939
U05999,C24,X,Regular,0.0659,0.2382
U06000,C25,YouTube,Regular,0.3209,0.0659
U06001,C01,Facebook,Active,0.5401,0.1855
U06002,C02,YouTube,Regular,0.3166,0.2724
U06003,C03,X,Regular,0.3818,0.1578
U06004,C04,Reddit,Active,0.5974,0.4679
U06005,C05,X,Regular,0.2213,0.2813
U06006,C06,YouTube,Active,0.7226,0.4105
U06007,C07,YouTube,Active,0.2799,0.6058
U06008,C08,Reddit,Regular,0.5035,0.2365
U06009,C09,X,Regular,0.157,0.1393
U06010,C10,X,Regular,0.1025,0.2099
U06011,C11,YouTube,Active,0.8163,0.3354
U06012,C12,Facebook,Active,0.5162,0.4483
U06013,C13,Facebook,Active,0.3369,0.1981
U06014,C14,Facebook,Influential,0.7276,0.9121
U06015,C15,Instagram,Regular,0.221,0.0663
U06016,C16,X,Regular,0.3852,0.3771
U06017,C17,X,Regular,0.2471,0.2387
U06018,C18,X,Regular,0.0967,0.1603
U06019,C19,Facebook,Regular,0.4732,0.1422
U06020,C20,Facebook,Regular,0.1107,0.0318
U06021,C21,X,Active,0.5956,0.3443
U06022,C22,Facebook,Active,0.619,0.2568
U06023,C23,YouTube,Regular,0.2288,0.1824
U06024,C24,Instagram,Active,0.3459,0.5099
U06025,C25,Instagram,Active,0.9169,0.6704
U06026,C01,YouTube,Active,0.3266,0.3941
U06027,C02,Reddit,Regular,0.2092,0.0984
U06028,C03,Facebook,Regular,0.1445,0.2272
U06029,C04,YouTube,Regular,0.3508,0.0468
U06030,C05,X,Regular,0.0825,0.3579
U06031,C06,YouTube,Active,0.5074,0.2119
U06032,C07,Facebook,Influential,0.7021,0.711
U06033,C08,Reddit,Regular,0.2312,0.1731
U06034,C09,YouTube,Active,0.5487,0.2376
U06035,C10,YouTube,Regular,0.025,0.1671
U06036,C11,Facebook,Regular,0.2036,0.035
U06037,C12,Instagram,Regular,0.1863,0.5717
U06038,C13,Reddit,Regular,0.0401,0.0618
U06039,C14,Facebook,Active,0.602,0.5511
U06040,C15,YouTube,Regular,0.0517,0.1591
U06041,C16,Facebook,Regular,0.3318,0.4264
U06042,C17,Instagram,Influential,0.9041,0.899
U06043,C18,X,Influential,0.8289,0.805
U06044,C19,Facebook,Active,0.3332,0.3482
U06045,C20,Instagram,Regular,0.4544,0.1145
U06046,C21,Reddit,Bridge,0.6841,0.8514
U06047,C22,Reddit,Regular,0.1144,0.1895
U06048,C23,Facebook,Regular,0.2784,0.387
U06049,C24,X,Regular,0.0562,0.1966
U06050,C25,Facebook,Bridge,0.8342,0.8152
U06051,C01,YouTube,Regular,0.0368,0.1965
U06052,C02,Instagram,Regular,0.2177,0.1364
U06053,C03,Instagram,Regular,0.1081,0.0694
U06054,C04,X,Regular,0.2138,0.3328
U06055,C05,Reddit,Regular,0.229,0.1369
U06056,C06,Facebook,Regular,0.3515,0.2179
U06057,C07,Reddit,Active,0.705,0.2066
U06058,C08,X,Regular,0.1651,0.2155
U06059,C09,YouTube,Influential,0.9246,0.8345
U06060,C10,X,Regular,0.1997,0.2946
U06061,C11,Facebook,Active,0.5864,0.2119
U06062,C12,X,Regular,0.0933,0.1108
U06063,C13,Facebook,Influential,0.7313,0.6874
U06064,C14,X,Regular,0.1979,0.141
U06065,C15,X,Regular,0.0461,0.1625
U06066,C16,Facebook,Bridge,0.8233,0.4877
U06067,C17,Instagram,Regular,0.2528,0.106
U06068,C18,X,Bridge,0.873,0.7131
U06069,C19,Reddit,Regular,0.1476,0.0845
U06070,C20,X,Regular,0.2682,0.2487
U06071,C21,YouTube,Regular,0.1104,0.087
U06072,C22,YouTube,Regular,0.2139,0.1075
U06073,C23,X,Regular,0.1924,0.2098
U06074,C24,Reddit,Regular,0.2202,0.1194
U06075,C25,YouTube,Regular,0.4092,0.2448
U06076,C01,Facebook,Regular,0.174,0.3383
U06077,C02,Instagram,Influential,0.945,0.7899
U06078,C03,Reddit,Regular,0.394,0.0405
U06079,C04,Facebook,Regular,0.3001,0.0603
U06080,C05,Instagram,Active,0.4495,0.4728
U06081,C06,Instagram,Regular,0.2105,0.0736
U06082,C07,Reddit,Regular,0.0265,0.2152
U06083,C08,YouTube,Influential,0.809,0.8705
U06084,C09,Reddit,Regular,0.1213,0.2973
U06085,C10,X,Regular,0.1546,0.0665
U06086,C11,Instagram,Bridge,0.5779,0.703
U06087,C12,Reddit,Regular,0.1847,0.1116
U06088,C13,Facebook,Regular,0.2148,0.0634
U06089,C14,X,Regular,0.0646,0.0846
U06090,C15,Instagram,Influential,0.8113,0.8331
U06091,C16,YouTube,Regular,0.0744,0.1315
U06092,C17,Instagram,Regular,0.1179,0.0757
U06093,C18,YouTube,Regular,0.1947,0.2529
U06094,C19,Instagram,Regular,0.0803,0.2399
U06095,C20,YouTube,Influential,0.8249,0.8025
U06096,C21,YouTube,Regular,0.075,0.2481
U06097,C22,Facebook,Active,0.6808,0.4746
U06098,C23,YouTube,Regular,0.21,0.0676
U06099,C24,Instagram,Regular,0.2784,0.4111
U06100,C25,Reddit,Regular,0.0449,0.2959
U06101,C01,Instagram,Regular,0.2347,0.228
U06102,C02,Reddit,Influential,0.6815,0.7887
U06103,C03,Facebook,Influential,0.8736,0.8285
U06104,C04,YouTube,Regular,0.2742,0.0505
U06105,C05,Facebook,Regular,0.299,0.1105
U06106,C06,Facebook,Regular,0.2945,0.2899
U06107,C07,X,Regular,0.1557,0.0422
U06108,C08,Instagram,Regular,0.3288,0.2845
U06109,C09,Instagram,Regular,0.2176,0.2775
U06110,C10,YouTube,Bridge,0.6727,0.6125
U06111,C11,YouTube,Regular,0.3575,0.074
U06112,C12,Instagram,Regular,0.229,0.3218
U06113,C13,X,Regular,0.0915,0.0511
U06114,C14,Facebook,Regular,0.2253,0.0959
U06115,C15,X,Regular,0.1711,0.2192
U06116,C16,Instagram,Regular,0.3933,0.0549
U06117,C17,Instagram,Regular,0.0893,0.1569
U06118,C18,Reddit,Active,0.3929,0.5506
U06119,C19,X,Active,0.3026,0.4182
U06120,C20,YouTube,Regular,0.1901,0.0929
U06121,C21,Instagram,Regular,0.3381,0.2418
U06122,C22,X,Regular,0.1948,0.0702
U06123,C23,Reddit,Active,0.823,0.1815
U06124,C24,X,Regular,0.0812,0.2006
U06125,C25,X,Regular,0.0526,0.0217
U06126,C01,Instagram,Regular,0.0799,0.0675
U06127,C02,Instagram,Active,0.2188,0.5089
U06128,C03,Reddit,Regular,0.1268,0.1952
U06129,C04,X,Influential,0.8226,0.8893
U06130,C05,Facebook,Active,0.4503,0.4778
U06131,C06,Facebook,Regular,0.1192,0.0219
U06132,C07,Reddit,Regular,0.3533,0.118
U06133,C08,Reddit,Active,0.4596,0.4775
U06134,C09,X,Regular,0.169,0.1611
U06135,C10,X,Active,0.6272,0.2469
U06136,C11,Reddit,Influential,0.8456,0.7605
U06137,C12,Reddit,Regular,0.1221,0.1668
U06138,C13,Reddit,Regular,0.2075,0.2579
U06139,C14,Facebook,Regular,0.0652,0.1054
U06140,C15,X,Regular,0.2401,0.2722
U06141,C16,Facebook,Regular,0.1192,0.2257
U06142,C17,X,Regular,0.1303,0.2026
U06143,C18,X,Influential,0.948,0.5855
U06144,C19,YouTube,Active,0.5515,0.428
U06145,C20,Instagram,Active,0.2007,0.4136
U06146,C21,YouTube,Regular,0.1211,0.1388
U06147,C22,Reddit,Regular,0.4017,0.1695
U06148,C23,Reddit,Regular,0.0711,0.1651
U06149,C24,Reddit,Regular,0.0841,0.1683
U06150,C25,Facebook,Regular,0.1738,0.2747
U06151,C01,Instagram,Regular,0.3968,0.1577
U06152,C02,Facebook,Influential,0.4501,0.819
U06153,C03,Instagram,Regular,0.1729,0.1629
U06154,C04,Instagram,Regular,0.0955,0.1737
U06155,C05,YouTube,Regular,0.1021,0.0658
U06156,C06,X,Regular,0.3132,0.2977
U06157,C07,X,Active,0.3841,0.3789
U06158,C08,Reddit,Regular,0.0626,0.4805
U06159,C09,X,Regular,0.2692,0.0233
U06160,C10,Reddit,Regular,0.3679,0.1327
U06161,C11,Reddit,Active,0.7793,0.5658
U06162,C12,YouTube,Regular,0.0353,0.0999
U06163,C13,Instagram,Regular,0.3642,0.1498
U06164,C14,Instagram,Regular,0.1567,0.2597
U06165,C15,Instagram,Influential,0.7217,0.8077
U06166,C16,X,Active,0.4094,0.2214
U06167,C17,Reddit,Active,0.5146,0.0992
U06168,C18,Facebook,Regular,0.1773,0.1846
U06169,C19,X,Regular,0.3199,0.1411
U06170,C20,X,Regular,0.0593,0.1661
U06171,C21,YouTube,Active,0.4379,0.4488
U06172,C22,Instagram,Regular,0.2898,0.3754
U06173,C23,YouTube,Regular,0.2016,0.362
U06174,C24,X,Regular,0.0783,0.1506
U06175,C25,YouTube,Regular,0.0498,0.1425
U06176,C01,Instagram,Influential,0.8729,0.9309
U06177,C02,X,Regular,0.2998,0.1681
U06178,C03,X,Active,0.5444,0.5553
U06179,C04,X,Bridge,0.6491,0.6421
U06180,C05,X,Regular,0.0802,0.0332
U06181,C06,Instagram,Regular,0.1394,0.4133
U06182,C07,YouTube,Regular,0.3515,0.161
U06183,C08,Facebook,Active,0.8248,0.2287
U06184,C09,X,Regular,0.2506,0.0812
U06185,C10,Instagram,Regular,0.0935,0.3136
U06186,C11,YouTube,Active,0.5631,0.5218
U06187,C12,YouTube,Regular,0.2232,0.2456
U06188,C13,Facebook,Regular,0.2179,0.122
U06189,C14,X,Regular,0.4152,0.0908
U06190,C15,Reddit,Active,0.7592,0.3324
U06191,C16,YouTube,Regular,0.163,0.08
U06192,C17,YouTube,Regular,0.2363,0.0268
U06193,C18,YouTube,Regular,0.1197,0.0641
U06194,C19,YouTube,Regular,0.4705,0.2865
U06195,C20,X,Regular,0.2466,0.0258
U06196,C21,Instagram,Regular,0.0959,0.0614
U06197,C22,X,Regular,0.3667,0.2994
U06198,C23,YouTube,Regular,0.2149,0.1266
U06199,C24,Facebook,Influential,0.7688,0.6841
U06200,C25,Facebook,Regular,0.258,0.0969
U06201,C01,Instagram,Regular,0.1163,0.1967
U06202,C02,X,Regular,0.1226,0.0904
U06203,C03,X,Active,0.3415,0.2626
U06204,C04,Reddit,Regular,0.2029,0.2604
U06205,C05,X,Regular,0.1338,0.1252
U06206,C06,Instagram,Regular,0.1183,0.1537
U06207,C07,X,Regular,0.3175,0.279
U06208,C08,X,Regular,0.2632,0.2151
U06209,C09,Facebook,Active,0.711,0.2004
U06210,C10,Facebook,Regular,0.2501,0.0816
U06211,C11,Reddit,Regular,0.0716,0.1512
U06212,C12,X,Regular,0.1606,0.0681
U06213,C13,Instagram,Active,0.6621,0.4748
U06214,C14,Facebook,Regular,0.0902,0.2162
U06215,C15,X,Regular,0.1682,0.0748
U06216,C16,X,Regular,0.09,0.216
U06217,C17,Facebook,Influential,0.6801,0.7759
U06218,C18,YouTube,Regular,0.1175,0.141
U06219,C19,Instagram,Regular,0.1543,0.0697
U06220,C20,Instagram,Regular,0.1324,0.1109
U06221,C21,Instagram,Regular,0.186,0.348
U06222,C22,Facebook,Regular,0.0474,0.4098
U06223,C23,Instagram,Active,0.7052,0.4191
U06224,C24,Reddit,Regular,0.0469,0.0563
U06225,C25,Instagram,Regular,0.1967,0.116
U06226,C01,Instagram,Influential,0.7528,0.739
U06227,C02,Facebook,Regular,0.0733,0.1971
U06228,C03,YouTube,Regular,0.3777,0.1735
U06229,C04,X,Regular,0.4665,0.0248
U06230,C05,Instagram,Regular,0.1977,0.1209
U06231,C06,Instagram,Regular,0.2406,0.1243
U06232,C07,Reddit,Regular,0.1707,0.1184
U06233,C08,X,Active,0.6063,0.2188
U06234,C09,Instagram,Regular,0.1192,0.196
U06235,C10,Reddit,Regular,0.1304,0.628
U06236,C11,YouTube,Regular,0.0983,0.1086
U06237,C12,X,Active,0.4085,0.284
U06238,C13,Facebook,Regular,0.1425,0.1187
U06239,C14,Reddit,Regular,0.2203,0.3152
U06240,C15,YouTube,Active,0.7395,0.6744
U06241,C16,Facebook,Regular,0.4332,0.4987
U06242,C17,Reddit,Bridge,0.5242,0.6411
U06243,C18,Instagram,Active,0.5554,0.2524
U06244,C19,Facebook,Regular,0.0942,0.1912
U06245,C20,YouTube,Regular,0.1485,0.1934
U06246,C21,X,Regular,0.2571,0.0813
U06247,C22,X,Bridge,0.4976,0.7145
U06248,C23,Instagram,Regular,0.1889,0.2989
U06249,C24,Instagram,Active,0.3787,0.4552
U06250,C25,YouTube,Regular,0.2115,0.1282
U06251,C01,Instagram,Regular,0.1449,0.2296
U06252,C02,X,Regular,0.1091,0.3925
U06253,C03,X,Regular,0.0809,0.2056
U06254,C04,Facebook,Regular,0.0725,0.166
U06255,C05,Reddit,Active,0.6074,0.7065
U06256,C06,Facebook,Regular,0.2097,0.0891
U06257,C07,Facebook,Regular,0.4907,0.1564
U06258,C08,Instagram,Active,0.2929,0.2612
U06259,C09,Instagram,Regular,0.0625,0.1446
U06260,C10,X,Regular,0.1707,0.0992
U06261,C11,YouTube,Regular,0.1699,0.2499
U06262,C12,Reddit,Active,0.5505,0.3966
U06263,C13,Facebook,Active,0.6604,0.4346
U06264,C14,Instagram,Regular,0.2538,0.184
U06265,C15,Instagram,Regular,0.2104,0.3664
U06266,C16,Facebook,Regular,0.307,0.2715
U06267,C17,X,Active,0.3196,0.381
U06268,C18,Instagram,Regular,0.1325,0.0964
U06269,C19,Reddit,Regular,0.2429,0.1773
U06270,C20,Facebook,Regular,0.1834,0.2823
U06271,C21,Instagram,Regular,0.0917,0.175
U06272,C22,YouTube,Regular,0.2425,0.1999
U06273,C23,YouTube,Regular,0.2846,0.125
U06274,C24,YouTube,Regular,0.1108,0.0857
U06275,C25,Instagram,Regular,0.3937,0.1127
U06276,C01,X,Regular,0.0353,0.1407
U06277,C02,Facebook,Regular,0.2104,0.0601
U06278,C03,X,Regular,0.1427,0.185
U06279,C04,X,Regular,0.0522,0.0703
U06280,C05,X,Regular,0.0606,0.0668
U06281,C06,YouTube,Regular,0.0408,0.1486
U06282,C07,YouTube,Active,0.2894,0.2806
U06283,C08,Instagram,Active,0.5129,0.3759
U06284,C09,X,Regular,0.353,0.0518
U06285,C10,X,Regular,0.1321,0.3058
U06286,C11,X,Regular,0.3235,0.0919
U06287,C12,Instagram,Regular,0.3319,0.252
U06288,C13,X,Regular,0.2455,0.0841
U06289,C14,X,Regular,0.0463,0.1246
U06290,C15,X,Regular,0.103,0.1877
U06291,C16,YouTube,Regular,0.0912,0.0391
U06292,C17,Instagram,Regular,0.0876,0.2566
U06293,C18,X,Regular,0.159,0.2354
U06294,C19,Facebook,Regular,0.3733,0.2073
U06295,C20,YouTube,Regular,0.1384,0.4313
U06296,C21,Reddit,Regular,0.4082,0.3029
U06297,C22,X,Regular,0.0891,0.2623
U06298,C23,X,Regular,0.1243,0.0959
U06299,C24,YouTube,Influential,0.7172,0.809
U06300,C25,Reddit,Regular,0.1877,0.2007
U06301,C01,Instagram,Active,0.5815,0.6791
U06302,C02,Facebook,Regular,0.1118,0.2275
U06303,C03,Instagram,Regular,0.2859,0.0957
U06304,C04,X,Regular,0.1913,0.2016
U06305,C05,Reddit,Influential,0.7275,0.8546
U06306,C06,X,Regular,0.0606,0.4208
U06307,C07,X,Influential,0.6318,0.7619
U06308,C08,X,Regular,0.1614,0.3055
U06309,C09,X,Bridge,0.7565,0.7385
U06310,C10,Instagram,Regular,0.072,0.1338
U06311,C11,Facebook,Regular,0.3802,0.0892
U06312,C12,X,Regular,0.165,0.0972
U06313,C13,YouTube,Active,0.5549,0.1544
U06314,C14,Facebook,Influential,0.9507,0.8821
U06315,C15,X,Regular,0.1498,0.029
U06316,C16,YouTube,Regular,0.1442,0.0455
U06317,C17,Instagram,Active,0.4025,0.1671
U06318,C18,Facebook,Active,0.5075,0.2394
U06319,C19,X,Regular,0.0418,0.0565
U06320,C20,Facebook,Regular,0.1172,0.2083
U06321,C21,X,Regular,0.2886,0.2308
U06322,C22,X,Regular,0.4282,0.1154
U06323,C23,Instagram,Regular,0.435,0.2415
U06324,C24,Reddit,Regular,0.1106,0.1356
U06325,C25,Instagram,Regular,0.0639,0.0549
U06326,C01,YouTube,Active,0.5272,0.3431
U06327,C02,Instagram,Regular,0.2363,0.012
U06328,C03,Instagram,Regular,0.0875,0.2239
U06329,C04,YouTube,Influential,0.6022,0.5917
U06330,C05,Instagram,Active,0.8237,0.5534
U06331,C06,X,Regular,0.1446,0.0904
U06332,C07,Instagram,Regular,0.3023,0.2575
U06333,C08,YouTube,Regular,0.2891,0.2924
U06334,C09,X,Regular,0.2044,0.1064
U06335,C10,X,Active,0.4457,0.2438
U06336,C11,Facebook,Regular,0.1787,0.1213
U06337,C12,YouTube,Influential,0.4716,0.838
U06338,C13,Reddit,Regular,0.2554,0.1482
U06339,C14,X,Regular,0.089,0.1106
U06340,C15,Instagram,Active,0.7221,0.2151
U06341,C16,Facebook,Regular,0.3047,0.1422
U06342,C17,Instagram,Regular,0.0742,0.0952
U06343,C18,X,Active,0.7067,0.7148
U06344,C19,Instagram,Regular,0.108,0.2819
U06345,C20,Instagram,Regular,0.4014,0.1569
U06346,C21,X,Active,0.5062,0.2246
U06347,C22,Instagram,Active,0.5443,0.2619
U06348,C23,X,Regular,0.2193,0.1377
U06349,C24,YouTube,Active,0.6678,0.464
U06350,C25,YouTube,Regular,0.1832,0.1217
U06351,C01,Reddit,Active,0.5932,0.4873
U06352,C02,X,Active,0.9415,0.6149
U06353,C03,Instagram,Regular,0.3388,0.2788
U06354,C04,Instagram,Regular,0.5555,0.33
U06355,C05,Instagram,Active,0.4629,0.3637
U06356,C06,X,Regular,0.2073,0.0696
U06357,C07,X,Regular,0.0612,0.2028
U06358,C08,Instagram,Regular,0.1785,0.051
U06359,C09,Facebook,Regular,0.087,0.0482
U06360,C10,Reddit,Regular,0.3261,0.2207
U06361,C11,X,Regular,0.2647,0.2204
U06362,C12,Instagram,Regular,0.1555,0.0598
U06363,C13,YouTube,Regular,0.2985,0.157
U06364,C14,Instagram,Active,0.8432,0.4279
U06365,C15,Instagram,Regular,0.0854,0.2197
U06366,C16,Instagram,Regular,0.1688,0.1642
U06367,C17,Reddit,Regular,0.2561,0.1089
U06368,C18,YouTube,Influential,0.5201,0.8686
U06369,C19,Instagram,Regular,0.1593,0.0651
U06370,C20,Facebook,Regular,0.2102,0.3643
U06371,C21,Instagram,Bridge,0.7977,0.6606
U06372,C22,Reddit,Regular,0.2067,0.2947
U06373,C23,Reddit,Regular,0.418,0.1012
U06374,C24,Facebook,Regular,0.1857,0.0826
U06375,C25,YouTube,Active,0.5657,0.2465
U06376,C01,YouTube,Regular,0.2326,0.0817
U06377,C02,Facebook,Influential,0.8158,0.7504
U06378,C03,Instagram,Active,0.7243,0.3295
U06379,C04,Facebook,Regular,0.1212,0.0875
U06380,C05,YouTube,Active,0.4403,0.4224
U06381,C06,Instagram,Active,0.6153,0.3485
U06382,C07,YouTube,Active,0.8117,0.2411
U06383,C08,YouTube,Regular,0.0878,0.1431
U06384,C09,Reddit,Regular,0.0827,0.1533
U06385,C10,Facebook,Active,0.4443,0.5662
U06386,C11,YouTube,Regular,0.1678,0.1296
U06387,C12,Facebook,Regular,0.265,0.0213
U06388,C13,Reddit,Active,0.5315,0.4534
U06389,C14,Reddit,Active,0.4591,0.3683
U06390,C15,X,Regular,0.158,0.3365
U06391,C16,X,Regular,0.2076,0.042
U06392,C17,Reddit,Regular,0.1464,0.0619
U06393,C18,Facebook,Regular,0.1847,0.1513
U06394,C19,Reddit,Regular,0.1754,0.3257
U06395,C20,X,Influential,0.5568,0.7438
U06396,C21,Reddit,Influential,0.7482,0.7056
U06397,C22,Reddit,Active,0.5533,0.3022
U06398,C23,YouTube,Regular,0.1405,0.185
U06399,C24,Instagram,Regular,0.179,0.2914
U06400,C25,Facebook,Regular,0.1056,0.3139
U06401,C01,YouTube,Bridge,0.7979,0.5394
U06402,C02,Instagram,Regular,0.2027,0.0949
U06403,C03,YouTube,Active,0.8153,0.2282
U06404,C04,Reddit,Regular,0.0746,0.2492
U06405,C05,Instagram,Regular,0.2808,0.0939
U06406,C06,Instagram,Regular,0.1354,0.1803
U06407,C07,Instagram,Regular,0.3435,0.3231
U06408,C08,Facebook,Regular,0.4355,0.0887
U06409,C09,Reddit,Influential,0.8179,0.8553
U06410,C10,Reddit,Regular,0.2788,0.1861
U06411,C11,Facebook,Active,0.6429,0.3303
U06412,C12,Instagram,Influential,0.7729,0.7441
U06413,C13,Instagram,Influential,0.776,0.9121
U06414,C14,Instagram,Influential,0.8543,0.8367
U06415,C15,Reddit,Regular,0.2396,0.2341
U06416,C16,Instagram,Regular,0.0519,0.2789
U06417,C17,X,Influential,0.8172,0.6964
U06418,C18,Instagram,Regular,0.2624,0.1277
U06419,C19,Instagram,Regular,0.3748,0.394
U06420,C20,YouTube,Regular,0.3688,0.126
U06421,C21,Instagram,Regular,0.211,0.2447
U06422,C22,Facebook,Regular,0.1251,0.2534
U06423,C23,X,Active,0.7758,0.3171
U06424,C24,Facebook,Active,0.2901,0.6305
U06425,C25,Instagram,Influential,0.5533,0.9586
U06426,C01,Facebook,Regular,0.2168,0.3819
U06427,C02,Facebook,Regular,0.2128,0.1739
U06428,C03,X,Regular,0.2011,0.1071
U06429,C04,X,Regular,0.1529,0.2598
U06430,C05,X,Influential,0.603,0.8745
U06431,C06,Reddit,Regular,0.154,0.0773
U06432,C07,Instagram,Regular,0.1501,0.2125
U06433,C08,Facebook,Regular,0.2232,0.0875
U06434,C09,X,Regular,0.0696,0.3648
U06435,C10,Reddit,Regular,0.2183,0.2496
U06436,C11,X,Regular,0.2645,0.1421
U06437,C12,Reddit,Regular,0.1572,0.1981
U06438,C13,Reddit,Regular,0.1226,0.3458
U06439,C14,YouTube,Regular,0.1112,0.1124
U06440,C15,Instagram,Regular,0.3057,0.0439
U06441,C16,YouTube,Regular,0.3876,0.2174
U06442,C17,X,Active,0.2725,0.2814
U06443,C18,Reddit,Regular,0.1268,0.0537
U06444,C19,X,Active,0.5246,0.4053
U06445,C20,Instagram,Regular,0.1152,0.1697
U06446,C21,Instagram,Active,0.2788,0.3195
U06447,C22,YouTube,Regular,0.0881,0.0673
U06448,C23,X,Regular,0.0444,0.3169
U06449,C24,Instagram,Regular,0.2595,0.3146
U06450,C25,Facebook,Regular,0.1324,0.3557
U06451,C01,YouTube,Bridge,0.5673,0.5218
U06452,C02,X,Regular,0.2825,0.3582
U06453,C03,X,Regular,0.4345,0.2073
U06454,C04,Instagram,Regular,0.0871,0.2373
U06455,C05,YouTube,Active,0.5196,0.3243
U06456,C06,X,Regular,0.2546,0.1275
U06457,C07,X,Regular,0.0226,0.2589
U06458,C08,X,Regular,0.3577,0.1675
U06459,C09,Facebook,Regular,0.4728,0.1792
U06460,C10,Instagram,Regular,0.0847,0.141
U06461,C11,X,Regular,0.3254,0.3743
U06462,C12,Reddit,Regular,0.0958,0.0725
U06463,C13,Instagram,Active,0.2727,0.369
U06464,C14,Reddit,Regular,0.049,0.0547
U06465,C15,YouTube,Regular,0.0693,0.2191
U06466,C16,Facebook,Regular,0.0201,0.0393
U06467,C17,YouTube,Regular,0.2401,0.3105
U06468,C18,Instagram,Regular,0.3668,0.0736
U06469,C19,X,Regular,0.2572,0.1216
U06470,C20,X,Regular,0.0809,0.2185
U06471,C21,Facebook,Regular,0.2508,0.0509
U06472,C22,YouTube,Regular,0.2648,0.0202
U06473,C23,YouTube,Regular,0.3505,0.0945
U06474,C24,Facebook,Regular,0.486,0.1708
U06475,C25,X,Regular,0.2807,0.3202
U06476,C01,Facebook,Regular,0.2298,0.117
U06477,C02,Reddit,Regular,0.3462,0.1375
U06478,C03,Instagram,Active,0.5835,0.6044
U06479,C04,Instagram,Regular,0.1098,0.2132
U06480,C05,Instagram,Regular,0.379,0.298
U06481,C06,Reddit,Regular,0.2014,0.2975
U06482,C07,Instagram,Influential,0.6447,0.9465
U06483,C08,X,Active,0.6573,0.4185
U06484,C09,Facebook,Regular,0.3788,0.148
U06485,C10,Reddit,Active,0.6182,0.6915
U06486,C11,Reddit,Regular,0.2323,0.2591
U06487,C12,Facebook,Regular,0.4981,0.061
U06488,C13,X,Regular,0.147,0.1273
U06489,C14,Reddit,Active,0.4155,0.3671
U06490,C15,X,Regular,0.0877,0.0996
U06491,C16,Instagram,Regular,0.0768,0.1934
U06492,C17,Reddit,Regular,0.2203,0.0782
U06493,C18,X,Regular,0.23,0.1458
U06494,C19,Instagram,Regular,0.2278,0.1152
U06495,C20,Instagram,Regular,0.2801,0.1081
U06496,C21,X,Regular,0.0773,0.0796
U06497,C22,Facebook,Regular,0.4303,0.1045
U06498,C23,YouTube,Active,0.4135,0.3722
U06499,C24,X,Regular,0.1142,0.2505
U06500,C25,YouTube,Regular,0.1351,0.1373
U06501,C01,Reddit,Regular,0.1257,0.411
U06502,C02,Reddit,Regular,0.2546,0.0608
U06503,C03,Reddit,Regular,0.1351,0.2907
U06504,C04,YouTube,Regular,0.2139,0.0145
U06505,C05,Facebook,Regular,0.1031,0.2695
U06506,C06,Instagram,Active,0.7087,0.4856
U06507,C07,Reddit,Regular,0.0838,0.3328
U06508,C08,YouTube,Active,0.4135,0.1651
U06509,C09,Reddit,Regular,0.0838,0.3133
U06510,C10,Instagram,Regular,0.1036,0.3511
U06511,C11,YouTube,Regular,0.2699,0.0728
U06512,C12,Facebook,Regular,0.1995,0.1092
U06513,C13,Instagram,Regular,0.0604,0.1823
U06514,C14,Instagram,Regular,0.1241,0.1303
U06515,C15,YouTube,Regular,0.2012,0.2835
U06516,C16,Facebook,Regular,0.2001,0.3166
U06517,C17,Instagram,Regular,0.0948,0.0883
U06518,C18,YouTube,Active,0.6206,0.2854
U06519,C19,Instagram,Active,0.2393,0.5107
U06520,C20,YouTube,Regular,0.1493,0.1938
U06521,C21,YouTube,Active,0.5856,0.2336
U06522,C22,X,Active,0.4678,0.3147
U06523,C23,Instagram,Regular,0.1351,0.1475
U06524,C24,Reddit,Regular,0.2685,0.0782
U06525,C25,Facebook,Active,0.3772,0.3616
U06526,C01,Facebook,Regular,0.2088,0.0988
U06527,C02,Instagram,Regular,0.1108,0.0749
U06528,C03,Reddit,Regular,0.3766,0.1672
U06529,C04,YouTube,Regular,0.0833,0.1883
U06530,C05,Facebook,Regular,0.0374,0.0785
U06531,C06,X,Active,0.59,0.2559
U06532,C07,Reddit,Regular,0.0706,0.0154
U06533,C08,YouTube,Active,0.6746,0.4279
U06534,C09,Instagram,Influential,0.7822,0.8996
U06535,C10,Instagram,Regular,0.0712,0.0864
U06536,C11,Instagram,Regular,0.0893,0.1044
U06537,C12,Facebook,Regular,0.2737,0.0471
U06538,C13,Reddit,Regular,0.4311,0.3317
U06539,C14,X,Active,0.6667,0.224
U06540,C15,Facebook,Regular,0.0352,0.1164
U06541,C16,X,Regular,0.0699,0.1864
U06542,C17,Facebook,Active,0.795,0.4181
U06543,C18,YouTube,Regular,0.466,0.1297
U06544,C19,Instagram,Regular,0.2212,0.1946
U06545,C20,Instagram,Regular,0.1053,0.2149
U06546,C21,X,Regular,0.1604,0.0183
U06547,C22,X,Bridge,0.6956,0.3957
U06548,C23,YouTube,Regular,0.3689,0.1405
U06549,C24,X,Influential,0.7984,0.9289
U06550,C25,X,Active,0.6645,0.4806
U06551,C01,Instagram,Regular,0.0848,0.2506
U06552,C02,Reddit,Active,0.1766,0.375
U06553,C03,YouTube,Active,0.5043,0.7043
U06554,C04,Instagram,Regular,0.2043,0.1701
U06555,C05,Instagram,Regular,0.0211,0.139
U06556,C06,Instagram,Regular,0.0294,0.0825
U06557,C07,Facebook,Regular,0.1469,0.1685
U06558,C08,Facebook,Regular,0.201,0.4111
U06559,C09,Instagram,Regular,0.0814,0.0739
U06560,C10,X,Regular,0.1406,0.3407
U06561,C11,X,Regular,0.3709,0.0907
U06562,C12,YouTube,Active,0.3992,0.2481
U06563,C13,Instagram,Regular,0.138,0.0981
U06564,C14,YouTube,Regular,0.1627,0.0729
U06565,C15,Instagram,Influential,0.8865,0.8494
U06566,C16,X,Regular,0.2835,0.1123
U06567,C17,Instagram,Bridge,0.2564,0.5732
U06568,C18,X,Regular,0.2494,0.4081
U06569,C19,YouTube,Regular,0.0529,0.0402
U06570,C20,YouTube,Active,0.3511,0.6279
U06571,C21,Facebook,Active,0.3111,0.3825
U06572,C22,Facebook,Regular,0.0796,0.3313
U06573,C23,Reddit,Active,0.7464,0.6937
U06574,C24,X,Regular,0.1111,0.0984
U06575,C25,Reddit,Active,0.5866,0.3639
U06576,C01,YouTube,Regular,0.044,0.3084
U06577,C02,Reddit,Regular,0.1953,0.1144
U06578,C03,X,Regular,0.0882,0.223
U06579,C04,Instagram,Active,0.7437,0.534
U06580,C05,X,Regular,0.0908,0.0874
U06581,C06,Facebook,Regular,0.0475,0.0797
U06582,C07,Instagram,Influential,0.8957,0.7451
U06583,C08,Instagram,Regular,0.0788,0.1506
U06584,C09,YouTube,Influential,0.5339,0.6748
U06585,C10,Reddit,Regular,0.2491,0.4268
U06586,C11,X,Regular,0.0925,0.0741
U06587,C12,X,Regular,0.1776,0.3031
U06588,C13,Instagram,Bridge,0.6311,0.491
U06589,C14,YouTube,Regular,0.2607,0.2113
U06590,C15,X,Active,0.7426,0.1423
U06591,C16,X,Regular,0.1508,0.0987
U06592,C17,X,Active,0.4472,0.2154
U06593,C18,X,Regular,0.067,0.0708
U06594,C19,X,Active,0.6645,0.4311
U06595,C20,Reddit,Regular,0.2454,0.2769
U06596,C21,Facebook,Regular,0.0866,0.4136
U06597,C22,X,Regular,0.4122,0.0366
U06598,C23,YouTube,Active,0.2516,0.3802
U06599,C24,Reddit,Active,0.6254,0.3694
U06600,C25,X,Regular,0.1467,0.1719
U06601,C01,X,Regular,0.2046,0.1666
U06602,C02,X,Regular,0.0786,0.3109
U06603,C03,Facebook,Regular,0.1179,0.0548
U06604,C04,YouTube,Regular,0.0789,0.1102
U06605,C05,YouTube,Regular,0.1814,0.0435
U06606,C06,X,Regular,0.3161,0.1437
U06607,C07,Instagram,Active,0.4384,0.3005
U06608,C08,X,Regular,0.3755,0.3287
U06609,C09,Instagram,Regular,0.1975,0.1245
U06610,C10,Instagram,Regular,0.0226,0.0223
U06611,C11,Facebook,Influential,0.7815,0.7104
U06612,C12,X,Regular,0.4039,0.1174
U06613,C13,Instagram,Regular,0.1699,0.1084
U06614,C14,Instagram,Active,0.2851,0.3957
U06615,C15,Instagram,Regular,0.0272,0.3086
U06616,C16,X,Regular,0.1461,0.3381
U06617,C17,Facebook,Regular,0.0864,0.1787
U06618,C18,Facebook,Influential,0.6373,0.7936
U06619,C19,Facebook,Regular,0.2253,0.3781
U06620,C20,Facebook,Regular,0.1056,0.2415
U06621,C21,Instagram,Regular,0.0565,0.3499
U06622,C22,Reddit,Regular,0.113,0.1236
U06623,C23,YouTube,Regular,0.2404,0.1321
U06624,C24,Reddit,Regular,0.2477,0.2747
U06625,C25,Facebook,Regular,0.0475,0.0747
U06626,C01,YouTube,Regular,0.047,0.3454
U06627,C02,Facebook,Active,0.7793,0.302
U06628,C03,Instagram,Regular,0.5283,0.3211
U06629,C04,YouTube,Regular,0.3221,0.3016
U06630,C05,X,Regular,0.2388,0.2309
U06631,C06,Instagram,Regular,0.1362,0.1372
U06632,C07,Reddit,Regular,0.1588,0.3299
U06633,C08,Reddit,Active,0.4542,0.1555
U06634,C09,Instagram,Regular,0.1602,0.0882
U06635,C10,YouTube,Active,0.6132,0.463
U06636,C11,Reddit,Influential,0.801,0.6016
U06637,C12,Facebook,Active,0.3588,0.4974
U06638,C13,Instagram,Bridge,0.39,0.5471
U06639,C14,X,Regular,0.3642,0.1237
U06640,C15,Instagram,Active,0.4784,0.5124
U06641,C16,Instagram,Regular,0.2251,0.0139
U06642,C17,X,Regular,0.2543,0.0788
U06643,C18,X,Active,0.522,0.5277
U06644,C19,Reddit,Regular,0.0235,0.2372
U06645,C20,YouTube,Regular,0.1159,0.0459
U06646,C21,X,Regular,0.1719,0.0606
U06647,C22,Instagram,Regular,0.0732,0.1825
U06648,C23,YouTube,Regular,0.0905,0.0979
U06649,C24,X,Regular,0.0309,0.1853
U06650,C25,Instagram,Regular,0.1716,0.2877
U06651,C01,Facebook,Regular,0.2196,0.1776
U06652,C02,Instagram,Regular,0.0834,0.1496
U06653,C03,Instagram,Active,0.4127,0.3935
U06654,C04,Instagram,Regular,0.162,0.0903
U06655,C05,X,Active,0.5621,0.5894
U06656,C06,X,Active,0.4618,0.2753
U06657,C07,Instagram,Regular,0.1321,0.3026
U06658,C08,YouTube,Regular,0.0706,0.0387
U06659,C09,Instagram,Active,0.5043,0.2021
U06660,C10,YouTube,Regular,0.0496,0.1256
U06661,C11,Instagram,Active,0.4421,0.2655
U06662,C12,YouTube,Regular,0.2362,0.2065
U06663,C13,Reddit,Influential,0.9204,0.8589
U06664,C14,Facebook,Regular,0.3081,0.0514
U06665,C15,Instagram,Regular,0.1693,0.1083
U06666,C16,YouTube,Regular,0.4182,0.153
U06667,C17,Instagram,Regular,0.1666,0.1859
U06668,C18,Facebook,Regular,0.2804,0.1019
U06669,C19,Facebook,Regular,0.254,0.1369
U06670,C20,Facebook,Regular,0.4561,0.1085
U06671,C21,Facebook,Influential,0.6877,0.908
U06672,C22,X,Regular,0.1474,0.1952
U06673,C23,X,Active,0.7859,0.6624
U06674,C24,Instagram,Regular,0.1449,0.0329
U06675,C25,YouTube,Regular,0.1539,0.1749
U06676,C01,X,Regular,0.2741,0.0328
U06677,C02,Facebook,Regular,0.1845,0.301
U06678,C03,X,Regular,0.0723,0.3361
U06679,C04,Facebook,Regular,0.1328,0.1548
U06680,C05,Instagram,Regular,0.1744,0.1934
U06681,C06,Instagram,Regular,0.3662,0.3047
U06682,C07,Instagram,Regular,0.1227,0.0511
U06683,C08,X,Regular,0.0522,0.1261
U06684,C09,YouTube,Regular,0.0791,0.2547
U06685,C10,Instagram,Regular,0.3343,0.2313
U06686,C11,Instagram,Active,0.8867,0.3925
U06687,C12,X,Influential,0.9671,0.8303
U06688,C13,Instagram,Active,0.7709,0.4155
U06689,C14,Reddit,Regular,0.1929,0.1582
U06690,C15,Facebook,Regular,0.0976,0.2799
U06691,C16,Reddit,Regular,0.2936,0.1309
U06692,C17,Instagram,Active,0.345,0.1382
U06693,C18,Reddit,Regular,0.0417,0.1253
U06694,C19,Instagram,Active,0.231,0.2528
U06695,C20,X,Regular,0.2604,0.1604
U06696,C21,Facebook,Regular,0.0335,0.0777
U06697,C22,X,Active,0.7616,0.213
U06698,C23,Instagram,Regular,0.4862,0.0701
U06699,C24,Instagram,Regular,0.1262,0.1013
U06700,C25,X,Regular,0.1463,0.2224
U06701,C01,Instagram,Active,0.5297,0.5796
U06702,C02,X,Regular,0.4015,0.1708
U06703,C03,YouTube,Regular,0.2608,0.1532
U06704,C04,YouTube,Active,0.4883,0.4235
U06705,C05,YouTube,Regular,0.2484,0.1774
U06706,C06,X,Active,0.6824,0.554
U06707,C07,YouTube,Regular,0.1017,0.1658
U06708,C08,Reddit,Regular,0.0999,0.0792
U06709,C09,X,Regular,0.2347,0.3293
U06710,C10,Instagram,Regular,0.0742,0.2519
U06711,C11,Instagram,Regular,0.0747,0.2401
U06712,C12,Instagram,Active,0.7347,0.2455
U06713,C13,Facebook,Regular,0.2446,0.1013
U06714,C14,Reddit,Regular,0.0582,0.4954
U06715,C15,X,Active,0.7534,0.34
U06716,C16,Reddit,Regular,0.1502,0.1231
U06717,C17,Facebook,Regular,0.1507,0.186
U06718,C18,Reddit,Influential,0.9803,0.7833
U06719,C19,X,Regular,0.1124,0.1614
U06720,C20,YouTube,Regular,0.0792,0.2123
U06721,C21,YouTube,Influential,0.6147,0.901
U06722,C22,Reddit,Regular,0.1226,0.2604
U06723,C23,Instagram,Regular,0.1405,0.0103
U06724,C24,Facebook,Regular,0.128,0.1229
U06725,C25,YouTube,Regular,0.3087,0.0603
U06726,C01,Facebook,Regular,0.2421,0.1537
U06727,C02,Facebook,Regular,0.1656,0.1674
U06728,C03,Facebook,Regular,0.1721,0.0549
U06729,C04,X,Active,0.6186,0.2555
U06730,C05,Facebook,Regular,0.3471,0.101
U06731,C06,X,Regular,0.1543,0.1398
U06732,C07,Facebook,Regular,0.2049,0.0406
U06733,C08,Facebook,Regular,0.3681,0.1394
U06734,C09,X,Regular,0.0769,0.3341
U06735,C10,Instagram,Active,0.826,0.615
U06736,C11,Facebook,Active,0.3528,0.1916
U06737,C12,Facebook,Regular,0.1088,0.1923
U06738,C13,Facebook,Regular,0.3283,0.0971
U06739,C14,Reddit,Active,0.3795,0.1329
U06740,C15,YouTube,Regular,0.1016,0.3103
U06741,C16,YouTube,Active,0.5371,0.3007
U06742,C17,X,Regular,0.376,0.0463
U06743,C18,Instagram,Active,0.4416,0.2645
U06744,C19,Reddit,Regular,0.4343,0.0805
U06745,C20,Reddit,Regular,0.0989,0.1447
U06746,C21,Reddit,Regular,0.0207,0.2672
U06747,C22,Instagram,Regular,0.2021,0.4014
U06748,C23,Facebook,Regular,0.0857,0.1962
U06749,C24,X,Influential,0.5712,0.8834
U06750,C25,Instagram,Bridge,0.5223,0.5043
U06751,C01,X,Regular,0.1194,0.0661
U06752,C02,Reddit,Influential,0.7395,0.8506
U06753,C03,Reddit,Bridge,0.7912,0.7403
U06754,C04,Reddit,Regular,0.2361,0.1703
U06755,C05,Instagram,Regular,0.1325,0.1167
U06756,C06,X,Regular,0.1987,0.2379
U06757,C07,Reddit,Regular,0.2945,0.152
U06758,C08,Instagram,Regular,0.1495,0.0378
U06759,C09,Facebook,Regular,0.023,0.1351
U06760,C10,Instagram,Active,0.6146,0.5123
U06761,C11,Facebook,Active,0.665,0.5642
U06762,C12,Facebook,Regular,0.283,0.1555
U06763,C13,X,Active,0.6481,0.2665
U06764,C14,Instagram,Regular,0.0707,0.1413
U06765,C15,Reddit,Active,0.6043,0.4183
U06766,C16,Facebook,Regular,0.1554,0.2132
U06767,C17,Facebook,Regular,0.0481,0.1746
U06768,C18,Instagram,Regular,0.379,0.1374
U06769,C19,Reddit,Regular,0.3647,0.0279
U06770,C20,Reddit,Regular,0.409,0.1779
U06771,C21,Instagram,Active,0.7398,0.6276
U06772,C22,Facebook,Regular,0.2275,0.2884
U06773,C23,X,Regular,0.1624,0.3005
U06774,C24,Instagram,Active,0.6295,0.4153
U06775,C25,X,Regular,0.2375,0.0847
U06776,C01,YouTube,Regular,0.0988,0.0555
U06777,C02,Facebook,Influential,0.9311,0.7762
U06778,C03,Instagram,Regular,0.2764,0.31
U06779,C04,Instagram,Active,0.5636,0.2507
U06780,C05,Instagram,Regular,0.2344,0.0576
U06781,C06,Instagram,Regular,0.2156,0.0666
U06782,C07,Instagram,Regular,0.0737,0.3019
U06783,C08,Reddit,Regular,0.2187,0.1129
U06784,C09,Facebook,Regular,0.3638,0.0339
U06785,C10,Instagram,Regular,0.1422,0.1069
U06786,C11,YouTube,Regular,0.0909,0.3666
U06787,C12,YouTube,Regular,0.2803,0.1932
U06788,C13,YouTube,Regular,0.0983,0.0827
U06789,C14,Reddit,Regular,0.2455,0.2682
U06790,C15,X,Regular,0.0171,0.0888
U06791,C16,X,Regular,0.343,0.1645
U06792,C17,Facebook,Regular,0.3114,0.048
U06793,C18,YouTube,Regular,0.1092,0.1428
U06794,C19,YouTube,Active,0.1697,0.5548
U06795,C20,YouTube,Regular,0.3357,0.1711
U06796,C21,YouTube,Regular,0.1612,0.2178
U06797,C22,X,Regular,0.2612,0.4641
U06798,C23,Facebook,Regular,0.1211,0.1089
U06799,C24,Facebook,Regular,0.1098,0.1858
U06800,C25,Instagram,Regular,0.0923,0.2048
U06801,C01,Reddit,Regular,0.1774,0.339
U06802,C02,X,Regular,0.309,0.0418
U06803,C03,YouTube,Regular,0.1279,0.2558
U06804,C04,X,Regular,0.2223,0.152
U06805,C05,Facebook,Regular,0.1836,0.1303
U06806,C06,Reddit,Regular,0.223,0.0866
U06807,C07,X,Active,0.3076,0.245
U06808,C08,Facebook,Regular,0.2925,0.1446
U06809,C09,Facebook,Regular,0.1234,0.3531
U06810,C10,Reddit,Bridge,0.7963,0.6301
U06811,C11,X,Regular,0.0369,0.179
U06812,C12,Reddit,Regular,0.3113,0.1233
U06813,C13,X,Active,0.6769,0.3278
U06814,C14,Facebook,Influential,0.8297,0.6358
U06815,C15,Instagram,Active,0.7803,0.5612
U06816,C16,Instagram,Active,0.5739,0.5852
U06817,C17,Instagram,Regular,0.2437,0.2193
U06818,C18,X,Regular,0.265,0.2544
U06819,C19,Facebook,Regular,0.0754,0.1158
U06820,C20,Facebook,Active,0.5581,0.3909
U06821,C21,Instagram,Active,0.3853,0.2638
U06822,C22,Reddit,Regular,0.3331,0.0964
U06823,C23,Instagram,Regular,0.1463,0.2808
U06824,C24,YouTube,Regular,0.4511,0.029
U06825,C25,X,Active,0.445,0.3491
U06826,C01,Instagram,Influential,0.885,0.6979
U06827,C02,X,Regular,0.0595,0.001
U06828,C03,Instagram,Active,0.6426,0.4278
U06829,C04,Instagram,Active,0.3406,0.3481
U06830,C05,Instagram,Regular,0.1324,0.2671
U06831,C06,X,Regular,0.359,0.1517
U06832,C07,Instagram,Regular,0.2942,0.2915
U06833,C08,X,Regular,0.3269,0.2146
U06834,C09,Instagram,Active,0.592,0.529
U06835,C10,Facebook,Influential,0.6728,0.7007
U06836,C11,X,Regular,0.1463,0.2281
U06837,C12,Reddit,Active,0.7071,0.2375
U06838,C13,Reddit,Regular,0.2738,0.238
U06839,C14,Instagram,Regular,0.1471,0.0373
U06840,C15,Instagram,Regular,0.1173,0.0439
U06841,C16,X,Regular,0.1129,0.0357
U06842,C17,Reddit,Active,0.5829,0.4446
U06843,C18,Facebook,Regular,0.0652,0.0336
U06844,C19,Instagram,Regular,0.4235,0.2317
U06845,C20,YouTube,Regular,0.1634,0.3776
U06846,C21,Instagram,Active,0.5986,0.3872
U06847,C22,Instagram,Regular,0.2039,0.151
U06848,C23,X,Regular,0.4438,0.1002
U06849,C24,Facebook,Regular,0.0872,0.0919
U06850,C25,Facebook,Regular,0.0639,0.1235
U06851,C01,X,Regular,0.1533,0.0563
U06852,C02,Facebook,Influential,0.9832,0.9102
U06853,C03,YouTube,Regular,0.3918,0.037
U06854,C04,YouTube,Active,0.858,0.6841
U06855,C05,Facebook,Regular,0.204,0.3065
U06856,C06,Reddit,Regular,0.0768,0.1973
U06857,C07,Instagram,Active,0.4808,0.1866
U06858,C08,Facebook,Regular,0.1228,0.1301
U06859,C09,YouTube,Regular,0.0894,0.1393
U06860,C10,Facebook,Regular,0.5391,0.0712
U06861,C11,Facebook,Regular,0.1569,0.1271
U06862,C12,Instagram,Regular,0.0964,0.3351
U06863,C13,YouTube,Regular,0.2861,0.2641
U06864,C14,X,Regular,0.4242,0.1475
U06865,C15,YouTube,Active,0.4124,0.6553
U06866,C16,Facebook,Regular,0.5508,0.0802
U06867,C17,Instagram,Regular,0.0551,0.1509
U06868,C18,Facebook,Regular,0.1975,0.2827
U06869,C19,Reddit,Regular,0.2545,0.3163
U06870,C20,X,Regular,0.4641,0.181
U06871,C21,Facebook,Regular,0.1866,0.1103
U06872,C22,X,Regular,0.0985,0.1069
U06873,C23,X,Active,0.7517,0.4374
U06874,C24,Instagram,Regular,0.1377,0.2599
U06875,C25,Facebook,Regular,0.1044,0.097
U06876,C01,Facebook,Regular,0.2174,0.0488
U06877,C02,Facebook,Regular,0.4608,0.0314
U06878,C03,Reddit,Regular,0.2163,0.2347
U06879,C04,X,Influential,0.8846,0.4558
U06880,C05,Facebook,Regular,0.2563,0.1129
U06881,C06,X,Regular,0.1531,0.2913
U06882,C07,X,Regular,0.0665,0.1267
U06883,C08,YouTube,Regular,0.2226,0.1811
U06884,C09,Instagram,Regular,0.1563,0.0918
U06885,C10,Reddit,Regular,0.0909,0.1822
U06886,C11,Facebook,Regular,0.3869,0.1284
U06887,C12,Reddit,Active,0.5999,0.181
U06888,C13,Facebook,Regular,0.003,0.0632
U06889,C14,Reddit,Regular,0.2362,0.0834
U06890,C15,Facebook,Regular,0.1059,0.0668
U06891,C16,X,Regular,0.2814,0.1728
U06892,C17,X,Regular,0.2703,0.3122
U06893,C18,Reddit,Active,0.5683,0.5339
U06894,C19,X,Regular,0.2909,0.2009
U06895,C20,Facebook,Influential,0.7247,0.9872
U06896,C21,Facebook,Regular,0.3548,0.2669
U06897,C22,Facebook,Active,0.4518,0.3674
U06898,C23,X,Regular,0.3372,0.1889
U06899,C24,Facebook,Regular,0.2666,0.1583
U06900,C25,Instagram,Regular,0.268,0.1584
U06901,C01,X,Regular,0.2985,0.1762
U06902,C02,Reddit,Regular,0.1616,0.2195
U06903,C03,X,Regular,0.1565,0.1806
U06904,C04,Reddit,Regular,0.1844,0.0989
U06905,C05,X,Regular,0.1888,0.1056
U06906,C06,Instagram,Regular,0.2979,0.0712
U06907,C07,Facebook,Active,0.5634,0.4381
U06908,C08,Instagram,Regular,0.388,0.0859
U06909,C09,X,Regular,0.0301,0.2816
U06910,C10,Reddit,Influential,0.8836,0.5513
U06911,C11,Reddit,Regular,0.2615,0.0275
U06912,C12,YouTube,Active,0.6635,0.3554
U06913,C13,X,Influential,0.9862,0.7838
U06914,C14,Facebook,Influential,0.638,0.9257
U06915,C15,X,Regular,0.0121,0.123
U06916,C16,Facebook,Active,0.6326,0.1527
U06917,C17,Reddit,Regular,0.2181,0.1089
U06918,C18,X,Regular,0.3967,0.3085
U06919,C19,YouTube,Regular,0.0942,0.0751
U06920,C20,X,Active,0.6374,0.5323
U06921,C21,X,Regular,0.5923,0.1602
U06922,C22,Facebook,Regular,0.1059,0.1137
U06923,C23,Facebook,Influential,0.6597,0.7881
U06924,C24,X,Influential,0.9162,0.8038
U06925,C25,Reddit,Regular,0.1874,0.1244
U06926,C01,Facebook,Active,0.7756,0.1406
U06927,C02,Reddit,Active,0.5104,0.3821
U06928,C03,Instagram,Active,0.6903,0.2114
U06929,C04,Reddit,Influential,0.7335,0.6524
U06930,C05,Instagram,Regular,0.1935,0.1712
U06931,C06,Facebook,Regular,0.3238,0.1997
U06932,C07,Facebook,Active,0.5676,0.3587
U06933,C08,Instagram,Regular,0.1252,0.3195
U06934,C09,Reddit,Regular,0.3415,0.1358
U06935,C10,Instagram,Influential,0.7396,0.6063
U06936,C11,X,Regular,0.1793,0.0528
U06937,C12,X,Regular,0.1067,0.0414
U06938,C13,Reddit,Regular,0.0547,0.2178
U06939,C14,X,Regular,0.0455,0.251
U06940,C15,Instagram,Regular,0.1152,0.1267
U06941,C16,Reddit,Active,0.7111,0.4497
U06942,C17,Reddit,Influential,0.6778,0.5308
U06943,C18,X,Regular,0.056,0.2676
U06944,C19,YouTube,Regular,0.1974,0.1161
U06945,C20,Instagram,Regular,0.2631,0.127
U06946,C21,Facebook,Regular,0.0971,0.1188
U06947,C22,Instagram,Regular,0.0917,0.0912
U06948,C23,Instagram,Active,0.535,0.447
U06949,C24,Reddit,Regular,0.1577,0.2081
U06950,C25,X,Regular,0.068,0.061
U06951,C01,YouTube,Active,0.2209,0.3722
U06952,C02,Instagram,Bridge,0.3581,0.6336
U06953,C03,Instagram,Regular,0.292,0.274
U06954,C04,Facebook,Bridge,0.4488,0.5996
U06955,C05,X,Regular,0.1967,0.1121
U06956,C06,Reddit,Regular,0.1761,0.2235
U06957,C07,X,Regular,0.2823,0.5027
U06958,C08,Instagram,Regular,0.319,0.1724
U06959,C09,X,Regular,0.2254,0.1627
U06960,C10,X,Regular,0.3976,0.1588
U06961,C11,Instagram,Regular,0.0182,0.2705
U06962,C12,X,Regular,0.1309,0.1054
U06963,C13,Reddit,Regular,0.0462,0.2868
U06964,C14,Reddit,Regular,0.2871,0.0604
U06965,C15,Facebook,Active,0.622,0.4877
U06966,C16,YouTube,Regular,0.1529,0.1542
U06967,C17,YouTube,Regular,0.2562,0.115
U06968,C18,Instagram,Regular,0.2063,0.222
U06969,C19,YouTube,Regular,0.1523,0.1092
U06970,C20,X,Regular,0.202,0.2298
U06971,C21,YouTube,Regular,0.3297,0.3802
U06972,C22,Facebook,Active,0.7606,0.467
U06973,C23,Facebook,Regular,0.2094,0.2331
U06974,C24,Facebook,Regular,0.2627,0.1658
U06975,C25,Instagram,Active,0.58,0.532
U06976,C01,Facebook,Bridge,0.7222,0.6672
U06977,C02,Facebook,Regular,0.3123,0.0539
U06978,C03,Instagram,Regular,0.1215,0.0783
U06979,C04,Reddit,Regular,0.3507,0.1753
U06980,C05,Instagram,Regular,0.298,0.0982
U06981,C06,Instagram,Regular,0.2252,0.1871
U06982,C07,X,Regular,0.2199,0.0188
U06983,C08,Reddit,Regular,0.3822,0.1075
U06984,C09,Facebook,Regular,0.4089,0.034
U06985,C10,YouTube,Regular,0.2603,0.0495
U06986,C11,Reddit,Influential,0.9183,0.9066
U06987,C12,X,Regular,0.2081,0.181
U06988,C13,Reddit,Regular,0.2693,0.0968
U06989,C14,Instagram,Regular,0.0797,0.2433
U06990,C15,Instagram,Regular,0.1813,0.107
U06991,C16,X,Regular,0.2096,0.5245
U06992,C17,Instagram,Regular,0.0496,0.2837
U06993,C18,YouTube,Regular,0.1422,0.0427
U06994,C19,YouTube,Regular,0.1572,0.3109
U06995,C20,Instagram,Regular,0.2773,0.2453
U06996,C21,X,Regular,0.1428,0.2225
U06997,C22,Facebook,Regular,0.1103,0.1667
U06998,C23,Reddit,Active,0.6641,0.4053
U06999,C24,Instagram,Regular,0.1385,0.4041
U07000,C25,X,Active,0.5384,0.4137
U07001,C01,Reddit,Regular,0.2721,0.0331
U07002,C02,Instagram,Bridge,0.6633,0.7381
U07003,C03,Facebook,Active,0.3792,0.2148
U07004,C04,X,Regular,0.2278,0.062
U07005,C05,YouTube,Active,0.6207,0.4054
U07006,C06,X,Regular,0.2171,0.0942
U07007,C07,YouTube,Regular,0.0455,0.1254
U07008,C08,Facebook,Active,0.6836,0.5805
U07009,C09,Reddit,Regular,0.2043,0.2615
U07010,C10,Reddit,Active,0.3935,0.2614
U07011,C11,Facebook,Regular,0.3183,0.0617
U07012,C12,YouTube,Regular,0.2361,0.0524
U07013,C13,Reddit,Regular,0.2394,0.0479
U07014,C14,X,Active,0.7716,0.1631
U07015,C15,YouTube,Regular,0.1022,0.0768
U07016,C16,X,Regular,0.1837,0.4609
U07017,C17,Reddit,Active,0.541,0.3666
U07018,C18,Reddit,Regular,0.212,0.1498
U07019,C19,YouTube,Regular,0.0976,0.0845
U07020,C20,Facebook,Regular,0.1953,0.0727
U07021,C21,YouTube,Regular,0.3968,0.0678
U07022,C22,Reddit,Active,0.3396,0.1764
U07023,C23,X,Active,0.3504,0.2929
U07024,C24,YouTube,Active,0.5238,0.2234
U07025,C25,Facebook,Regular,0.1858,0.1684
U07026,C01,Reddit,Regular,0.0427,0.0439
U07027,C02,YouTube,Regular,0.3994,0.0846
U07028,C03,Instagram,Regular,0.3598,0.2253
U07029,C04,Facebook,Active,0.4587,0.3494
U07030,C05,Reddit,Regular,0.0468,0.1895
U07031,C06,X,Regular,0.6024,0.2015
U07032,C07,Facebook,Regular,0.2246,0.036
U07033,C08,X,Regular,0.1095,0.0282
U07034,C09,Facebook,Active,0.7213,0.3135
U07035,C10,Reddit,Active,0.6541,0.3511
U07036,C11,Reddit,Regular,0.1313,0.2527
U07037,C12,X,Influential,0.9257,0.7891
U07038,C13,Facebook,Regular,0.3115,0.0974
U07039,C14,Instagram,Regular,0.1077,0.2519
U07040,C15,Instagram,Bridge,0.5555,0.4719
U07041,C16,Facebook,Regular,0.0351,0.0873
U07042,C17,Instagram,Regular,0.1843,0.2329
U07043,C18,Reddit,Bridge,0.5825,0.6082
U07044,C19,Reddit,Regular,0.1438,0.2436
U07045,C20,YouTube,Regular,0.4413,0.1111
U07046,C21,YouTube,Regular,0.2186,0.2501
U07047,C22,Instagram,Influential,0.904,0.7827
U07048,C23,YouTube,Regular,0.3308,0.056
U07049,C24,YouTube,Regular,0.1535,0.3237
U07050,C25,Facebook,Regular,0.0818,0.0853
U07051,C01,Instagram,Active,0.6582,0.4283
U07052,C02,Instagram,Regular,0.2556,0.0153
U07053,C03,Facebook,Influential,0.8563,0.8507
U07054,C04,Reddit,Regular,0.2473,0.0122
U07055,C05,X,Regular,0.1123,0.5311
U07056,C06,X,Active,0.7007,0.2376
U07057,C07,Instagram,Regular,0.217,0.0884
U07058,C08,X,Active,0.7734,0.3107
U07059,C09,X,Influential,0.6251,0.7776
U07060,C10,Reddit,Regular,0.2523,0.2137
U07061,C11,X,Regular,0.1573,0.2214
U07062,C12,Reddit,Active,0.4701,0.6512
U07063,C13,YouTube,Regular,0.2393,0.1378
U07064,C14,Instagram,Regular,0.0541,0.3058
U07065,C15,Facebook,Active,0.9013,0.1584
U07066,C16,Instagram,Regular,0.0977,0.1444
U07067,C17,YouTube,Influential,0.729,0.7181
U07068,C18,YouTube,Active,0.579,0.6422
U07069,C19,X,Influential,0.7927,0.9243
U07070,C20,Instagram,Bridge,0.4988,0.6219
U07071,C21,Reddit,Regular,0.0464,0.2401
U07072,C22,Instagram,Regular,0.0963,0.1321
U07073,C23,YouTube,Bridge,0.6414,0.6072
U07074,C24,Facebook,Regular,0.3091,0.0621
U07075,C25,YouTube,Regular,0.0964,0.0844
U07076,C01,Reddit,Regular,0.061,0.2428
U07077,C02,Instagram,Active,0.6476,0.1782
U07078,C03,YouTube,Regular,0.0554,0.1047
U07079,C04,YouTube,Active,0.5679,0.3708
U07080,C05,X,Regular,0.0159,0.0821
U07081,C06,YouTube,Regular,0.071,0.1494
U07082,C07,Reddit,Active,0.8254,0.4784
U07083,C08,Facebook,Active,0.7349,0.1914
U07084,C09,Instagram,Regular,0.2718,0.1438
U07085,C10,Reddit,Regular,0.1617,0.0927
U07086,C11,Facebook,Regular,0.245,0.3447
U07087,C12,X,Bridge,0.8047,0.392
U07088,C13,Facebook,Regular,0.2017,0.232
U07089,C14,X,Active,0.1869,0.1247
U07090,C15,Instagram,Active,0.2153,0.2026
U07091,C16,Reddit,Active,0.549,0.1661
U07092,C17,Instagram,Regular,0.1209,0.0984
U07093,C18,Reddit,Regular,0.1804,0.1699
U07094,C19,YouTube,Bridge,0.6311,0.5767
U07095,C20,YouTube,Regular,0.4392,0.1056
U07096,C21,X,Regular,0.2486,0.3517
U07097,C22,Facebook,Regular,0.3317,0.1161
U07098,C23,Facebook,Active,0.5401,0.3778
U07099,C24,Instagram,Active,0.3484,0.2899
U07100,C25,X,Regular,0.1812,0.1353
U07101,C01,Facebook,Regular,0.2123,0.1533
U07102,C02,Instagram,Regular,0.1153,0.2296
U07103,C03,Facebook,Regular,0.2287,0.0844
U07104,C04,Reddit,Regular,0.3732,0.2675
U07105,C05,Facebook,Regular,0.176,0.0676
U07106,C06,Instagram,Regular,0.47,0.2695
U07107,C07,Facebook,Bridge,0.6775,0.6611
U07108,C08,X,Regular,0.3037,0.0958
U07109,C09,YouTube,Influential,0.8933,0.7443
U07110,C10,Facebook,Active,0.6336,0.437
U07111,C11,Facebook,Regular,0.0898,0.0563
U07112,C12,X,Regular,0.2153,0.125
U07113,C13,Instagram,Regular,0.2749,0.2437
U07114,C14,Instagram,Active,0.5825,0.4579
U07115,C15,X,Regular,0.1381,0.0519
U07116,C16,Reddit,Regular,0.144,0.2373
U07117,C17,X,Active,0.2113,0.1128
U07118,C18,Reddit,Regular,0.3312,0.098
U07119,C19,Facebook,Regular,0.2539,0.2034
U07120,C20,Facebook,Regular,0.2684,0.0736
U07121,C21,YouTube,Active,0.427,0.6877
U07122,C22,X,Regular,0.1468,0.2448
U07123,C23,YouTube,Regular,0.177,0.1595
U07124,C24,Instagram,Regular,0.1701,0.1415
U07125,C25,X,Regular,0.4466,0.1127
U07126,C01,Instagram,Regular,0.1689,0.1154
U07127,C02,Reddit,Regular,0.1413,0.1949
U07128,C03,Reddit,Regular,0.1953,0.1685
U07129,C04,Reddit,Regular,0.3138,0.0726
U07130,C05,X,Regular,0.0667,0.2152
U07131,C06,Instagram,Regular,0.1326,0.0741
U07132,C07,Reddit,Regular,0.0347,0.134
U07133,C08,YouTube,Active,0.5644,0.5575
U07134,C09,Instagram,Regular,0.0993,0.2734
U07135,C10,Instagram,Regular,0.0858,0.0477
U07136,C11,X,Influential,0.8914,0.7615
U07137,C12,X,Regular,0.0666,0.0368
U07138,C13,Reddit,Regular,0.2165,0.1459
U07139,C14,X,Regular,0.2322,0.2547
U07140,C15,Instagram,Active,0.4084,0.2398
U07141,C16,Instagram,Regular,0.0468,0.0404
U07142,C17,YouTube,Regular,0.0828,0.0783
U07143,C18,Reddit,Regular,0.1921,0.0531
U07144,C19,Facebook,Regular,0.2092,0.2078
U07145,C20,X,Regular,0.47,0.2009
U07146,C21,Facebook,Regular,0.1524,0.0652
U07147,C22,Instagram,Active,0.5223,0.5627
U07148,C23,YouTube,Regular,0.2199,0.0182
U07149,C24,X,Regular,0.1708,0.1805
U07150,C25,Instagram,Regular,0.2448,0.3503
U07151,C01,Instagram,Regular,0.08,0.2653
U07152,C02,YouTube,Regular,0.3795,0.1274
U07153,C03,YouTube,Regular,0.1672,0.144
U07154,C04,Instagram,Regular,0.3307,0.057
U07155,C05,YouTube,Bridge,0.7967,0.7027
U07156,C06,YouTube,Active,0.4624,0.4172
U07157,C07,Instagram,Regular,0.3415,0.1475
U07158,C08,Reddit,Influential,0.8994,0.9155
U07159,C09,YouTube,Regular,0.1636,0.1897
U07160,C10,Instagram,Active,0.4669,0.2729
U07161,C11,Instagram,Regular,0.1159,0.0314
U07162,C12,YouTube,Regular,0.1033,0.1338
U07163,C13,X,Active,0.2192,0.2095
U07164,C14,Facebook,Regular,0.2359,0.0204
U07165,C15,YouTube,Regular,0.1904,0.3138
U07166,C16,Instagram,Regular,0.1102,0.051
U07167,C17,Instagram,Regular,0.0842,0.2188
U07168,C18,X,Regular,0.1481,0.3437
U07169,C19,YouTube,Active,0.493,0.595
U07170,C20,X,Regular,0.0109,0.3239
U07171,C21,Facebook,Regular,0.2658,0.1546
U07172,C22,Instagram,Regular,0.0492,0.0852
U07173,C23,X,Active,0.2986,0.5859
U07174,C24,Reddit,Active,0.3756,0.309
U07175,C25,Instagram,Regular,0.3725,0.146
U07176,C01,Facebook,Regular,0.2447,0.1044
U07177,C02,X,Regular,0.0851,0.2163
U07178,C03,X,Regular,0.0773,0.1638
U07179,C04,Reddit,Regular,0.5476,0.2001
U07180,C05,Instagram,Regular,0.1724,0.1066
U07181,C06,X,Regular,0.2753,0.1878
U07182,C07,X,Active,0.7912,0.4635
U07183,C08,Reddit,Regular,0.3929,0.3421
U07184,C09,Instagram,Regular,0.2408,0.0665
U07185,C10,YouTube,Active,0.5088,0.2832
U07186,C11,X,Regular,0.2367,0.1167
U07187,C12,YouTube,Regular,0.086,0.261
U07188,C13,Facebook,Regular,0.1933,0.1571
U07189,C14,Facebook,Regular,0.1896,0.2835
U07190,C15,X,Regular,0.2722,0.0535
U07191,C16,Facebook,Regular,0.3641,0.1031
U07192,C17,Instagram,Regular,0.1239,0.1473
U07193,C18,Instagram,Influential,0.9637,0.9304
U07194,C19,Facebook,Active,0.404,0.1746
U07195,C20,X,Regular,0.3044,0.1809
U07196,C21,X,Influential,0.5192,0.9464
U07197,C22,X,Regular,0.1494,0.1686
U07198,C23,YouTube,Influential,0.7318,0.8916
U07199,C24,Instagram,Influential,0.7495,0.884
U07200,C25,Facebook,Influential,0.6475,0.8157
U07201,C01,Reddit,Regular,0.3261,0.0444
U07202,C02,Instagram,Regular,0.0551,0.1995
U07203,C03,Instagram,Regular,0.0659,0.2072
U07204,C04,X,Regular,0.1253,0.0721
U07205,C05,X,Regular,0.4045,0.3068
U07206,C06,YouTube,Regular,0.16,0.0131
U07207,C07,X,Regular,0.2409,0.2965
U07208,C08,Facebook,Regular,0.129,0.0438
U07209,C09,YouTube,Regular,0.3306,0.2795
U07210,C10,Facebook,Active,0.5721,0.2665
U07211,C11,Facebook,Active,0.489,0.1956
U07212,C12,Reddit,Active,0.5921,0.2434
U07213,C13,Facebook,Regular,0.1734,0.0464
U07214,C14,YouTube,Regular,0.2071,0.1704
U07215,C15,X,Regular,0.0243,0.4284
U07216,C16,X,Regular,0.1294,0.1207
U07217,C17,Facebook,Regular,0.184,0.2275
U07218,C18,Instagram,Bridge,0.7816,0.5138
U07219,C19,X,Regular,0.1113,0.2508
U07220,C20,Instagram,Regular,0.2637,0.063
U07221,C21,Instagram,Active,0.6787,0.5401
U07222,C22,Facebook,Regular,0.0945,0.1934
U07223,C23,Facebook,Active,0.5155,0.2984
U07224,C24,YouTube,Bridge,0.5126,0.3957
U07225,C25,X,Active,0.463,0.5531
U07226,C01,X,Regular,0.3962,0.2279
U07227,C02,Instagram,Regular,0.2375,0.306
U07228,C03,Reddit,Regular,0.1623,0.3502
U07229,C04,X,Active,0.735,0.3604
U07230,C05,Reddit,Regular,0.0887,0.2756
U07231,C06,Instagram,Regular,0.2347,0.1714
U07232,C07,YouTube,Active,0.5287,0.427
U07233,C08,Reddit,Influential,0.9042,0.8456
U07234,C09,X,Bridge,0.8399,0.4834
U07235,C10,Instagram,Active,0.5447,0.3669
U07236,C11,Instagram,Regular,0.2961,0.1834
U07237,C12,Instagram,Regular,0.1037,0.1502
U07238,C13,X,Regular,0.1959,0.1159
U07239,C14,Reddit,Active,0.4708,0.383
U07240,C15,YouTube,Regular,0.1418,0.2116
U07241,C16,Reddit,Bridge,0.5645,0.4996
U07242,C17,Instagram,Regular,0.2265,0.2854
U07243,C18,Instagram,Active,0.5528,0.2026
U07244,C19,Instagram,Regular,0.1721,0.3312
U07245,C20,Instagram,Active,0.7488,0.3661
U07246,C21,Instagram,Regular,0.185,0.3718
U07247,C22,YouTube,Regular,0.1105,0.2332
U07248,C23,YouTube,Regular,0.3499,0.0833
U07249,C24,Facebook,Active,0.4505,0.1996
U07250,C25,X,Active,0.5342,0.4299
U07251,C01,Facebook,Active,0.6809,0.2801
U07252,C02,X,Regular,0.069,0.1906
U07253,C03,Facebook,Regular,0.2806,0.1496
U07254,C04,Instagram,Regular,0.1489,0.034
U07255,C05,X,Regular,0.1995,0.3812
U07256,C06,Instagram,Regular,0.0931,0.0542
U07257,C07,Instagram,Regular,0.1297,0.1837
U07258,C08,Facebook,Regular,0.0367,0.1719
U07259,C09,Instagram,Regular,0.2113,0.0669
U07260,C10,YouTube,Regular,0.1109,0.1501
U07261,C11,Reddit,Active,0.3842,0.633
U07262,C12,Reddit,Active,0.5356,0.2889
U07263,C13,Reddit,Influential,0.8863,0.7877
U07264,C14,Reddit,Regular,0.0808,0.1595
U07265,C15,Reddit,Active,0.5662,0.4424
U07266,C16,Instagram,Regular,0.1295,0.086
U07267,C17,Instagram,Regular,0.3655,0.1172
U07268,C18,Reddit,Active,0.802,0.3869
U07269,C19,YouTube,Regular,0.0702,0.101
U07270,C20,X,Influential,0.8507,0.8764
U07271,C21,Instagram,Active,0.4764,0.5512
U07272,C22,X,Regular,0.1817,0.1549
U07273,C23,Instagram,Regular,0.0927,0.1205
U07274,C24,X,Regular,0.0896,0.2118
U07275,C25,Instagram,Regular,0.0247,0.1708
U07276,C01,Reddit,Active,0.7121,0.3888
U07277,C02,Reddit,Active,0.4144,0.5844
U07278,C03,YouTube,Regular,0.123,0.0635
U07279,C04,X,Regular,0.406,0.0661
U07280,C05,Instagram,Regular,0.1314,0.0756
U07281,C06,X,Active,0.4709,0.5405
U07282,C07,Instagram,Regular,0.025,0.3418
U07283,C08,Reddit,Active,0.782,0.1852
U07284,C09,Reddit,Regular,0.204,0.0677
U07285,C10,Reddit,Regular,0.3267,0.1588
U07286,C11,Facebook,Regular,0.2738,0.0488
U07287,C12,X,Regular,0.1386,0.2404
U07288,C13,Reddit,Regular,0.2849,0.3208
U07289,C14,Instagram,Active,0.8474,0.2746
U07290,C15,YouTube,Active,0.627,0.1911
U07291,C16,Instagram,Regular,0.0403,0.1197
U07292,C17,Facebook,Regular,0.0495,0.1538
U07293,C18,Instagram,Regular,0.1885,0.1039
U07294,C19,Reddit,Active,0.3418,0.3876
U07295,C20,X,Regular,0.1467,0.1314
U07296,C21,Instagram,Regular,0.215,0.1149
U07297,C22,Instagram,Regular,0.0684,0.152
U07298,C23,Instagram,Regular,0.0582,0.0992
U07299,C24,Instagram,Active,0.2974,0.4891
U07300,C25,YouTube,Regular,0.2058,0.1213
U07301,C01,Reddit,Active,0.682,0.3983
U07302,C02,Instagram,Regular,0.3587,0.1065
U07303,C03,Instagram,Influential,0.8702,0.6587
U07304,C04,Reddit,Active,0.517,0.3927
U07305,C05,X,Regular,0.4435,0.3637
U07306,C06,YouTube,Active,0.4473,0.1396
U07307,C07,X,Regular,0.1927,0.136
U07308,C08,YouTube,Regular,0.4122,0.0623
U07309,C09,Reddit,Active,0.4414,0.5091
U07310,C10,Facebook,Regular,0.0447,0.2582
U07311,C11,Reddit,Regular,0.335,0.0676
U07312,C12,YouTube,Regular,0.4463,0.0434
U07313,C13,Facebook,Regular,0.2112,0.3381
U07314,C14,X,Regular,0.0876,0.0613
U07315,C15,X,Regular,0.0957,0.2888
U07316,C16,YouTube,Regular,0.282,0.2139
U07317,C17,Facebook,Regular,0.1978,0.2727
U07318,C18,Facebook,Regular,0.104,0.0617
U07319,C19,Reddit,Regular,0.1372,0.227
U07320,C20,Facebook,Regular,0.2066,0.0528
U07321,C21,Facebook,Regular,0.19,0.2715
U07322,C22,Facebook,Regular,0.5481,0.1353
U07323,C23,Reddit,Regular,0.3069,0.2948
U07324,C24,Reddit,Regular,0.1501,0.2974
U07325,C25,Instagram,Regular,0.0428,0.1094
U07326,C01,Instagram,Regular,0.2874,0.1005
U07327,C02,YouTube,Regular,0.3025,0.3436
U07328,C03,X,Regular,0.0468,0.1994
U07329,C04,Facebook,Active,0.6313,0.2259
U07330,C05,YouTube,Regular,0.3066,0.1538
U07331,C06,Instagram,Regular,0.1502,0.0617
U07332,C07,Facebook,Regular,0.1512,0.1495
U07333,C08,Reddit,Active,0.5766,0.3229
U07334,C09,X,Regular,0.1324,0.1009
U07335,C10,YouTube,Regular,0.3056,0.1616
U07336,C11,X,Regular,0.1227,0.0459
U07337,C12,Instagram,Influential,0.796,0.8254
U07338,C13,Facebook,Regular,0.3857,0.2921
U07339,C14,Instagram,Regular,0.4509,0.064
U07340,C15,X,Regular,0.2726,0.3856
U07341,C16,Reddit,Regular,0.109,0.2529
U07342,C17,Instagram,Regular,0.2938,0.2356
U07343,C18,Facebook,Regular,0.0561,0.1904
U07344,C19,Instagram,Active,0.7961,0.3844
U07345,C20,Reddit,Influential,0.6567,0.9008
U07346,C21,Reddit,Influential,0.7693,0.9653
U07347,C22,X,Regular,0.1735,0.0663
U07348,C23,Instagram,Regular,0.1339,0.1457
U07349,C24,Instagram,Regular,0.1482,0.2451
U07350,C25,YouTube,Regular,0.0537,0.2958
U07351,C01,Facebook,Regular,0.0763,0.2247
U07352,C02,Reddit,Regular,0.1231,0.0448
U07353,C03,YouTube,Regular,0.1666,0.1863
U07354,C04,Instagram,Regular,0.2302,0.1823
U07355,C05,Facebook,Regular,0.2744,0.0943
U07356,C06,Facebook,Regular,0.289,0.3446
U07357,C07,Reddit,Active,0.5386,0.4508
U07358,C08,Facebook,Regular,0.1148,0.1448
U07359,C09,Instagram,Active,0.725,0.4895
U07360,C10,X,Active,0.5019,0.2867
U07361,C11,X,Regular,0.422,0.3914
U07362,C12,Facebook,Regular,0.2007,0.1762
U07363,C13,YouTube,Active,0.5069,0.3381
U07364,C14,Instagram,Active,0.507,0.3737
U07365,C15,Instagram,Regular,0.0469,0.2155
U07366,C16,Facebook,Regular,0.1455,0.1159
U07367,C17,Facebook,Regular,0.0334,0.061
U07368,C18,X,Influential,0.9776,0.833
U07369,C19,Instagram,Regular,0.3426,0.3322
U07370,C20,Facebook,Regular,0.2131,0.2729
U07371,C21,Facebook,Regular,0.2728,0.1137
U07372,C22,X,Regular,0.0916,0.1709
U07373,C23,X,Regular,0.106,0.1261
U07374,C24,YouTube,Active,0.7755,0.2986
U07375,C25,Reddit,Regular,0.2782,0.2979
U07376,C01,Instagram,Regular,0.1332,0.2167
U07377,C02,Facebook,Bridge,0.8532,0.3023
U07378,C03,Reddit,Influential,0.6938,0.6435
U07379,C04,Instagram,Active,0.4404,0.5525
U07380,C05,Instagram,Regular,0.2106,0.182
U07381,C06,Instagram,Regular,0.037,0.0259
U07382,C07,Instagram,Active,0.7013,0.2433
U07383,C08,Instagram,Active,0.4356,0.3994
U07384,C09,Facebook,Active,0.4769,0.2391
U07385,C10,Facebook,Active,0.6505,0.6431
U07386,C11,YouTube,Regular,0.1174,0.2126
U07387,C12,Instagram,Regular,0.2594,0.113
U07388,C13,Instagram,Regular,0.6509,0.1865
U07389,C14,Reddit,Regular,0.345,0.218
U07390,C15,YouTube,Regular,0.1899,0.2493
U07391,C16,Reddit,Active,0.4804,0.4222
U07392,C17,Instagram,Regular,0.3507,0.0843
U07393,C18,YouTube,Regular,0.2871,0.1936
U07394,C19,Instagram,Regular,0.1929,0.1099
U07395,C20,Facebook,Regular,0.088,0.2819
U07396,C21,X,Regular,0.1962,0.1376
U07397,C22,YouTube,Active,0.4114,0.2842
U07398,C23,X,Influential,0.9682,0.6413
U07399,C24,Reddit,Regular,0.2835,0.1587
U07400,C25,Facebook,Active,0.7712,0.5058
U07401,C01,Reddit,Regular,0.216,0.1755
U07402,C02,Facebook,Regular,0.1435,0.0828
U07403,C03,X,Regular,0.0693,0.0944
U07404,C04,Instagram,Active,0.7649,0.3855
U07405,C05,X,Regular,0.1417,0.0592
U07406,C06,Instagram,Bridge,0.8085,0.4392
U07407,C07,X,Regular,0.2545,0.0453
U07408,C08,Instagram,Regular,0.0356,0.0873
U07409,C09,X,Regular,0.1348,0.221
U07410,C10,Facebook,Regular,0.243,0.0742
U07411,C11,YouTube,Regular,0.1133,0.1421
U07412,C12,Facebook,Regular,0.2945,0.0885
U07413,C13,Instagram,Influential,0.6281,0.9356
U07414,C14,Facebook,Active,0.2253,0.1831
U07415,C15,YouTube,Regular,0.2064,0.3107
U07416,C16,Facebook,Regular,0.1905,0.1095
U07417,C17,Instagram,Active,0.6915,0.4729
U07418,C18,Facebook,Regular,0.3744,0.1358
U07419,C19,Instagram,Regular,0.2726,0.0454
U07420,C20,X,Regular,0.0432,0.0225
U07421,C21,Reddit,Regular,0.0486,0.1294
U07422,C22,Facebook,Regular,0.2341,0.1529
U07423,C23,X,Regular,0.1253,0.2495
U07424,C24,YouTube,Regular,0.2022,0.1175
U07425,C25,Instagram,Regular,0.5267,0.1539
U07426,C01,X,Active,0.4543,0.4243
U07427,C02,Reddit,Regular,0.2536,0.0842
U07428,C03,Reddit,Regular,0.1782,0.0461
U07429,C04,Facebook,Regular,0.139,0.1842
U07430,C05,X,Regular,0.0692,0.1558
U07431,C06,X,Regular,0.2945,0.2174
U07432,C07,Reddit,Regular,0.1494,0.143
U07433,C08,YouTube,Regular,0.0537,0.1334
U07434,C09,YouTube,Active,0.6623,0.5615
U07435,C10,Facebook,Active,0.492,0.2675
U07436,C11,Facebook,Regular,0.2358,0.5254
U07437,C12,X,Regular,0.0477,0.1837
U07438,C13,YouTube,Regular,0.3933,0.1414
U07439,C14,Instagram,Regular,0.0663,0.2126
U07440,C15,Instagram,Active,0.5811,0.5474
U07441,C16,Instagram,Regular,0.0323,0.2436
U07442,C17,Reddit,Bridge,0.5716,0.5176
U07443,C18,Facebook,Regular,0.3988,0.1223
U07444,C19,Instagram,Active,0.1998,0.4219
U07445,C20,Instagram,Active,0.5797,0.4859
U07446,C21,Reddit,Regular,0.0918,0.2074
U07447,C22,YouTube,Regular,0.4245,0.3053
U07448,C23,Instagram,Regular,0.4298,0.1723
U07449,C24,X,Regular,0.1986,0.1592
U07450,C25,X,Regular,0.1576,0.2722
U07451,C01,Instagram,Regular,0.2851,0.0538
U07452,C02,Reddit,Regular,0.1453,0.2199
U07453,C03,Facebook,Active,0.5441,0.2533
U07454,C04,X,Regular,0.0525,0.464
U07455,C05,X,Regular,0.116,0.1204
U07456,C06,Facebook,Active,0.3545,0.5902
U07457,C07,Instagram,Influential,0.8354,0.5024
U07458,C08,Reddit,Regular,0.039,0.2531
U07459,C09,X,Active,0.5184,0.4016
U07460,C10,Facebook,Active,0.774,0.5036
U07461,C11,X,Regular,0.2525,0.2106
U07462,C12,YouTube,Active,0.6862,0.2803
U07463,C13,Facebook,Regular,0.1768,0.3003
U07464,C14,YouTube,Regular,0.1511,0.0342
U07465,C15,Instagram,Regular,0.2619,0.2086
U07466,C16,Facebook,Regular,0.2404,0.2002
U07467,C17,Instagram,Regular,0.1273,0.4031
U07468,C18,Reddit,Active,0.5354,0.1545
U07469,C19,Reddit,Bridge,0.6736,0.6297
U07470,C20,Facebook,Regular,0.2431,0.3017
U07471,C21,X,Regular,0.3633,0.1246
U07472,C22,Reddit,Regular,0.3919,0.074
U07473,C23,X,Regular,0.1245,0.205
U07474,C24,Reddit,Regular,0.1267,0.3315
U07475,C25,X,Regular,0.0269,0.1389
U07476,C01,YouTube,Regular,0.4355,0.1344
U07477,C02,X,Active,0.566,0.4292
U07478,C03,X,Regular,0.51,0.2805
U07479,C04,YouTube,Regular,0.3491,0.1769
U07480,C05,YouTube,Active,0.4082,0.3301
U07481,C06,X,Active,0.2657,0.6467
U07482,C07,Reddit,Regular,0.1811,0.1348
U07483,C08,X,Regular,0.0554,0.1154
U07484,C09,YouTube,Regular,0.2747,0.0703
U07485,C10,Instagram,Regular,0.3366,0.0135
U07486,C11,Facebook,Regular,0.1164,0.2195
U07487,C12,X,Active,0.4797,0.3003
U07488,C13,X,Regular,0.0718,0.3291
U07489,C14,X,Active,0.4885,0.363
U07490,C15,Instagram,Active,0.8551,0.5201
U07491,C16,X,Active,0.5051,0.3183
U07492,C17,X,Regular,0.1297,0.2596
U07493,C18,Facebook,Active,0.5158,0.5087
U07494,C19,X,Regular,0.3185,0.2068
U07495,C20,YouTube,Regular,0.3454,0.1704
U07496,C21,Reddit,Regular,0.0285,0.385
U07497,C22,YouTube,Regular,0.2457,0.109
U07498,C23,Facebook,Regular,0.0747,0.2969
U07499,C24,YouTube,Active,0.7253,0.3899
U07500,C25,Instagram,Regular,0.0462,0.0978
U07501,C01,X,Regular,0.0735,0.3527
U07502,C02,YouTube,Regular,0.1367,0.0643
U07503,C03,YouTube,Regular,0.2811,0.0895
U07504,C04,YouTube,Active,0.5114,0.589
U07505,C05,Reddit,Active,0.5849,0.4143
U07506,C06,Reddit,Regular,0.0845,0.0243
U07507,C07,X,Regular,0.3847,0.0332
U07508,C08,Instagram,Regular,0.1339,0.3232
U07509,C09,Facebook,Regular,0.1101,0.1479
U07510,C10,X,Regular,0.0698,0.2578
U07511,C11,Reddit,Active,0.468,0.2725
U07512,C12,Instagram,Regular,0.0237,0.0878
U07513,C13,X,Active,0.6016,0.2702
U07514,C14,X,Regular,0.4203,0.2401
U07515,C15,Instagram,Regular,0.2302,0.211
U07516,C16,Instagram,Regular,0.2774,0.1153
U07517,C17,Reddit,Regular,0.2148,0.1328
U07518,C18,YouTube,Regular,0.1182,0.0919
U07519,C19,Instagram,Influential,0.8419,0.5666
U07520,C20,X,Regular,0.1778,0.0281
U07521,C21,X,Regular,0.1278,0.3611
U07522,C22,X,Active,0.7906,0.4486
U07523,C23,Facebook,Active,0.5672,0.3357
U07524,C24,X,Regular,0.1774,0.0532
U07525,C25,X,Regular,0.4194,0.1342
U07526,C01,Facebook,Active,0.5489,0.0882
U07527,C02,Reddit,Regular,0.0237,0.1368
U07528,C03,X,Active,0.5701,0.0471
U07529,C04,X,Regular,0.1756,0.2362
U07530,C05,X,Active,0.4061,0.4014
U07531,C06,YouTube,Regular,0.1394,0.2326
U07532,C07,YouTube,Regular,0.2509,0.1012
U07533,C08,YouTube,Regular,0.1412,0.1645
U07534,C09,Facebook,Active,0.5858,0.4209
U07535,C10,Instagram,Bridge,0.3374,0.5899
U07536,C11,Facebook,Influential,0.891,0.8516
U07537,C12,Instagram,Regular,0.047,0.2055
U07538,C13,YouTube,Regular,0.0783,0.1568
U07539,C14,X,Active,0.8274,0.5083
U07540,C15,X,Regular,0.2832,0.1416
U07541,C16,Instagram,Regular,0.1094,0.2119
U07542,C17,Instagram,Regular,0.0863,0.1061
U07543,C18,Instagram,Regular,0.1663,0.0334
U07544,C19,Instagram,Active,0.8107,0.2482
U07545,C20,Instagram,Regular,0.4331,0.1284
U07546,C21,Instagram,Regular,0.2772,0.1395
U07547,C22,Reddit,Regular,0.116,0.2725
U07548,C23,Instagram,Regular,0.2168,0.0329
U07549,C24,Instagram,Active,0.6748,0.569
U07550,C25,Instagram,Regular,0.181,0.2095
U07551,C01,Reddit,Regular,0.0809,0.0487
U07552,C02,Instagram,Regular,0.0945,0.139
U07553,C03,Reddit,Regular,0.2358,0.0768
U07554,C04,Facebook,Regular,0.1036,0.2348
U07555,C05,YouTube,Active,0.7362,0.3438
U07556,C06,Facebook,Regular,0.3081,0.2214
U07557,C07,Instagram,Regular,0.0593,0.0586
U07558,C08,YouTube,Active,0.7124,0.497
U07559,C09,X,Active,0.6381,0.5311
U07560,C10,X,Influential,0.8849,0.6167
U07561,C11,X,Regular,0.4205,0.4118
U07562,C12,X,Regular,0.1593,0.238
U07563,C13,X,Regular,0.0779,0.382
U07564,C14,Facebook,Regular,0.176,0.045
U07565,C15,Instagram,Influential,0.6404,0.7192
U07566,C16,Instagram,Regular,0.0755,0.2709
U07567,C17,X,Regular,0.2526,0.1318
U07568,C18,X,Regular,0.1526,0.3633
U07569,C19,X,Regular,0.0413,0.0848
U07570,C20,Reddit,Regular,0.229,0.1288
U07571,C21,Reddit,Influential,0.7608,0.9588
U07572,C22,X,Regular,0.2961,0.0785
U07573,C23,YouTube,Active,0.7608,0.3903
U07574,C24,Instagram,Regular,0.0649,0.1997
U07575,C25,Instagram,Regular,0.2445,0.0208
U07576,C01,X,Regular,0.1963,0.1934
U07577,C02,Facebook,Influential,0.6059,0.9729
U07578,C03,Reddit,Regular,0.0554,0.167
U07579,C04,Facebook,Influential,0.7069,0.5588
U07580,C05,Reddit,Regular,0.2083,0.0832
U07581,C06,Reddit,Active,0.5135,0.0906
U07582,C07,Reddit,Regular,0.103,0.1414
U07583,C08,Instagram,Active,0.6073,0.3988
U07584,C09,Instagram,Regular,0.1698,0.2127
U07585,C10,Facebook,Active,0.657,0.3447
U07586,C11,X,Regular,0.1146,0.1892
U07587,C12,Facebook,Regular,0.0941,0.222
U07588,C13,Reddit,Regular,0.2155,0.3344
U07589,C14,X,Regular,0.1241,0.3036
U07590,C15,Reddit,Regular,0.2378,0.1523
U07591,C16,X,Influential,0.7122,0.7127
U07592,C17,Reddit,Active,0.4167,0.6813
U07593,C18,X,Regular,0.1627,0.2234
U07594,C19,X,Regular,0.3353,0.0214
U07595,C20,X,Regular,0.1153,0.2769
U07596,C21,Reddit,Active,0.5718,0.2625
U07597,C22,Instagram,Active,0.2952,0.4988
U07598,C23,Reddit,Regular,0.2884,0.2521
U07599,C24,Instagram,Influential,0.4598,0.8425
U07600,C25,YouTube,Regular,0.0707,0.0333
U07601,C01,YouTube,Regular,0.0536,0.1585
U07602,C02,Instagram,Regular,0.3573,0.2613
U07603,C03,X,Regular,0.0273,0.2814
U07604,C04,Reddit,Active,0.5526,0.4004
U07605,C05,X,Active,0.6288,0.4582
U07606,C06,YouTube,Regular,0.122,0.0572
U07607,C07,Instagram,Regular,0.1664,0.3094
U07608,C08,YouTube,Regular,0.1027,0.5037
U07609,C09,Instagram,Influential,0.7554,0.8572
U07610,C10,Reddit,Active,0.1646,0.4213
U07611,C11,Facebook,Regular,0.1334,0.0941
U07612,C12,X,Regular,0.1984,0.1641
U07613,C13,YouTube,Regular,0.2548,0.2222
U07614,C14,X,Regular,0.3181,0.36
U07615,C15,Facebook,Regular,0.1798,0.0767
U07616,C16,Instagram,Active,0.522,0.3017
U07617,C17,Facebook,Active,0.7757,0.1428
U07618,C18,Reddit,Regular,0.0425,0.0716
U07619,C19,X,Regular,0.2012,0.3044
U07620,C20,YouTube,Regular,0.2136,0.2506
U07621,C21,Instagram,Regular,0.0615,0.0711
U07622,C22,YouTube,Bridge,0.6705,0.5866
U07623,C23,Instagram,Regular,0.1704,0.3083
U07624,C24,X,Regular,0.1647,0.1001
U07625,C25,YouTube,Influential,0.9387,0.7871
U07626,C01,Instagram,Regular,0.2246,0.2164
U07627,C02,YouTube,Regular,0.0433,0.1938
U07628,C03,Instagram,Influential,0.9496,0.8884
U07629,C04,Facebook,Regular,0.168,0.0415
U07630,C05,Reddit,Regular,0.3176,0.1133
U07631,C06,Instagram,Regular,0.121,0.071
U07632,C07,X,Regular,0.1183,0.1164
U07633,C08,Facebook,Regular,0.2448,0.0382
U07634,C09,Facebook,Regular,0.1807,0.2771
U07635,C10,Instagram,Regular,0.1747,0.1991
U07636,C11,X,Regular,0.2001,0.207
U07637,C12,Facebook,Regular,0.2011,0.1998
U07638,C13,YouTube,Regular,0.219,0.0608
U07639,C14,YouTube,Active,0.6327,0.1421
U07640,C15,X,Regular,0.2362,0.1669
U07641,C16,YouTube,Regular,0.0941,0.0208
U07642,C17,Facebook,Regular,0.1667,0.137
U07643,C18,X,Regular,0.0924,0.1597
U07644,C19,YouTube,Regular,0.2594,0.0621
U07645,C20,YouTube,Regular,0.161,0.1243
U07646,C21,Facebook,Regular,0.1983,0.3469
U07647,C22,Reddit,Regular,0.1326,0.1997
U07648,C23,X,Regular,0.1254,0.167
U07649,C24,YouTube,Active,0.7187,0.2591
U07650,C25,Facebook,Regular,0.059,0.0758
U07651,C01,X,Regular,0.0909,0.1644
U07652,C02,Facebook,Regular,0.0717,0.0385
U07653,C03,X,Regular,0.1983,0.2244
U07654,C04,Instagram,Regular,0.1033,0.1172
U07655,C05,Facebook,Regular,0.2713,0.2004
U07656,C06,X,Active,0.6078,0.2719
U07657,C07,YouTube,Regular,0.0949,0.5156
U07658,C08,Reddit,Influential,0.6647,0.7697
U07659,C09,Facebook,Regular,0.0814,0.1978
U07660,C10,YouTube,Regular,0.6527,0.4026
U07661,C11,Reddit,Active,0.8373,0.3884
U07662,C12,Instagram,Regular,0.1348,0.2841
U07663,C13,Facebook,Active,0.8409,0.4559
U07664,C14,Reddit,Regular,0.0424,0.1758
U07665,C15,X,Active,0.6063,0.2852
U07666,C16,YouTube,Regular,0.5108,0.4258
U07667,C17,YouTube,Regular,0.2384,0.3783
U07668,C18,X,Regular,0.0383,0.1917
U07669,C19,YouTube,Regular,0.4195,0.372
U07670,C20,YouTube,Active,0.5435,0.4098
U07671,C21,YouTube,Active,0.6919,0.5306
U07672,C22,YouTube,Regular,0.261,0.0785
U07673,C23,Reddit,Regular,0.0428,0.0919
U07674,C24,YouTube,Regular,0.2891,0.0455
U07675,C25,X,Regular,0.1162,0.1791
U07676,C01,YouTube,Regular,0.1191,0.0496
U07677,C02,Facebook,Active,0.8127,0.3312
U07678,C03,Reddit,Regular,0.0711,0.4447
U07679,C04,Facebook,Regular,0.2102,0.1533
U07680,C05,X,Regular,0.1497,0.2133
U07681,C06,Instagram,Regular,0.1147,0.133
U07682,C07,X,Regular,0.0676,0.1707
U07683,C08,YouTube,Regular,0.1657,0.0404
U07684,C09,X,Active,0.85,0.3107
U07685,C10,Instagram,Active,0.6331,0.6039
U07686,C11,Reddit,Influential,0.9686,0.7086
U07687,C12,Reddit,Active,0.2966,0.382
U07688,C13,Facebook,Regular,0.2955,0.3029
U07689,C14,YouTube,Regular,0.1707,0.1945
U07690,C15,Instagram,Active,0.4879,0.6994
U07691,C16,YouTube,Active,0.8258,0.3074
U07692,C17,Instagram,Influential,0.5803,0.8647
U07693,C18,Facebook,Influential,0.9189,0.8434
U07694,C19,Instagram,Influential,0.7,0.5824
U07695,C20,Instagram,Influential,0.9218,0.9646
U07696,C21,Facebook,Regular,0.2916,0.0693
U07697,C22,YouTube,Regular,0.1698,0.0205
U07698,C23,X,Regular,0.2498,0.1634
U07699,C24,Instagram,Influential,0.8723,0.8262
U07700,C25,Facebook,Regular,0.0301,0.2065
U07701,C01,YouTube,Regular,0.1688,0.1224
U07702,C02,X,Regular,0.1451,0.1848
U07703,C03,Reddit,Influential,0.8734,0.9044
U07704,C04,Facebook,Regular,0.2907,0.066
U07705,C05,YouTube,Regular,0.3892,0.1582
U07706,C06,Instagram,Active,0.5395,0.5165
U07707,C07,YouTube,Regular,0.0658,0.2251
U07708,C08,YouTube,Regular,0.4258,0.0707
U07709,C09,Reddit,Regular,0.091,0.1431
U07710,C10,Instagram,Influential,0.7263,0.8813
U07711,C11,Reddit,Regular,0.314,0.158
U07712,C12,Reddit,Regular,0.0281,0.2919
U07713,C13,Reddit,Regular,0.1775,0.1425
U07714,C14,Instagram,Regular,0.0682,0.3425
U07715,C15,Instagram,Active,0.8464,0.3785
U07716,C16,Facebook,Regular,0.2077,0.1959
U07717,C17,Facebook,Regular,0.3028,0.202
U07718,C18,Instagram,Regular,0.2543,0.36
U07719,C19,Facebook,Active,0.3399,0.148
U07720,C20,X,Active,0.4265,0.4796
U07721,C21,X,Regular,0.0822,0.2028
U07722,C22,Instagram,Regular,0.0442,0.2739
U07723,C23,X,Regular,0.0924,0.0614
U07724,C24,X,Regular,0.2281,0.2491
U07725,C25,X,Regular,0.1435,0.1127
U07726,C01,YouTube,Regular,0.275,0.1802
U07727,C02,X,Regular,0.0945,0.0106
U07728,C03,Instagram,Active,0.3894,0.5708
U07729,C04,Reddit,Regular,0.2396,0.0139
U07730,C05,X,Regular,0.2613,0.0804
U07731,C06,Reddit,Regular,0.3728,0.0243
U07732,C07,Instagram,Regular,0.1954,0.0204
U07733,C08,Instagram,Active,0.5325,0.5599
U07734,C09,Facebook,Regular,0.2952,0.2276
U07735,C10,X,Regular,0.4128,0.3824
U07736,C11,X,Regular,0.2559,0.0399
U07737,C12,Instagram,Regular,0.0954,0.0987
U07738,C13,Facebook,Regular,0.2432,0.0079
U07739,C14,X,Active,0.4635,0.4661
U07740,C15,Instagram,Regular,0.2121,0.1979
U07741,C16,X,Regular,0.213,0.1933
U07742,C17,X,Regular,0.1778,0.1717
U07743,C18,Reddit,Regular,0.229,0.1424
U07744,C19,Instagram,Regular,0.3694,0.1581
U07745,C20,Facebook,Regular,0.1376,0.1887
U07746,C21,YouTube,Regular,0.3888,0.3835
U07747,C22,Reddit,Regular,0.1789,0.149
U07748,C23,Reddit,Regular,0.1503,0.0476
U07749,C24,X,Influential,0.8117,0.6279
U07750,C25,YouTube,Regular,0.0627,0.0799
U07751,C01,Instagram,Regular,0.2295,0.111
U07752,C02,X,Regular,0.1641,0.2018
U07753,C03,X,Active,0.7699,0.489
U07754,C04,Facebook,Active,0.6568,0.4393
U07755,C05,Instagram,Regular,0.3098,0.3513
U07756,C06,X,Active,0.3229,0.4616
U07757,C07,X,Regular,0.3693,0.237
U07758,C08,Instagram,Regular,0.105,0.1854
U07759,C09,Instagram,Regular,0.2417,0.058
U07760,C10,Instagram,Influential,0.5061,0.8196
U07761,C11,X,Active,0.7892,0.3369
U07762,C12,X,Active,0.8724,0.1035
U07763,C13,Instagram,Active,0.6906,0.1151
U07764,C14,Facebook,Regular,0.3355,0.1741
U07765,C15,Instagram,Regular,0.0288,0.1952
U07766,C16,Reddit,Regular,0.3828,0.0446
U07767,C17,Instagram,Regular,0.1793,0.044
U07768,C18,X,Regular,0.1042,0.1175
U07769,C19,Facebook,Regular,0.2096,0.1785
U07770,C20,X,Regular,0.1036,0.1402
U07771,C21,Reddit,Regular,0.1483,0.1704
U07772,C22,X,Active,0.6914,0.5858
U07773,C23,Reddit,Regular,0.1291,0.0999
U07774,C24,Reddit,Regular,0.1084,0.3015
U07775,C25,YouTube,Influential,0.9206,0.9705
U07776,C01,Instagram,Regular,0.1919,0.1737
U07777,C02,Reddit,Regular,0.1912,0.1583
U07778,C03,Instagram,Active,0.5561,0.345
U07779,C04,Instagram,Regular,0.2669,0.1668
U07780,C05,Reddit,Influential,0.8275,0.9456
U07781,C06,Instagram,Active,0.6181,0.1639
U07782,C07,X,Regular,0.241,0.0691
U07783,C08,Instagram,Active,0.4618,0.5941
U07784,C09,Instagram,Regular,0.2426,0.2463
U07785,C10,X,Regular,0.0885,0.1387
U07786,C11,Facebook,Regular,0.086,0.0558
U07787,C12,Facebook,Regular,0.1956,0.1175
U07788,C13,Instagram,Regular,0.1096,0.1013
U07789,C14,Facebook,Regular,0.2492,0.2697
U07790,C15,YouTube,Regular,0.0949,0.1683
U07791,C16,Instagram,Regular,0.2471,0.2248
U07792,C17,Reddit,Regular,0.0729,0.3294
U07793,C18,Instagram,Regular,0.3681,0.1304
U07794,C19,X,Regular,0.1378,0.1277
U07795,C20,Reddit,Active,0.6937,0.1455
U07796,C21,YouTube,Regular,0.3013,0.1305
U07797,C22,YouTube,Regular,0.13,0.1209
U07798,C23,Facebook,Regular,0.1165,0.2144
U07799,C24,X,Active,0.3585,0.5117
U07800,C25,YouTube,Regular,0.047,0.2025
U07801,C01,X,Regular,0.0733,0.1033
U07802,C02,Reddit,Regular,0.0858,0.0574
U07803,C03,Reddit,Active,0.6577,0.2888
U07804,C04,Facebook,Active,0.4496,0.4541
U07805,C05,Instagram,Regular,0.2293,0.0696
U07806,C06,Instagram,Regular,0.239,0.362
U07807,C07,Instagram,Regular,0.1369,0.1836
U07808,C08,Instagram,Regular,0.1089,0.2584
U07809,C09,YouTube,Active,0.6656,0.3068
U07810,C10,YouTube,Influential,0.741,0.938
U07811,C11,X,Influential,0.5935,0.7219
U07812,C12,Facebook,Influential,0.8945,0.7118
U07813,C13,Reddit,Regular,0.0151,0.3262
U07814,C14,YouTube,Regular,0.0168,0.1498
U07815,C15,X,Active,0.3571,0.2903
U07816,C16,YouTube,Influential,0.8714,0.9633
U07817,C17,YouTube,Active,0.6216,0.1357
U07818,C18,YouTube,Regular,0.1199,0.1171
U07819,C19,Reddit,Regular,0.3764,0.075
U07820,C20,Instagram,Regular,0.2222,0.2855
U07821,C21,YouTube,Regular,0.1489,0.1811
U07822,C22,Reddit,Regular,0.3623,0.004
U07823,C23,Instagram,Active,0.4628,0.4319
U07824,C24,Facebook,Regular,0.3311,0.1502
U07825,C25,Reddit,Regular,0.1798,0.154
U07826,C01,YouTube,Regular,0.4459,0.3234
U07827,C02,Instagram,Active,0.6092,0.0903
U07828,C03,Facebook,Active,0.7282,0.2242
U07829,C04,Reddit,Influential,0.7738,0.7409
U07830,C05,Facebook,Regular,0.1649,0.0774
U07831,C06,X,Active,0.4915,0.234
U07832,C07,YouTube,Regular,0.1293,0.193
U07833,C08,Reddit,Regular,0.2393,0.0592
U07834,C09,X,Active,0.5058,0.3334
U07835,C10,Instagram,Regular,0.0241,0.6196
U07836,C11,Instagram,Regular,0.3751,0.3355
U07837,C12,Facebook,Regular,0.1552,0.1166
U07838,C13,Reddit,Active,0.1614,0.4604
U07839,C14,Reddit,Regular,0.2775,0.2786
U07840,C15,Reddit,Regular,0.1318,0.1936
U07841,C16,Facebook,Active,0.5727,0.5599
U07842,C17,Reddit,Regular,0.0644,0.0541
U07843,C18,Facebook,Active,0.5817,0.2529
U07844,C19,X,Regular,0.2928,0.3015
U07845,C20,Instagram,Active,0.8657,0.1887
U07846,C21,Facebook,Active,0.4564,0.1989
U07847,C22,X,Active,0.7335,0.2079
U07848,C23,Instagram,Regular,0.2598,0.1677
U07849,C24,Facebook,Active,0.5351,0.4341
U07850,C25,YouTube,Regular,0.2394,0.1486
U07851,C01,X,Influential,0.758,0.754
U07852,C02,Reddit,Regular,0.2253,0.1114
U07853,C03,Facebook,Regular,0.2723,0.2196
U07854,C04,YouTube,Regular,0.3992,0.1737
U07855,C05,Facebook,Regular,0.0354,0.1228
U07856,C06,Instagram,Regular,0.0476,0.1557
U07857,C07,Facebook,Regular,0.4262,0.114
U07858,C08,X,Regular,0.3414,0.19
U07859,C09,X,Active,0.5113,0.2238
U07860,C10,Instagram,Active,0.5491,0.2752
U07861,C11,Facebook,Regular,0.1166,0.121
U07862,C12,YouTube,Influential,0.8393,0.6336
U07863,C13,X,Active,0.4641,0.2067
U07864,C14,Instagram,Regular,0.355,0.3365
U07865,C15,X,Regular,0.0934,0.0997
U07866,C16,Instagram,Regular,0.398,0.1656
U07867,C17,X,Active,0.4917,0.289
U07868,C18,Instagram,Active,0.5535,0.3418
U07869,C19,Reddit,Regular,0.2752,0.1759
U07870,C20,YouTube,Active,0.3348,0.4129
U07871,C21,Facebook,Regular,0.1123,0.2069
U07872,C22,Facebook,Regular,0.1369,0.0208
U07873,C23,YouTube,Regular,0.2084,0.0158
U07874,C24,Instagram,Active,0.5955,0.4665
U07875,C25,Instagram,Regular,0.0305,0.0292
U07876,C01,Facebook,Regular,0.0255,0.5693
U07877,C02,Instagram,Regular,0.0883,0.1085
U07878,C03,Instagram,Regular,0.1066,0.1196
U07879,C04,Instagram,Influential,0.2707,0.5993
U07880,C05,Instagram,Regular,0.4462,0.1877
U07881,C06,Instagram,Regular,0.3997,0.4808
U07882,C07,YouTube,Regular,0.2236,0.2869
U07883,C08,Reddit,Regular,0.3432,0.1953
U07884,C09,YouTube,Regular,0.1132,0.0278
U07885,C10,YouTube,Regular,0.1547,0.1066
U07886,C11,Instagram,Active,0.4662,0.2454
U07887,C12,Facebook,Regular,0.0208,0.0493
U07888,C13,Instagram,Regular,0.1347,0.0832
U07889,C14,YouTube,Regular,0.2196,0.4016
U07890,C15,YouTube,Regular,0.0809,0.159
U07891,C16,X,Regular,0.2639,0.0336
U07892,C17,X,Active,0.7854,0.3854
U07893,C18,YouTube,Regular,0.2308,0.0458
U07894,C19,Instagram,Active,0.5472,0.4158
U07895,C20,Facebook,Regular,0.0824,0.0509
U07896,C21,Reddit,Regular,0.1949,0.2408
U07897,C22,Reddit,Regular,0.121,0.1568
U07898,C23,X,Active,0.5381,0.5022
U07899,C24,Instagram,Active,0.6615,0.2294
U07900,C25,Facebook,Active,0.8043,0.5527
U07901,C01,Facebook,Regular,0.2242,0.1522
U07902,C02,YouTube,Active,0.6421,0.4037
U07903,C03,Instagram,Regular,0.323,0.0469
U07904,C04,Instagram,Regular,0.1873,0.0878
U07905,C05,X,Regular,0.1342,0.0967
U07906,C06,Facebook,Regular,0.3657,0.3666
U07907,C07,X,Regular,0.1022,0.0955
U07908,C08,YouTube,Regular,0.0333,0.326
U07909,C09,X,Regular,0.0528,0.1052
U07910,C10,X,Active,0.8803,0.385
U07911,C11,YouTube,Regular,0.1043,0.1502
U07912,C12,X,Regular,0.1803,0.1987
U07913,C13,YouTube,Regular,0.0747,0.2494
U07914,C14,Instagram,Regular,0.1105,0.1687
U07915,C15,Reddit,Regular,0.3087,0.1352
U07916,C16,Instagram,Regular,0.1133,0.1215
U07917,C17,Instagram,Influential,0.908,0.9169
U07918,C18,Facebook,Regular,0.0961,0.2625
U07919,C19,Facebook,Regular,0.2185,0.0248
U07920,C20,Facebook,Regular,0.0903,0.0546
U07921,C21,Instagram,Influential,0.8204,0.5379
U07922,C22,X,Regular,0.2016,0.1986
U07923,C23,X,Active,0.855,0.5097
U07924,C24,X,Regular,0.205,0.4497
U07925,C25,Facebook,Influential,0.9736,0.8702
U07926,C01,Instagram,Regular,0.2156,0.2805
U07927,C02,Reddit,Regular,0.3797,0.1512
U07928,C03,Reddit,Regular,0.1115,0.1176
U07929,C04,YouTube,Regular,0.0539,0.0244
U07930,C05,Facebook,Influential,0.78,0.7853
U07931,C06,Instagram,Active,0.7596,0.4338
U07932,C07,Instagram,Regular,0.1047,0.015
U07933,C08,YouTube,Regular,0.2705,0.1523
U07934,C09,Facebook,Active,0.7204,0.3957
U07935,C10,X,Regular,0.1053,0.2632
U07936,C11,YouTube,Active,0.3245,0.2163
U07937,C12,Instagram,Regular,0.257,0.0996
U07938,C13,Facebook,Regular,0.3033,0.1492
U07939,C14,Instagram,Regular,0.4447,0.1216
U07940,C15,X,Regular,0.1749,0.0414
U07941,C16,Reddit,Regular,0.1266,0.1904
U07942,C17,YouTube,Active,0.5481,0.6777
U07943,C18,X,Regular,0.1134,0.1629
U07944,C19,Instagram,Regular,0.1852,0.045
U07945,C20,YouTube,Regular,0.1345,0.315
U07946,C21,Facebook,Bridge,0.7502,0.7238
U07947,C22,Instagram,Regular,0.0848,0.1297
U07948,C23,Reddit,Regular,0.1952,0.066
U07949,C24,X,Regular,0.4023,0.1392
U07950,C25,Facebook,Regular,0.0795,0.2674
U07951,C01,Reddit,Regular,0.1728,0.1845
U07952,C02,X,Active,0.6748,0.5078
U07953,C03,Instagram,Regular,0.0534,0.3755
U07954,C04,X,Regular,0.2271,0.2019
U07955,C05,Reddit,Active,0.6893,0.2226
U07956,C06,Facebook,Regular,0.2805,0.2507
U07957,C07,Instagram,Active,0.8087,0.1988
U07958,C08,Reddit,Regular,0.1972,0.1942
U07959,C09,Reddit,Regular,0.1415,0.1839
U07960,C10,YouTube,Active,0.5002,0.3345
U07961,C11,Instagram,Regular,0.115,0.0641
U07962,C12,YouTube,Regular,0.162,0.1301
U07963,C13,YouTube,Influential,0.8203,0.9315
U07964,C14,Instagram,Regular,0.0532,0.2305
U07965,C15,Reddit,Regular,0.2681,0.2747
U07966,C16,Reddit,Regular,0.332,0.2279
U07967,C17,Instagram,Regular,0.0963,0.1864
U07968,C18,X,Regular,0.3695,0.2705
U07969,C19,Reddit,Regular,0.4828,0.096
U07970,C20,Facebook,Regular,0.1505,0.0608
U07971,C21,Instagram,Active,0.4172,0.2411
U07972,C22,Instagram,Regular,0.0519,0.1483
U07973,C23,Instagram,Regular,0.0565,0.1075
U07974,C24,Reddit,Regular,0.0723,0.1814
U07975,C25,Facebook,Regular,0.3446,0.2505
U07976,C01,Facebook,Regular,0.1014,0.1872
U07977,C02,Instagram,Regular,0.1629,0.2827
U07978,C03,Instagram,Regular,0.4488,0.2914
U07979,C04,X,Regular,0.0606,0.0179
U07980,C05,Facebook,Regular,0.1175,0.1422
U07981,C06,X,Active,0.6273,0.3036
U07982,C07,Facebook,Regular,0.2666,0.0127
U07983,C08,Facebook,Regular,0.5226,0.0709
U07984,C09,Instagram,Active,0.2326,0.3557
U07985,C10,Reddit,Regular,0.0697,0.1586
U07986,C11,YouTube,Active,0.5342,0.156
U07987,C12,Instagram,Regular,0.1026,0.0724
U07988,C13,Facebook,Influential,0.7583,0.8404
U07989,C14,Facebook,Regular,0.194,0.1292
U07990,C15,Reddit,Regular,0.0973,0.2591
U07991,C16,X,Active,0.6619,0.527
U07992,C17,Reddit,Regular,0.1013,0.2648
U07993,C18,Instagram,Regular,0.2347,0.0995
U07994,C19,Instagram,Regular,0.184,0.4693
U07995,C20,Reddit,Regular,0.3135,0.1685
U07996,C21,X,Regular,0.132,0.2886
U07997,C22,YouTube,Regular,0.3525,0.1269
U07998,C23,X,Active,0.7019,0.5148
U07999,C24,Facebook,Regular,0.2593,0.0879
U08000,C25,Facebook,Regular,0.2334,0.2103
U08001,C01,Instagram,Bridge,0.8528,0.6586
U08002,C02,Instagram,Active,0.5031,0.3867
U08003,C03,Reddit,Regular,0.1241,0.2179
U08004,C04,Facebook,Active,0.5846,0.5339
U08005,C05,X,Active,0.6517,0.5749
U08006,C06,Facebook,Influential,0.9049,0.8306
U08007,C07,X,Regular,0.1196,0.1469
U08008,C08,YouTube,Regular,0.3139,0.0633
U08009,C09,Reddit,Regular,0.5969,0.3086
U08010,C10,X,Regular,0.1664,0.1357
U08011,C11,Reddit,Regular,0.2809,0.0494
U08012,C12,Facebook,Regular,0.3562,0.0625
U08013,C13,Instagram,Regular,0.1076,0.1006
U08014,C14,Facebook,Regular,0.2478,0.1776
U08015,C15,Reddit,Regular,0.1218,0.133
U08016,C16,Instagram,Regular,0.1686,0.2975
U08017,C17,Facebook,Regular,0.0864,0.2004
U08018,C18,YouTube,Regular,0.241,0.1426
U08019,C19,YouTube,Influential,0.8747,0.9091
U08020,C20,Reddit,Regular,0.0595,0.2521
U08021,C21,X,Active,0.5058,0.3122
U08022,C22,Instagram,Regular,0.2089,0.0832
U08023,C23,X,Regular,0.1289,0.1019
U08024,C24,Facebook,Regular,0.1099,0.3087
U08025,C25,YouTube,Bridge,0.8807,0.3898
U08026,C01,Reddit,Regular,0.1535,0.2028
U08027,C02,X,Regular,0.0604,0.2587
U08028,C03,Instagram,Regular,0.0334,0.176
U08029,C04,Instagram,Regular,0.1528,0.6046
U08030,C05,YouTube,Regular,0.2783,0.0793
U08031,C06,X,Regular,0.0839,0.2029
U08032,C07,Instagram,Regular,0.0897,0.3061
U08033,C08,X,Influential,0.7549,0.777
U08034,C09,X,Influential,0.916,0.9708
U08035,C10,YouTube,Regular,0.5723,0.3263
U08036,C11,Reddit,Active,0.3998,0.3674
U08037,C12,X,Regular,0.4731,0.2234
U08038,C13,Reddit,Active,0.6059,0.2993
U08039,C14,Instagram,Regular,0.2711,0.3706
U08040,C15,X,Influential,0.5411,0.8177
U08041,C16,Reddit,Active,0.2969,0.1348
U08042,C17,X,Regular,0.0807,0.0518
U08043,C18,Reddit,Influential,0.8536,0.8207
U08044,C19,X,Active,0.6057,0.315
U08045,C20,X,Influential,0.8526,0.8762
U08046,C21,Facebook,Active,0.7002,0.2889
U08047,C22,YouTube,Regular,0.1665,0.1187
U08048,C23,X,Regular,0.143,0.3325
U08049,C24,Reddit,Regular,0.1469,0.1872
U08050,C25,Reddit,Influential,0.693,0.5823
U08051,C01,Reddit,Regular,0.1316,0.3793
U08052,C02,Instagram,Regular,0.3048,0.0717
U08053,C03,X,Regular,0.0784,0.0428
U08054,C04,Instagram,Regular,0.1169,0.3115
U08055,C05,Reddit,Regular,0.0299,0.2757
U08056,C06,X,Regular,0.2211,0.1263
U08057,C07,Facebook,Active,0.2721,0.3896
U08058,C08,Reddit,Regular,0.2383,0.0484
U08059,C09,YouTube,Regular,0.2905,0.1534
U08060,C10,Instagram,Regular,0.1367,0.0861
U08061,C11,YouTube,Active,0.5307,0.7013
U08062,C12,X,Regular,0.2416,0.0957
U08063,C13,Facebook,Regular,0.245,0.2327
U08064,C14,Instagram,Active,0.4868,0.563
U08065,C15,Facebook,Active,0.5678,0.1938
U08066,C16,YouTube,Influential,0.8157,0.7601
U08067,C17,YouTube,Active,0.7458,0.5752
U08068,C18,Instagram,Regular,0.0449,0.2109
U08069,C19,YouTube,Regular,0.1947,0.0811
U08070,C20,X,Regular,0.3991,0.0558
U08071,C21,Facebook,Active,0.3954,0.2497
U08072,C22,Instagram,Regular,0.1352,0.1139
U08073,C23,YouTube,Active,0.7745,0.5401
U08074,C24,Facebook,Regular,0.2033,0.1734
U08075,C25,YouTube,Active,0.456,0.1472
U08076,C01,Facebook,Regular,0.5059,0.0717
U08077,C02,Instagram,Regular,0.2443,0.1226
U08078,C03,Reddit,Influential,0.76,0.9028
U08079,C04,YouTube,Active,0.4952,0.498
U08080,C05,Instagram,Regular,0.2902,0.4066
U08081,C06,X,Regular,0.2334,0.1058
U08082,C07,YouTube,Influential,0.96,0.7131
U08083,C08,YouTube,Regular,0.1499,0.2253
U08084,C09,Facebook,Regular,0.1057,0.2575
U08085,C10,YouTube,Regular,0.1423,0.0353
U08086,C11,Reddit,Regular,0.1548,0.3669
U08087,C12,Instagram,Regular,0.0426,0.0999
U08088,C13,Reddit,Regular,0.0903,0.2632
U08089,C14,Instagram,Regular,0.2716,0.0632
U08090,C15,Facebook,Bridge,0.643,0.6008
U08091,C16,X,Active,0.464,0.3843
U08092,C17,Reddit,Regular,0.1333,0.3005
U08093,C18,Reddit,Regular,0.1025,0.1137
U08094,C19,X,Regular,0.2883,0.3061
U08095,C20,Reddit,Regular,0.2282,0.2279
U08096,C21,Reddit,Regular,0.0209,0.1763
U08097,C22,X,Regular,0.2916,0.2757
U08098,C23,Facebook,Regular,0.2762,0.1766
U08099,C24,X,Regular,0.3154,0.1035
U08100,C25,Reddit,Active,0.3631,0.3077
U08101,C01,Facebook,Regular,0.0445,0.0579
U08102,C02,Instagram,Regular,0.0712,0.1191
U08103,C03,Instagram,Regular,0.1017,0.0605
U08104,C04,Reddit,Active,0.3025,0.354
U08105,C05,YouTube,Active,0.6235,0.5259
U08106,C06,YouTube,Regular,0.3407,0.3093
U08107,C07,X,Regular,0.029,0.0685
U08108,C08,X,Bridge,0.5376,0.6709
U08109,C09,Instagram,Regular,0.0884,0.4634
U08110,C10,YouTube,Regular,0.0456,0.157
U08111,C11,Facebook,Active,0.395,0.4011
U08112,C12,Instagram,Bridge,0.6276,0.7256
U08113,C13,Reddit,Regular,0.0944,0.0342
U08114,C14,Facebook,Regular,0.1474,0.0816
U08115,C15,Instagram,Active,0.491,0.5878
U08116,C16,X,Regular,0.0443,0.1625
U08117,C17,Facebook,Regular,0.2038,0.2547
U08118,C18,Instagram,Regular,0.0822,0.1691
U08119,C19,Facebook,Regular,0.0799,0.1852
U08120,C20,Instagram,Regular,0.1727,0.1619
U08121,C21,Instagram,Regular,0.5803,0.3654
U08122,C22,Facebook,Regular,0.2079,0.1488
U08123,C23,YouTube,Regular,0.1742,0.1873
U08124,C24,X,Regular,0.2044,0.1788
U08125,C25,X,Active,0.4108,0.3176
U08126,C01,Facebook,Regular,0.1341,0.3755
U08127,C02,YouTube,Regular,0.3178,0.0616
U08128,C03,Reddit,Regular,0.0211,0.1558
U08129,C04,YouTube,Influential,0.6999,0.5208
U08130,C05,Reddit,Active,0.4729,0.197
U08131,C06,Instagram,Regular,0.1065,0.3869
U08132,C07,Facebook,Regular,0.4428,0.2051
U08133,C08,X,Regular,0.0577,0.2873
U08134,C09,X,Active,0.3228,0.6036
U08135,C10,X,Regular,0.2215,0.2904
U08136,C11,X,Regular,0.2222,0.0615
U08137,C12,YouTube,Regular,0.2523,0.2285
U08138,C13,X,Regular,0.0896,0.0288
U08139,C14,X,Regular,0.0358,0.0485
U08140,C15,YouTube,Regular,0.1227,0.1203
U08141,C16,X,Regular,0.3785,0.1163
U08142,C17,Facebook,Regular,0.3492,0.16
U08143,C18,Instagram,Active,0.5965,0.4639
U08144,C19,Facebook,Regular,0.2535,0.3615
U08145,C20,YouTube,Regular,0.1289,0.014
U08146,C21,YouTube,Regular,0.229,0.1525
U08147,C22,YouTube,Active,0.258,0.6462
U08148,C23,YouTube,Regular,0.2406,0.2335
U08149,C24,Facebook,Regular,0.1705,0.0956
U08150,C25,Facebook,Regular,0.4481,0.1729
U08151,C01,Facebook,Regular,0.343,0.04
U08152,C02,Instagram,Regular,0.0903,0.1945
U08153,C03,Instagram,Regular,0.3686,0.0883
U08154,C04,Reddit,Active,0.6988,0.2548
U08155,C05,X,Active,0.6595,0.5951
U08156,C06,Facebook,Regular,0.2314,0.0855
U08157,C07,YouTube,Regular,0.2468,0.1121
U08158,C08,Reddit,Regular,0.1492,0.0604
U08159,C09,Facebook,Regular,0.0718,0.1481
U08160,C10,Reddit,Regular,0.2023,0.2326
U08161,C11,Reddit,Regular,0.1724,0.181
U08162,C12,Facebook,Regular,0.3166,0.0354
U08163,C13,Reddit,Regular,0.2945,0.079
U08164,C14,Instagram,Regular,0.1964,0.2372
U08165,C15,Facebook,Regular,0.1485,0.2148
U08166,C16,X,Regular,0.2119,0.1279
U08167,C17,YouTube,Active,0.7513,0.1333
U08168,C18,Facebook,Regular,0.1853,0.2556
U08169,C19,Instagram,Regular,0.3388,0.0734
U08170,C20,Facebook,Active,0.6179,0.322
U08171,C21,X,Regular,0.2082,0.4904
U08172,C22,Facebook,Regular,0.3496,0.1696
U08173,C23,YouTube,Regular,0.129,0.1977
U08174,C24,X,Regular,0.3627,0.1238
U08175,C25,X,Regular,0.0762,0.235
U08176,C01,Facebook,Regular,0.3468,0.155
U08177,C02,X,Regular,0.2698,0.3124
U08178,C03,Instagram,Active,0.5732,0.3305
U08179,C04,X,Regular,0.2119,0.186
U08180,C05,X,Regular,0.3865,0.0555
U08181,C06,X,Active,0.7527,0.5189
U08182,C07,Instagram,Active,0.6136,0.4575
U08183,C08,YouTube,Regular,0.2709,0.0502
U08184,C09,Facebook,Regular,0.3549,0.0509
U08185,C10,YouTube,Regular,0.4931,0.3219
U08186,C11,Instagram,Regular,0.2088,0.0602
U08187,C12,YouTube,Regular,0.0889,0.0574
U08188,C13,Instagram,Regular,0.0545,0.1608
U08189,C14,Facebook,Regular,0.1719,0.057
U08190,C15,X,Influential,0.9586,0.753
U08191,C16,X,Regular,0.2129,0.0408
U08192,C17,Reddit,Regular,0.143,0.2631
U08193,C18,X,Regular,0.4601,0.3611
U08194,C19,Facebook,Regular,0.1184,0.1366
U08195,C20,Instagram,Regular,0.1517,0.1945
U08196,C21,Instagram,Regular,0.5616,0.328
U08197,C22,X,Regular,0.3493,0.0518
U08198,C23,X,Regular,0.5273,0.1015
U08199,C24,Reddit,Regular,0.198,0.2422
U08200,C25,Instagram,Regular,0.4701,0.2215
U08201,C01,X,Active,0.6836,0.4068
U08202,C02,Reddit,Regular,0.2731,0.2129
U08203,C03,Facebook,Regular,0.2007,0.0403
U08204,C04,X,Regular,0.1107,0.0586
U08205,C05,X,Regular,0.3014,0.0918
U08206,C06,Reddit,Regular,0.1247,0.2389
U08207,C07,Reddit,Influential,0.8075,0.7378
U08208,C08,Instagram,Active,0.4385,0.183
U08209,C09,Reddit,Active,0.4629,0.524
U08210,C10,Facebook,Bridge,0.5519,0.6203
U08211,C11,Instagram,Regular,0.3839,0.3069
U08212,C12,Instagram,Active,0.3908,0.2906
U08213,C13,X,Active,0.3959,0.3472
U08214,C14,Reddit,Regular,0.1964,0.2676
U08215,C15,YouTube,Regular,0.2602,0.2506
U08216,C16,Instagram,Regular,0.138,0.0467
U08217,C17,Reddit,Regular,0.3003,0.0451
U08218,C18,YouTube,Regular,0.2388,0.0531
U08219,C19,Reddit,Regular,0.1644,0.2573
U08220,C20,YouTube,Influential,0.8392,0.7919
U08221,C21,Facebook,Regular,0.1665,0.0745
U08222,C22,Facebook,Regular,0.0434,0.0561
U08223,C23,Reddit,Regular,0.0541,0.1191
U08224,C24,Reddit,Active,0.6664,0.2255
U08225,C25,Facebook,Active,0.5974,0.5206
U08226,C01,X,Active,0.196,0.558
U08227,C02,YouTube,Regular,0.1103,0.4079
U08228,C03,Facebook,Regular,0.0769,0.0486
U08229,C04,YouTube,Regular,0.2662,0.0083
U08230,C05,Instagram,Regular,0.3471,0.0691
U08231,C06,X,Regular,0.1459,0.1697
U08232,C07,X,Regular,0.148,0.2202
U08233,C08,YouTube,Regular,0.2061,0.222
U08234,C09,X,Regular,0.3309,0.1052
U08235,C10,YouTube,Regular,0.3851,0.0506
U08236,C11,YouTube,Influential,0.9243,0.8855
U08237,C12,X,Regular,0.5309,0.0957
U08238,C13,Facebook,Regular,0.294,0.0297
U08239,C14,X,Active,0.4561,0.1538
U08240,C15,Facebook,Regular,0.1662,0.181
U08241,C16,YouTube,Regular,0.0523,0.3421
U08242,C17,Instagram,Regular,0.3557,0.1512
U08243,C18,Reddit,Active,0.6941,0.4304
U08244,C19,Instagram,Regular,0.4906,0.0689
U08245,C20,Reddit,Regular,0.3261,0.1757
U08246,C21,YouTube,Regular,0.1276,0.117
U08247,C22,X,Regular,0.1702,0.0105
U08248,C23,Facebook,Regular,0.0511,0.1768
U08249,C24,Instagram,Regular,0.1688,0.1356
U08250,C25,YouTube,Regular,0.1924,0.1684
U08251,C01,YouTube,Regular,0.3295,0.2547
U08252,C02,Instagram,Active,0.5622,0.2179
U08253,C03,Reddit,Regular,0.0514,0.0907
U08254,C04,YouTube,Regular,0.3951,0.3365
U08255,C05,X,Regular,0.2912,0.0882
U08256,C06,Instagram,Active,0.4469,0.2579
U08257,C07,X,Active,0.6732,0.1406
U08258,C08,YouTube,Active,0.4098,0.6031
U08259,C09,YouTube,Regular,0.0939,0.3024
U08260,C10,Reddit,Regular,0.2854,0.139
U08261,C11,X,Regular,0.2988,0.0431
U08262,C12,Facebook,Active,0.5902,0.471
U08263,C13,Facebook,Regular,0.2165,0.2416
U08264,C14,X,Active,0.6681,0.3296
U08265,C15,Facebook,Regular,0.2223,0.0156
U08266,C16,Instagram,Active,0.6398,0.4475
U08267,C17,Facebook,Regular,0.2375,0.2415
U08268,C18,YouTube,Regular,0.1162,0.1763
U08269,C19,YouTube,Regular,0.2397,0.2175
U08270,C20,Instagram,Regular,0.4125,0.3759
U08271,C21,YouTube,Regular,0.2054,0.2031
U08272,C22,YouTube,Active,0.4642,0.4095
U08273,C23,Reddit,Regular,0.4844,0.1501
U08274,C24,Reddit,Regular,0.1879,0.0872
U08275,C25,YouTube,Regular,0.051,0.2419
U08276,C01,YouTube,Active,0.3609,0.4868
U08277,C02,Reddit,Active,0.4014,0.4094
U08278,C03,Reddit,Regular,0.0631,0.2872
U08279,C04,Instagram,Regular,0.1824,0.0526
U08280,C05,YouTube,Active,0.5803,0.3553
U08281,C06,X,Regular,0.3819,0.1437
U08282,C07,Reddit,Regular,0.3096,0.1392
U08283,C08,Reddit,Regular,0.3234,0.2384
U08284,C09,Reddit,Regular,0.31,0.0566
U08285,C10,Facebook,Regular,0.1359,0.1207
U08286,C11,Instagram,Regular,0.0901,0.1661
U08287,C12,Reddit,Active,0.5736,0.4839
U08288,C13,Facebook,Active,0.6002,0.4501
U08289,C14,Facebook,Regular,0.2647,0.1968
U08290,C15,X,Active,0.3478,0.2034
U08291,C16,Reddit,Regular,0.3763,0.2137
U08292,C17,Instagram,Regular,0.324,0.2424
U08293,C18,Instagram,Regular,0.1174,0.0481
U08294,C19,X,Influential,0.8486,0.8884
U08295,C20,Reddit,Regular,0.1712,0.1106
U08296,C21,X,Regular,0.0682,0.2523
U08297,C22,Reddit,Influential,0.8962,0.8705
U08298,C23,Reddit,Bridge,0.6967,0.7886
U08299,C24,Instagram,Regular,0.2415,0.0587
U08300,C25,X,Regular,0.2355,0.1562
U08301,C01,Instagram,Regular,0.1886,0.1112
U08302,C02,Instagram,Active,0.3062,0.4656
U08303,C03,X,Regular,0.4344,0.2304
U08304,C04,YouTube,Regular,0.0539,0.1849
U08305,C05,Facebook,Regular,0.1381,0.0973
U08306,C06,X,Regular,0.0706,0.1332
U08307,C07,YouTube,Regular,0.13,0.1503
U08308,C08,Reddit,Regular,0.1694,0.1221
U08309,C09,Reddit,Active,0.4523,0.4645
U08310,C10,Instagram,Regular,0.2413,0.0777
U08311,C11,Facebook,Regular,0.1078,0.2285
U08312,C12,X,Regular,0.0648,0.1715
U08313,C13,X,Regular,0.1654,0.0576
U08314,C14,Reddit,Regular,0.0066,0.2008
U08315,C15,YouTube,Influential,0.5893,0.7745
U08316,C16,Instagram,Regular,0.0648,0.0875
U08317,C17,Instagram,Regular,0.1416,0.1088
U08318,C18,Facebook,Regular,0.1013,0.0745
U08319,C19,X,Active,0.4155,0.4161
U08320,C20,Instagram,Regular,0.1233,0.1143
U08321,C21,X,Regular,0.2201,0.0921
U08322,C22,X,Regular,0.1448,0.1818
U08323,C23,Instagram,Active,0.4918,0.4079
U08324,C24,X,Regular,0.1095,0.0799
U08325,C25,X,Regular,0.0578,0.1065
U08326,C01,Instagram,Regular,0.0994,0.1862
U08327,C02,X,Regular,0.1491,0.1845
U08328,C03,X,Influential,0.7787,0.8351
U08329,C04,Facebook,Regular,0.3404,0.1929
U08330,C05,Instagram,Regular,0.0785,0.3212
U08331,C06,Facebook,Regular,0.3356,0.1579
U08332,C07,YouTube,Influential,0.7946,0.9129
U08333,C08,Instagram,Regular,0.1104,0.0855
U08334,C09,YouTube,Regular,0.2118,0.0712
U08335,C10,Facebook,Active,0.315,0.4659
U08336,C11,Instagram,Regular,0.1027,0.1548
U08337,C12,X,Active,0.2395,0.4089
U08338,C13,Facebook,Regular,0.5331,0.4638
U08339,C14,Reddit,Active,0.479,0.4902
U08340,C15,YouTube,Regular,0.1658,0.2121
U08341,C16,Reddit,Influential,0.7673,0.7878
U08342,C17,Reddit,Active,0.8203,0.3892
U08343,C18,Instagram,Regular,0.1713,0.4348
U08344,C19,X,Active,0.2578,0.4458
U08345,C20,Reddit,Regular,0.1959,0.2079
U08346,C21,Instagram,Regular,0.3987,0.2682
U08347,C22,Reddit,Regular,0.3649,0.1217
U08348,C23,Instagram,Regular,0.2396,0.1805
U08349,C24,X,Regular,0.0378,0.0884
U08350,C25,Reddit,Regular,0.0828,0.0877
U08351,C01,Reddit,Regular,0.3077,0.1664
U08352,C02,Instagram,Regular,0.46,0.1067
U08353,C03,YouTube,Regular,0.1857,0.1184
U08354,C04,X,Regular,0.1223,0.0371
U08355,C05,Instagram,Regular,0.4237,0.0646
U08356,C06,Facebook,Active,0.4823,0.1766
U08357,C07,X,Regular,0.1883,0.2544
U08358,C08,X,Regular,0.0871,0.1589
U08359,C09,Reddit,Regular,0.13,0.1998
U08360,C10,X,Regular,0.2109,0.3831
U08361,C11,X,Regular,0.2747,0.0869
U08362,C12,Facebook,Active,0.5224,0.2458
U08363,C13,YouTube,Active,0.3609,0.2857
U08364,C14,X,Regular,0.2129,0.2303
U08365,C15,Instagram,Regular,0.1499,0.2791
U08366,C16,Reddit,Influential,0.8678,0.8129
U08367,C17,X,Regular,0.0994,0.2984
U08368,C18,Facebook,Active,0.4202,0.6289
U08369,C19,Instagram,Regular,0.2365,0.3905
U08370,C20,Facebook,Regular,0.102,0.1396
U08371,C21,X,Regular,0.2584,0.313
U08372,C22,Reddit,Regular,0.176,0.2756
U08373,C23,YouTube,Regular,0.1574,0.1346
U08374,C24,Facebook,Regular,0.1451,0.1526
U08375,C25,X,Regular,0.1715,0.0662
U08376,C01,YouTube,Regular,0.4554,0.0441
U08377,C02,Reddit,Active,0.6612,0.4443
U08378,C03,YouTube,Regular,0.1525,0.3038
U08379,C04,X,Regular,0.1345,0.1515
U08380,C05,Instagram,Regular,0.1402,0.3312
U08381,C06,X,Regular,0.0511,0.2101
U08382,C07,Reddit,Regular,0.4367,0.33
U08383,C08,X,Regular,0.4441,0.0363
U08384,C09,X,Active,0.7505,0.3457
U08385,C10,YouTube,Regular,0.3461,0.1477
U08386,C11,Instagram,Regular,0.3074,0.1451
U08387,C12,Facebook,Active,0.6559,0.2161
U08388,C13,Reddit,Regular,0.2523,0.1622
U08389,C14,Facebook,Active,0.4504,0.4003
U08390,C15,Instagram,Active,0.7219,0.1706
U08391,C16,Instagram,Active,0.4044,0.3044
U08392,C17,Facebook,Active,0.2963,0.2984
U08393,C18,YouTube,Active,0.8014,0.5085
U08394,C19,YouTube,Regular,0.3306,0.0394
U08395,C20,Facebook,Regular,0.1131,0.0805
U08396,C21,X,Influential,0.8672,0.8666
U08397,C22,X,Regular,0.0383,0.2033
U08398,C23,Instagram,Regular,0.1861,0.044
U08399,C24,X,Regular,0.0607,0.2649
U08400,C25,Instagram,Regular,0.0754,0.0798
U08401,C01,Reddit,Regular,0.5192,0.2142
U08402,C02,YouTube,Regular,0.0403,0.1501
U08403,C03,Instagram,Active,0.36,0.1502
U08404,C04,Reddit,Regular,0.2783,0.0802
U08405,C05,X,Influential,0.6706,0.8384
U08406,C06,YouTube,Regular,0.1373,0.2306
U08407,C07,Facebook,Regular,0.1223,0.3307
U08408,C08,Facebook,Regular,0.0585,0.2407
U08409,C09,X,Regular,0.0786,0.064
U08410,C10,X,Influential,0.8535,0.699
U08411,C11,Reddit,Regular,0.3912,0.3547
U08412,C12,Facebook,Regular,0.1264,0.1224
U08413,C13,YouTube,Regular,0.2306,0.1674
U08414,C14,Instagram,Influential,0.852,0.738
U08415,C15,X,Regular,0.3174,0.1114
U08416,C16,X,Regular,0.1656,0.302
U08417,C17,Instagram,Active,0.2546,0.478
U08418,C18,Instagram,Active,0.7366,0.3958
U08419,C19,Instagram,Regular,0.2019,0.1666
U08420,C20,YouTube,Active,0.6128,0.5166
U08421,C21,X,Regular,0.2055,0.2438
U08422,C22,Instagram,Active,0.5822,0.3165
U08423,C23,Instagram,Regular,0.1557,0.2699
U08424,C24,Instagram,Regular,0.2571,0.1043
U08425,C25,Facebook,Regular,0.476,0.1463
U08426,C01,X,Regular,0.2362,0.3106
U08427,C02,YouTube,Regular,0.0716,0.2021
U08428,C03,Instagram,Bridge,0.761,0.5754
U08429,C04,X,Regular,0.2857,0.2621
U08430,C05,Facebook,Regular,0.1217,0.3284
U08431,C06,X,Regular,0.1974,0.2357
U08432,C07,Reddit,Regular,0.1002,0.1305
U08433,C08,Reddit,Regular,0.2462,0.2975
U08434,C09,X,Regular,0.0194,0.2037
U08435,C10,Instagram,Regular,0.1932,0.1095
U08436,C11,X,Regular,0.0963,0.1364
U08437,C12,Facebook,Active,0.7071,0.2055
U08438,C13,X,Active,0.5869,0.2995
U08439,C14,Reddit,Active,0.3596,0.5965
U08440,C15,Reddit,Regular,0.2641,0.1505
U08441,C16,X,Active,0.5031,0.3325
U08442,C17,X,Regular,0.1797,0.3268
U08443,C18,Instagram,Active,0.497,0.6902
U08444,C19,Instagram,Regular,0.0862,0.1811
U08445,C20,Reddit,Regular,0.2021,0.1114
U08446,C21,Instagram,Regular,0.2076,0.2927
U08447,C22,Reddit,Regular,0.1913,0.3358
U08448,C23,X,Regular,0.196,0.1788
U08449,C24,YouTube,Active,0.5057,0.348
U08450,C25,Reddit,Regular,0.2095,0.0614
U08451,C01,Facebook,Active,0.4248,0.2008
U08452,C02,Instagram,Active,0.1902,0.5835
U08453,C03,Facebook,Regular,0.178,0.2755
U08454,C04,Reddit,Regular,0.0913,0.0631
U08455,C05,Facebook,Regular,0.2314,0.0626
U08456,C06,Reddit,Regular,0.1315,0.3421
U08457,C07,X,Bridge,0.5919,0.38
U08458,C08,X,Active,0.4141,0.389
U08459,C09,Reddit,Regular,0.2293,0.2933
U08460,C10,Facebook,Influential,0.8695,0.8643
U08461,C11,X,Regular,0.2937,0.1888
U08462,C12,YouTube,Active,0.5832,0.2099
U08463,C13,Facebook,Active,0.8177,0.2305
U08464,C14,Instagram,Regular,0.1148,0.0306
U08465,C15,Reddit,Regular,0.3848,0.1447
U08466,C16,Facebook,Regular,0.1029,0.0754
U08467,C17,Facebook,Regular,0.1584,0.111
U08468,C18,Facebook,Regular,0.0772,0.0978
U08469,C19,Facebook,Regular,0.1593,0.1159
U08470,C20,Instagram,Regular,0.2874,0.235
U08471,C21,Reddit,Active,0.7041,0.4151
U08472,C22,Facebook,Regular,0.144,0.1591
U08473,C23,Instagram,Active,0.4371,0.4996
U08474,C24,YouTube,Regular,0.1549,0.2085
U08475,C25,YouTube,Active,0.6996,0.2884
U08476,C01,X,Regular,0.3592,0.1308
U08477,C02,Instagram,Regular,0.1723,0.1232
U08478,C03,X,Regular,0.1092,0.1197
U08479,C04,Instagram,Influential,0.9872,0.8152
U08480,C05,Instagram,Bridge,0.5147,0.4483
U08481,C06,Facebook,Regular,0.0212,0.2182
U08482,C07,YouTube,Influential,0.5397,0.8211
U08483,C08,YouTube,Regular,0.1018,0.2404
U08484,C09,Instagram,Regular,0.2808,0.185
U08485,C10,Facebook,Regular,0.1424,0.1619
U08486,C11,X,Regular,0.2613,0.1806
U08487,C12,YouTube,Influential,0.7539,0.7866
U08488,C13,Instagram,Regular,0.0483,0.1131
U08489,C14,Instagram,Regular,0.2781,0.0902
U08490,C15,Facebook,Regular,0.125,0.1461
U08491,C16,X,Regular,0.2285,0.1112
U08492,C17,X,Regular,0.0853,0.2908
U08493,C18,Instagram,Regular,0.1405,0.2453
U08494,C19,X,Regular,0.1654,0.1512
U08495,C20,Instagram,Active,0.5875,0.3075
U08496,C21,Instagram,Regular,0.2287,0.2747
U08497,C22,Instagram,Regular,0.0923,0.1337
U08498,C23,X,Active,0.6104,0.4969
U08499,C24,YouTube,Regular,0.1707,0.1957
U08500,C25,YouTube,Regular,0.1493,0.0311
U08501,C01,Instagram,Regular,0.3358,0.1954
U08502,C02,X,Regular,0.157,0.1521
U08503,C03,X,Regular,0.0827,0.1313
U08504,C04,X,Regular,0.3103,0.1097
U08505,C05,Reddit,Regular,0.0811,0.0455
U08506,C06,YouTube,Influential,0.5643,0.9142
U08507,C07,Facebook,Regular,0.2646,0.2617
U08508,C08,Instagram,Regular,0.0782,0.0356
U08509,C09,Instagram,Active,0.3307,0.3679
U08510,C10,Facebook,Regular,0.3613,0.0716
U08511,C11,YouTube,Influential,0.9651,0.8287
U08512,C12,X,Influential,0.6864,0.6104
U08513,C13,YouTube,Regular,0.0351,0.06
U08514,C14,Instagram,Regular,0.1161,0.1491
U08515,C15,X,Regular,0.1808,0.0985
U08516,C16,Facebook,Active,0.2544,0.1671
U08517,C17,YouTube,Regular,0.0359,0.1209
U08518,C18,Instagram,Active,0.6212,0.3167
U08519,C19,YouTube,Regular,0.2037,0.1085
U08520,C20,X,Active,0.4726,0.2894
U08521,C21,Facebook,Bridge,0.8342,0.763
U08522,C22,X,Regular,0.0979,0.0409
U08523,C23,Facebook,Influential,0.7328,0.5582
U08524,C24,Facebook,Active,0.5386,0.4739
U08525,C25,Reddit,Regular,0.2034,0.2053
U08526,C01,Facebook,Regular,0.3706,0.3025
U08527,C02,Instagram,Regular,0.0942,0.0651
U08528,C03,Reddit,Influential,0.5865,0.7429
U08529,C04,YouTube,Regular,0.2278,0.2531
U08530,C05,Facebook,Regular,0.1122,0.1739
U08531,C06,X,Active,0.6297,0.3283
U08532,C07,Reddit,Regular,0.2098,0.058
U08533,C08,Reddit,Regular,0.1138,0.0802
U08534,C09,YouTube,Regular,0.0832,0.0254
U08535,C10,Reddit,Regular,0.1002,0.3177
U08536,C11,YouTube,Regular,0.3458,0.2165
U08537,C12,X,Regular,0.4649,0.06
U08538,C13,Reddit,Regular,0.1834,0.142
U08539,C14,Reddit,Regular,0.0944,0.075
U08540,C15,Facebook,Influential,0.7602,0.7508
U08541,C16,Instagram,Regular,0.1507,0.3441
U08542,C17,Facebook,Regular,0.4235,0.2844
U08543,C18,Instagram,Active,0.2363,0.2546
U08544,C19,Instagram,Regular,0.0665,0.3143
U08545,C20,X,Regular,0.2347,0.1638
U08546,C21,Instagram,Regular,0.2086,0.1361
U08547,C22,Facebook,Regular,0.3326,0.034
U08548,C23,Instagram,Active,0.7197,0.2289
U08549,C24,Reddit,Regular,0.1621,0.1905
U08550,C25,Instagram,Regular,0.2138,0.0246
U08551,C01,X,Regular,0.14,0.0262
U08552,C02,Instagram,Regular,0.0575,0.0794
U08553,C03,Facebook,Active,0.5562,0.4144
U08554,C04,Instagram,Active,0.6176,0.1351
U08555,C05,Instagram,Active,0.7032,0.3639
U08556,C06,X,Regular,0.2293,0.1057
U08557,C07,YouTube,Regular,0.3406,0.0424
U08558,C08,Instagram,Regular,0.3202,0.2352
U08559,C09,Reddit,Active,0.3751,0.273
U08560,C10,Reddit,Active,0.8225,0.3737
U08561,C11,Instagram,Regular,0.2392,0.167
U08562,C12,Instagram,Active,0.8294,0.6642
U08563,C13,Instagram,Regular,0.4353,0.3165
U08564,C14,X,Regular,0.1309,0.1016
U08565,C15,YouTube,Regular,0.0692,0.0593
U08566,C16,X,Influential,0.6241,0.9245
U08567,C17,YouTube,Regular,0.208,0.1007
U08568,C18,Reddit,Bridge,0.6645,0.3703
U08569,C19,Reddit,Bridge,0.3727,0.8353
U08570,C20,X,Active,0.4835,0.224
U08571,C21,Reddit,Regular,0.1459,0.0666
U08572,C22,Facebook,Regular,0.1648,0.1365
U08573,C23,Instagram,Regular,0.2957,0.0685
U08574,C24,Facebook,Influential,0.7085,0.6175
U08575,C25,X,Regular,0.5796,0.4254
U08576,C01,X,Active,0.6171,0.3201
U08577,C02,Facebook,Regular,0.1287,0.0428
U08578,C03,Instagram,Regular,0.3185,0.2224
U08579,C04,Reddit,Regular,0.5098,0.0589
U08580,C05,Reddit,Regular,0.1027,0.2668
U08581,C06,Reddit,Regular,0.2113,0.2853
U08582,C07,Facebook,Regular,0.0406,0.2207
U08583,C08,YouTube,Regular,0.1259,0.0781
U08584,C09,Instagram,Regular,0.4249,0.1965
U08585,C10,X,Regular,0.2005,0.2117
U08586,C11,X,Regular,0.0501,0.13
U08587,C12,Instagram,Active,0.3978,0.2063
U08588,C13,X,Regular,0.1834,0.1392
U08589,C14,Reddit,Active,0.4319,0.8482
U08590,C15,YouTube,Active,0.5756,0.5093
U08591,C16,Reddit,Regular,0.0661,0.0412
U08592,C17,X,Regular,0.2792,0.0733
U08593,C18,Instagram,Regular,0.219,0.3225
U08594,C19,Reddit,Regular,0.1154,0.1498
U08595,C20,Reddit,Regular,0.1422,0.242
U08596,C21,YouTube,Regular,0.0747,0.0805
U08597,C22,Reddit,Regular,0.0348,0.2115
U08598,C23,Instagram,Regular,0.2341,0.2587
U08599,C24,Instagram,Regular,0.1213,0.3726
U08600,C25,X,Regular,0.2885,0.2259
U08601,C01,Instagram,Regular,0.1077,0.0812
U08602,C02,X,Regular,0.3093,0.2149
U08603,C03,Instagram,Regular,0.104,0.3248
U08604,C04,Facebook,Regular,0.1186,0.157
U08605,C05,Reddit,Influential,0.6232,0.8879
U08606,C06,X,Regular,0.0801,0.1762
U08607,C07,Facebook,Active,0.8004,0.2411
U08608,C08,Facebook,Influential,0.7407,0.8821
U08609,C09,Instagram,Regular,0.2254,0.2465
U08610,C10,Instagram,Regular,0.2721,0.2044
U08611,C11,Instagram,Active,0.5198,0.7714
U08612,C12,Reddit,Regular,0.1888,0.1051
U08613,C13,Reddit,Regular,0.229,0.2239
U08614,C14,X,Regular,0.3034,0.1125
U08615,C15,YouTube,Regular,0.2363,0.121
U08616,C16,Facebook,Regular,0.2501,0.2419
U08617,C17,Reddit,Regular,0.0952,0.211
U08618,C18,Instagram,Regular,0.1765,0.0898
U08619,C19,YouTube,Regular,0.1766,0.2359
U08620,C20,Instagram,Regular,0.1342,0.0829
U08621,C21,X,Regular,0.3813,0.0679
U08622,C22,YouTube,Regular,0.113,0.3638
U08623,C23,Instagram,Regular,0.0664,0.211
U08624,C24,YouTube,Regular,0.2674,0.2662
U08625,C25,Instagram,Regular,0.1611,0.2606
U08626,C01,Instagram,Regular,0.0998,0.1904
U08627,C02,YouTube,Influential,0.492,0.7123
U08628,C03,Instagram,Regular,0.3329,0.2152
U08629,C04,Reddit,Regular,0.1844,0.0792
U08630,C05,Instagram,Active,0.6302,0.3481
U08631,C06,Facebook,Active,0.2941,0.2558
U08632,C07,Instagram,Regular,0.1185,0.2086
U08633,C08,Instagram,Active,0.7395,0.5977
U08634,C09,Facebook,Regular,0.2271,0.2487
U08635,C10,Facebook,Regular,0.4161,0.0523
U08636,C11,YouTube,Regular,0.1846,0.129
U08637,C12,Facebook,Active,0.7333,0.3337
U08638,C13,Instagram,Active,0.8161,0.3305
U08639,C14,Reddit,Active,0.4614,0.3474
U08640,C15,X,Regular,0.2568,0.0735
U08641,C16,Reddit,Regular,0.1239,0.0392
U08642,C17,Instagram,Regular,0.1883,0.1007
U08643,C18,Instagram,Regular,0.2979,0.0763
U08644,C19,Facebook,Regular,0.2163,0.0458
U08645,C20,YouTube,Active,0.3764,0.2833
U08646,C21,Reddit,Active,0.4818,0.2125
U08647,C22,YouTube,Regular,0.144,0.1189
U08648,C23,Instagram,Active,0.7722,0.2945
U08649,C24,Reddit,Active,0.486,0.2209
U08650,C25,X,Regular,0.073,0.0765
U08651,C01,X,Regular,0.0577,0.2554
U08652,C02,X,Active,0.6633,0.4921
U08653,C03,Facebook,Regular,0.3501,0.1559
U08654,C04,Reddit,Regular,0.311,0.5205
U08655,C05,Instagram,Active,0.543,0.3245
U08656,C06,Reddit,Regular,0.3899,0.1769
U08657,C07,Facebook,Regular,0.2173,0.1317
U08658,C08,Facebook,Regular,0.158,0.015
U08659,C09,X,Active,0.4813,0.4574
U08660,C10,Reddit,Active,0.5366,0.2442
U08661,C11,X,Active,0.3654,0.4687
U08662,C12,YouTube,Regular,0.1425,0.109
U08663,C13,Instagram,Influential,0.9748,0.8451
U08664,C14,Facebook,Regular,0.1906,0.126
U08665,C15,Facebook,Regular,0.1683,0.0466
U08666,C16,X,Regular,0.1979,0.1764
U08667,C17,YouTube,Regular,0.1239,0.3747
U08668,C18,Facebook,Regular,0.4542,0.0616
U08669,C19,YouTube,Influential,0.8327,0.7626
U08670,C20,Instagram,Regular,0.3308,0.0954
U08671,C21,Facebook,Regular,0.0266,0.1128
U08672,C22,YouTube,Regular,0.2937,0.0981
U08673,C23,Reddit,Regular,0.4063,0.1692
U08674,C24,Instagram,Regular,0.2385,0.2818
U08675,C25,X,Regular,0.2578,0.1172
U08676,C01,Facebook,Regular,0.3245,0.094
U08677,C02,Instagram,Regular,0.0541,0.2226
U08678,C03,Instagram,Regular,0.0785,0.28
U08679,C04,Facebook,Active,0.4852,0.4439
U08680,C05,YouTube,Regular,0.1372,0.1232
U08681,C06,Instagram,Regular,0.1265,0.1396
U08682,C07,X,Regular,0.0727,0.0429
U08683,C08,X,Regular,0.0413,0.2458
U08684,C09,Reddit,Regular,0.1346,0.1658
U08685,C10,X,Bridge,0.8347,0.7545
U08686,C11,YouTube,Regular,0.3002,0.1829
U08687,C12,Instagram,Influential,0.8185,0.8199
U08688,C13,Facebook,Regular,0.176,0.1375
U08689,C14,Instagram,Active,0.6301,0.5618
U08690,C15,YouTube,Regular,0.0481,0.3839
U08691,C16,Instagram,Regular,0.1026,0.2246
U08692,C17,Instagram,Regular,0.1695,0.0723
U08693,C18,X,Regular,0.2463,0.0446
U08694,C19,X,Bridge,0.3821,0.5729
U08695,C20,Instagram,Influential,0.9904,0.4886
U08696,C21,Instagram,Regular,0.2405,0.1688
U08697,C22,Instagram,Regular,0.0684,0.1281
U08698,C23,Instagram,Regular,0.1283,0.1921
U08699,C24,X,Active,0.5563,0.3478
U08700,C25,Instagram,Regular,0.1551,0.0543
U08701,C01,X,Active,0.496,0.164
U08702,C02,Facebook,Regular,0.2296,0.4906
U08703,C03,YouTube,Regular,0.1275,0.1245
U08704,C04,Reddit,Regular,0.1117,0.294
U08705,C05,X,Active,0.5834,0.544
U08706,C06,Facebook,Regular,0.2306,0.1664
U08707,C07,Reddit,Regular,0.151,0.2389
U08708,C08,X,Regular,0.0683,0.134
U08709,C09,Facebook,Active,0.2341,0.1899
U08710,C10,X,Active,0.6991,0.5977
U08711,C11,X,Regular,0.0737,0.1138
U08712,C12,Instagram,Regular,0.0899,0.2588
U08713,C13,Reddit,Regular,0.0823,0.065
U08714,C14,Facebook,Active,0.8626,0.4757
U08715,C15,Reddit,Influential,0.4532,0.5137
U08716,C16,X,Regular,0.2178,0.1093
U08717,C17,Instagram,Regular,0.1527,0.1322
U08718,C18,Instagram,Regular,0.0313,0.1372
U08719,C19,Facebook,Regular,0.5161,0.0222
U08720,C20,X,Regular,0.1657,0.3599
U08721,C21,X,Regular,0.1866,0.1707
U08722,C22,X,Influential,0.9561,0.8334
U08723,C23,Instagram,Regular,0.1007,0.2154
U08724,C24,X,Regular,0.2476,0.1126
U08725,C25,Facebook,Regular,0.1288,0.0458
U08726,C01,Reddit,Influential,0.7385,0.7543
U08727,C02,X,Regular,0.2552,0.2104
U08728,C03,X,Regular,0.1675,0.0876
U08729,C04,Reddit,Regular,0.0599,0.0943
U08730,C05,Instagram,Bridge,0.7311,0.5114
U08731,C06,YouTube,Regular,0.2894,0.1376
U08732,C07,Facebook,Bridge,0.7259,0.4097
U08733,C08,X,Regular,0.1429,0.0984
U08734,C09,X,Regular,0.0931,0.1632
U08735,C10,YouTube,Influential,0.9157,0.824
U08736,C11,Facebook,Regular,0.13,0.1534
U08737,C12,X,Active,0.7865,0.2547
U08738,C13,Facebook,Active,0.602,0.3194
U08739,C14,Facebook,Regular,0.3652,0.2058
U08740,C15,Instagram,Regular,0.1866,0.1424
U08741,C16,Instagram,Regular,0.2947,0.1257
U08742,C17,Instagram,Active,0.418,0.3102
U08743,C18,YouTube,Influential,0.8695,0.4137
U08744,C19,Reddit,Regular,0.2346,0.1415
U08745,C20,Instagram,Regular,0.1033,0.157
U08746,C21,X,Influential,0.737,0.6175
U08747,C22,Instagram,Active,0.6493,0.1743
U08748,C23,Facebook,Regular,0.2383,0.0463
U08749,C24,Instagram,Regular,0.3572,0.0713
U08750,C25,Facebook,Influential,0.8475,0.9089
U08751,C01,Facebook,Regular,0.2483,0.1553
U08752,C02,Facebook,Influential,0.8786,0.6754
U08753,C03,Facebook,Active,0.7572,0.4512
U08754,C04,X,Active,0.595,0.2894
U08755,C05,X,Regular,0.0473,0.0193
U08756,C06,YouTube,Regular,0.0613,0.0606
U08757,C07,Reddit,Regular,0.1073,0.1729
U08758,C08,Instagram,Regular,0.1171,0.0534
U08759,C09,X,Regular,0.012,0.0411
U08760,C10,Reddit,Regular,0.1439,0.1929
U08761,C11,X,Active,0.4993,0.5662
U08762,C12,Instagram,Active,0.5826,0.3587
U08763,C13,Reddit,Regular,0.325,0.0621
U08764,C14,Facebook,Regular,0.1757,0.1594
U08765,C15,Instagram,Regular,0.1214,0.1243
U08766,C16,Instagram,Regular,0.0799,0.1908
U08767,C17,YouTube,Active,0.6559,0.5681
U08768,C18,X,Regular,0.1301,0.2169
U08769,C19,X,Regular,0.1185,0.2832
U08770,C20,X,Active,0.6635,0.1853
U08771,C21,X,Regular,0.1976,0.1443
U08772,C22,YouTube,Regular,0.3114,0.2257
U08773,C23,Instagram,Regular,0.1953,0.2966
U08774,C24,Instagram,Regular,0.0778,0.1748
U08775,C25,Instagram,Active,0.3577,0.2845
U08776,C01,Facebook,Regular,0.2313,0.105
U08777,C02,YouTube,Regular,0.2993,0.2813
U08778,C03,Instagram,Influential,0.688,0.7418
U08779,C04,Facebook,Regular,0.3211,0.05
U08780,C05,YouTube,Influential,0.8165,0.8236
U08781,C06,X,Regular,0.0307,0.2182
U08782,C07,Reddit,Active,0.5489,0.5458
U08783,C08,Instagram,Regular,0.1445,0.1065
U08784,C09,X,Bridge,0.6632,0.5733
U08785,C10,Instagram,Regular,0.0627,0.0393
U08786,C11,Facebook,Regular,0.2448,0.0801
U08787,C12,X,Regular,0.2205,0.0106
U08788,C13,YouTube,Regular,0.1305,0.1792
U08789,C14,Instagram,Regular,0.073,0.4006
U08790,C15,X,Active,0.2307,0.2371
U08791,C16,Facebook,Active,0.7968,0.1754
U08792,C17,X,Regular,0.0299,0.2205
U08793,C18,X,Regular,0.2849,0.0758
U08794,C19,Instagram,Regular,0.0877,0.3497
U08795,C20,Instagram,Regular,0.1252,0.0849
U08796,C21,X,Regular,0.1635,0.2523
U08797,C22,YouTube,Regular,0.1439,0.1345
U08798,C23,Reddit,Regular,0.3001,0.0766
U08799,C24,Instagram,Regular,0.132,0.1601
U08800,C25,Reddit,Regular,0.3291,0.0632
U08801,C01,X,Regular,0.0065,0.07
U08802,C02,X,Active,0.8484,0.2675
U08803,C03,Instagram,Regular,0.2349,0.1235
U08804,C04,Reddit,Regular,0.0836,0.1046
U08805,C05,Reddit,Influential,0.4429,0.6794
U08806,C06,Instagram,Regular,0.4415,0.2123
U08807,C07,Instagram,Influential,0.8912,0.725
U08808,C08,YouTube,Regular,0.3264,0.0944
U08809,C09,Instagram,Active,0.5667,0.5528
U08810,C10,Instagram,Regular,0.192,0.0909
U08811,C11,Facebook,Active,0.5278,0.371
U08812,C12,Reddit,Regular,0.2177,0.179
U08813,C13,Instagram,Regular,0.2736,0.2966
U08814,C14,X,Regular,0.0605,0.3485
U08815,C15,Instagram,Bridge,0.8195,0.6729
U08816,C16,YouTube,Influential,0.7636,0.9465
U08817,C17,Instagram,Regular,0.1567,0.029
U08818,C18,X,Regular,0.0127,0.2046
U08819,C19,X,Regular,0.0732,0.1428
U08820,C20,YouTube,Regular,0.4167,0.1566
U08821,C21,X,Regular,0.1832,0.1831
U08822,C22,Reddit,Active,0.417,0.3781
U08823,C23,YouTube,Regular,0.3943,0.0942
U08824,C24,Instagram,Regular,0.2145,0.0963
U08825,C25,Instagram,Influential,0.9876,0.8756
U08826,C01,Instagram,Regular,0.0055,0.1369
U08827,C02,X,Influential,0.284,0.788
U08828,C03,YouTube,Regular,0.1881,0.0335
U08829,C04,Facebook,Active,0.5041,0.0968
U08830,C05,Facebook,Bridge,0.8672,0.2602
U08831,C06,X,Bridge,0.7716,0.4674
U08832,C07,YouTube,Regular,0.655,0.184
U08833,C08,YouTube,Regular,0.2952,0.2125
U08834,C09,Instagram,Active,0.5011,0.6197
U08835,C10,Facebook,Influential,0.944,0.8715
U08836,C11,X,Regular,0.1199,0.1934
U08837,C12,X,Regular,0.0957,0.0771
U08838,C13,YouTube,Regular,0.1669,0.1866
U08839,C14,Facebook,Active,0.488,0.4923
U08840,C15,X,Active,0.644,0.3361
U08841,C16,X,Regular,0.0703,0.336
U08842,C17,YouTube,Regular,0.3448,0.3139
U08843,C18,Facebook,Regular,0.153,0.2432
U08844,C19,Reddit,Regular,0.51,0.0683
U08845,C20,Instagram,Regular,0.2836,0.0532
U08846,C21,Facebook,Regular,0.2546,0.1009
U08847,C22,X,Active,0.4219,0.2569
U08848,C23,YouTube,Active,0.5937,0.5419
U08849,C24,Instagram,Regular,0.2015,0.2037
U08850,C25,Instagram,Regular,0.3365,0.1194
U08851,C01,Facebook,Regular,0.4916,0.2272
U08852,C02,X,Regular,0.2397,0.0885
U08853,C03,Instagram,Regular,0.1324,0.0992
U08854,C04,Reddit,Active,0.2811,0.4748
U08855,C05,Instagram,Regular,0.1105,0.2688
U08856,C06,X,Active,0.5072,0.575
U08857,C07,Facebook,Regular,0.2521,0.0306
U08858,C08,X,Regular,0.2347,0.0963
U08859,C09,YouTube,Influential,0.6706,0.7991
U08860,C10,Facebook,Regular,0.3799,0.2026
U08861,C11,Instagram,Active,0.8343,0.2494
U08862,C12,X,Regular,0.1999,0.2706
U08863,C13,Facebook,Regular,0.0597,0.2753
U08864,C14,X,Regular,0.308,0.297
U08865,C15,YouTube,Regular,0.0273,0.2929
U08866,C16,Instagram,Regular,0.2745,0.1765
U08867,C17,Reddit,Regular,0.5369,0.0446
U08868,C18,Instagram,Regular,0.183,0.3714
U08869,C19,Instagram,Regular,0.219,0.2383
U08870,C20,Facebook,Regular,0.1522,0.0398
U08871,C21,Instagram,Regular,0.3586,0.2827
U08872,C22,YouTube,Regular,0.2758,0.1539
U08873,C23,Instagram,Regular,0.1227,0.052
U08874,C24,Instagram,Active,0.476,0.4696
U08875,C25,X,Regular,0.2064,0.273
U08876,C01,YouTube,Regular,0.1348,0.1189
U08877,C02,X,Regular,0.3793,0.1265
U08878,C03,Reddit,Regular,0.0395,0.1928
U08879,C04,Facebook,Regular,0.1452,0.2011
U08880,C05,Reddit,Regular,0.1128,0.3409
U08881,C06,Instagram,Regular,0.1646,0.0984
U08882,C07,Reddit,Regular,0.1235,0.1336
U08883,C08,YouTube,Regular,0.1609,0.2077
U08884,C09,Instagram,Active,0.5631,0.2434
U08885,C10,YouTube,Regular,0.3733,0.0739
U08886,C11,X,Regular,0.0881,0.0196
U08887,C12,X,Regular,0.5194,0.1483
U08888,C13,Reddit,Regular,0.1625,0.228
U08889,C14,Facebook,Regular,0.0486,0.1441
U08890,C15,X,Active,0.3975,0.2632
U08891,C16,YouTube,Influential,0.9056,0.8521
U08892,C17,YouTube,Active,0.6895,0.1312
U08893,C18,Instagram,Regular,0.2487,0.4302
U08894,C19,X,Regular,0.3673,0.2114
U08895,C20,Instagram,Regular,0.1668,0.1903
U08896,C21,YouTube,Influential,0.5764,0.7061
U08897,C22,YouTube,Active,0.5855,0.2391
U08898,C23,Instagram,Regular,0.0595,0.3326
U08899,C24,Instagram,Regular,0.3411,0.2675
U08900,C25,X,Regular,0.1579,0.1335
U08901,C01,Reddit,Active,0.6587,0.1995
U08902,C02,X,Regular,0.2738,0.2614
U08903,C03,Reddit,Regular,0.1036,0.0862
U08904,C04,Reddit,Influential,0.8562,0.8516
U08905,C05,Instagram,Regular,0.0555,0.2591
U08906,C06,Reddit,Regular,0.4359,0.1865
U08907,C07,Facebook,Regular,0.0263,0.1793
U08908,C08,Facebook,Regular,0.1627,0.195
U08909,C09,Reddit,Regular,0.0876,0.177
U08910,C10,X,Regular,0.3494,0.11
U08911,C11,Instagram,Active,0.2569,0.3289
U08912,C12,Facebook,Active,0.5611,0.6162
U08913,C13,YouTube,Regular,0.0812,0.1508
U08914,C14,X,Regular,0.2183,0.0689
U08915,C15,Facebook,Regular,0.0853,0.1763
U08916,C16,YouTube,Regular,0.052,0.3963
U08917,C17,Instagram,Regular,0.1206,0.1891
U08918,C18,X,Active,0.5288,0.4431
U08919,C19,YouTube,Regular,0.0711,0.157
U08920,C20,Reddit,Influential,0.9325,0.8896
U08921,C21,YouTube,Regular,0.0721,0.2265
U08922,C22,Instagram,Regular,0.1565,0.1258
U08923,C23,Instagram,Regular,0.3283,0.0525
U08924,C24,YouTube,Regular,0.1663,0.1335
U08925,C25,YouTube,Regular,0.107,0.1219
U08926,C01,Facebook,Regular,0.183,0.1117
U08927,C02,Instagram,Regular,0.2701,0.3762
U08928,C03,Instagram,Regular,0.2532,0.1958
U08929,C04,X,Regular,0.4163,0.1205
U08930,C05,YouTube,Active,0.5486,0.1878
U08931,C06,YouTube,Active,0.1633,0.368
U08932,C07,Reddit,Regular,0.3985,0.2058
U08933,C08,Facebook,Regular,0.0198,0.2981
U08934,C09,Facebook,Influential,0.6939,0.9896
U08935,C10,Facebook,Regular,0.1981,0.2529
U08936,C11,Facebook,Regular,0.4458,0.19
U08937,C12,X,Active,0.6818,0.4599
U08938,C13,Facebook,Active,0.3143,0.2801
U08939,C14,Instagram,Regular,0.2593,0.1496
U08940,C15,YouTube,Active,0.3797,0.1944
U08941,C16,X,Regular,0.3164,0.2125
U08942,C17,YouTube,Regular,0.2392,0.1043
U08943,C18,YouTube,Regular,0.155,0.0527
U08944,C19,Facebook,Active,0.5409,0.2328
U08945,C20,Instagram,Regular,0.3133,0.084
U08946,C21,X,Active,0.2943,0.4161
U08947,C22,Reddit,Regular,0.6065,0.1521
U08948,C23,YouTube,Regular,0.2604,0.1515
U08949,C24,Instagram,Regular,0.1351,0.0583
U08950,C25,Facebook,Regular,0.3223,0.13
U08951,C01,YouTube,Regular,0.1883,0.0509
U08952,C02,X,Regular,0.0543,0.088
U08953,C03,YouTube,Bridge,0.8266,0.3639
U08954,C04,X,Regular,0.077,0.1839
U08955,C05,X,Regular,0.1741,0.1568
U08956,C06,Facebook,Regular,0.1739,0.2436
U08957,C07,Instagram,Regular,0.0887,0.0691
U08958,C08,Reddit,Active,0.754,0.2904
U08959,C09,YouTube,Regular,0.2136,0.1909
U08960,C10,Reddit,Regular,0.2038,0.0365
U08961,C11,Facebook,Regular,0.1005,0.1318
U08962,C12,Reddit,Active,0.4471,0.1319
U08963,C13,YouTube,Regular,0.2048,0.0628
U08964,C14,Facebook,Active,0.4305,0.3554
U08965,C15,Reddit,Regular,0.1291,0.1821
U08966,C16,Instagram,Active,0.3311,0.5369
U08967,C17,Instagram,Regular,0.0474,0.0504
U08968,C18,Facebook,Regular,0.1057,0.1975
U08969,C19,X,Regular,0.0822,0.0987
U08970,C20,YouTube,Regular,0.0391,0.1922
U08971,C21,X,Regular,0.0975,0.2487
U08972,C22,YouTube,Regular,0.3453,0.1916
U08973,C23,Instagram,Regular,0.3871,0.4461
U08974,C24,YouTube,Regular,0.1044,0.2703
U08975,C25,X,Regular,0.0273,0.0697
U08976,C01,Reddit,Active,0.6202,0.3083
U08977,C02,Instagram,Regular,0.0299,0.317
U08978,C03,YouTube,Regular,0.0966,0.3306
U08979,C04,X,Active,0.4553,0.3432
U08980,C05,Facebook,Regular,0.2585,0.0971
U08981,C06,X,Active,0.5208,0.3966
U08982,C07,X,Regular,0.3147,0.1733
U08983,C08,Facebook,Regular,0.2956,0.2001
U08984,C09,Facebook,Regular,0.1527,0.3096
U08985,C10,Facebook,Regular,0.2415,0.3082
U08986,C11,Instagram,Regular,0.0364,0.0142
U08987,C12,Facebook,Regular,0.3143,0.423
U08988,C13,Facebook,Active,0.8497,0.2296
U08989,C14,X,Regular,0.246,0.0818
U08990,C15,YouTube,Regular,0.3816,0.1357
U08991,C16,X,Regular,0.424,0.1183
U08992,C17,Reddit,Regular,0.2458,0.1173
U08993,C18,Facebook,Regular,0.1136,0.1981
U08994,C19,Instagram,Regular,0.4579,0.1102
U08995,C20,Reddit,Regular,0.1486,0.1654
U08996,C21,Reddit,Regular,0.2546,0.1019
U08997,C22,X,Regular,0.1714,0.1501
U08998,C23,X,Regular,0.1154,0.2178
U08999,C24,Instagram,Active,0.6344,0.3531
U09000,C25,X,Active,0.5078,0.4364
U09001,C01,YouTube,Regular,0.2059,0.4078
U09002,C02,Reddit,Active,0.6492,0.3624
U09003,C03,YouTube,Regular,0.3097,0.0413
U09004,C04,Instagram,Influential,0.7736,0.6766
U09005,C05,Instagram,Active,0.4225,0.4624
U09006,C06,Reddit,Regular,0.1915,0.5267
U09007,C07,Instagram,Active,0.5101,0.3921
U09008,C08,X,Regular,0.0762,0.049
U09009,C09,X,Regular,0.0518,0.1479
U09010,C10,Instagram,Regular,0.1629,0.0609
U09011,C11,X,Active,0.5728,0.3445
U09012,C12,Instagram,Influential,0.8635,0.7976
U09013,C13,YouTube,Active,0.5211,0.377
U09014,C14,Facebook,Regular,0.2817,0.2682
U09015,C15,YouTube,Regular,0.1333,0.1771
U09016,C16,YouTube,Active,0.6259,0.3274
U09017,C17,Instagram,Active,0.366,0.171
U09018,C18,X,Regular,0.0803,0.1248
U09019,C19,Instagram,Regular,0.2532,0.2249
U09020,C20,Instagram,Regular,0.2539,0.1122
U09021,C21,X,Regular,0.317,0.1545
U09022,C22,X,Regular,0.2107,0.179
U09023,C23,Instagram,Regular,0.0621,0.3285
U09024,C24,Reddit,Regular,0.1649,0.1669
U09025,C25,YouTube,Regular,0.3418,0.254
U09026,C01,Facebook,Regular,0.385,0.2485
U09027,C02,X,Regular,0.2289,0.0131
U09028,C03,X,Regular,0.2854,0.3975
U09029,C04,Reddit,Regular,0.1149,0.1702
U09030,C05,YouTube,Regular,0.1044,0.1268
U09031,C06,X,Regular,0.0603,0.1007
U09032,C07,Facebook,Regular,0.0916,0.2079
U09033,C08,Instagram,Regular,0.0198,0.2917
U09034,C09,Instagram,Influential,0.7469,0.9413
U09035,C10,Reddit,Regular,0.1714,0.2639
U09036,C11,X,Active,0.6355,0.6466
U09037,C12,Instagram,Regular,0.3067,0.1108
U09038,C13,X,Regular,0.1631,0.1477
U09039,C14,Instagram,Active,0.5318,0.4964
U09040,C15,Reddit,Regular,0.2231,0.1115
U09041,C16,X,Influential,0.9242,0.8091
U09042,C17,X,Active,0.7309,0.226
U09043,C18,Instagram,Active,0.6805,0.402
U09044,C19,Instagram,Regular,0.0491,0.2021
U09045,C20,X,Regular,0.417,0.1106
U09046,C21,X,Regular,0.367,0.0883
U09047,C22,X,Regular,0.0628,0.0755
U09048,C23,X,Active,0.6871,0.3417
U09049,C24,X,Regular,0.3185,0.2784
U09050,C25,X,Regular,0.2869,0.2212
U09051,C01,X,Regular,0.0951,0.0778
U09052,C02,YouTube,Regular,0.1644,0.1433
U09053,C03,Facebook,Regular,0.1476,0.1944
U09054,C04,X,Regular,0.1355,0.1495
U09055,C05,X,Regular,0.3019,0.0391
U09056,C06,Instagram,Influential,0.8704,0.9825
U09057,C07,Reddit,Regular,0.1202,0.3193
U09058,C08,X,Regular,0.0793,0.0505
U09059,C09,YouTube,Regular,0.3255,0.1337
U09060,C10,Facebook,Regular,0.1535,0.0909
U09061,C11,Instagram,Active,0.5948,0.5205
U09062,C12,Reddit,Regular,0.4175,0.1171
U09063,C13,Reddit,Active,0.4374,0.2776
U09064,C14,Facebook,Regular,0.1349,0.1181
U09065,C15,Facebook,Active,0.4123,0.4645
U09066,C16,Reddit,Regular,0.2773,0.1495
U09067,C17,X,Active,0.6626,0.3167
U09068,C18,YouTube,Regular,0.3209,0.2314
U09069,C19,X,Regular,0.3202,0.0481
U09070,C20,Instagram,Regular,0.0874,0.1041
U09071,C21,Instagram,Regular,0.4025,0.0539
U09072,C22,Reddit,Regular,0.2253,0.2347
U09073,C23,Instagram,Influential,0.9359,0.352
U09074,C24,X,Regular,0.2097,0.122
U09075,C25,X,Regular,0.3535,0.1277
U09076,C01,Instagram,Active,0.3982,0.5127
U09077,C02,X,Active,0.3378,0.4367
U09078,C03,X,Regular,0.0802,0.2109
U09079,C04,Reddit,Active,0.7099,0.3977
U09080,C05,X,Regular,0.3072,0.2058
U09081,C06,Reddit,Influential,0.9271,0.8928
U09082,C07,Reddit,Regular,0.4545,0.0603
U09083,C08,Facebook,Regular,0.1722,0.16
U09084,C09,Reddit,Regular,0.0224,0.1288
U09085,C10,X,Active,0.5264,0.3329
U09086,C11,Instagram,Regular,0.4501,0.0583
U09087,C12,X,Regular,0.2203,0.0555
U09088,C13,YouTube,Influential,0.9263,0.6475
U09089,C14,Reddit,Regular,0.2728,0.2104
U09090,C15,Instagram,Regular,0.0978,0.0922
U09091,C16,Instagram,Active,0.3752,0.201
U09092,C17,Instagram,Regular,0.1808,0.1808
U09093,C18,YouTube,Regular,0.116,0.1614
U09094,C19,X,Regular,0.116,0.1978
U09095,C20,X,Regular,0.1588,0.0305
U09096,C21,YouTube,Active,0.5945,0.3619
U09097,C22,Reddit,Regular,0.2855,0.1385
U09098,C23,X,Regular,0.1971,0.2624
U09099,C24,Reddit,Regular,0.1893,0.0829
U09100,C25,Instagram,Active,0.6135,0.28
U09101,C01,Reddit,Regular,0.0774,0.0493
U09102,C02,Reddit,Regular,0.2699,0.013
U09103,C03,Facebook,Regular,0.3228,0.114
U09104,C04,Instagram,Regular,0.1059,0.2446
U09105,C05,YouTube,Active,0.4922,0.4453
U09106,C06,Reddit,Regular,0.2012,0.3707
U09107,C07,YouTube,Regular,0.1979,0.206
U09108,C08,Instagram,Active,0.4311,0.3714
U09109,C09,Reddit,Regular,0.1937,0.2512
U09110,C10,X,Regular,0.0206,0.2118
U09111,C11,YouTube,Regular,0.1195,0.2289
U09112,C12,X,Regular,0.1312,0.4116
U09113,C13,Facebook,Regular,0.3169,0.222
U09114,C14,Instagram,Regular,0.0538,0.2085
U09115,C15,Reddit,Influential,0.7614,0.9169
U09116,C16,Instagram,Active,0.5382,0.4081
U09117,C17,Instagram,Regular,0.1256,0.176
U09118,C18,X,Regular,0.0795,0.2392
U09119,C19,Instagram,Regular,0.395,0.1918
U09120,C20,Instagram,Active,0.7791,0.5246
U09121,C21,Reddit,Regular,0.4236,0.0957
U09122,C22,Instagram,Influential,0.5895,0.7612
U09123,C23,Instagram,Regular,0.2121,0.1856
U09124,C24,X,Influential,0.6321,0.9825
U09125,C25,Instagram,Active,0.4869,0.1419
U09126,C01,Facebook,Regular,0.3069,0.2296
U09127,C02,YouTube,Active,0.3423,0.2258
U09128,C03,Facebook,Regular,0.4236,0.1996
U09129,C04,YouTube,Regular,0.2194,0.3253
U09130,C05,Facebook,Regular,0.1932,0.2107
U09131,C06,YouTube,Active,0.4428,0.2007
U09132,C07,X,Regular,0.0486,0.0344
U09133,C08,Facebook,Regular,0.1262,0.1695
U09134,C09,Facebook,Regular,0.1311,0.1247
U09135,C10,YouTube,Regular,0.193,0.1269
U09136,C11,Instagram,Regular,0.101,0.034
U09137,C12,Instagram,Regular,0.0382,0.0349
U09138,C13,X,Regular,0.1249,0.1687
U09139,C14,Facebook,Regular,0.1487,0.2686
U09140,C15,X,Regular,0.1189,0.0919
U09141,C16,Instagram,Regular,0.0485,0.1709
U09142,C17,Instagram,Active,0.6194,0.3769
U09143,C18,Instagram,Active,0.504,0.4462
U09144,C19,X,Active,0.7387,0.4154
U09145,C20,Facebook,Regular,0.1722,0.0091
U09146,C21,X,Regular,0.2544,0.2282
U09147,C22,Reddit,Regular,0.0117,0.0275
U09148,C23,Reddit,Active,0.6116,0.2516
U09149,C24,X,Regular,0.2041,0.2826
U09150,C25,Instagram,Regular,0.2627,0.0303
U09151,C01,Instagram,Active,0.7303,0.2464
U09152,C02,Reddit,Regular,0.2381,0.0809
U09153,C03,Facebook,Regular,0.0474,0.3049
U09154,C04,Instagram,Regular,0.2982,0.047
U09155,C05,Instagram,Active,0.4364,0.1838
U09156,C06,Instagram,Active,0.6275,0.2457
U09157,C07,X,Influential,0.7277,0.9478
U09158,C08,YouTube,Regular,0.0434,0.2243
U09159,C09,X,Regular,0.1333,0.1253
U09160,C10,X,Regular,0.2013,0.1109
U09161,C11,YouTube,Influential,0.6723,0.7893
U09162,C12,X,Regular,0.3166,0.0908
U09163,C13,X,Active,0.7441,0.4112
U09164,C14,Facebook,Regular,0.1195,0.0911
U09165,C15,Facebook,Regular,0.0723,0.1148
U09166,C16,YouTube,Regular,0.1017,0.2162
U09167,C17,Facebook,Regular,0.3887,0.2348
U09168,C18,Instagram,Regular,0.1065,0.206
U09169,C19,Facebook,Regular,0.1176,0.079
U09170,C20,Facebook,Regular,0.0856,0.3312
U09171,C21,Reddit,Regular,0.1286,0.1312
U09172,C22,Instagram,Active,0.4005,0.6077
U09173,C23,X,Active,0.3781,0.7064
U09174,C24,Reddit,Active,0.5744,0.3307
U09175,C25,X,Active,0.5651,0.087
U09176,C01,X,Regular,0.1896,0.1365
U09177,C02,X,Regular,0.105,0.5591
U09178,C03,YouTube,Regular,0.328,0.0744
U09179,C04,Facebook,Influential,0.7223,0.8464
U09180,C05,Instagram,Regular,0.2912,0.0821
U09181,C06,YouTube,Regular,0.129,0.1101
U09182,C07,Reddit,Regular,0.2719,0.0602
U09183,C08,X,Regular,0.2016,0.315
U09184,C09,Instagram,Regular,0.1345,0.1318
U09185,C10,Instagram,Regular,0.2841,0.1711
U09186,C11,Instagram,Regular,0.2774,0.0325
U09187,C12,YouTube,Influential,0.7369,0.821
U09188,C13,Instagram,Regular,0.1018,0.0228
U09189,C14,X,Regular,0.2765,0.2306
U09190,C15,YouTube,Regular,0.2603,0.0799
U09191,C16,Instagram,Regular,0.2358,0.1887
U09192,C17,Reddit,Regular,0.1149,0.2183
U09193,C18,YouTube,Regular,0.1103,0.1297
U09194,C19,Reddit,Influential,0.581,0.9271
U09195,C20,Facebook,Regular,0.3811,0.1268
U09196,C21,Instagram,Active,0.6393,0.2857
U09197,C22,X,Active,0.6408,0.6188
U09198,C23,Reddit,Regular,0.3357,0.1305
U09199,C24,Facebook,Regular,0.0901,0.1356
U09200,C25,YouTube,Active,0.3159,0.2964
U09201,C01,X,Influential,0.8477,0.8723
U09202,C02,Reddit,Regular,0.0788,0.1511
U09203,C03,X,Active,0.6661,0.4411
U09204,C04,X,Regular,0.1658,0.3936
U09205,C05,X,Regular,0.0366,0.3612
U09206,C06,X,Regular,0.1575,0.0323
U09207,C07,YouTube,Regular,0.1445,0.022
U09208,C08,YouTube,Regular,0.0661,0.1915
U09209,C09,X,Active,0.6241,0.1543
U09210,C10,YouTube,Active,0.7243,0.409
U09211,C11,Instagram,Active,0.8266,0.1711
U09212,C12,Facebook,Regular,0.0201,0.1078
U09213,C13,X,Regular,0.1662,0.3145
U09214,C14,X,Regular,0.1178,0.2207
U09215,C15,YouTube,Regular,0.2862,0.0608
U09216,C16,Instagram,Active,0.5653,0.4294
U09217,C17,YouTube,Regular,0.119,0.2504
U09218,C18,Reddit,Regular,0.3163,0.0656
U09219,C19,X,Regular,0.275,0.2828
U09220,C20,Instagram,Regular,0.1024,0.0997
U09221,C21,YouTube,Active,0.4072,0.421
U09222,C22,Reddit,Regular,0.4963,0.2568
U09223,C23,X,Regular,0.4427,0.1882
U09224,C24,Instagram,Influential,0.8614,0.8259
U09225,C25,Reddit,Influential,0.957,0.9225
U09226,C01,YouTube,Regular,0.196,0.0358
U09227,C02,YouTube,Regular,0.2453,0.0508
U09228,C03,Reddit,Regular,0.2004,0.0863
U09229,C04,X,Regular,0.1092,0.1041
U09230,C05,Instagram,Regular,0.3935,0.5042
U09231,C06,Facebook,Regular,0.1476,0.0801
U09232,C07,YouTube,Active,0.6487,0.1394
U09233,C08,Reddit,Regular,0.212,0.5176
U09234,C09,Reddit,Regular,0.1803,0.2198
U09235,C10,Instagram,Regular,0.3524,0.2214
U09236,C11,Facebook,Influential,0.6264,0.7067
U09237,C12,YouTube,Active,0.6462,0.604
U09238,C13,Facebook,Regular,0.0458,0.3446
U09239,C14,Instagram,Regular,0.3021,0.2481
U09240,C15,X,Regular,0.0268,0.2078
U09241,C16,Instagram,Active,0.4543,0.5273
U09242,C17,Facebook,Regular,0.4348,0.2584
U09243,C18,Facebook,Influential,0.8366,0.7372
U09244,C19,Instagram,Regular,0.1795,0.181
U09245,C20,Reddit,Active,0.3996,0.2414
U09246,C21,Facebook,Regular,0.2221,0.1055
U09247,C22,YouTube,Regular,0.0663,0.1254
U09248,C23,X,Regular,0.3127,0.1965
U09249,C24,Facebook,Regular,0.1043,0.1017
U09250,C25,YouTube,Regular,0.2734,0.1552
U09251,C01,Instagram,Regular,0.163,0.3035
U09252,C02,Facebook,Regular,0.2926,0.0983
U09253,C03,X,Regular,0.3422,0.256
U09254,C04,Facebook,Regular,0.423,0.161
U09255,C05,X,Regular,0.3439,0.1665
U09256,C06,Reddit,Regular,0.1466,0.3558
U09257,C07,Instagram,Bridge,0.9023,0.713
U09258,C08,YouTube,Regular,0.1894,0.0723
U09259,C09,Reddit,Regular,0.0422,0.0823
U09260,C10,Reddit,Regular,0.1104,0.0803
U09261,C11,YouTube,Regular,0.1182,0.297
U09262,C12,Facebook,Regular,0.1285,0.1246
U09263,C13,Reddit,Regular,0.1181,0.1071
U09264,C14,Instagram,Regular,0.0822,0.0562
U09265,C15,X,Regular,0.1286,0.2753
U09266,C16,X,Active,0.3063,0.4293
U09267,C17,Reddit,Regular,0.1431,0.1097
U09268,C18,Reddit,Regular,0.1599,0.048
U09269,C19,Facebook,Influential,0.8342,0.8841
U09270,C20,Reddit,Regular,0.1487,0.1275
U09271,C21,Instagram,Active,0.6289,0.4847
U09272,C22,X,Regular,0.2846,0.3079
U09273,C23,Facebook,Regular,0.2314,0.4801
U09274,C24,X,Regular,0.0852,0.2181
U09275,C25,YouTube,Regular,0.1669,0.1805
U09276,C01,X,Active,0.3331,0.3315
U09277,C02,Instagram,Regular,0.0787,0.3184
U09278,C03,X,Active,0.4128,0.3468
U09279,C04,Instagram,Regular,0.1256,0.2186
U09280,C05,Facebook,Regular,0.1352,0.085
U09281,C06,YouTube,Regular,0.3903,0.1293
U09282,C07,X,Regular,0.1414,0.0765
U09283,C08,Reddit,Regular,0.2139,0.1539
U09284,C09,Reddit,Regular,0.6105,0.1012
U09285,C10,Instagram,Active,0.6712,0.2825
U09286,C11,Reddit,Active,0.2441,0.2521
U09287,C12,YouTube,Regular,0.2668,0.2135
U09288,C13,Reddit,Regular,0.3386,0.2163
U09289,C14,Reddit,Regular,0.2049,0.0458
U09290,C15,Reddit,Regular,0.1466,0.3373
U09291,C16,X,Regular,0.2529,0.1246
U09292,C17,Instagram,Active,0.4176,0.5123
U09293,C18,X,Regular,0.1305,0.0337
U09294,C19,Instagram,Regular,0.1405,0.2623
U09295,C20,X,Influential,0.6195,0.8588
U09296,C21,Instagram,Active,0.7447,0.121
U09297,C22,YouTube,Regular,0.2514,0.3438
U09298,C23,YouTube,Active,0.5761,0.3487
U09299,C24,Reddit,Regular,0.3188,0.0695
U09300,C25,Reddit,Active,0.3428,0.4111
U09301,C01,Instagram,Regular,0.1774,0.2208
U09302,C02,Facebook,Influential,0.7187,0.8184
U09303,C03,Reddit,Regular,0.3138,0.1044
U09304,C04,Instagram,Active,0.644,0.3054
U09305,C05,Reddit,Regular,0.2787,0.164
U09306,C06,X,Active,0.3628,0.3591
U09307,C07,Reddit,Regular,0.1536,0.2
U09308,C08,Reddit,Regular,0.1617,0.0974
U09309,C09,Instagram,Active,0.5909,0.3233
U09310,C10,Reddit,Regular,0.0568,0.2744
U09311,C11,YouTube,Regular,0.1443,0.0648
U09312,C12,Instagram,Regular,0.0912,0.0597
U09313,C13,Facebook,Active,0.5803,0.1905
U09314,C14,Instagram,Active,0.2968,0.5358
U09315,C15,X,Regular,0.1262,0.1311
U09316,C16,X,Regular,0.368,0.0515
U09317,C17,Reddit,Regular,0.2056,0.2167
U09318,C18,Reddit,Regular,0.2635,0.1832
U09319,C19,X,Regular,0.1773,0.0172
U09320,C20,X,Regular,0.3195,0.1384
U09321,C21,Facebook,Active,0.6432,0.2125
U09322,C22,Instagram,Regular,0.1519,0.1376
U09323,C23,X,Regular,0.1429,0.0501
U09324,C24,X,Regular,0.1433,0.108
U09325,C25,Facebook,Regular,0.0839,0.1133
U09326,C01,Facebook,Regular,0.1253,0.3625
U09327,C02,Instagram,Regular,0.2707,0.109
U09328,C03,Instagram,Influential,0.6505,0.7709
U09329,C04,Facebook,Regular,0.285,0.1467
U09330,C05,YouTube,Regular,0.2764,0.0924
U09331,C06,Facebook,Regular,0.095,0.101
U09332,C07,Reddit,Regular,0.228,0.0681
U09333,C08,Facebook,Regular,0.292,0.3842
U09334,C09,YouTube,Regular,0.1654,0.2278
U09335,C10,Reddit,Regular,0.2107,0.0909
U09336,C11,Facebook,Regular,0.2157,0.213
U09337,C12,X,Regular,0.2821,0.2554
U09338,C13,Instagram,Regular,0.1796,0.0633
U09339,C14,X,Regular,0.1307,0.1651
U09340,C15,Facebook,Influential,0.9152,0.8831
U09341,C16,Instagram,Active,0.5971,0.3292
U09342,C17,X,Regular,0.2266,0.1199
U09343,C18,Instagram,Active,0.4243,0.085
U09344,C19,Facebook,Active,0.5128,0.333
U09345,C20,X,Regular,0.3293,0.1364
U09346,C21,Instagram,Influential,0.789,0.668
U09347,C22,Reddit,Regular,0.4747,0.2497
U09348,C23,YouTube,Influential,0.7699,0.8572
U09349,C24,Reddit,Regular,0.2131,0.2196
U09350,C25,X,Regular,0.1385,0.3175
U09351,C01,Reddit,Regular,0.4488,0.1628
U09352,C02,Facebook,Regular,0.0952,0.3202
U09353,C03,YouTube,Regular,0.1423,0.1635
U09354,C04,Instagram,Regular,0.1769,0.1289
U09355,C05,Facebook,Regular,0.3201,0.3994
U09356,C06,Facebook,Regular,0.1668,0.1303
U09357,C07,Facebook,Regular,0.4318,0.0992
U09358,C08,X,Regular,0.1244,0.3281
U09359,C09,Facebook,Regular,0.059,0.163
U09360,C10,Instagram,Regular,0.0762,0.0855
U09361,C11,Instagram,Regular,0.349,0.1606
U09362,C12,Instagram,Active,0.8156,0.394
U09363,C13,Instagram,Regular,0.1441,0.0225
U09364,C14,Facebook,Regular,0.2118,0.0729
U09365,C15,X,Regular,0.2394,0.1375
U09366,C16,Facebook,Regular,0.1374,0.2047
U09367,C17,Facebook,Regular,0.145,0.0765
U09368,C18,YouTube,Regular,0.1944,0.05
U09369,C19,Instagram,Active,0.5388,0.2582
U09370,C20,Reddit,Active,0.6228,0.158
U09371,C21,Facebook,Regular,0.1815,0.1794
U09372,C22,Reddit,Active,0.448,0.3236
U09373,C23,Facebook,Regular,0.3239,0.1494
U09374,C24,Instagram,Active,0.8475,0.5969
U09375,C25,Reddit,Regular,0.1959,0.0561
U09376,C01,Instagram,Regular,0.3117,0.3532
U09377,C02,Instagram,Regular,0.1997,0.2528
U09378,C03,X,Regular,0.1619,0.2442
U09379,C04,Instagram,Regular,0.1294,0.0607
U09380,C05,X,Regular,0.564,0.4213
U09381,C06,Facebook,Bridge,0.703,0.6297
U09382,C07,Reddit,Regular,0.115,0.1783
U09383,C08,Instagram,Regular,0.0155,0.2454
U09384,C09,Instagram,Active,0.4995,0.3159
U09385,C10,Reddit,Active,0.3952,0.2605
U09386,C11,Instagram,Regular,0.0914,0.1868
U09387,C12,Facebook,Active,0.4868,0.4977
U09388,C13,Instagram,Regular,0.3491,0.2401
U09389,C14,Reddit,Regular,0.088,0.0633
U09390,C15,Facebook,Regular,0.0869,0.23
U09391,C16,X,Regular,0.4615,0.2184
U09392,C17,Reddit,Active,0.5662,0.4087
U09393,C18,Reddit,Active,0.5403,0.3408
U09394,C19,Reddit,Regular,0.2447,0.1718
U09395,C20,Facebook,Regular,0.1028,0.1204
U09396,C21,Facebook,Regular,0.36,0.062
U09397,C22,Reddit,Active,0.5964,0.2353
U09398,C23,Reddit,Active,0.4336,0.3003
U09399,C24,Instagram,Regular,0.1881,0.069
U09400,C25,Reddit,Active,0.4493,0.4593
U09401,C01,Facebook,Regular,0.2688,0.1109
U09402,C02,Facebook,Regular,0.1452,0.2859
U09403,C03,Reddit,Regular,0.3086,0.2013
U09404,C04,YouTube,Active,0.7627,0.2233
U09405,C05,X,Regular,0.1989,0.1115
U09406,C06,YouTube,Regular,0.2011,0.1677
U09407,C07,X,Regular,0.0391,0.0205
U09408,C08,Instagram,Regular,0.2965,0.2755
U09409,C09,Reddit,Regular,0.2085,0.2297
U09410,C10,Reddit,Regular,0.3543,0.2718
U09411,C11,Instagram,Regular,0.1714,0.279
U09412,C12,YouTube,Influential,0.6414,0.8495
U09413,C13,YouTube,Regular,0.1221,0.1149
U09414,C14,Facebook,Regular,0.3514,0.095
U09415,C15,X,Regular,0.1253,0.0472
U09416,C16,Facebook,Regular,0.1724,0.1388
U09417,C17,X,Regular,0.032,0.2469
U09418,C18,Facebook,Active,0.6643,0.207
U09419,C19,X,Active,0.6214,0.4321
U09420,C20,YouTube,Regular,0.2503,0.2142
U09421,C21,Facebook,Regular,0.0814,0.1269
U09422,C22,X,Regular,0.4302,0.2259
U09423,C23,X,Active,0.9653,0.3573
U09424,C24,YouTube,Regular,0.1242,0.0903
U09425,C25,Reddit,Regular,0.1732,0.0398
U09426,C01,YouTube,Influential,0.9067,0.687
U09427,C02,Instagram,Active,0.4705,0.3971
U09428,C03,Reddit,Regular,0.1897,0.1515
U09429,C04,YouTube,Regular,0.0267,0.3
U09430,C05,X,Regular,0.1621,0.1157
U09431,C06,X,Active,0.5201,0.4626
U09432,C07,Facebook,Active,0.5916,0.4372
U09433,C08,YouTube,Regular,0.345,0.1849
U09434,C09,Reddit,Active,0.3628,0.1678
U09435,C10,Instagram,Regular,0.2546,0.215
U09436,C11,Reddit,Regular,0.0877,0.2126
U09437,C12,X,Regular,0.3059,0.0833
U09438,C13,X,Influential,0.8422,0.8799
U09439,C14,X,Active,0.387,0.4632
U09440,C15,Reddit,Regular,0.0487,0.0758
U09441,C16,Reddit,Active,0.6433,0.2248
U09442,C17,Reddit,Regular,0.2787,0.189
U09443,C18,YouTube,Regular,0.3791,0.2411
U09444,C19,Instagram,Regular,0.2637,0.1546
U09445,C20,YouTube,Regular,0.0704,0.0153
U09446,C21,Instagram,Active,0.5571,0.5267
U09447,C22,Facebook,Regular,0.0461,0.1674
U09448,C23,Reddit,Bridge,0.5027,0.6113
U09449,C24,Facebook,Regular,0.0999,0.1441
U09450,C25,Reddit,Active,0.6417,0.2645
U09451,C01,Instagram,Active,0.7096,0.348
U09452,C02,YouTube,Active,0.76,0.3945
U09453,C03,X,Active,0.6629,0.3818
U09454,C04,X,Regular,0.18,0.2499
U09455,C05,Reddit,Active,0.5745,0.3531
U09456,C06,Facebook,Regular,0.0909,0.1568
U09457,C07,X,Regular,0.0521,0.4353
U09458,C08,Reddit,Influential,0.7641,0.7567
U09459,C09,X,Regular,0.0507,0.3519
U09460,C10,X,Regular,0.0732,0.2656
U09461,C11,Reddit,Regular,0.1283,0.0493
U09462,C12,YouTube,Active,0.4869,0.2271
U09463,C13,YouTube,Regular,0.1587,0.2797
U09464,C14,YouTube,Active,0.3866,0.2819
U09465,C15,YouTube,Regular,0.3492,0.3197
U09466,C16,YouTube,Regular,0.1814,0.1265
U09467,C17,Facebook,Regular,0.0533,0.1911
U09468,C18,Instagram,Regular,0.2965,0.1981
U09469,C19,Reddit,Influential,0.7818,0.6743
U09470,C20,X,Active,0.6544,0.2238
U09471,C21,YouTube,Regular,0.1315,0.3376
U09472,C22,Instagram,Regular,0.0308,0.1599
U09473,C23,Instagram,Active,0.3135,0.5409
U09474,C24,Reddit,Regular,0.25,0.2102
U09475,C25,X,Active,0.525,0.4431
U09476,C01,YouTube,Active,0.4414,0.2691
U09477,C02,Facebook,Regular,0.2208,0.0744
U09478,C03,Facebook,Active,0.4949,0.2393
U09479,C04,Instagram,Regular,0.3981,0.0284
U09480,C05,Facebook,Regular,0.2298,0.3285
U09481,C06,X,Regular,0.2032,0.1241
U09482,C07,Facebook,Regular,0.1539,0.1558
U09483,C08,X,Regular,0.2459,0.0809
U09484,C09,YouTube,Regular,0.1484,0.3681
U09485,C10,Reddit,Regular,0.1626,0.0746
U09486,C11,Instagram,Regular,0.069,0.3107
U09487,C12,YouTube,Regular,0.2426,0.2743
U09488,C13,YouTube,Regular,0.206,0.1162
U09489,C14,X,Regular,0.2095,0.049
U09490,C15,X,Influential,0.5907,0.7744
U09491,C16,Facebook,Regular,0.3078,0.1979
U09492,C17,Reddit,Influential,0.8825,0.9011
U09493,C18,YouTube,Regular,0.085,0.0378
U09494,C19,X,Active,0.5304,0.3125
U09495,C20,Reddit,Regular,0.0931,0.1149
U09496,C21,Facebook,Regular,0.2926,0.0426
U09497,C22,Instagram,Active,0.7534,0.2831
U09498,C23,Facebook,Regular,0.3858,0.2678
U09499,C24,Instagram,Regular,0.1316,0.0835
U09500,C25,Reddit,Regular,0.1205,0.1949
U09501,C01,Reddit,Regular,0.1055,0.1568
U09502,C02,X,Regular,0.1881,0.0777
U09503,C03,Facebook,Regular,0.1968,0.1532
U09504,C04,Facebook,Active,0.5893,0.6773
U09505,C05,X,Regular,0.0707,0.1081
U09506,C06,Reddit,Regular,0.3605,0.1914
U09507,C07,Facebook,Regular,0.2793,0.0605
U09508,C08,YouTube,Regular,0.1107,0.1687
U09509,C09,Instagram,Regular,0.106,0.0888
U09510,C10,X,Regular,0.1086,0.1842
U09511,C11,X,Regular,0.1655,0.325
U09512,C12,Instagram,Regular,0.1413,0.2214
U09513,C13,X,Regular,0.312,0.1794
U09514,C14,Facebook,Active,0.5459,0.6309
U09515,C15,X,Regular,0.0551,0.0826
U09516,C16,Instagram,Influential,0.488,0.5154
U09517,C17,Reddit,Regular,0.0885,0.2598
U09518,C18,X,Regular,0.2097,0.1661
U09519,C19,Instagram,Regular,0.3048,0.3585
U09520,C20,Facebook,Regular,0.2173,0.3225
U09521,C21,Reddit,Influential,0.7678,0.8514
U09522,C22,YouTube,Regular,0.3399,0.1277
U09523,C23,Reddit,Regular,0.0951,0.0703
U09524,C24,Reddit,Regular,0.4708,0.208
U09525,C25,X,Regular,0.21,0.1004
U09526,C01,Reddit,Influential,0.6989,0.8624
U09527,C02,Instagram,Regular,0.3407,0.1656
U09528,C03,Facebook,Regular,0.2656,0.0958
U09529,C04,X,Active,0.3791,0.3225
U09530,C05,YouTube,Active,0.585,0.5639
U09531,C06,Instagram,Regular,0.1091,0.1385
U09532,C07,Reddit,Regular,0.4913,0.0643
U09533,C08,Facebook,Active,0.6999,0.1688
U09534,C09,Reddit,Regular,0.3022,0.1738
U09535,C10,Facebook,Regular,0.1421,0.2829
U09536,C11,Instagram,Influential,0.64,0.6909
U09537,C12,X,Regular,0.3734,0.0606
U09538,C13,Reddit,Active,0.5901,0.4391
U09539,C14,Instagram,Active,0.7656,0.3159
U09540,C15,Reddit,Regular,0.3246,0.1023
U09541,C16,Instagram,Active,0.4269,0.4212
U09542,C17,X,Influential,0.6821,0.8523
U09543,C18,X,Influential,0.6469,0.9905
U09544,C19,YouTube,Active,0.6968,0.4741
U09545,C20,X,Active,0.7616,0.3347
U09546,C21,X,Active,0.69,0.1753
U09547,C22,Facebook,Regular,0.2177,0.0476
U09548,C23,Reddit,Regular,0.2572,0.0764
U09549,C24,Instagram,Regular,0.128,0.124
U09550,C25,Reddit,Regular,0.1215,0.2352
U09551,C01,YouTube,Regular,0.0586,0.07
U09552,C02,Instagram,Influential,0.7501,0.6768
U09553,C03,Facebook,Regular,0.0642,0.2725
U09554,C04,Reddit,Active,0.3273,0.2478
U09555,C05,Instagram,Active,0.5179,0.3506
U09556,C06,YouTube,Regular,0.2565,0.1387
U09557,C07,Instagram,Regular,0.07,0.1114
U09558,C08,Instagram,Influential,0.7358,0.8392
U09559,C09,X,Active,0.4346,0.3533
U09560,C10,Instagram,Influential,0.8242,0.8754
U09561,C11,Instagram,Regular,0.1619,0.1159
U09562,C12,Instagram,Regular,0.0916,0.3281
U09563,C13,Facebook,Regular,0.2411,0.2117
U09564,C14,Instagram,Regular,0.0275,0.102
U09565,C15,X,Active,0.7579,0.3189
U09566,C16,YouTube,Regular,0.2922,0.2819
U09567,C17,Reddit,Regular,0.2192,0.166
U09568,C18,YouTube,Regular,0.1182,0.0951
U09569,C19,Instagram,Regular,0.0367,0.0531
U09570,C20,YouTube,Regular,0.1866,0.0907
U09571,C21,Facebook,Active,0.5919,0.5188
U09572,C22,Instagram,Regular,0.3048,0.157
U09573,C23,X,Regular,0.0698,0.1019
U09574,C24,YouTube,Active,0.5411,0.2411
U09575,C25,Reddit,Regular,0.426,0.2313
U09576,C01,Instagram,Regular,0.3086,0.023
U09577,C02,Instagram,Regular,0.2495,0.2249
U09578,C03,Reddit,Active,0.7623,0.3826
U09579,C04,Reddit,Regular,0.0782,0.1356
U09580,C05,Reddit,Active,0.483,0.4534
U09581,C06,X,Active,0.7107,0.5426
U09582,C07,Reddit,Active,0.472,0.3866
U09583,C08,Instagram,Regular,0.2277,0.2335
U09584,C09,Reddit,Regular,0.1924,0.0318
U09585,C10,Instagram,Regular,0.1821,0.2432
U09586,C11,Facebook,Regular,0.0322,0.0399
U09587,C12,YouTube,Active,0.5153,0.2888
U09588,C13,Facebook,Regular,0.2213,0.2219
U09589,C14,X,Regular,0.0905,0.0395
U09590,C15,Instagram,Regular,0.3695,0.2051
U09591,C16,Facebook,Regular,0.3117,0.157
U09592,C17,Instagram,Regular,0.2521,0.2204
U09593,C18,Instagram,Regular,0.228,0.2003
U09594,C19,YouTube,Regular,0.166,0.1969
U09595,C20,X,Regular,0.1606,0.1558
U09596,C21,Instagram,Regular,0.3653,0.168
U09597,C22,X,Regular,0.1234,0.0252
U09598,C23,X,Regular,0.1899,0.0987
U09599,C24,Instagram,Regular,0.0366,0.4501
U09600,C25,Instagram,Regular,0.1276,0.0508
U09601,C01,Reddit,Influential,0.5417,0.7454
U09602,C02,Reddit,Regular,0.3182,0.0493
U09603,C03,Instagram,Regular,0.1819,0.4138
U09604,C04,Facebook,Regular,0.1387,0.1136
U09605,C05,X,Regular,0.187,0.0682
U09606,C06,Instagram,Influential,0.835,0.4676
U09607,C07,YouTube,Regular,0.0851,0.05
U09608,C08,YouTube,Regular,0.1528,0.2914
U09609,C09,Reddit,Regular,0.1733,0.2686
U09610,C10,Instagram,Regular,0.1008,0.1004
U09611,C11,Facebook,Regular,0.2109,0.1853
U09612,C12,Reddit,Regular,0.179,0.2323
U09613,C13,YouTube,Active,0.3605,0.4895
U09614,C14,Instagram,Regular,0.0788,0.1084
U09615,C15,X,Regular,0.3586,0.1002
U09616,C16,X,Regular,0.0939,0.0186
U09617,C17,YouTube,Active,0.184,0.2996
U09618,C18,X,Active,0.3397,0.1632
U09619,C19,Instagram,Regular,0.1894,0.2954
U09620,C20,X,Active,0.5391,0.7723
U09621,C21,Instagram,Regular,0.1051,0.1726
U09622,C22,Facebook,Regular,0.4448,0.163
U09623,C23,X,Regular,0.0873,0.1555
U09624,C24,YouTube,Active,0.6801,0.313
U09625,C25,X,Regular,0.1069,0.0663
U09626,C01,Instagram,Active,0.6936,0.3992
U09627,C02,YouTube,Regular,0.4181,0.1425
U09628,C03,Facebook,Regular,0.2148,0.3311
U09629,C04,Reddit,Regular,0.0434,0.2203
U09630,C05,Instagram,Active,0.4017,0.2858
U09631,C06,X,Active,0.4261,0.441
U09632,C07,Reddit,Active,0.6534,0.5933
U09633,C08,X,Regular,0.2402,0.4407
U09634,C09,Reddit,Active,0.7172,0.2796
U09635,C10,YouTube,Regular,0.0516,0.0451
U09636,C11,Instagram,Regular,0.1401,0.2219
U09637,C12,Facebook,Regular,0.1106,0.311
U09638,C13,X,Regular,0.2538,0.2065
U09639,C14,Instagram,Regular,0.1704,0.2265
U09640,C15,X,Regular,0.1396,0.0347
U09641,C16,Instagram,Active,0.2169,0.3401
U09642,C17,Instagram,Influential,0.3766,0.872
U09643,C18,X,Influential,0.8531,0.8437
U09644,C19,Reddit,Regular,0.1042,0.3049
U09645,C20,Instagram,Regular,0.1843,0.426
U09646,C21,Reddit,Regular,0.4095,0.0786
U09647,C22,X,Regular,0.4038,0.2051
U09648,C23,X,Regular,0.1502,0.0763
U09649,C24,X,Regular,0.1851,0.2503
U09650,C25,Facebook,Regular,0.0758,0.2336
U09651,C01,Facebook,Active,0.5022,0.1112
U09652,C02,Reddit,Regular,0.174,0.4619
U09653,C03,Reddit,Regular,0.0462,0.1592
U09654,C04,X,Regular,0.0741,0.0203
U09655,C05,YouTube,Bridge,0.8471,0.6937
U09656,C06,Reddit,Regular,0.1453,0.0733
U09657,C07,X,Bridge,0.8247,0.6612
U09658,C08,Facebook,Regular,0.1206,0.2279
U09659,C09,Instagram,Regular,0.1163,0.1511
U09660,C10,Facebook,Active,0.7361,0.1845
U09661,C11,X,Regular,0.1935,0.1539
U09662,C12,Instagram,Influential,0.9389,0.7959
U09663,C13,Facebook,Regular,0.0559,0.1827
U09664,C14,Instagram,Active,0.8025,0.2858
U09665,C15,Instagram,Regular,0.0915,0.0727
U09666,C16,YouTube,Regular,0.3049,0.0723
U09667,C17,X,Active,0.3371,0.5632
U09668,C18,X,Active,0.4029,0.2743
U09669,C19,YouTube,Regular,0.2591,0.1594
U09670,C20,Instagram,Active,0.36,0.5234
U09671,C21,Facebook,Regular,0.1785,0.1654
U09672,C22,Reddit,Regular,0.3893,0.1162
U09673,C23,Facebook,Regular,0.2188,0.2933
U09674,C24,Instagram,Influential,0.9654,0.7407
U09675,C25,Instagram,Regular,0.1717,0.229
U09676,C01,Facebook,Influential,0.7112,0.8124
U09677,C02,Instagram,Regular,0.1485,0.0659
U09678,C03,Instagram,Regular,0.2899,0.1786
U09679,C04,Instagram,Regular,0.0399,0.1649
U09680,C05,Reddit,Active,0.6957,0.5074
U09681,C06,Instagram,Influential,0.7982,0.8183
U09682,C07,X,Regular,0.218,0.3401
U09683,C08,Instagram,Regular,0.1144,0.1091
U09684,C09,Instagram,Regular,0.3203,0.2575
U09685,C10,Reddit,Regular,0.0358,0.0922
U09686,C11,Facebook,Regular,0.0387,0.3665
U09687,C12,Facebook,Regular,0.4568,0.0975
U09688,C13,Instagram,Regular,0.2004,0.246
U09689,C14,Reddit,Regular,0.1556,0.0536
U09690,C15,X,Regular,0.3655,0.023
U09691,C16,Instagram,Bridge,0.6775,0.7555
U09692,C17,X,Regular,0.5822,0.0808
U09693,C18,X,Regular,0.4344,0.1648
U09694,C19,Facebook,Active,0.2383,0.4919
U09695,C20,YouTube,Active,0.3306,0.2631
U09696,C21,Instagram,Active,0.4178,0.3787
U09697,C22,X,Regular,0.3242,0.0168
U09698,C23,Reddit,Active,0.6754,0.3051
U09699,C24,X,Regular,0.0807,0.0867
U09700,C25,YouTube,Active,0.653,0.5103
U09701,C01,Facebook,Regular,0.3704,0.1179
U09702,C02,YouTube,Regular,0.0677,0.0997
U09703,C03,X,Regular,0.1986,0.2155
U09704,C04,X,Influential,0.8768,0.4447
U09705,C05,Reddit,Active,0.5806,0.2715
U09706,C06,Facebook,Regular,0.3477,0.0941
U09707,C07,Instagram,Regular,0.1915,0.1501
U09708,C08,X,Influential,0.7589,0.9235
U09709,C09,Reddit,Influential,0.8028,0.8239
U09710,C10,Facebook,Regular,0.3745,0.1303
U09711,C11,Instagram,Regular,0.2969,0.2877
U09712,C12,X,Active,0.6065,0.4687
U09713,C13,Instagram,Regular,0.0659,0.0764
U09714,C14,Facebook,Active,0.5148,0.4692
U09715,C15,Reddit,Regular,0.0742,0.2481
U09716,C16,Facebook,Regular,0.0927,0.048
U09717,C17,YouTube,Regular,0.1597,0.1191
U09718,C18,Facebook,Influential,0.6913,0.6772
U09719,C19,Instagram,Influential,0.7986,0.9302
U09720,C20,X,Regular,0.1438,0.1053
U09721,C21,Facebook,Regular,0.2213,0.0149
U09722,C22,Instagram,Regular,0.2844,0.1231
U09723,C23,Instagram,Regular,0.1918,0.0926
U09724,C24,X,Regular,0.3241,0.1229
U09725,C25,Facebook,Regular,0.0912,0.1822
U09726,C01,YouTube,Regular,0.1008,0.3012
U09727,C02,Facebook,Active,0.7363,0.2888
U09728,C03,Instagram,Regular,0.2777,0.4199
U09729,C04,Instagram,Regular,0.2803,0.2131
U09730,C05,YouTube,Active,0.5287,0.3423
U09731,C06,YouTube,Active,0.5903,0.387
U09732,C07,Instagram,Regular,0.2662,0.2533
U09733,C08,X,Regular,0.4717,0.072
U09734,C09,Reddit,Regular,0.1084,0.059
U09735,C10,X,Regular,0.0587,0.1929
U09736,C11,Instagram,Influential,0.9748,0.66
U09737,C12,Instagram,Active,0.4572,0.5241
U09738,C13,Reddit,Regular,0.0876,0.2142
U09739,C14,Facebook,Regular,0.104,0.0931
U09740,C15,Instagram,Regular,0.1997,0.0888
U09741,C16,X,Regular,0.1965,0.0904
U09742,C17,Instagram,Regular,0.2941,0.2184
U09743,C18,X,Regular,0.3718,0.2589
U09744,C19,X,Regular,0.2041,0.2041
U09745,C20,Facebook,Regular,0.2133,0.0827
U09746,C21,Instagram,Regular,0.1896,0.0894
U09747,C22,X,Active,0.6179,0.601
U09748,C23,Facebook,Regular,0.2884,0.2653
U09749,C24,YouTube,Regular,0.191,0.296
U09750,C25,YouTube,Influential,0.5686,0.7418
U09751,C01,X,Active,0.6414,0.4135
U09752,C02,Instagram,Regular,0.0181,0.0475
U09753,C03,X,Regular,0.4438,0.1085
U09754,C04,Instagram,Regular,0.1779,0.0261
U09755,C05,Instagram,Regular,0.0718,0.4088
U09756,C06,Facebook,Regular,0.2069,0.0421
U09757,C07,Instagram,Regular,0.0708,0.1483
U09758,C08,Reddit,Regular,0.0857,0.2966
U09759,C09,Instagram,Regular,0.3851,0.3472
U09760,C10,YouTube,Active,0.636,0.2352
U09761,C11,X,Regular,0.0277,0.1752
U09762,C12,YouTube,Regular,0.1518,0.2812
U09763,C13,Facebook,Influential,0.8736,0.9498
U09764,C14,Instagram,Regular,0.2571,0.1012
U09765,C15,Facebook,Regular,0.044,0.0647
U09766,C16,Facebook,Regular,0.1535,0.0543
U09767,C17,Facebook,Regular,0.073,0.2007
U09768,C18,Instagram,Active,0.4237,0.363
U09769,C19,X,Active,0.652,0.3666
U09770,C20,YouTube,Active,0.4496,0.1924
U09771,C21,YouTube,Regular,0.1713,0.161
U09772,C22,Facebook,Influential,0.9411,0.6881
U09773,C23,Instagram,Regular,0.1633,0.1329
U09774,C24,X,Regular,0.3556,0.031
U09775,C25,Facebook,Active,0.6199,0.3459
U09776,C01,Instagram,Active,0.6938,0.2841
U09777,C02,Facebook,Regular,0.4393,0.2754
U09778,C03,Reddit,Regular,0.0508,0.0387
U09779,C04,YouTube,Active,0.2685,0.2678
U09780,C05,YouTube,Regular,0.1782,0.2365
U09781,C06,Instagram,Regular,0.1074,0.3621
U09782,C07,Reddit,Regular,0.087,0.1635
U09783,C08,Reddit,Regular,0.5229,0.0986
U09784,C09,Instagram,Regular,0.3676,0.1728
U09785,C10,YouTube,Influential,0.981,0.604
U09786,C11,Instagram,Active,0.781,0.2998
U09787,C12,X,Regular,0.3646,0.0448
U09788,C13,X,Regular,0.2112,0.1814
U09789,C14,X,Regular,0.0284,0.1199
U09790,C15,Facebook,Regular,0.088,0.1813
U09791,C16,YouTube,Regular,0.3328,0.1889
U09792,C17,Instagram,Regular,0.2102,0.141
U09793,C18,X,Regular,0.1674,0.1563
U09794,C19,YouTube,Influential,0.6664,0.8877
U09795,C20,X,Regular,0.4577,0.0952
U09796,C21,Reddit,Active,0.7346,0.3953
U09797,C22,Facebook,Active,0.6133,0.3829
U09798,C23,Reddit,Regular,0.1979,0.0763
U09799,C24,YouTube,Active,0.6507,0.3153
U09800,C25,YouTube,Regular,0.1374,0.1084
U09801,C01,Instagram,Regular,0.2319,0.1963
U09802,C02,Instagram,Influential,0.8739,0.7965
U09803,C03,Reddit,Regular,0.1019,0.1738
U09804,C04,Facebook,Regular,0.072,0.2545
U09805,C05,Instagram,Regular,0.0844,0.1296
U09806,C06,X,Active,0.5814,0.3802
U09807,C07,Facebook,Regular,0.2986,0.1685
U09808,C08,YouTube,Regular,0.1272,0.0681
U09809,C09,Instagram,Regular,0.3773,0.1186
U09810,C10,Instagram,Regular,0.2686,0.2846
U09811,C11,Facebook,Active,0.5263,0.1996
U09812,C12,YouTube,Regular,0.444,0.0177
U09813,C13,Facebook,Regular,0.3479,0.286
U09814,C14,Instagram,Regular,0.1656,0.1682
U09815,C15,YouTube,Influential,0.8179,0.619
U09816,C16,Facebook,Regular,0.1789,0.0976
U09817,C17,X,Active,0.553,0.5063
U09818,C18,YouTube,Regular,0.3932,0.3021
U09819,C19,Instagram,Regular,0.2633,0.145
U09820,C20,Reddit,Regular,0.1503,0.1144
U09821,C21,Instagram,Regular,0.0559,0.1041
U09822,C22,Instagram,Regular,0.1536,0.0465
U09823,C23,YouTube,Regular,0.1198,0.2273
U09824,C24,Reddit,Active,0.4111,0.3626
U09825,C25,X,Active,0.82,0.3983
U09826,C01,Reddit,Active,0.6534,0.1828
U09827,C02,X,Regular,0.2221,0.12
U09828,C03,X,Regular,0.4404,0.3841
U09829,C04,X,Regular,0.1813,0.1348
U09830,C05,X,Regular,0.0915,0.1828
U09831,C06,X,Active,0.5504,0.5745
U09832,C07,Instagram,Regular,0.149,0.0199
U09833,C08,Facebook,Active,0.7468,0.3997
U09834,C09,Facebook,Regular,0.1126,0.1505
U09835,C10,Instagram,Active,0.5213,0.2391
U09836,C11,Instagram,Active,0.6889,0.2281
U09837,C12,Facebook,Regular,0.1088,0.0561
U09838,C13,Reddit,Active,0.566,0.4562
U09839,C14,X,Regular,0.1513,0.2003
U09840,C15,Instagram,Regular,0.2718,0.1637
U09841,C16,X,Active,0.5571,0.3132
U09842,C17,X,Regular,0.1847,0.0751
U09843,C18,Instagram,Regular,0.2471,0.1933
U09844,C19,Instagram,Regular,0.1205,0.2862
U09845,C20,X,Regular,0.3504,0.2773
U09846,C21,X,Regular,0.3562,0.0288
U09847,C22,Instagram,Regular,0.2341,0.0861
U09848,C23,X,Regular,0.078,0.3783
U09849,C24,X,Regular,0.2151,0.0468
U09850,C25,Instagram,Regular,0.0718,0.0467
U09851,C01,YouTube,Regular,0.1808,0.2226
U09852,C02,Reddit,Active,0.7546,0.1211
U09853,C03,YouTube,Regular,0.1348,0.1008
U09854,C04,X,Regular,0.2338,0.1688
U09855,C05,YouTube,Regular,0.3469,0.1991
U09856,C06,X,Regular,0.2158,0.1108
U09857,C07,X,Active,0.4149,0.3398
U09858,C08,YouTube,Regular,0.111,0.2592
U09859,C09,Instagram,Active,0.7133,0.3372
U09860,C10,Instagram,Regular,0.1533,0.163
U09861,C11,X,Regular,0.0673,0.0666
U09862,C12,X,Regular,0.3881,0.2014
U09863,C13,Facebook,Regular,0.2359,0.1829
U09864,C14,Instagram,Regular,0.1641,0.0728
U09865,C15,Facebook,Regular,0.1816,0.0512
U09866,C16,Reddit,Regular,0.0462,0.2414
U09867,C17,Instagram,Regular,0.0708,0.3912
U09868,C18,Reddit,Influential,0.6257,0.7416
U09869,C19,X,Regular,0.2523,0.0561
U09870,C20,Instagram,Regular,0.1997,0.1421
U09871,C21,Reddit,Regular,0.1746,0.0471
U09872,C22,YouTube,Active,0.6044,0.5368
U09873,C23,X,Regular,0.0761,0.0223
U09874,C24,Instagram,Regular,0.1572,0.0693
U09875,C25,Instagram,Regular,0.1799,0.1038
U09876,C01,X,Regular,0.2234,0.0152
U09877,C02,X,Regular,0.0909,0.2044
U09878,C03,X,Regular,0.2212,0.1766
U09879,C04,X,Regular,0.3542,0.1438
U09880,C05,Reddit,Regular,0.0829,0.0756
U09881,C06,Instagram,Regular,0.26,0.1638
U09882,C07,Instagram,Regular,0.0733,0.3139
U09883,C08,Facebook,Regular,0.1364,0.006
U09884,C09,X,Active,0.1972,0.2689
U09885,C10,X,Regular,0.0813,0.0744
U09886,C11,YouTube,Regular,0.267,0.0959
U09887,C12,Facebook,Regular,0.0959,0.1121
U09888,C13,X,Regular,0.0448,0.1148
U09889,C14,Instagram,Regular,0.6404,0.2105
U09890,C15,YouTube,Regular,0.2588,0.0342
U09891,C16,X,Regular,0.0283,0.1218
U09892,C17,X,Regular,0.1771,0.1434
U09893,C18,Instagram,Influential,0.6348,0.8782
U09894,C19,Facebook,Active,0.7291,0.4119
U09895,C20,X,Regular,0.1335,0.1284
U09896,C21,X,Regular,0.2288,0.1836
U09897,C22,X,Regular,0.1649,0.2137
U09898,C23,YouTube,Regular,0.1522,0.0687
U09899,C24,X,Regular,0.1063,0.0644
U09900,C25,Facebook,Regular,0.3319,0.0626
U09901,C01,YouTube,Regular,0.2829,0.2011
U09902,C02,X,Regular,0.2482,0.1195
U09903,C03,Facebook,Active,0.5108,0.5021
U09904,C04,X,Active,0.6915,0.5139
U09905,C05,Facebook,Regular,0.0822,0.033
U09906,C06,X,Active,0.9112,0.3789
U09907,C07,X,Active,0.4889,0.3307
U09908,C08,Instagram,Regular,0.1996,0.1832
U09909,C09,Instagram,Influential,0.9106,0.8041
U09910,C10,X,Regular,0.0386,0.1843
U09911,C11,YouTube,Influential,0.8795,0.8921
U09912,C12,X,Active,0.3759,0.3136
U09913,C13,X,Regular,0.356,0.1124
U09914,C14,YouTube,Regular,0.1476,0.1809
U09915,C15,X,Regular,0.1073,0.1477
U09916,C16,Facebook,Regular,0.2376,0.0404
U09917,C17,Reddit,Active,0.5537,0.3475
U09918,C18,Instagram,Regular,0.16,0.209
U09919,C19,YouTube,Active,0.768,0.7433
U09920,C20,X,Regular,0.2546,0.0093
U09921,C21,Facebook,Active,0.5277,0.3368
U09922,C22,Instagram,Regular,0.122,0.0599
U09923,C23,Instagram,Regular,0.3137,0.0396
U09924,C24,Facebook,Regular,0.1623,0.0674
U09925,C25,Reddit,Active,0.7912,0.2191
U09926,C01,Facebook,Regular,0.202,0.2285
U09927,C02,Facebook,Regular,0.1001,0.204
U09928,C03,X,Regular,0.1037,0.0464
U09929,C04,Instagram,Active,0.4685,0.297
U09930,C05,Instagram,Regular,0.2755,0.0594
U09931,C06,X,Regular,0.0386,0.0661
U09932,C07,Facebook,Active,0.3846,0.4123
U09933,C08,Facebook,Regular,0.0902,0.1085
U09934,C09,Reddit,Bridge,0.5372,0.5519
U09935,C10,Reddit,Active,0.4512,0.3778
U09936,C11,X,Regular,0.2542,0.2282
U09937,C12,Facebook,Regular,0.2809,0.1005
U09938,C13,YouTube,Regular,0.1949,0.2409
U09939,C14,Instagram,Active,0.52,0.4521
U09940,C15,Instagram,Regular,0.267,0.2917
U09941,C16,Reddit,Regular,0.2871,0.2724
U09942,C17,Instagram,Active,0.5886,0.2176
U09943,C18,X,Regular,0.1174,0.1546
U09944,C19,Instagram,Regular,0.1277,0.1769
U09945,C20,Instagram,Regular,0.3867,0.2622
U09946,C21,YouTube,Active,0.2985,0.3369
U09947,C22,X,Active,0.6546,0.1649
U09948,C23,Instagram,Regular,0.0841,0.2679
U09949,C24,Instagram,Regular,0.0908,0.2158
U09950,C25,Facebook,Active,0.6784,0.6292
U09951,C01,X,Active,0.4987,0.3778
U09952,C02,Facebook,Active,0.7002,0.4649
U09953,C03,Instagram,Regular,0.3091,0.2145
U09954,C04,Reddit,Regular,0.3583,0.0921
U09955,C05,Instagram,Regular,0.2595,0.1177
U09956,C06,Reddit,Active,0.5173,0.3011
U09957,C07,X,Regular,0.0643,0.2689
U09958,C08,Reddit,Active,0.5672,0.5172
U09959,C09,YouTube,Bridge,0.6421,0.4552
U09960,C10,YouTube,Regular,0.1323,0.1892
U09961,C11,Reddit,Regular,0.2498,0.2292
U09962,C12,Instagram,Regular,0.1085,0.0972
U09963,C13,Instagram,Regular,0.2042,0.1027
U09964,C14,X,Regular,0.2491,0.1086
U09965,C15,Reddit,Active,0.379,0.1815
U09966,C16,Reddit,Regular,0.361,0.267
U09967,C17,Instagram,Regular,0.1358,0.0821
U09968,C18,Facebook,Regular,0.1234,0.0658
U09969,C19,Facebook,Active,0.5032,0.4123
U09970,C20,X,Regular,0.2393,0.0491
U09971,C21,Instagram,Active,0.6027,0.4106
U09972,C22,Facebook,Regular,0.2605,0.2551
U09973,C23,Facebook,Regular,0.0216,0.1745
U09974,C24,Instagram,Regular,0.0862,0.0762
U09975,C25,Facebook,Regular,0.1035,0.1814
U09976,C01,Reddit,Regular,0.2484,0.0243
U09977,C02,X,Regular,0.0436,0.2413
U09978,C03,Facebook,Regular,0.008,0.0535
U09979,C04,X,Active,0.5318,0.4387
U09980,C05,Facebook,Regular,0.1809,0.2015
U09981,C06,YouTube,Regular,0.1866,0.2548
U09982,C07,Reddit,Regular,0.1936,0.2165
U09983,C08,X,Active,0.5604,0.5581
U09984,C09,Facebook,Regular,0.1593,0.1507
U09985,C10,Instagram,Regular,0.3715,0.0935
U09986,C11,X,Regular,0.1049,0.2301
U09987,C12,Facebook,Regular,0.2852,0.2426
U09988,C13,Instagram,Regular,0.3071,0.1731
U09989,C14,X,Regular,0.1123,0.0947
U09990,C15,Facebook,Active,0.5398,0.2534
U09991,C16,Instagram,Regular,0.2109,0.2922
U09992,C17,X,Regular,0.3546,0.1232
U09993,C18,Reddit,Active,0.4055,0.447
U09994,C19,YouTube,Regular,0.2253,0.0998
U09995,C20,Facebook,Influential,0.9012,0.8786
U09996,C21,Facebook,Active,0.7322,0.5383
U09997,C22,Instagram,Regular,0.4416,0.1544
U09998,C23,YouTube,Regular,0.395,0.2815
U09999,C24,Reddit,Regular,0.1239,0.1544
U10000,C25,Reddit,Active,0.4075,0.5296
