cascade_id,information_id,cascade_size,cascade_depth,duration_seconds,duration_hours,duration_days,unique_users,unique_platforms,unique_communities,propagation_events,cross_platform_events,cross_community_events,cross_platform,cross_community,source_platform,source_community,root_user,root_user_type,root_user_influence,root_user_activity,events_per_hour,users_per_hour
CASCADE_INFO0100_01,INFO0100,38,38,1284317.810149,356.75494726361114,14.86478946931713,39,2,8,10,1,7,True,True,Facebook,C02,U02202,Regular,0.0744,0.3387,0.10651569176956999,0.10931873628982183
CASCADE_INFO0780_01,INFO0780,7,7,222418.235437,61.782843176944446,2.574285132372685,8,1,2,3,0,1,False,True,Instagram,C14,U01389,Active,0.386,0.7523,0.11330006260722225,0.12948578583682543
CASCADE_INFO0036_01,INFO0036,36,36,848334.653767,235.64851493527777,9.81868812230324,35,4,4,8,3,3,True,True,YouTube,C09,U00384,Regular,0.1303,0.3084,0.15276989973769878,0.1485262914116516
CASCADE_INFO0182_01,INFO0182,46,46,1838882.536467,510.8007045741666,21.283362690590277,46,4,5,17,8,4,True,True,Instagram,C25,U08825,Influential,0.8756,0.9876,0.09005469175761668,0.09005469175761668
CASCADE_INFO0695_03,INFO0695,12,12,239374.451918,66.49290331055556,2.770537637939815,13,2,5,4,1,6,True,True,Facebook,C10,U05110,Regular,0.2743,0.103,0.18047038710212301,0.19550958602729995
CASCADE_INFO0201_01,INFO0201,27,27,1155397.153654,320.9436537927778,13.37265224136574,27,2,4,7,2,3,True,True,X,C09,U01234,Bridge,0.3734,0.8732,0.08412691661269914,0.08412691661269914
CASCADE_INFO0037_01,INFO0037,34,34,959341.982566,266.4838840461111,11.103495168587962,33,2,6,6,1,5,True,True,X,C25,U07125,Regular,0.1127,0.4466,0.12758745288370535,0.12383488074006696
CASCADE_INFO0695_05,INFO0695,31,31,953812.845822,264.9480127283333,11.039500530347222,32,4,7,14,6,7,True,True,Facebook,C10,U05110,Regular,0.2743,0.103,0.11700408574789392,0.12077841109460018
CASCADE_INFO0780_02,INFO0780,9,9,403980.039589,112.21667766361111,4.675694902650463,10,1,3,1,0,2,False,True,Instagram,C14,U01389,Active,0.386,0.7523,0.08020198233794673,0.0891133137088297
CASCADE_INFO0695_01,INFO0695,10,10,157298.416152,43.694004486666664,1.8205835202777776,11,5,2,8,6,1,True,True,Facebook,C10,U05110,Regular,0.2743,0.103,0.22886435147072695,0.25175078661779965
CASCADE_INFO0695_04,INFO0695,14,14,512116.768622,142.25465795055555,5.927277414606482,15,4,1,9,5,0,True,False,Facebook,C10,U05110,Regular,0.2743,0.103,0.09841505509693804,0.10544470188957647
CASCADE_INFO0134_02,INFO0134,15,15,343300.33498,95.3612041611111,3.973383506712963,16,3,4,4,2,3,True,True,X,C11,U01036,Regular,0.1912,0.2486,0.1572966714499301,0.16778311621325878
CASCADE_INFO0695_02,INFO0695,10,10,285523.507552,79.31208543111111,3.304670226296296,11,3,4,5,2,3,True,True,Facebook,C10,U05110,Regular,0.2743,0.103,0.1260841893848044,0.13869260832328484
CASCADE_INFO0134_01,INFO0134,12,12,256972.377007,71.38121583527777,2.9742173264699074,12,1,2,0,0,1,False,True,X,C11,U01036,Regular,0.1912,0.2486,0.1681114542471747,0.1681114542471747
CASCADE_INFO0886_01,INFO0886,14,14,275042.936087,76.40081557972222,3.1833673158217595,15,3,6,7,2,5,True,True,Instagram,C09,U09909,Influential,0.8041,0.9106,0.18324411714416022,0.1963329826544574
CASCADE_INFO0886_03,INFO0886,18,18,422937.402589,117.48261183027778,4.895108826261574,19,4,8,9,6,7,True,True,Instagram,C09,U09909,Influential,0.8041,0.9106,0.15321416267118618,0.1617260605973632
CASCADE_INFO0708_01,INFO0708,13,13,389498.218719,108.19394964416666,4.508081235173611,14,2,6,6,1,5,True,True,X,C23,U01823,Regular,0.0927,0.1893,0.12015459314273126,0.1293972541537106
CASCADE_INFO0407_01,INFO0407,25,25,1177572.54658,327.1034851611111,13.629311881712963,25,3,4,8,4,3,True,True,Facebook,C11,U03736,Regular,0.344,0.2928,0.07642841221238146,0.07642841221238146
CASCADE_INFO0708_03,INFO0708,15,15,386081.579973,107.24488332583333,4.468536805243056,15,4,4,6,3,3,True,True,X,C23,U01823,Regular,0.0927,0.1893,0.13986681261451636,0.13986681261451636
CASCADE_INFO0708_02,INFO0708,14,14,254491.593525,70.6921093125,2.9455045546875,15,3,5,6,3,6,True,True,X,C23,U01823,Regular,0.0927,0.1893,0.19804190504645866,0.21218775540692
CASCADE_INFO0708_04,INFO0708,18,18,616651.866907,171.29218525194443,7.137174385497684,19,4,8,12,5,9,True,True,X,C23,U01823,Regular,0.0927,0.1893,0.1050836030466,0.11092158099363333
CASCADE_INFO0708_05,INFO0708,39,39,1230340.115602,341.7611432227778,14.240047634282407,39,4,7,22,11,10,True,True,X,C23,U01823,Regular,0.0927,0.1893,0.11411478681348441,0.11411478681348441
CASCADE_INFO0886_02,INFO0886,16,16,451121.831137,125.31161976027778,5.221317490011574,17,5,4,10,4,3,True,True,Instagram,C09,U09909,Influential,0.8041,0.9106,0.12768169488678016,0.13566180081720394
CASCADE_INFO0357_01,INFO0357,14,14,245835.281365,68.28757815694445,2.845315756539352,15,2,4,2,2,3,True,True,X,C13,U06488,Regular,0.1273,0.147,0.20501532457080238,0.2196592763258597
CASCADE_INFO0357_02,INFO0357,39,39,2298732.775283,638.5368820230556,26.605703417627314,40,5,10,18,9,9,True,True,X,C13,U06488,Regular,0.1273,0.147,0.06107712976020676,0.06264321001046848
CASCADE_INFO0780_03,INFO0780,24,24,824991.065422,229.16418483944446,9.54850770164352,24,3,5,11,2,4,True,True,Instagram,C14,U01389,Active,0.386,0.7523,0.10472840691408532,0.10472840691408532
CASCADE_INFO0425_01,INFO0425,41,41,2005336.23911,557.0378441972222,23.209910174884257,39,5,7,13,6,7,True,True,YouTube,C20,U06295,Regular,0.4313,0.1384,0.0736036167508284,0.0700131964215197
CASCADE_INFO0886_04,INFO0886,38,38,1051483.350071,292.07870835305556,12.169946181377314,37,3,10,18,2,10,True,True,Instagram,C09,U09909,Influential,0.8041,0.9106,0.13010191743955124,0.12667818277008935
CASCADE_INFO0321_01,INFO0321,38,38,1306168.220808,362.82450578000004,15.117687740833334,37,3,5,14,3,4,True,True,Instagram,C03,U07028,Regular,0.2253,0.3598,0.10473382970179373,0.10197767628858863
CASCADE_INFO0614_01,INFO0614,36,36,1675299.978113,465.3611050313889,19.390046042974536,35,5,7,12,6,6,True,True,Instagram,C04,U07254,Regular,0.034,0.1489,0.0773592799457784,0.07521041105839567
CASCADE_INFO0667_01,INFO0667,39,39,1761366.479523,489.2684665341667,20.38618610559028,39,5,5,16,6,6,True,True,Instagram,C19,U01494,Regular,0.144,0.3032,0.07971083907422949,0.07971083907422949
CASCADE_INFO0134_03,INFO0134,42,42,2192273.389404,608.96483039,25.37353459958333,41,4,7,21,6,9,True,True,X,C11,U01036,Regular,0.1912,0.2486,0.06896950021416162,0.06732736925668159
CASCADE_INFO0130_01,INFO0130,41,41,1580780.453783,439.1056816063889,18.29607006693287,40,3,7,12,4,8,True,True,Facebook,C19,U09344,Active,0.333,0.5128,0.09337159986181208,0.09109424376762154
CASCADE_INFO0445_02,INFO0445,10,10,253929.548039,70.53598556638889,2.938999398599537,10,3,2,6,2,1,True,True,X,C10,U04410,Influential,0.914,0.9463,0.14177160664449695,0.14177160664449695
CASCADE_INFO0209_01,INFO0209,31,31,1170922.517159,325.2562547663889,13.552343948599537,30,2,4,7,2,3,True,True,X,C22,U00097,Regular,0.4584,0.0971,0.09530946613852315,0.09223496723082884
CASCADE_INFO0445_03,INFO0445,26,26,760450.053713,211.2361260313889,8.801505251307871,25,4,6,11,4,6,True,True,X,C10,U04410,Influential,0.914,0.9463,0.12308500675749232,0.1183509680360503
CASCADE_INFO0445_01,INFO0445,8,8,292391.188006,81.21977444611112,3.384157268587963,8,2,1,3,1,0,True,False,X,C10,U04410,Influential,0.914,0.9463,0.09849818045613949,0.09849818045613949
CASCADE_INFO0098_01,INFO0098,34,34,1367768.260828,379.9356280077778,15.83065116699074,35,3,7,6,3,7,True,True,X,C08,U09733,Regular,0.072,0.4717,0.0894888436188037,0.09212086843112145
CASCADE_INFO0716_01,INFO0716,32,32,1111917.063467,308.86585096305555,12.86941045679398,32,5,5,9,4,6,True,True,YouTube,C11,U09111,Regular,0.2289,0.1195,0.10360484948472864,0.10360484948472864
CASCADE_INFO0060_01,INFO0060,32,32,1481402.026423,411.50056289527777,17.14585678730324,31,4,6,12,5,5,True,True,Instagram,C23,U02623,Regular,0.1713,0.5241,0.07776417066079114,0.07533404032764142
CASCADE_INFO0430_01,INFO0430,38,38,1355417.060593,376.5047390536111,15.68769746056713,38,3,6,7,2,5,True,True,X,C11,U07061,Regular,0.2214,0.1573,0.10092834447586892,0.10092834447586892
CASCADE_INFO0560_02,INFO0560,41,41,1941106.234314,539.1961761983333,22.46650734159722,42,5,7,21,8,6,True,True,X,C17,U05867,Regular,0.0239,0.1505,0.0760391149081868,0.07789372746692305
CASCADE_INFO0493_02,INFO0493,49,49,1677272.505064,465.9090291844444,19.412876216018518,49,5,9,31,13,10,True,True,Facebook,C25,U00375,Regular,0.0287,0.0225,0.10517074564056547,0.10517074564056547
CASCADE_INFO0597_03,INFO0597,56,56,1621170.628827,450.3251746741667,18.763548944756945,57,5,13,31,14,14,True,True,X,C16,U05491,Regular,0.0827,0.052,0.12435458452998739,0.12657520211088003
CASCADE_INFO0314_01,INFO0314,38,38,1268829.136947,352.4525380408333,14.685522418368055,37,2,5,10,1,4,True,True,Facebook,C03,U05953,Regular,0.1687,0.0523,0.10781593519294652,0.10497867374050056
CASCADE_INFO0597_01,INFO0597,24,24,460354.816569,127.87633793583333,5.328180747326389,25,4,10,10,3,13,True,True,X,C16,U05491,Regular,0.0827,0.052,0.18768132077760066,0.19550137581000068
CASCADE_INFO0597_02,INFO0597,28,28,693060.221264,192.5167281288889,8.021530338703704,29,5,10,16,12,11,True,True,X,C16,U05491,Regular,0.0827,0.052,0.14544190664436263,0.15063626045308987
CASCADE_INFO0198_02,INFO0198,40,40,1495971.457616,415.54762711555554,17.314484463148148,40,5,9,19,9,9,True,True,Instagram,C20,U00495,Active,0.7865,0.5122,0.09625852102116997,0.09625852102116997
CASCADE_INFO0155_01,INFO0155,6,6,263267.790192,73.12994171999999,3.0470809049999996,7,1,2,3,0,1,False,True,Facebook,C10,U07210,Active,0.2665,0.5721,0.08204573747607795,0.09572002705542428
CASCADE_INFO0155_03,INFO0155,24,24,1102712.862733,306.30912853694446,12.762880355706018,24,3,5,9,3,6,True,True,Facebook,C10,U07210,Active,0.2665,0.5721,0.07835221925847802,0.07835221925847802
CASCADE_INFO0560_01,INFO0560,13,13,450161.432793,125.0448424425,5.2102017684375,14,2,2,5,2,1,True,True,X,C17,U05867,Regular,0.0239,0.1505,0.10396270446722228,0.11195983558008553
CASCADE_INFO0926_02,INFO0926,36,36,1077880.930947,299.4113697075,12.4754737378125,36,4,11,15,6,10,True,True,X,C09,U03934,Active,0.2371,0.7055,0.12023591500606341,0.12023591500606341
CASCADE_INFO0926_01,INFO0926,13,13,877039.559228,243.62209978555555,10.150920824398147,14,3,5,5,4,5,True,True,X,C09,U03934,Active,0.2371,0.7055,0.053361333029487236,0.057466050954832405
CASCADE_INFO0493_01,INFO0493,21,21,665463.147002,184.85087416722223,7.702119756967592,22,4,7,9,4,7,True,True,Facebook,C25,U00375,Regular,0.0287,0.0225,0.11360508893781429,0.11901485507771022
CASCADE_INFO0295_01,INFO0295,31,31,1225713.548354,340.4759856538889,14.18649940224537,31,3,3,10,3,2,True,True,YouTube,C15,U04915,Regular,0.1844,0.116,0.09104900582184691,0.09104900582184691
CASCADE_INFO0155_02,INFO0155,7,7,212505.473236,59.02929812111111,2.4595540883796296,8,2,2,3,1,1,True,True,Facebook,C10,U07210,Active,0.2665,0.5721,0.11858518096620456,0.13552592110423378
CASCADE_INFO0525_03,INFO0525,28,28,1115469.43777,309.8526216027778,12.91052590011574,26,2,3,9,2,3,True,True,YouTube,C13,U09413,Regular,0.1149,0.1221,0.09036554170548604,0.08391086015509418
CASCADE_INFO0525_02,INFO0525,8,8,296462.347875,82.35065218749999,3.4312771744791664,8,1,1,4,0,0,False,False,YouTube,C13,U09413,Regular,0.1149,0.1221,0.09714555729061149,0.09714555729061149
CASCADE_INFO0525_01,INFO0525,6,6,302038.08758,83.89946877222222,3.4958111988425924,7,2,1,4,1,0,True,False,YouTube,C13,U09413,Regular,0.1149,0.1221,0.07151415959842769,0.08343318619816564
CASCADE_INFO0635_01,INFO0635,64,64,2007776.9308,557.7158141111111,23.238158921296296,63,5,11,28,9,15,True,True,X,C12,U04037,Influential,0.8327,0.8366,0.11475378388185634,0.11296075600870233
CASCADE_INFO0360_01,INFO0360,30,30,1180766.228221,327.99061895027774,13.666275789594907,29,1,6,8,0,5,False,True,Facebook,C11,U09236,Influential,0.7067,0.6264,0.09146603063225994,0.08841716294451794
CASCADE_INFO0499_01,INFO0499,13,13,828121.124238,230.03364562166666,9.584735234236112,14,4,4,5,3,3,True,True,Facebook,C18,U02193,Regular,0.4807,0.071,0.056513472039568205,0.06086066219645807
CASCADE_INFO0479_03,INFO0479,53,53,1462775.845581,406.3266237725,16.930275990520833,54,5,14,27,10,18,True,True,YouTube,C10,U08235,Regular,0.0506,0.3851,0.13043693644272347,0.1328980107152277
CASCADE_INFO0343_01,INFO0343,27,27,1198674.503145,332.9651397625,13.873547490104166,28,4,5,9,3,4,True,True,X,C22,U05997,Regular,0.1826,0.2522,0.08108956997497929,0.08409288738146001
CASCADE_INFO0479_02,INFO0479,26,26,570313.61863,158.42044961944447,6.600852067476852,27,5,9,11,7,10,True,True,YouTube,C10,U08235,Regular,0.0506,0.3851,0.16412022603430845,0.1704325424202434
CASCADE_INFO0154_01,INFO0154,41,41,2275257.868188,632.0160744966666,26.334003104027776,40,5,7,19,4,6,True,True,Instagram,C18,U08343,Regular,0.4348,0.1713,0.06487176775155937,0.06328952951371646
CASCADE_INFO0571_01,INFO0571,58,58,2325046.776833,645.8463268980556,26.910263620752318,59,4,11,30,11,15,True,True,Facebook,C18,U04893,Regular,0.1624,0.2308,0.08980464482715109,0.09135300077244679
CASCADE_INFO0479_01,INFO0479,22,22,897945.068754,249.429185765,10.392882740208334,22,4,8,15,4,7,True,True,YouTube,C10,U08235,Regular,0.0506,0.3851,0.08820138642767862,0.08820138642767862
CASCADE_INFO0499_02,INFO0499,39,39,1624639.321384,451.28870038444444,18.80369584935185,38,4,7,13,5,7,True,True,Facebook,C18,U02193,Regular,0.4807,0.071,0.08641918126196518,0.08420330481935069
CASCADE_INFO0241_01,INFO0241,31,31,966636.351362,268.5100976005555,11.187920733356481,32,3,4,6,3,3,True,True,X,C16,U02066,Active,0.2118,0.7862,0.11545189650974177,0.11917615123586248
CASCADE_INFO0806_01,INFO0806,39,39,1117986.667788,310.55185216333336,12.939660506805556,40,3,4,9,2,3,True,True,X,C05,U03155,Regular,0.2767,0.1458,0.12558289293179975,0.1288029671095382
CASCADE_INFO0700_02,INFO0700,17,17,341200.564828,94.77793467444444,3.949080611435185,18,4,6,14,5,9,True,True,Reddit,C20,U03620,Regular,0.3331,0.1356,0.17936664328457683,0.18991762230131665
CASCADE_INFO0700_05,INFO0700,20,20,362788.198196,100.77449949888889,4.198937479120371,21,5,8,12,6,8,True,True,Reddit,C20,U03620,Regular,0.3331,0.1356,0.19846290578918246,0.20838605107864158
CASCADE_INFO0700_03,INFO0700,17,17,464180.043997,128.93890111027778,5.372454212928241,18,3,8,11,2,9,True,True,Reddit,C20,U03620,Regular,0.3331,0.1356,0.1318453923029822,0.1396010036149223
CASCADE_INFO0700_01,INFO0700,16,16,310920.147237,86.36670756583334,3.5986128152430554,16,3,6,13,4,7,True,True,Reddit,C20,U03620,Regular,0.3331,0.1356,0.18525656993238906,0.18525656993238906
CASCADE_INFO0700_07,INFO0700,35,35,596390.943157,165.66415087694443,6.902672953206019,36,5,11,22,12,15,True,True,Reddit,C20,U03620,Regular,0.3331,0.1356,0.21127081396142278,0.21730712293174914
CASCADE_INFO0198_01,INFO0198,15,15,367215.882927,102.00441192416666,4.2501838301736115,16,3,4,6,3,3,True,True,Instagram,C20,U00495,Active,0.7865,0.5122,0.14705246289887422,0.15685596042546582
CASCADE_INFO0700_06,INFO0700,22,22,369994.678064,102.77629946222221,4.282345810925926,23,5,8,17,9,7,True,True,Reddit,C20,U03620,Regular,0.3331,0.1356,0.21405713296854598,0.22378700264893442
CASCADE_INFO0700_04,INFO0700,18,18,401104.091776,111.41780327111111,4.642408469629629,19,5,5,12,7,4,True,True,Reddit,C20,U03620,Regular,0.3331,0.1356,0.16155407368964989,0.17052930000574157
CASCADE_INFO0020_03,INFO0020,28,28,978621.415721,271.83928214472223,11.326636756030092,27,4,6,10,5,5,True,True,Reddit,C11,U05611,Active,0.1924,0.6229,0.10300203774483672,0.09932339353966399
CASCADE_INFO0020_01,INFO0020,7,7,562162.956381,156.1563767725,6.506515698854167,8,2,2,5,1,1,True,True,Reddit,C11,U05611,Active,0.1924,0.6229,0.04482685974584381,0.051230696852392926
CASCADE_INFO0304_01,INFO0304,6,6,248877.813923,69.13272608972223,2.880530253738426,7,2,1,1,1,0,True,False,X,C08,U09733,Regular,0.072,0.4717,0.08678957621623434,0.10125450558560674
CASCADE_INFO0020_02,INFO0020,9,9,451389.129029,125.38586917472222,5.224411215613426,10,1,3,1,0,2,False,True,Reddit,C11,U05611,Active,0.1924,0.6229,0.07177842335214596,0.07975380372460662
CASCADE_INFO0918_01,INFO0918,33,33,1560997.811095,433.61050308194444,18.06710429508102,34,3,3,8,3,2,True,True,Facebook,C22,U00147,Regular,0.0893,0.2439,0.07610516757654186,0.078411384775831
CASCADE_INFO0304_03,INFO0304,27,27,965148.809155,268.09689143194447,11.170703809664353,26,3,5,10,2,7,True,True,X,C08,U09733,Regular,0.072,0.4717,0.1007098584985043,0.09697986373930044
CASCADE_INFO0277_02,INFO0277,25,25,332328.573913,92.31349275361111,3.846395531400463,26,4,8,13,7,7,True,True,Reddit,C06,U03156,Active,0.2105,0.4594,0.2708163157332388,0.28164896836256836
CASCADE_INFO0247_01,INFO0247,36,36,1991649.789356,553.2360525988889,23.051502191620372,35,4,6,12,5,6,True,True,Reddit,C06,U08906,Regular,0.1865,0.4359,0.06507168112216463,0.06326413442432673
CASCADE_INFO0277_03,INFO0277,28,28,464615.590325,129.05988620138888,5.377495258391203,29,4,10,19,6,12,True,True,Reddit,C06,U03156,Active,0.2105,0.4594,0.21695354632738456,0.22470188726764828
CASCADE_INFO0277_04,INFO0277,47,47,1349334.485807,374.81513494638887,15.61729728943287,48,5,13,26,10,17,True,True,Reddit,C06,U03156,Active,0.2105,0.4594,0.12539514981624894,0.12806313172723297
CASCADE_INFO0277_01,INFO0277,23,23,347836.068941,96.62113026138888,4.02588042755787,24,5,9,15,7,9,True,True,Reddit,C06,U03156,Active,0.2105,0.4594,0.23804316858825975,0.248392871570358
CASCADE_INFO0304_02,INFO0304,8,8,208875.764939,58.021045816388884,2.41754357568287,9,1,2,1,0,1,False,True,X,C08,U09733,Regular,0.072,0.4717,0.1378810031331818,0.1551161285248295
CASCADE_INFO0385_01,INFO0385,26,26,1389006.300789,385.8350835525,16.0764618146875,27,3,5,9,2,4,True,True,YouTube,C01,U03901,Regular,0.2284,0.1931,0.06738630339317554,0.06997808429291306
CASCADE_INFO0080_01,INFO0080,24,24,673926.388501,187.20177458361113,7.800073940983796,23,4,3,8,3,2,True,True,Instagram,C18,U08893,Regular,0.4302,0.2487,0.1282039128816096,0.12286208317820921
CASCADE_INFO0392_01,INFO0392,34,34,1496876.448467,415.79901346305553,17.32495889429398,32,3,8,8,2,8,True,True,Facebook,C20,U02620,Active,0.3201,0.3109,0.08177027578017801,0.0769602595578146
CASCADE_INFO0992_01,INFO0992,36,36,1238099.008448,343.9163912355556,14.329849634814815,29,1,2,10,0,1,False,True,YouTube,C24,U06299,Influential,0.809,0.7172,0.10467660430683817,0.08432282013606408
CASCADE_INFO0045_01,INFO0045,45,45,1673221.905789,464.7838627191667,19.36599427996528,41,4,5,14,3,6,True,True,Instagram,C09,U04009,Active,0.2862,0.6442,0.09681919621032552,0.08821304543607436
CASCADE_INFO0298_01,INFO0298,36,36,1031994.5387,286.6651496388889,11.944381234953704,35,3,7,12,3,8,True,True,Reddit,C23,U00698,Active,0.3437,0.3218,0.12558205992374405,0.1220936693703067
CASCADE_INFO0766_01,INFO0766,38,38,1821056.291744,505.8489699288889,21.077040413703703,36,2,4,8,1,3,True,True,Facebook,C08,U08608,Influential,0.8821,0.7407,0.07512123629577017,0.07116748701704542
CASCADE_INFO0605_01,INFO0605,75,75,2723228.561048,756.452378068889,31.518849086203705,76,5,17,36,15,21,True,True,Reddit,C18,U03018,Regular,0.1118,0.3672,0.099147021246022,0.1004689815293023
CASCADE_INFO0932_01,INFO0932,35,35,841810.046449,233.8361240136111,9.743171833900464,36,3,4,9,3,4,True,True,YouTube,C23,U08948,Regular,0.1515,0.2604,0.14967747240782492,0.15395397161947705
CASCADE_INFO0866_01,INFO0866,39,39,1613471.332675,448.1864812986111,18.67443672077546,37,4,4,19,7,3,True,True,Facebook,C14,U05239,Regular,0.0138,0.1482,0.08701735020431295,0.08255492198870716
CASCADE_INFO0139_02,INFO0139,41,41,1467658.187939,407.68282998305557,16.986784582627315,41,4,6,16,7,8,True,True,X,C16,U04291,Bridge,0.3539,0.8486,0.10056837567013571,0.10056837567013571
CASCADE_INFO0318_01,INFO0318,29,29,961659.618187,267.1276717186111,11.13031965494213,29,4,7,16,6,7,True,True,YouTube,C18,U05418,Regular,0.0978,0.0275,0.10856232083117257,0.10856232083117257
CASCADE_INFO0854_02,INFO0854,43,43,1464294.953522,406.74859820055553,16.947858258356483,42,4,9,18,6,8,True,True,YouTube,C11,U09311,Regular,0.0648,0.1443,0.1057164061295621,0.10325788505678159
CASCADE_INFO0595_01,INFO0595,29,29,1467519.989457,407.64444151583336,16.985185063159722,26,3,6,9,2,5,True,True,Instagram,C01,U00201,Regular,0.114,0.1551,0.07114042789879084,0.06378107328857109
CASCADE_INFO0318_02,INFO0318,60,60,1597166.353979,443.6573205497222,18.485721689571758,61,4,14,27,10,21,True,True,YouTube,C18,U05418,Regular,0.0978,0.0275,0.13523951306755366,0.13749350495201287
CASCADE_INFO0302_01,INFO0302,42,42,1999593.824883,555.4427291341667,23.143447047256945,37,2,3,8,2,2,True,True,Instagram,C20,U09070,Regular,0.1041,0.0874,0.07561535653814443,0.06661352837884152
CASCADE_INFO0854_01,INFO0854,15,15,509018.920294,141.39414452611112,5.891422688587963,16,3,7,5,2,6,True,True,YouTube,C11,U09311,Regular,0.0648,0.1443,0.10608642988911018,0.1131588585483842
CASCADE_INFO0939_01,INFO0939,19,19,939750.941179,261.04192810527775,10.876747004386573,20,4,4,9,5,3,True,True,X,C15,U01465,Regular,0.536,0.1091,0.07278524234749498,0.0766160445763105
CASCADE_INFO0139_01,INFO0139,13,13,186458.031911,51.79389775305555,2.1580790730439814,13,3,2,4,2,1,True,True,X,C16,U04291,Bridge,0.3539,0.8486,0.25099481915768873,0.25099481915768873
CASCADE_INFO0827_01,INFO0827,53,53,1694835.764936,470.7877124822223,19.61615468675926,53,5,18,31,14,20,True,True,Facebook,C18,U02343,Regular,0.1176,0.2662,0.11257727972669077,0.11257727972669077
CASCADE_INFO0939_02,INFO0939,46,46,1489156.597734,413.6546104816667,17.235608770069444,46,4,14,27,12,16,True,True,X,C15,U01465,Regular,0.536,0.1091,0.11120388564371807,0.11120388564371807
CASCADE_INFO0432_01,INFO0432,35,35,1060056.775867,294.4602155186111,12.269175646608796,34,1,5,6,0,4,False,True,X,C01,U02176,Regular,0.0274,0.0869,0.11886155804904604,0.115465513533359
CASCADE_INFO0750_04,INFO0750,35,35,712011.856553,197.78107126472224,8.240877969363426,36,4,14,14,7,14,True,True,Instagram,C05,U09630,Active,0.2858,0.4017,0.1769633452594352,0.1820194408382762
CASCADE_INFO0057_01,INFO0057,41,41,1738579.864671,482.93885129750004,20.122452137395832,39,4,8,13,4,7,True,True,Instagram,C25,U09850,Regular,0.0467,0.0718,0.08489687646758239,0.08075556542038324
CASCADE_INFO0750_03,INFO0750,18,18,594188.621234,165.0523947872222,6.877183116134259,19,2,5,11,1,5,True,True,Instagram,C05,U09630,Active,0.2858,0.4017,0.10905627890588776,0.11511496106732598
CASCADE_INFO0046_01,INFO0046,41,41,1853032.02684,514.7311185666666,21.447129940277776,40,4,3,12,3,2,True,True,YouTube,C05,U05430,Active,0.4388,0.4074,0.07965323743038821,0.07771047554184216
CASCADE_INFO0750_02,INFO0750,15,15,636906.017943,176.9183383175,7.371597429895833,16,4,4,7,3,3,True,True,Instagram,C05,U09630,Active,0.2858,0.4017,0.08478487952492975,0.09043720482659173
CASCADE_INFO0349_01,INFO0349,60,60,2853919.409865,792.7553916291666,33.03147465121528,61,5,12,31,14,13,True,True,YouTube,C23,U07248,Regular,0.0833,0.3499,0.07568538875112017,0.07694681189697218
CASCADE_INFO0861_01,INFO0861,10,10,243323.195996,67.58977666555555,2.816240694398148,11,2,4,4,1,3,True,True,Facebook,C08,U04183,Regular,0.0055,0.1036,0.14795136917645865,0.16274650609410454
CASCADE_INFO0071_02,INFO0071,45,45,1314203.427819,365.05650772750005,15.210687821979167,45,4,7,12,5,8,True,True,YouTube,C24,U02724,Active,0.4083,0.5813,0.12326858732125572,0.12326858732125572
CASCADE_INFO0861_02,INFO0861,13,13,484519.598443,134.58877734527778,5.607865722719907,13,3,4,6,3,3,True,True,Facebook,C08,U04183,Regular,0.0055,0.1036,0.09659052007471203,0.09659052007471203
CASCADE_INFO0309_01,INFO0309,33,33,1505952.701975,418.32019499305557,17.43000812471065,32,4,5,9,4,4,True,True,X,C10,U01310,Regular,0.114,0.087,0.07888693970547567,0.07649642638106732
CASCADE_INFO0541_01,INFO0541,45,45,1683327.134588,467.5908707188889,19.48295294662037,44,3,5,12,3,5,True,True,Instagram,C16,U09991,Regular,0.2922,0.2109,0.0962379781513176,0.09409935641462165
CASCADE_INFO0783_01,INFO0783,44,44,1463759.847741,406.5999577058333,16.94166490440972,43,4,7,19,5,9,True,True,Reddit,C01,U04601,Regular,0.2663,0.2501,0.10821447264348487,0.1057550528106784
CASCADE_INFO0071_01,INFO0071,16,16,392305.291785,108.9736921625,4.540570506770833,16,2,4,1,1,3,True,True,YouTube,C24,U02724,Active,0.4083,0.5813,0.14682442782741573,0.14682442782741573
CASCADE_INFO0861_03,INFO0861,33,33,1114929.034693,309.7025096369444,12.904271234872684,34,4,4,16,7,3,True,True,Facebook,C08,U04183,Regular,0.0055,0.1036,0.106553866930833,0.1097827719893431
CASCADE_INFO0876_01,INFO0876,36,36,1388788.087478,385.77446874388886,16.073936197662036,33,4,4,8,5,3,True,True,YouTube,C14,U03264,Regular,0.0475,0.1792,0.09331877279805154,0.08554220839821391
CASCADE_INFO0272_01,INFO0272,35,35,1071204.503229,297.5568064525,12.398200268854165,35,2,6,7,1,5,True,True,Facebook,C20,U03695,Regular,0.0278,0.1143,0.11762459886995451,0.11762459886995451
CASCADE_INFO0181_01,INFO0181,11,11,284786.350368,79.10731954666666,3.2961383144444443,12,1,4,1,0,3,False,True,X,C08,U06233,Active,0.2188,0.6063,0.13905160815758555,0.15169266344463878
CASCADE_INFO0844_01,INFO0844,30,30,1259384.384901,349.8289958058333,14.576208158576389,29,3,4,9,2,3,True,True,X,C10,U03285,Active,0.4749,0.6509,0.08575618476362948,0.08289764527150849
CASCADE_INFO0181_02,INFO0181,33,33,1368212.648033,380.05906889805556,15.835794537418982,32,2,3,10,2,2,True,True,X,C08,U06233,Active,0.2188,0.6063,0.08682860823629417,0.0841974382897398
CASCADE_INFO0987_01,INFO0987,40,40,1746141.914537,485.0394207047222,20.20997586269676,39,2,7,18,7,7,True,True,Facebook,C19,U05569,Regular,0.0761,0.125,0.08246752385998504,0.08040583576348541
CASCADE_INFO0344_01,INFO0344,10,10,422059.860889,117.23885024694445,4.884952093622685,11,1,2,4,0,1,False,True,Facebook,C12,U03262,Regular,0.1684,0.1023,0.08529595760225075,0.09382555336247583
CASCADE_INFO0344_02,INFO0344,34,34,1617125.319402,449.20147761166663,18.716728233819445,33,4,7,15,6,6,True,True,Facebook,C12,U03262,Regular,0.1684,0.1023,0.07568986678488378,0.07346369423238719
CASCADE_INFO0587_01,INFO0587,29,29,799550.377455,222.09732707083333,9.254055294618055,29,2,3,7,2,2,True,True,Instagram,C18,U05318,Active,0.3539,0.326,0.13057338592260975,0.13057338592260975
CASCADE_INFO0621_02,INFO0621,35,35,1629047.33152,452.5131476444445,18.854714485185184,36,3,12,11,2,11,True,True,X,C23,U05448,Regular,0.0423,0.0795,0.07734581897165281,0.07955569951370003
CASCADE_INFO0750_01,INFO0750,13,13,312247.704303,86.7354734175,3.6139780590625,14,4,5,9,6,5,True,True,Instagram,C05,U09630,Active,0.2858,0.4017,0.14988100586509373,0.16141031400856248
CASCADE_INFO0813_01,INFO0813,29,29,810101.511323,225.0281975897222,9.376174899571758,28,4,3,8,5,3,True,True,X,C13,U06763,Active,0.2665,0.6481,0.12887273821956138,0.1244288506947489
CASCADE_INFO0621_01,INFO0621,12,12,490764.136734,136.323371315,5.6801404714583335,13,2,5,6,1,4,True,True,X,C23,U05448,Regular,0.0423,0.0795,0.08802599205290934,0.0953614913906518
CASCADE_INFO0745_01,INFO0745,32,32,1557341.314598,432.59480961055556,18.02478373377315,30,5,3,14,5,3,True,True,Facebook,C07,U07032,Regular,0.036,0.2246,0.07397222363534152,0.06934895965813268
CASCADE_INFO0263_01,INFO0263,47,47,1667024.185423,463.0622737286111,19.294261405358796,48,4,6,23,7,5,True,True,X,C19,U03219,Active,0.3767,0.6832,0.10149822748796308,0.10365776424302613
CASCADE_INFO0638_02,INFO0638,37,37,1901149.591351,528.0971087086111,22.004046196192128,37,4,9,12,4,12,True,True,X,C02,U08952,Regular,0.088,0.0543,0.07006287175189883,0.07006287175189883
CASCADE_INFO0558_01,INFO0558,34,34,1158701.545902,321.86154052833336,13.41089752201389,35,2,7,10,2,8,True,True,Instagram,C16,U09641,Active,0.3401,0.2169,0.10563548519711069,0.10874241123231983
CASCADE_INFO0638_01,INFO0638,13,13,502776.916832,139.66025467555556,5.819177278148149,14,1,3,6,0,2,False,True,X,C02,U08952,Regular,0.088,0.0543,0.0930830323215454,0.10024326557704889
CASCADE_INFO0127_03,INFO0127,33,33,918690.115667,255.19169879638886,10.632987449849537,33,3,5,14,4,4,True,True,YouTube,C19,U04369,Active,0.0927,0.6988,0.12931455120070298,0.12931455120070298
CASCADE_INFO0127_01,INFO0127,9,9,201104.607148,55.86239087444445,2.3275996197685185,10,3,3,2,2,2,True,True,YouTube,C19,U04369,Active,0.0927,0.6988,0.16111018270285418,0.17901131411428242
CASCADE_INFO0279_01,INFO0279,8,8,165933.033636,46.09250934333333,1.920521222638889,9,3,1,4,2,0,True,False,Instagram,C25,U05675,Regular,0.3175,0.1585,0.1735639936721539,0.1952594928811731
CASCADE_INFO0352_02,INFO0352,20,20,460356.189064,127.87671918444444,5.328196632685185,19,4,6,11,4,6,True,True,Instagram,C08,U09383,Regular,0.2454,0.0155,0.15640063435747653,0.1485806026396027
CASCADE_INFO0352_01,INFO0352,18,18,318804.566534,88.55682403722221,3.6898676682175924,18,2,6,10,2,7,True,True,Instagram,C08,U09383,Regular,0.2454,0.0155,0.20325932186134224,0.20325932186134224
CASCADE_INFO0127_02,INFO0127,11,11,499752.013754,138.82000382055557,5.784166825856482,12,5,5,5,4,4,True,True,YouTube,C19,U04369,Active,0.0927,0.6988,0.07923930051333992,0.08644287328727993
CASCADE_INFO0352_03,INFO0352,23,23,456250.496045,126.73624890138888,5.28067703755787,24,5,5,14,8,4,True,True,Instagram,C08,U09383,Regular,0.2454,0.0155,0.18147925474657114,0.18936965712685686
CASCADE_INFO0653_02,INFO0653,20,20,374771.704673,104.10325129805555,4.337635470752314,21,3,6,6,2,6,True,True,Facebook,C10,U08285,Regular,0.1207,0.1359,0.1921169584102467,0.20172280633075904
CASCADE_INFO0002_01,INFO0002,37,37,1306345.821116,362.8738391988889,15.119743299953702,37,4,7,12,7,6,True,True,Reddit,C02,U02602,Active,0.5237,0.554,0.10196381222103071,0.10196381222103071
CASCADE_INFO0352_04,INFO0352,46,46,1451054.271673,403.07063102027774,16.794609625844906,47,5,10,24,6,11,True,True,Instagram,C08,U09383,Regular,0.2454,0.0155,0.11412391888628032,0.11660487364467771
CASCADE_INFO0653_03,INFO0653,40,40,1264967.523255,351.3798675708333,14.640827815451388,40,4,9,21,5,9,True,True,Facebook,C10,U08285,Regular,0.1207,0.1359,0.11383691466596775,0.11383691466596775
CASCADE_INFO0171_03,INFO0171,13,13,198517.357661,55.143710461388885,2.2976546025578704,13,2,3,5,2,3,True,True,Reddit,C14,U08339,Active,0.4902,0.479,0.235747647215406,0.235747647215406
CASCADE_INFO0171_01,INFO0171,9,9,388171.355924,107.82537664555555,4.492724026898148,10,2,3,4,1,2,True,True,Reddit,C14,U08339,Active,0.4902,0.479,0.0834682917879793,0.09274254643108812
CASCADE_INFO0171_04,INFO0171,32,32,1152098.592767,320.0273868797222,13.334474453321759,33,4,7,17,5,6,True,True,Reddit,C14,U08339,Active,0.4902,0.479,0.09999144233248622,0.10311617490537642
CASCADE_INFO0279_03,INFO0279,31,31,1009878.406288,280.52177952444447,11.688407480185186,31,4,8,11,5,7,True,True,Instagram,C25,U05675,Regular,0.3175,0.1585,0.11050835358506872,0.11050835358506872
CASCADE_INFO0171_02,INFO0171,11,11,361590.803358,100.44188982166666,4.185078742569445,10,2,2,4,1,1,True,True,Reddit,C14,U08339,Active,0.4902,0.479,0.10951605967918729,0.09956005425380662
CASCADE_INFO0286_01,INFO0286,31,31,1432563.236584,397.93423238444444,16.58059301601852,29,4,4,13,3,3,True,True,Instagram,C20,U08945,Regular,0.084,0.3133,0.07790232022574747,0.07287636408215085
CASCADE_INFO0279_02,INFO0279,10,10,363401.959325,100.9449887013889,4.206041195891204,11,1,3,4,0,2,False,True,Instagram,C25,U05675,Regular,0.3175,0.1585,0.09906385773722327,0.1089702435109456
CASCADE_INFO0653_01,INFO0653,16,16,424651.039852,117.95862218111111,4.91494259087963,17,3,5,8,2,4,True,True,Facebook,C10,U08285,Regular,0.1207,0.1359,0.13564078406607655,0.14411833307020633
CASCADE_INFO0554_01,INFO0554,21,21,511242.690217,142.0118583936111,5.917160766400463,21,2,3,2,1,2,True,True,Instagram,C06,U06781,Regular,0.0666,0.2156,0.1478749749319861,0.1478749749319861
CASCADE_INFO0707_01,INFO0707,67,67,1861502.363066,517.0839897405556,21.545166239189815,67,5,11,35,12,13,True,True,Facebook,C20,U00370,Regular,0.2353,0.4025,0.1295727605753505,0.1295727605753505
CASCADE_INFO0733_01,INFO0733,35,35,1807419.802029,502.06105611916666,20.919210671631944,35,4,5,14,5,4,True,True,X,C22,U09022,Regular,0.179,0.2107,0.06971263668714543,0.06971263668714543
CASCADE_INFO0124_01,INFO0124,40,40,1311860.477478,364.4056881883334,15.183570341180557,38,4,5,15,5,5,True,True,Instagram,C20,U09020,Regular,0.1122,0.2539,0.1097677706373427,0.10427938210547556
CASCADE_INFO0029_01,INFO0029,14,14,530226.799237,147.2852220102778,6.136884250428241,15,2,5,8,2,5,True,True,Reddit,C03,U02953,Regular,0.0299,0.1768,0.09505366396516723,0.10184321139125062
CASCADE_INFO0029_02,INFO0029,38,38,1441002.270181,400.2784083836111,16.678267015983796,38,5,14,16,7,18,True,True,Reddit,C03,U02953,Regular,0.0299,0.1768,0.09493392399917382,0.09493392399917382
CASCADE_INFO0456_03,INFO0456,34,34,1529375.969186,424.8266581072222,17.701110754467592,35,4,10,17,3,9,True,True,Instagram,C01,U00726,Regular,0.0583,0.0352,0.0800326423757963,0.08238654362214325
CASCADE_INFO0113_01,INFO0113,31,31,1302413.428821,361.78150800583336,15.074229500243057,31,2,3,7,2,3,True,True,Facebook,C25,U03275,Regular,0.2605,0.0501,0.08568707718333729,0.08568707718333729
CASCADE_INFO0456_01,INFO0456,10,10,387965.599542,107.768222095,4.490342587291666,11,3,5,4,2,4,True,True,Instagram,C01,U00726,Regular,0.0583,0.0352,0.09279173216001267,0.10207090537601395
CASCADE_INFO0719_01,INFO0719,28,28,1173810.235088,326.0583986355556,13.585766609814815,27,1,6,6,0,5,False,True,Reddit,C24,U00524,Regular,0.1822,0.4124,0.08587418731482015,0.08280725205357657
CASCADE_INFO0579_01,INFO0579,29,29,1400162.787874,388.93410774277777,16.20558782261574,27,3,6,9,4,7,True,True,YouTube,C19,U03244,Influential,0.8674,0.958,0.07456275863360176,0.06942049941749129
CASCADE_INFO0456_02,INFO0456,13,13,393951.838814,109.43106633722223,4.559627764050926,14,2,5,4,2,5,True,True,Instagram,C01,U00726,Regular,0.0583,0.0352,0.1187962471272944,0.12793441998324012
CASCADE_INFO0869_01,INFO0869,31,31,1282847.20243,356.34644511944447,14.84776854664352,29,3,3,6,3,3,True,True,Instagram,C19,U08994,Regular,0.1102,0.4579,0.08699399257261861,0.08138147692277226
CASCADE_INFO0264_01,INFO0264,32,32,1385612.43985,384.8923444027778,16.03718101678241,33,3,7,12,4,6,True,True,Instagram,C18,U01018,Active,0.3098,0.5027,0.08314013117006298,0.08573826026912745
CASCADE_INFO0668_01,INFO0668,73,73,3136548.176254,871.2633822927778,36.30264092886574,71,5,11,36,12,12,True,True,Reddit,C22,U09672,Regular,0.1162,0.3893,0.0837863744576255,0.08149085734919741
CASCADE_INFO0116_01,INFO0116,37,37,1736987.008421,482.4963912280556,20.104016301168983,35,3,5,10,2,4,True,True,Instagram,C19,U04244,Active,0.3966,0.5483,0.07668451137184085,0.07253940264903865
CASCADE_INFO0077_01,INFO0077,34,34,2022841.644877,561.9004569102777,23.41251903792824,32,3,6,11,4,6,True,True,YouTube,C02,U02152,Influential,0.9427,0.5945,0.06050893816131742,0.056949588857710516
CASCADE_INFO0666_01,INFO0666,29,29,1629955.304152,452.76536226444443,18.865223427685184,28,4,4,13,4,4,True,True,X,C14,U09839,Regular,0.2003,0.1513,0.06405083607756662,0.06184218655765054
CASCADE_INFO0787_01,INFO0787,66,66,2268611.172395,630.1697701097222,26.257073754571756,66,5,13,30,15,18,True,True,X,C15,U02240,Regular,0.128,0.0291,0.1047336815101562,0.1047336815101562
CASCADE_INFO0814_01,INFO0814,35,35,1455480.210907,404.3000585852777,16.845835774386572,34,3,6,6,2,6,True,True,Facebook,C07,U08582,Regular,0.2207,0.0406,0.08656936662950683,0.08409595615437807
CASCADE_INFO0606_01,INFO0606,35,35,928922.691923,258.03408108972224,10.751420045405093,36,5,11,12,6,14,True,True,YouTube,C17,U02292,Active,0.2893,0.3475,0.13564099692640982,0.13951645398145013
CASCADE_INFO0601_01,INFO0601,29,29,1393678.468668,387.13290796333337,16.130537831805558,30,2,4,6,1,3,True,True,Facebook,C05,U09280,Regular,0.085,0.1352,0.07490967418028613,0.07749276639339944
CASCADE_INFO0598_01,INFO0598,32,32,1036856.329805,288.0156471680556,12.000651965335647,30,2,2,7,1,1,True,True,Instagram,C06,U02756,Influential,0.8812,0.8436,0.11110507472299994,0.10416100755281243
CASCADE_INFO0676_02,INFO0676,13,13,213249.130698,59.235869638333334,2.4681612349305553,14,3,3,9,2,2,True,True,X,C15,U09265,Regular,0.2753,0.1286,0.2194616214697607,0.23634328465974228
CASCADE_INFO0676_06,INFO0676,33,33,823161.2319,228.65589775,9.527329072916666,34,4,13,20,10,13,True,True,X,C15,U09265,Regular,0.2753,0.1286,0.14432166554514336,0.14869504934954164
CASCADE_INFO0676_04,INFO0676,16,16,244391.338081,67.88648280027778,2.828603450011574,17,4,7,9,3,6,True,True,X,C15,U09265,Regular,0.2753,0.1286,0.235687567539359,0.25041804051056893
CASCADE_INFO0676_03,INFO0676,14,14,145240.173799,40.34449272194445,1.6810205300810186,15,2,4,3,1,3,True,True,X,C15,U09265,Regular,0.2753,0.1286,0.3470114272222594,0.37179795773813507
CASCADE_INFO0676_05,INFO0676,18,18,473836.542201,131.62126172249998,5.4842192384374995,19,5,4,12,7,3,True,True,X,C15,U09265,Regular,0.2753,0.1286,0.13675602075559645,0.1443535774642407
CASCADE_INFO0676_01,INFO0676,12,12,161520.623239,44.86683978861112,1.8694516578587963,13,5,6,6,5,5,True,True,X,C15,U09265,Regular,0.2753,0.1286,0.2674581061768039,0.2897462816915375
CASCADE_INFO0663_01,INFO0663,38,38,1468436.697278,407.8990825772222,16.995795107384257,37,3,5,16,4,4,True,True,Reddit,C09,U04484,Regular,0.1585,0.1593,0.0931602977871517,0.09070871100327928
CASCADE_INFO0404_01,INFO0404,35,35,2492560.559466,692.3779331850001,28.849080549375003,36,4,6,10,4,6,True,True,Instagram,C18,U06243,Active,0.2524,0.5554,0.050550426757532387,0.051994724664890454
CASCADE_INFO0721_02,INFO0721,20,20,630578.525727,175.16070159083333,7.298362566284722,21,4,6,12,5,5,True,True,Instagram,C12,U06112,Regular,0.3218,0.229,0.1141808625927921,0.1198899057224317
CASCADE_INFO0721_03,INFO0721,41,41,1272846.401055,353.5684447375,14.732018530729167,42,3,9,20,4,10,True,True,Instagram,C12,U06112,Regular,0.3218,0.229,0.1159605745655262,0.11878888126224636
CASCADE_INFO0721_01,INFO0721,17,17,542306.876324,150.64079897888888,6.276699957453703,16,2,6,5,1,5,True,True,Instagram,C12,U06112,Regular,0.3218,0.229,0.11285123363148396,0.10621292577080843
CASCADE_INFO0710_03,INFO0710,28,28,1019911.552113,283.3087644758333,11.804531853159721,29,3,8,9,4,7,True,True,Instagram,C18,U07293,Regular,0.1039,0.1885,0.09883209950036137,0.10236181733965999
CASCADE_INFO0631_01,INFO0631,35,35,1638070.581867,455.0196060741667,18.95915025309028,34,4,5,11,4,4,True,True,Facebook,C06,U09706,Regular,0.0941,0.3477,0.0769197624295229,0.07472205493153654
CASCADE_INFO0710_01,INFO0710,7,7,140338.877241,38.98302145583334,1.6242925606597223,8,1,2,0,0,1,False,True,Instagram,C18,U07293,Regular,0.1039,0.1885,0.17956535277622854,0.2052175460299755
CASCADE_INFO0710_02,INFO0710,9,9,281784.34036,78.27342787777776,3.2613928282407403,10,4,3,5,3,2,True,True,Instagram,C18,U07293,Regular,0.1039,0.1885,0.11498154921812422,0.1277572769090269
CASCADE_INFO0872_01,INFO0872,38,38,1379930.897424,383.31413817333333,15.97142242388889,37,4,5,12,5,4,True,True,Instagram,C10,U01685,Regular,0.2392,0.0826,0.09913539892133207,0.0965265726339286
CASCADE_INFO0448_01,INFO0448,44,44,1698965.749092,471.9349303033334,19.663955429305556,43,5,7,15,6,8,True,True,Instagram,C05,U02505,Influential,0.7926,0.5833,0.09323319206679459,0.09111425588345835
CASCADE_INFO0149_03,INFO0149,39,39,1104236.970755,306.73249187638885,12.780520494849537,39,4,13,22,7,14,True,True,Reddit,C11,U02736,Regular,0.1177,0.4015,0.12714662134886168,0.12714662134886168
CASCADE_INFO0149_01,INFO0149,12,12,408182.295014,113.38397083722222,4.724332118217593,11,1,3,4,0,2,False,True,Reddit,C11,U02736,Regular,0.1177,0.4015,0.10583506567456168,0.0970154768683482
CASCADE_INFO0109_01,INFO0109,36,36,1458894.737904,405.2485383066667,16.885355762777777,35,4,9,17,8,8,True,True,Instagram,C04,U06554,Regular,0.1701,0.2043,0.08883437346973835,0.08636675198446785
CASCADE_INFO0868_01,INFO0868,36,36,1723119.62378,478.6443399388889,19.94351416412037,36,4,6,11,8,5,True,True,YouTube,C25,U06250,Regular,0.1282,0.2115,0.07521242182576798,0.07521242182576798
CASCADE_INFO0462_01,INFO0462,21,21,854353.283167,237.3203564352778,9.888348184803242,21,3,4,10,2,3,True,True,Reddit,C11,U05986,Regular,0.1147,0.074,0.08848798440822811,0.08848798440822811
CASCADE_INFO0688_01,INFO0688,42,42,1399857.328212,388.84925783666665,16.20205240986111,41,3,9,13,2,9,True,True,X,C06,U08181,Active,0.5189,0.7527,0.10801100723108953,0.10543931658273026
CASCADE_INFO0657_01,INFO0657,33,33,1029052.933323,285.8480370341667,11.910334876423612,34,5,5,9,4,5,True,True,Reddit,C10,U05385,Regular,0.1172,0.1943,0.11544595632838156,0.11894431864136282
CASCADE_INFO0149_02,INFO0149,15,15,500818.426529,139.11622959138887,5.79650956630787,16,5,5,10,6,4,True,True,Reddit,C11,U02736,Regular,0.1177,0.4015,0.10782350875996198,0.11501174267729278
CASCADE_INFO0462_02,INFO0462,49,49,1448519.522579,402.36653404972225,16.76527225207176,50,5,11,25,11,14,True,True,Reddit,C11,U05986,Regular,0.1147,0.074,0.12177951159811132,0.1242648077531748
CASCADE_INFO0179_01,INFO0179,10,10,463975.51887,128.882088575,5.370087023958334,11,3,1,6,3,0,True,False,X,C06,U09856,Regular,0.1108,0.2158,0.07759030064275166,0.08534933070702683
CASCADE_INFO0610_02,INFO0610,17,17,400339.570914,111.205436365,4.633559848541666,18,3,4,5,2,4,True,True,X,C07,U06207,Regular,0.279,0.3175,0.15287022429553146,0.16186259043056272
CASCADE_INFO0610_01,INFO0610,14,14,232424.227884,64.56228552333333,2.6900952301388887,15,4,4,8,4,3,True,True,X,C07,U06207,Regular,0.279,0.3175,0.21684486363080016,0.2323337824615716
CASCADE_INFO0179_03,INFO0179,33,33,1478430.123018,410.67503417166665,17.11145975715278,32,4,8,13,6,7,True,True,X,C06,U09856,Regular,0.1108,0.2158,0.0803555055801265,0.0779204902595166
CASCADE_INFO0935_01,INFO0935,49,49,1696911.0202,471.36417227777775,19.640173844907405,48,4,9,14,7,8,True,True,X,C02,U03527,Active,0.3799,0.6371,0.10395359444316019,0.10183209251574876
CASCADE_INFO0165_01,INFO0165,49,49,1935951.014429,537.7641706747222,22.40684044478009,47,4,7,15,4,6,True,True,Instagram,C12,U02262,Regular,0.0918,0.2346,0.0911180079894885,0.0873989056225706
CASCADE_INFO0610_03,INFO0610,38,38,1208249.433469,335.6248426302778,13.984368442928242,39,5,10,17,9,11,True,True,X,C07,U06207,Regular,0.279,0.3175,0.1132216545777589,0.11620117180348939
CASCADE_INFO0115_01,INFO0115,50,50,2106264.291028,585.0734141744445,24.378058923935185,49,5,9,30,11,12,True,True,Facebook,C23,U03248,Regular,0.0636,0.263,0.08545936080611602,0.08375017358999369
CASCADE_INFO0915_01,INFO0915,45,45,2043130.635043,567.5362875119445,23.647345312997686,45,4,9,16,6,9,True,True,Reddit,C04,U06904,Regular,0.0989,0.1844,0.07929008415880882,0.07929008415880882
CASCADE_INFO0179_02,INFO0179,12,12,303159.348756,84.21093021,3.5087887587499997,13,3,3,7,4,2,True,True,X,C06,U09856,Regular,0.1108,0.2158,0.14249931653854367,0.15437425958342232
CASCADE_INFO0423_01,INFO0423,33,33,1083616.11767,301.0044771305556,12.541853213773148,33,5,6,11,4,6,True,True,YouTube,C24,U03299,Regular,0.2732,0.2678,0.10963292079435354,0.10963292079435354
CASCADE_INFO0562_02,INFO0562,42,42,1388982.868307,385.82857452972223,16.076190605405092,41,5,11,17,7,14,True,True,Instagram,C24,U04524,Regular,0.1162,0.0538,0.10885663419613971,0.1062648095724221
CASCADE_INFO0991_01,INFO0991,29,29,1244947.519064,345.8187552955556,14.409114803981483,27,1,4,4,0,3,False,True,YouTube,C18,U03268,Regular,0.1887,0.4968,0.08385895662372336,0.07807558030484589
CASCADE_INFO0245_01,INFO0245,33,33,1323346.79351,367.5963315305556,15.316513813773147,33,4,7,10,3,8,True,True,YouTube,C09,U01159,Regular,0.1695,0.2779,0.08977238663562928,0.08977238663562928
CASCADE_INFO0008_01,INFO0008,31,31,1400299.041255,388.9719559041667,16.20716482934028,29,4,5,8,3,4,True,True,YouTube,C05,U08030,Regular,0.0793,0.2783,0.0796972623076139,0.07455550344905816
CASCADE_INFO0986_01,INFO0986,34,34,2144155.907533,595.5988632036111,24.816619300150464,33,2,6,9,2,5,True,True,Facebook,C24,U00274,Influential,0.7523,0.6866,0.05708540109885465,0.05540641871359421
CASCADE_INFO0894_03,INFO0894,13,13,248388.101846,68.99669495722222,2.8748622898842595,14,2,4,5,1,3,True,True,Facebook,C21,U09246,Regular,0.1055,0.2221,0.18841482201516999,0.20290826986249075
CASCADE_INFO0894_01,INFO0894,10,10,481965.281025,133.87924472916666,5.578301863715278,11,3,3,4,3,2,True,True,Facebook,C21,U09246,Regular,0.1055,0.2221,0.07469417698187403,0.08216359468006143
CASCADE_INFO0076_01,INFO0076,39,39,1486696.407154,412.9712242094444,17.207134342060183,39,3,9,18,2,9,True,True,YouTube,C01,U04276,Regular,0.0925,0.2411,0.09443757267751077,0.09443757267751077
CASCADE_INFO0089_01,INFO0089,41,41,1523523.466482,423.20096291166664,17.633373454652777,41,5,7,19,7,6,True,True,Reddit,C11,U04361,Influential,0.6686,0.8971,0.09688068693869631,0.09688068693869631
CASCADE_INFO0894_04,INFO0894,16,16,260888.982485,72.46916180138888,3.0195484083912034,17,3,4,10,3,3,True,True,Facebook,C21,U09246,Regular,0.1055,0.2221,0.2207835664478923,0.23458253935088558
CASCADE_INFO0894_05,INFO0894,33,33,1343089.720608,373.08047794666663,15.545019914444444,34,4,9,20,9,11,True,True,Facebook,C21,U09246,Regular,0.1055,0.2221,0.08845276542375793,0.0911331522547809
CASCADE_INFO0413_01,INFO0413,12,12,248204.668591,68.94574127527778,2.8727392198032407,13,3,3,5,2,2,True,True,Instagram,C16,U02316,Regular,0.1717,0.2137,0.1740499090739764,0.18855406816347445
CASCADE_INFO0413_02,INFO0413,14,14,632518.152363,175.6994867675,7.320811948645833,15,4,5,8,4,4,True,True,Instagram,C16,U02316,Regular,0.1717,0.2137,0.07968150765588719,0.08537304391702198
CASCADE_INFO0591_01,INFO0591,39,39,2040311.671441,566.7532420669444,23.61471841945602,39,5,8,16,6,7,True,True,X,C20,U05245,Regular,0.1368,0.1265,0.06881301615102778,0.06881301615102778
CASCADE_INFO0413_04,INFO0413,41,41,1347372.735424,374.27020428444445,15.594591845185185,41,3,7,23,7,6,True,True,Instagram,C16,U02316,Regular,0.1717,0.2137,0.10954652422408731,0.10954652422408731
CASCADE_INFO0894_02,INFO0894,11,11,229430.267101,63.73062975027778,2.655442906261574,12,2,3,4,1,2,True,True,Facebook,C21,U09246,Regular,0.1055,0.2221,0.17260146405429258,0.18829250624104646
CASCADE_INFO0413_03,INFO0413,17,17,612692.114271,170.19225396416667,7.091343915173612,17,3,7,9,5,6,True,True,Instagram,C16,U02316,Regular,0.1717,0.2137,0.09988703718313341,0.09988703718313341
CASCADE_INFO0646_01,INFO0646,32,32,1511484.187891,419.8567188586111,17.49402995244213,32,2,5,9,1,4,True,True,Facebook,C02,U09402,Regular,0.2859,0.1452,0.07621647710436227,0.07621647710436227
CASCADE_INFO0705_01,INFO0705,35,35,1334744.828499,370.7624523608333,15.448435515034722,34,5,5,10,4,5,True,True,Facebook,C07,U02557,Regular,0.1138,0.2227,0.09440006607232523,0.09170292132740165
CASCADE_INFO0388_02,INFO0388,6,6,165456.711076,45.96019752111111,1.9150082300462963,7,1,2,0,0,1,False,True,Facebook,C25,U04875,Regular,0.0129,0.1462,0.13054774182038692,0.1523056987904514
CASCADE_INFO0581_01,INFO0581,27,27,1346097.393869,373.9159427413889,15.57983094755787,27,4,4,10,4,3,True,True,Instagram,C16,U05191,Regular,0.2732,0.0709,0.07220874243031135,0.07220874243031135
CASCADE_INFO0447_04,INFO0447,36,36,1330603.565806,369.6121016127778,15.40050423386574,37,5,9,20,7,12,True,True,Instagram,C10,U09435,Regular,0.215,0.2546,0.09739940830648239,0.1001049474261069
CASCADE_INFO0562_01,INFO0562,17,17,636843.457612,176.9009604477778,7.370873351990741,18,3,7,7,3,7,True,True,Instagram,C24,U04524,Regular,0.1162,0.0538,0.09609896948534939,0.10175185004331112
CASCADE_INFO0156_01,INFO0156,50,50,1962289.289773,545.0803582702778,22.711681594594907,47,3,11,16,4,12,True,True,Instagram,C21,U01971,Regular,0.0294,0.2964,0.09172959407061872,0.08622581842638159
CASCADE_INFO0447_01,INFO0447,12,12,359802.843444,99.94523429,4.164384762083333,13,3,2,6,3,1,True,True,Instagram,C10,U09435,Regular,0.215,0.2546,0.12006575486311764,0.13007123443504412
CASCADE_INFO0447_02,INFO0447,14,14,593806.288346,164.94619120722223,6.872757966967593,15,5,4,8,4,3,True,True,Instagram,C10,U09435,Regular,0.215,0.2546,0.08487616414501971,0.0909387472982354
CASCADE_INFO0388_03,INFO0388,22,22,564512.256213,156.80896005916668,6.533706669131945,21,3,6,7,2,5,True,True,Facebook,C25,U04875,Regular,0.0129,0.1462,0.14029810536144763,0.1339209187541091
CASCADE_INFO0993_01,INFO0993,34,34,1552912.151463,431.36448651750004,17.973520271562503,35,1,4,8,0,3,False,True,YouTube,C05,U03205,Influential,0.7934,0.5947,0.07881965498478896,0.0811378801314004
CASCADE_INFO0255_01,INFO0255,37,37,1127457.553312,313.18265369777777,13.049277237407406,37,4,6,7,3,5,True,True,Facebook,C13,U06063,Influential,0.6874,0.7313,0.11814191994076759,0.11814191994076759
CASCADE_INFO0324_01,INFO0324,40,40,1869408.571374,519.280158715,21.63667327979167,37,3,2,13,6,1,True,True,Instagram,C23,U00473,Regular,0.1429,0.2742,0.07702970993342627,0.0712524816884193
CASCADE_INFO0603_01,INFO0603,35,35,1835090.870436,509.74746401,21.23947766708333,35,4,8,16,6,11,True,True,Reddit,C10,U02110,Regular,0.224,0.1751,0.06866144997498877,0.06866144997498877
CASCADE_INFO0447_03,INFO0447,17,17,499886.646498,138.857401805,5.785725075208333,18,3,5,8,3,5,True,True,Instagram,C10,U09435,Regular,0.215,0.2546,0.12242775522959455,0.12962938789015893
CASCADE_INFO0105_01,INFO0105,14,14,243603.950189,67.66776394138888,2.819490164224537,14,3,2,6,2,1,True,True,X,C02,U08827,Influential,0.788,0.284,0.20689319676834958,0.20689319676834958
CASCADE_INFO0527_01,INFO0527,36,36,1886140.055031,523.9277930641666,21.830324711006945,34,3,5,12,3,4,True,True,YouTube,C03,U07078,Regular,0.1047,0.0554,0.06871175852202023,0.06489443860413022
CASCADE_INFO0105_02,INFO0105,34,34,1266840.531656,351.90014768222227,14.662506153425927,33,5,8,15,8,7,True,True,X,C02,U08827,Influential,0.788,0.284,0.09661831694001774,0.09377660173589956
CASCADE_INFO0651_01,INFO0651,38,38,1972233.724377,547.8427012158334,22.82677921732639,39,3,5,8,2,4,True,True,Reddit,C21,U09796,Active,0.3953,0.7346,0.06936297575137203,0.0711883172185134
CASCADE_INFO0645_03,INFO0645,23,23,1319231.083542,366.4530787616667,15.26887828173611,24,4,4,11,3,3,True,True,X,C13,U00313,Regular,0.0173,0.0745,0.06276383344280405,0.06549269576640422
CASCADE_INFO0565_05,INFO0565,34,34,770486.98107,214.02416140833333,8.917673392013889,35,5,9,17,9,10,True,True,Reddit,C16,U07116,Regular,0.2373,0.144,0.15886056871463186,0.16353293838270927
CASCADE_INFO0073_03,INFO0073,34,34,1173774.849822,326.04856939499996,13.585357058124998,34,3,5,14,5,4,True,True,X,C14,U03439,Regular,0.0441,0.1777,0.10427894243820411,0.10427894243820411
CASCADE_INFO0565_04,INFO0565,17,17,491922.465123,136.64512920083334,5.693547050034722,18,3,1,11,3,0,True,False,Reddit,C16,U07116,Regular,0.2373,0.144,0.12440984980162999,0.13172807626054941
CASCADE_INFO0457_04,INFO0457,17,17,381413.544281,105.94820674472221,4.414508614363426,18,4,7,10,5,7,True,True,X,C14,U09839,Regular,0.2003,0.1513,0.16045575968039544,0.16989433377924223
CASCADE_INFO0457_05,INFO0457,20,20,539904.577905,149.9734938625,6.248895577604166,21,4,9,9,4,11,True,True,X,C14,U09839,Regular,0.2003,0.1513,0.13335689850858962,0.1400247434340191
CASCADE_INFO0645_02,INFO0645,7,7,677216.230657,188.11561962694444,7.8381508177893515,8,2,3,4,1,2,True,True,X,C13,U00313,Regular,0.0173,0.0745,0.037211157765005526,0.0425270374457206
CASCADE_INFO0457_06,INFO0457,38,38,959197.153538,266.44365376055555,11.101818906689815,38,5,10,23,12,15,True,True,X,C14,U09839,Regular,0.2003,0.1513,0.14261927226891052,0.14261927226891052
CASCADE_INFO0457_01,INFO0457,13,13,278890.856046,77.469682235,3.227903426458333,14,4,6,10,6,6,True,True,X,C14,U09839,Regular,0.2003,0.1513,0.16780758130083998,0.18071585678552
CASCADE_INFO0565_03,INFO0565,14,14,330156.688657,91.71019129361112,3.82125797056713,15,1,4,8,0,4,False,True,Reddit,C16,U07116,Regular,0.2373,0.144,0.15265479007866048,0.16355870365570765
CASCADE_INFO0457_03,INFO0457,16,16,237390.215356,65.94172648777777,2.7475719369907408,17,5,9,11,9,8,True,True,X,C14,U09839,Regular,0.2003,0.1513,0.24263847569968588,0.2578033804309163
CASCADE_INFO0424_02,INFO0424,36,36,1452335.83663,403.42662128611113,16.809442553587964,37,4,6,14,3,6,True,True,Facebook,C23,U00973,Regular,0.2552,0.1009,0.0892355588365318,0.09171432435976878
CASCADE_INFO0645_01,INFO0645,5,5,72532.745017,20.147984726944443,0.8394993636226851,6,1,2,1,0,1,False,True,X,C13,U00313,Regular,0.0173,0.0745,0.24816377755703603,0.2977965330684432
CASCADE_INFO0565_02,INFO0565,13,13,218184.847562,60.60690210055556,2.5252875875231484,14,5,4,7,5,3,True,True,Reddit,C16,U07116,Regular,0.2373,0.144,0.21449702178196028,0.23099679268826492
CASCADE_INFO0073_02,INFO0073,12,12,259474.913485,72.07636485694444,3.0031818690393517,13,2,5,5,1,4,True,True,X,C14,U03439,Regular,0.0441,0.1777,0.16649008345270094,0.18036425707375933
CASCADE_INFO0424_01,INFO0424,13,13,356954.567678,99.15404657722223,4.131418607384259,14,3,4,8,2,3,True,True,Facebook,C23,U00973,Regular,0.2552,0.1009,0.13110912210602985,0.14119443919110905
CASCADE_INFO0073_01,INFO0073,10,10,163544.973719,45.42915936638889,1.8928816402662036,11,3,1,2,2,0,True,False,X,C14,U03439,Regular,0.0441,0.1777,0.2201229373264295,0.24213523105907248
CASCADE_INFO0457_02,INFO0457,14,14,608786.652519,169.1074034775,7.0461418115625,15,4,7,10,7,6,True,True,X,C14,U09839,Regular,0.2003,0.1513,0.08278762320339643,0.0887010248607819
CASCADE_INFO0565_01,INFO0565,12,12,565361.519986,157.0448666627778,6.543536110949074,13,3,3,8,3,2,True,True,Reddit,C16,U07116,Regular,0.2373,0.144,0.07641128459020302,0.0827788916393866
CASCADE_INFO0006_02,INFO0006,11,11,281301.550887,78.13931969083333,3.2558049871180557,12,2,4,4,1,3,True,True,X,C25,U02875,Regular,0.1281,0.1364,0.14077419720983866,0.15357185150164215
CASCADE_INFO0636_01,INFO0636,5,5,246155.504868,68.37652913,2.8490220470833334,6,1,2,2,0,1,False,True,X,C19,U06444,Active,0.4053,0.5246,0.07312450724858839,0.08774940869830607
CASCADE_INFO0715_01,INFO0715,34,34,1588688.659138,441.30240531611116,18.38760022150463,35,4,10,10,3,9,True,True,X,C08,U03758,Regular,0.1526,0.1318,0.07704467410651279,0.07931069393317493
CASCADE_INFO0808_03,INFO0808,40,40,1481301.528201,411.47264672250003,17.1446936134375,40,5,9,22,7,10,True,True,Instagram,C01,U09251,Regular,0.3035,0.163,0.09721180816905255,0.09721180816905255
CASCADE_INFO0148_01,INFO0148,9,9,292089.847602,81.13606877833332,3.3806695324305553,10,2,4,5,1,3,True,True,Reddit,C25,U00550,Regular,0.1673,0.01,0.11092477286012373,0.12324974762235968
CASCADE_INFO0148_05,INFO0148,31,31,952172.764564,264.4924346011111,11.02051810837963,32,5,7,14,9,8,True,True,Reddit,C25,U00550,Regular,0.1673,0.01,0.11720562082145004,0.12098644729956133
CASCADE_INFO0808_02,INFO0808,19,19,506756.209018,140.7656136161111,5.865233900671297,19,3,6,11,3,5,True,True,Instagram,C01,U09251,Regular,0.3035,0.163,0.1349761458918216,0.1349761458918216
CASCADE_INFO0006_01,INFO0006,10,10,234267.781372,65.07438371444444,2.7114326547685184,11,2,2,2,1,1,True,True,X,C25,U02875,Regular,0.1281,0.1364,0.15367029895944015,0.16903732885538417
CASCADE_INFO0148_02,INFO0148,10,10,300312.331902,83.420092195,3.4758371747916668,11,2,4,6,1,3,True,True,Reddit,C25,U00550,Regular,0.1673,0.01,0.11987519717221526,0.1318627168894368
CASCADE_INFO0148_04,INFO0148,13,13,237222.833887,65.89523163527777,2.7456346514699073,14,5,4,7,7,3,True,True,Reddit,C25,U00550,Regular,0.1673,0.01,0.1972828636820559,0.21245846858067557
CASCADE_INFO0148_03,INFO0148,11,11,310533.672423,86.25935345083333,3.5941397271180553,12,4,2,8,5,1,True,True,Reddit,C25,U00550,Regular,0.1673,0.01,0.1275224026142261,0.13911534830642847
CASCADE_INFO0474_01,INFO0474,10,10,437021.216038,121.39478223277779,5.0581159263657405,11,2,2,5,1,1,True,True,X,C05,U07680,Regular,0.2133,0.1497,0.0823758634108732,0.09061344975196052
CASCADE_INFO0474_02,INFO0474,34,34,1752072.431005,486.68678639027775,20.278616099594906,35,4,6,11,3,7,True,True,X,C05,U07680,Regular,0.2133,0.1497,0.06986012554845725,0.07191483512341187
CASCADE_INFO0808_01,INFO0808,16,16,485624.919393,134.8958109425,5.620658789270833,17,4,4,11,5,3,True,True,Instagram,C01,U09251,Regular,0.3035,0.163,0.11861005829765967,0.12602318694126338
CASCADE_INFO0636_03,INFO0636,24,24,1059328.152169,294.2578200469444,12.260742501956017,25,5,5,10,5,4,True,True,X,C19,U06444,Active,0.4053,0.5246,0.08156112893166666,0.08495950930381944
CASCADE_INFO0900_01,INFO0900,34,34,1788327.375513,496.75760430916665,20.698233512881945,35,3,7,14,5,6,True,True,YouTube,C25,U01200,Active,0.1901,0.5321,0.06844384405002374,0.07045689828678914
CASCADE_INFO0006_03,INFO0006,14,14,684831.813343,190.23105926194444,7.926294135914352,15,3,5,8,3,4,True,True,X,C25,U02875,Regular,0.1281,0.1364,0.07359471189571769,0.0788514770311261
CASCADE_INFO0290_02,INFO0290,32,32,1120159.404546,311.15539015166667,12.964807922986111,30,3,6,10,5,6,True,True,Facebook,C02,U08752,Influential,0.6754,0.8786,0.10284250574737665,0.0964148491381656
CASCADE_INFO0006_04,INFO0006,32,32,718892.748498,199.69243013833332,8.320517922430556,33,4,10,13,6,12,True,True,X,C25,U02875,Regular,0.1281,0.1364,0.16024643486902623,0.1652541359586833
CASCADE_INFO0805_01,INFO0805,41,41,2229664.701355,619.3513059319445,25.80630441383102,38,3,4,13,3,3,True,True,Reddit,C12,U01362,Regular,0.0182,0.1493,0.06619829425935717,0.06135451663062371
CASCADE_INFO0388_01,INFO0388,5,5,240389.316823,66.77481022861112,2.782283759525463,6,3,1,4,2,0,True,False,Facebook,C25,U04875,Regular,0.0129,0.1462,0.07487853552682418,0.08985424263218901
CASCADE_INFO0258_03,INFO0258,23,23,410786.895177,114.10747088250001,4.7544779534375,24,5,9,15,8,9,True,True,X,C10,U05460,Regular,0.1823,0.1614,0.20156436578709042,0.21032803386479
CASCADE_INFO0258_05,INFO0258,40,40,716344.925546,198.98470154055556,8.291029230856482,41,5,12,26,11,12,True,True,X,C10,U05460,Regular,0.1823,0.1614,0.20102047891278466,0.2060459908856043
CASCADE_INFO0459_03,INFO0459,16,16,492135.157095,136.70421030416665,5.6960087626736104,17,2,6,9,2,7,True,True,YouTube,C08,U03133,Regular,0.25,0.1954,0.1170410184470546,0.1243560820999955
CASCADE_INFO0258_02,INFO0258,21,21,351144.983365,97.54027315694444,4.064178048206019,22,5,6,16,7,7,True,True,X,C10,U05460,Regular,0.1823,0.1614,0.21529568577494693,0.22554786128803964
CASCADE_INFO0258_04,INFO0258,25,25,339885.229029,94.41256361916666,3.9338568174652777,26,4,8,16,6,10,True,True,X,C10,U05460,Regular,0.1823,0.1614,0.2647952670879997,0.2753870777715197
CASCADE_INFO0459_02,INFO0459,14,14,309845.134387,86.06809288527778,3.586170536886574,15,4,3,7,4,2,True,True,YouTube,C08,U03133,Regular,0.25,0.1954,0.16266190559910437,0.17428061314189752
CASCADE_INFO0459_05,INFO0459,36,36,903444.045766,250.95667937944447,10.456528307476853,35,5,9,21,9,8,True,True,YouTube,C08,U03133,Regular,0.25,0.1954,0.1434510533412354,0.13946630185953443
CASCADE_INFO0801_01,INFO0801,33,33,1125734.567519,312.7040465330556,13.029335272210648,33,2,7,9,1,7,True,True,Instagram,C19,U05494,Active,0.146,0.6891,0.10553109358791622,0.10553109358791622
CASCADE_INFO0636_02,INFO0636,7,7,266743.927672,74.09553546444445,3.0873139776851852,8,1,2,4,0,1,False,True,X,C19,U06444,Active,0.4053,0.5246,0.09447262856152819,0.10796871835603222
CASCADE_INFO0258_01,INFO0258,20,20,255273.596598,70.90933238833334,2.9545555161805557,21,4,7,9,5,6,True,True,X,C10,U05460,Regular,0.1823,0.1614,0.28205032153554144,0.2961528376123185
CASCADE_INFO0290_01,INFO0290,10,10,211603.395223,58.77872089527778,2.449113370636574,11,2,3,2,1,2,True,True,Facebook,C02,U08752,Influential,0.6754,0.8786,0.17012959533121433,0.18714255486433576
CASCADE_INFO0459_01,INFO0459,13,13,273563.906886,75.989974135,3.166248922291667,13,2,1,3,1,0,True,False,YouTube,C08,U03133,Regular,0.25,0.1954,0.1710751996954868,0.1710751996954868
CASCADE_INFO0717_01,INFO0717,33,33,1381418.956034,383.72748778722223,15.988645324467592,34,5,6,11,6,6,True,True,Instagram,C18,U07718,Regular,0.36,0.2543,0.08599853033801576,0.08860454640886471
CASCADE_INFO0026_01,INFO0026,32,32,1142755.144057,317.4319844602778,13.226332685844907,30,2,6,9,1,6,True,True,Reddit,C02,U05327,Regular,0.133,0.1866,0.10080899709715406,0.09450843477858194
CASCADE_INFO0459_04,INFO0459,19,19,486287.265501,135.0797959725,5.6283248321874995,20,3,6,13,4,7,True,True,YouTube,C08,U03133,Regular,0.25,0.1954,0.1406576006664097,0.14806063228043126
CASCADE_INFO0336_04,INFO0336,55,55,1003757.472426,278.82152011833335,11.61756333826389,56,5,14,39,21,20,True,True,Reddit,C24,U06524,Regular,0.0782,0.2685,0.19725880547763208,0.20084532921358902
CASCADE_INFO0336_02,INFO0336,31,31,878868.947405,244.13026316805556,10.17209429866898,32,4,7,19,5,7,True,True,Reddit,C24,U06524,Regular,0.0782,0.2685,0.12698138935220854,0.13107756320227978
CASCADE_INFO0336_01,INFO0336,29,29,612799.821212,170.22217255888887,7.092590523287037,30,4,6,13,6,9,True,True,Reddit,C24,U06524,Regular,0.0782,0.2685,0.17036558495320203,0.1762402602964159
CASCADE_INFO0069_02,INFO0069,32,32,1136151.766337,315.5977128713889,13.149904702974538,33,3,6,9,6,6,True,True,YouTube,C24,U00074,Regular,0.0363,0.1198,0.10139490463620852,0.10456349540609004
CASCADE_INFO0069_01,INFO0069,10,10,605694.828384,168.24856344,7.01035681,11,1,4,5,0,3,False,True,YouTube,C24,U00074,Regular,0.0363,0.1198,0.05943587151973605,0.06537945867170966
CASCADE_INFO0964_01,INFO0964,45,45,2831493.862002,786.5260727783334,32.771919699097225,43,4,3,22,14,2,True,True,X,C07,U03732,Bridge,0.8077,0.5863,0.05721361510755963,0.05467078776944587
CASCADE_INFO0674_01,INFO0674,46,46,2205689.08994,612.6914138722221,25.52880891134259,47,2,8,14,3,7,True,True,X,C19,U09069,Regular,0.0481,0.3202,0.07507857782644459,0.07671072082267164
CASCADE_INFO0768_01,INFO0768,40,40,1506344.433103,418.4290091952778,17.43454204980324,38,1,4,7,0,5,False,True,Instagram,C07,U09832,Regular,0.0199,0.149,0.09559566645947411,0.09081588313650041
CASCADE_INFO0542_01,INFO0542,41,41,1874285.553323,520.6348759230556,21.693119830127316,40,4,7,6,4,6,True,True,Facebook,C17,U05517,Regular,0.2638,0.2802,0.07875000676301096,0.0768292748907424
CASCADE_INFO0323_02,INFO0323,41,41,2028582.642324,563.4951784233333,23.478965767638886,42,4,10,25,7,10,True,True,YouTube,C18,U00718,Active,0.5104,0.5507,0.07276016116893586,0.07453479924622698
CASCADE_INFO0228_01,INFO0228,39,39,1685236.922069,468.1213672413889,19.505056968391205,37,4,8,11,5,7,True,True,Instagram,C18,U08593,Regular,0.3225,0.219,0.08331172796026094,0.07903933165460654
CASCADE_INFO0336_03,INFO0336,35,35,597896.304306,166.08230675166666,6.920096114652778,36,5,12,26,10,14,True,True,Reddit,C24,U06524,Regular,0.0782,0.2685,0.21073888413853434,0.21675999511392102
CASCADE_INFO0323_01,INFO0323,15,15,514683.325565,142.9675904347222,5.956982934780092,16,4,4,3,3,3,True,True,YouTube,C18,U00718,Active,0.5104,0.5507,0.10491888374413691,0.11191347599374604
CASCADE_INFO0040_01,INFO0040,8,8,219617.95114,61.00498642777777,2.5418744344907407,9,2,1,1,1,0,True,False,Facebook,C15,U02815,Regular,0.3575,0.0723,0.13113682124117826,0.14752892389632555
CASCADE_INFO0040_02,INFO0040,29,29,891579.841035,247.66106695416667,10.319211123090279,29,3,5,12,3,4,True,True,Facebook,C15,U02815,Regular,0.3575,0.0723,0.11709551427139284,0.11709551427139284
CASCADE_INFO0689_05,INFO0689,17,17,269443.665133,74.84546253694444,3.118560939039352,18,4,8,10,4,7,True,True,YouTube,C14,U09464,Active,0.2819,0.3866,0.22713467755788985,0.24049554094364808
CASCADE_INFO0689_07,INFO0689,31,31,509020.54629,141.39459619166666,5.891441507986111,32,5,9,18,12,12,True,True,YouTube,C14,U09464,Active,0.2819,0.3866,0.2192445880886291,0.2263169941560042
CASCADE_INFO0689_06,INFO0689,19,19,394562.584217,109.60071783805556,4.566696576585648,20,4,10,11,5,10,True,True,YouTube,C14,U09464,Active,0.2819,0.3866,0.17335652881465727,0.18248055664700766
CASCADE_INFO0096_04,INFO0096,20,20,284275.67828,78.96546618888888,3.2902277578703703,21,4,7,11,5,8,True,True,Instagram,C11,U01486,Influential,0.6491,0.899,0.25327527291688645,0.26593903656273077
CASCADE_INFO0096_01,INFO0096,14,14,286012.573882,79.44793718944445,3.3103307162268516,15,3,8,6,2,7,True,True,Instagram,C11,U01486,Influential,0.6491,0.899,0.17621602895260643,0.1888028881635069
CASCADE_INFO0689_02,INFO0689,14,14,249417.33582,69.28259328333334,2.886774720138889,15,3,4,9,2,3,True,True,YouTube,C14,U09464,Active,0.2819,0.3866,0.20207095803626404,0.2165045978959972
CASCADE_INFO0096_05,INFO0096,39,39,1029156.643352,285.87684537555555,11.911535223981481,40,5,6,26,9,5,True,True,Instagram,C11,U01486,Influential,0.6491,0.899,0.13642238128368114,0.1399203910601858
CASCADE_INFO0689_03,INFO0689,15,15,270665.138662,75.18476073944444,3.132698364143519,16,4,7,9,4,6,True,True,YouTube,C14,U09464,Active,0.2819,0.3866,0.19950851545545317,0.21280908315248337
CASCADE_INFO0689_01,INFO0689,13,13,204394.012297,56.77611452694445,2.365671438622685,14,5,8,8,5,8,True,True,YouTube,C14,U09464,Active,0.2819,0.3866,0.22896952544772226,0.24658256586677782
CASCADE_INFO0689_04,INFO0689,16,16,192167.646175,53.379901715277775,2.2241625714699076,16,2,6,9,1,5,True,True,YouTube,C14,U09464,Active,0.2819,0.3866,0.2997382813730559,0.2997382813730559
CASCADE_INFO0988_01,INFO0988,28,28,1272898.278407,353.58285511305553,14.732618963043981,28,2,7,10,2,7,True,True,Facebook,C19,U05519,Influential,0.8634,0.7174,0.07918935999045316,0.07918935999045316
CASCADE_INFO0096_02,INFO0096,16,16,513751.304224,142.70869561777778,5.946195650740741,17,4,5,9,6,4,True,True,Instagram,C11,U01486,Influential,0.6491,0.899,0.11211650369822887,0.11912378517936817
CASCADE_INFO0044_01,INFO0044,41,41,2832860.171791,786.9056032752777,32.787733469803236,38,2,5,15,2,6,True,True,YouTube,C03,U03153,Regular,0.5068,0.1763,0.052102818723553115,0.048290417353537035
CASCADE_INFO0096_03,INFO0096,17,17,308549.841083,85.70828918972222,3.571178716238426,18,2,6,10,5,6,True,True,Instagram,C11,U01486,Influential,0.6491,0.899,0.19834720959566848,0.21001469251306074
CASCADE_INFO0429_01,INFO0429,38,38,1446952.041074,401.93112252055556,16.74713010502315,36,3,7,10,2,7,True,True,Instagram,C19,U05769,Influential,0.9377,0.6521,0.09454356199564169,0.08956758504850265
CASCADE_INFO0572_01,INFO0572,39,39,1780011.859493,494.44773874805554,20.601989114502313,39,4,7,12,5,7,True,True,X,C24,U05299,Regular,0.0831,0.2538,0.07887587897307048,0.07887587897307048
CASCADE_INFO0347_01,INFO0347,28,28,1073890.781662,298.30299490611117,12.429291454421298,28,3,4,6,3,3,True,True,X,C14,U01014,Regular,0.0553,0.079,0.0938642939498908,0.0938642939498908
CASCADE_INFO0005_02,INFO0005,41,41,1641724.593937,456.0346094269444,19.001442059456018,41,3,8,17,3,8,True,True,YouTube,C12,U07462,Active,0.2803,0.6862,0.08990545706941151,0.08990545706941151
CASCADE_INFO0005_01,INFO0005,15,15,575763.051647,159.93418101305556,6.663924208877315,16,2,4,6,1,4,True,True,YouTube,C12,U07462,Active,0.2803,0.6862,0.0937885816839587,0.10004115379622262
CASCADE_INFO0983_01,INFO0983,12,12,718481.846816,199.5782907822222,8.315762115925926,13,2,3,7,3,3,True,True,Facebook,C14,U09739,Regular,0.0931,0.104,0.060126780086989906,0.06513734509423906
CASCADE_INFO0983_02,INFO0983,37,37,1509853.607509,419.40377986361113,17.47515749431713,36,2,7,16,7,6,True,True,Facebook,C14,U09739,Regular,0.0931,0.104,0.0882204733873221,0.08583613626874582
CASCADE_INFO0816_01,INFO0816,37,37,1344606.555399,373.50182094416664,15.56257587267361,32,2,6,11,2,5,True,True,YouTube,C12,U07012,Regular,0.0524,0.2361,0.09906243537573271,0.08567561978441748
CASCADE_INFO0380_01,INFO0380,43,43,1570685.683488,436.3015787466667,18.17923244777778,42,4,12,17,6,15,True,True,YouTube,C23,U03498,Active,0.405,0.4286,0.09855568279978065,0.09626369017652994
CASCADE_INFO0782_01,INFO0782,40,40,1910333.23834,530.648121761111,22.110338406712962,41,3,12,17,7,11,True,True,Instagram,C05,U01630,Regular,0.0764,0.3463,0.07537951866718814,0.07726400663386786
CASCADE_INFO0088_01,INFO0088,39,39,2267059.000998,629.7386113883334,26.239108807847224,40,2,6,11,2,5,True,True,Reddit,C12,U02212,Active,0.1125,0.6374,0.061930457009805824,0.0635184174459547
CASCADE_INFO0168_01,INFO0168,46,46,2385262.454668,662.5729040744444,27.607204336435185,44,5,7,13,8,6,True,True,Facebook,C21,U06671,Influential,0.908,0.6877,0.06942632232185517,0.06640778656873103
CASCADE_INFO0977_01,INFO0977,6,6,341247.62361,94.79100655833334,3.949625273263889,7,2,2,2,1,1,True,True,YouTube,C11,U07911,Regular,0.1502,0.1043,0.06329714408410324,0.07384666809812045
CASCADE_INFO0552_01,INFO0552,13,13,458504.352312,127.36232008666667,5.306763336944445,14,4,5,7,4,5,True,True,X,C10,U01910,Active,0.4795,0.3498,0.10207100491851787,0.10992262068148077
CASCADE_INFO0982_01,INFO0982,8,8,429840.047103,119.40001308416666,4.975000545173611,9,2,2,3,2,1,True,True,Facebook,C15,U03765,Active,0.3236,0.5562,0.06700166769965672,0.07537687616211382
CASCADE_INFO0552_02,INFO0552,33,33,1147737.977295,318.8161048041667,13.284004366840279,34,5,7,18,9,7,True,True,X,C10,U01910,Active,0.4795,0.3498,0.10350794549814321,0.10664454990717785
CASCADE_INFO0977_03,INFO0977,26,26,873661.893098,242.68385919388888,10.111827466412036,26,3,7,10,4,6,True,True,YouTube,C11,U07911,Regular,0.1502,0.1043,0.10713526678849979,0.10713526678849979
CASCADE_INFO0713_01,INFO0713,33,33,1361284.3617,378.13454491666664,15.755606038194445,34,3,7,10,3,7,True,True,Reddit,C04,U07729,Regular,0.0139,0.2396,0.08727052432427866,0.08991508566743862
CASCADE_INFO0839_02,INFO0839,12,12,533675.995963,148.24333221194445,6.176805508831018,13,2,4,5,1,4,True,True,YouTube,C10,U02360,Regular,0.2373,0.1711,0.08094799152816885,0.0876936574888496
CASCADE_INFO0294_01,INFO0294,33,33,759509.222762,210.97478410055558,8.790616004189815,34,3,5,7,2,4,True,True,Facebook,C04,U03279,Regular,0.0701,0.1907,0.15641679711008222,0.16115670005281196
CASCADE_INFO0839_01,INFO0839,9,9,186215.128382,51.726424550555556,2.1552676896064815,10,2,4,5,1,3,True,True,YouTube,C10,U02360,Regular,0.2373,0.1711,0.17399230815197214,0.19332478683552462
CASCADE_INFO0966_02,INFO0966,7,7,385078.356328,106.96621009111112,4.456925420462963,8,1,1,1,0,0,False,False,X,C12,U09337,Regular,0.2554,0.2821,0.06544122666436042,0.07478997333069763
CASCADE_INFO0977_02,INFO0977,8,8,346088.073382,96.13557593944444,4.005648997476851,9,1,1,3,0,0,False,False,YouTube,C11,U07911,Regular,0.1502,0.1043,0.08321581185553183,0.09361778833747329
CASCADE_INFO0966_01,INFO0966,5,5,63993.790144,17.776052817777778,0.7406688674074073,6,1,3,0,0,2,False,True,X,C12,U09337,Regular,0.2554,0.2821,0.28127729205437074,0.3375327504652449
CASCADE_INFO0966_03,INFO0966,23,23,825467.843394,229.296623165,9.554025965208332,25,3,3,8,1,1,True,True,X,C12,U09337,Regular,0.2554,0.2821,0.10030675411843892,0.10902908056352056
CASCADE_INFO0833_01,INFO0833,26,26,1442386.109083,400.66280807861114,16.69428366994213,26,2,4,8,2,4,True,True,Facebook,C24,U03049,Regular,0.231,0.4615,0.06489247186351953,0.06489247186351953
CASCADE_INFO0342_01,INFO0342,49,49,2123542.403943,589.8728899841666,24.57803708267361,49,3,10,15,2,11,True,True,Instagram,C04,U06654,Regular,0.0903,0.162,0.08306874384634842,0.08306874384634842
CASCADE_INFO0839_03,INFO0839,32,32,1163696.153364,323.24893148999996,13.46870547875,32,5,6,14,4,7,True,True,YouTube,C10,U02360,Regular,0.2373,0.1711,0.09899491346343384,0.09899491346343384
CASCADE_INFO0081_01,INFO0081,9,9,234822.34015,65.22842781944445,2.7178511591435184,9,3,2,3,2,1,True,True,Facebook,C13,U06263,Active,0.4346,0.6604,0.13797665068537984,0.13797665068537984
CASCADE_INFO0081_02,INFO0081,10,10,164297.539339,45.638205371944444,1.9015918904976854,11,2,5,4,2,5,True,True,Facebook,C13,U06263,Active,0.4346,0.6604,0.2191146632191498,0.24102612954106478
CASCADE_INFO0898_02,INFO0898,47,47,1590765.882891,441.87941191416667,18.411642163090278,48,4,9,26,6,8,True,True,X,C07,U08257,Active,0.1406,0.6732,0.10636386021335967,0.10862692106896306
CASCADE_INFO0982_02,INFO0982,29,29,1196845.33251,332.4570368083334,13.852376533680557,30,2,7,12,3,6,True,True,Facebook,C22,U08222,Regular,0.0561,0.0434,0.08722931624009796,0.09023722369665306
CASCADE_INFO0081_04,INFO0081,31,31,819546.548694,227.65181908166667,9.485492461736111,31,3,3,12,5,2,True,True,Facebook,C13,U06263,Active,0.4346,0.6604,0.13617286312515348,0.13617286312515348
CASCADE_INFO0239_01,INFO0239,34,34,1560786.032297,433.5516756380556,18.06465315158565,34,3,6,6,2,5,True,True,Instagram,C23,U04048,Regular,0.5334,0.371,0.07842202420267985,0.07842202420267985
CASCADE_INFO0081_03,INFO0081,12,12,315617.26314,87.67146198333333,3.652977582638889,12,2,2,4,1,2,True,True,Facebook,C13,U06263,Active,0.4346,0.6604,0.13687464231269741,0.13687464231269741
CASCADE_INFO0842_01,INFO0842,24,24,1311365.597788,364.2682216077778,15.17784256699074,25,3,6,8,2,5,True,True,Instagram,C21,U07296,Regular,0.1149,0.215,0.06588551670543956,0.0686307465681662
CASCADE_INFO0898_01,INFO0898,22,22,546218.086957,151.72724637694444,6.3219685990393515,23,4,5,15,6,4,True,True,X,C07,U08257,Active,0.1406,0.6732,0.14499702937562167,0.15158780343814993
CASCADE_INFO0837_01,INFO0837,37,37,1420904.992888,394.6958313577778,16.445659639907408,36,4,3,13,5,2,True,True,Reddit,C01,U00851,Regular,0.0536,0.1089,0.09374307266615342,0.09120947610760873
CASCADE_INFO0161_01,INFO0161,30,30,1144476.951734,317.9102643705555,13.246261015439813,31,4,5,9,6,4,True,True,Instagram,C20,U06345,Regular,0.1569,0.4014,0.09436625161945719,0.09751179334010576
CASCADE_INFO0019_01,INFO0019,33,33,1125309.746223,312.58604061750003,13.024418359062501,34,3,6,7,2,5,True,True,X,C18,U01318,Active,0.4666,0.4088,0.10557093315750743,0.10877005234409858
CASCADE_INFO0607_01,INFO0607,34,34,1218473.025306,338.46472925166665,14.102697052152777,35,2,7,4,1,8,True,True,Instagram,C13,U01238,Regular,0.0832,0.0625,0.10045359844487424,0.10340811604619407
CASCADE_INFO0573_02,INFO0573,38,38,1515547.217646,420.985338235,17.541055759791668,39,5,10,20,8,15,True,True,Facebook,C17,U01042,Regular,0.2085,0.1005,0.09026442621331354,0.092639805850506
CASCADE_INFO0491_02,INFO0491,21,21,548195.680706,152.27657797388886,6.344857415578703,22,4,6,12,6,6,True,True,Reddit,C11,U06636,Influential,0.6016,0.801,0.13790696034422908,0.14447395845585906
CASCADE_INFO0491_03,INFO0491,41,41,1277889.427608,354.9692854466667,14.790386893611112,41,5,14,24,9,18,True,True,Reddit,C11,U06636,Influential,0.6016,0.801,0.11550295104661994,0.11550295104661994
CASCADE_INFO0491_01,INFO0491,18,18,556833.318166,154.67592171277778,6.4448300713657405,19,4,5,13,5,4,True,True,Reddit,C11,U06636,Influential,0.6016,0.801,0.11637234677951183,0.12283747715615138
CASCADE_INFO0573_01,INFO0573,13,13,471771.125992,131.04753499777777,5.46031395824074,14,2,4,5,1,3,True,True,Facebook,C17,U01042,Regular,0.2085,0.1005,0.09920064501953772,0.10683146386719448
CASCADE_INFO0586_01,INFO0586,36,36,1783150.355321,495.3195431447223,20.63831429769676,36,2,4,7,2,3,True,True,X,C10,U03985,Regular,0.1119,0.4696,0.07268035452718152,0.07268035452718152
CASCADE_INFO0563_01,INFO0563,8,8,90781.118683,25.21697741194444,1.0507073921643517,9,1,3,2,0,2,False,True,Facebook,C16,U00441,Regular,0.2635,0.2288,0.3172465862705126,0.35690240955432667
CASCADE_INFO0848_03,INFO0848,60,60,1174308.726751,326.1968685419444,13.591536189247684,60,5,13,43,17,18,True,True,Facebook,C03,U03353,Regular,0.0572,0.1336,0.18393800120826367,0.18393800120826367
CASCADE_INFO0441_01,INFO0441,35,35,2022936.257871,561.9267382975,23.41361409572917,34,3,3,13,3,3,True,True,YouTube,C13,U04388,Regular,0.14,0.0983,0.062285699566533174,0.060506108150346516
CASCADE_INFO0763_01,INFO0763,19,19,444054.61732,123.34850481111111,5.139521033796297,20,5,7,15,12,6,True,True,YouTube,C19,U03919,Regular,0.2046,0.1338,0.15403510589038366,0.16214221672671966
CASCADE_INFO0763_04,INFO0763,22,22,310824.357683,86.34009935638889,3.5975041398495367,23,4,9,12,4,9,True,True,YouTube,C19,U03919,Regular,0.2046,0.1338,0.25480628542237216,0.26638838930520725
CASCADE_INFO0763_06,INFO0763,41,41,818501.658554,227.36157182055555,9.473398825856481,41,5,12,31,16,16,True,True,YouTube,C19,U03919,Regular,0.2046,0.1338,0.18032950630882832,0.18032950630882832
CASCADE_INFO0763_03,INFO0763,21,21,441619.811116,122.67216975444444,5.111340406435185,20,4,6,13,5,5,True,True,YouTube,C19,U03919,Regular,0.2046,0.1338,0.17118797231708022,0.16303616411150498
CASCADE_INFO0372_01,INFO0372,30,30,1421821.812471,394.9505034641667,16.45627097767361,29,5,3,10,4,2,True,True,YouTube,C20,U04570,Regular,0.1648,0.0985,0.07595888532073199,0.0734269224767076
CASCADE_INFO0763_02,INFO0763,20,20,388253.596336,107.84822120444444,4.493675883518518,21,5,5,14,7,4,True,True,YouTube,C19,U03919,Regular,0.2046,0.1338,0.18544580315410708,0.19471809331181242
CASCADE_INFO0848_01,INFO0848,34,34,373817.323306,103.83814536277777,4.326589390115741,34,5,6,19,4,8,True,True,Facebook,C03,U03353,Regular,0.0572,0.1336,0.3274326585978083,0.3274326585978083
CASCADE_INFO0362_02,INFO0362,36,36,851261.646831,236.46156856416667,9.852565356840278,35,3,5,13,4,5,True,True,X,C17,U09892,Regular,0.1434,0.1771,0.15224461301934977,0.1480155959910345
CASCADE_INFO0848_02,INFO0848,38,38,585053.219324,162.51478314555555,6.771449297731481,38,5,9,23,10,11,True,True,Facebook,C03,U03353,Regular,0.0572,0.1336,0.23382488204759497,0.23382488204759497
CASCADE_INFO0763_05,INFO0763,25,25,483140.709816,134.20575272666667,5.591906363611112,25,3,10,14,4,11,True,True,YouTube,C19,U03919,Regular,0.2046,0.1338,0.18628113543624947,0.18628113543624947
CASCADE_INFO0859_04,INFO0859,12,12,582005.864966,161.66829582388888,6.736178992662037,13,2,4,6,2,3,True,True,X,C12,U08862,Regular,0.2706,0.1999,0.07422605612835824,0.08041156080572143
CASCADE_INFO0612_01,INFO0612,29,29,982527.606493,272.9243351369445,11.371847297372685,28,2,5,8,1,4,True,True,Instagram,C17,U04642,Regular,0.2753,0.2487,0.10625655636551702,0.1025925371804992
CASCADE_INFO0859_05,INFO0859,27,27,1028262.776163,285.6285489341667,11.901189538923612,28,4,8,12,4,7,True,True,X,C12,U08862,Regular,0.2706,0.1999,0.09452836595204324,0.09802941654285965
CASCADE_INFO0961_01,INFO0961,40,40,2106227.663557,585.0632398769444,24.377634994872686,39,3,7,17,6,6,True,True,YouTube,C17,U08892,Active,0.1312,0.6895,0.06836867756110117,0.06665946062207365
CASCADE_INFO0090_01,INFO0090,27,27,896781.830931,249.10606414749998,10.379419339479165,27,2,3,4,1,2,True,True,Reddit,C13,U05938,Influential,0.7482,0.8767,0.10838756612529848,0.10838756612529848
CASCADE_INFO0859_01,INFO0859,8,8,39785.493108,11.051525863333334,0.46048024430555556,9,1,4,1,0,3,False,True,X,C12,U08862,Regular,0.2706,0.1999,0.7238819416368864,0.8143671843414971
CASCADE_INFO0361_01,INFO0361,36,36,1109744.005034,308.2622236205555,12.844259317523147,36,3,7,8,3,6,True,True,Facebook,C11,U07086,Regular,0.3447,0.245,0.11678369012322745,0.11678369012322745
CASCADE_INFO0362_01,INFO0362,12,12,401538.265487,111.53840707972222,4.647433628321759,13,3,3,9,2,3,True,True,X,C17,U09892,Regular,0.1434,0.1771,0.10758625942562533,0.11655178104442744
CASCADE_INFO0859_03,INFO0859,10,10,409489.732766,113.74714799055555,4.739464499606481,11,4,3,8,4,2,True,True,X,C12,U08862,Regular,0.2706,0.1999,0.08791429215289251,0.09670572136818176
CASCADE_INFO0563_02,INFO0563,29,29,1176447.59893,326.7909997027778,13.616291654282408,26,4,4,7,4,4,True,True,Facebook,C16,U00441,Regular,0.2635,0.2288,0.0887417340941948,0.07956155470514016
CASCADE_INFO0952_03,INFO0952,14,14,584969.986089,162.4916628025,6.770485950104167,15,4,4,9,5,4,True,True,X,C15,U08890,Active,0.2632,0.3975,0.08615826657529044,0.09231242847352547
CASCADE_INFO0952_01,INFO0952,11,11,389510.435659,108.19734323861111,4.50822263494213,12,3,5,7,4,5,True,True,X,C23,U09248,Regular,0.1965,0.3127,0.10166608227839147,0.11090845339460888
CASCADE_INFO0952_05,INFO0952,37,37,1029101.800021,285.86161111694446,11.910900463206017,37,3,11,12,4,12,True,True,X,C07,U04932,Regular,0.0646,0.3921,0.12943325917541093,0.12943325917541093
CASCADE_INFO0378_02,INFO0378,40,40,1964239.110618,545.6219751716667,22.73424896548611,41,5,11,19,7,14,True,True,Reddit,C06,U03306,Regular,0.1523,0.0501,0.07331083024545515,0.07514360100159152
CASCADE_INFO0378_01,INFO0378,13,13,620669.168893,172.40810247027778,7.183670936261574,14,1,4,5,0,3,False,True,Reddit,C06,U03306,Regular,0.1523,0.0501,0.07540248870983966,0.0812026801490581
CASCADE_INFO0952_04,INFO0952,16,16,587859.418724,163.29428297888887,6.803928457453703,17,3,7,12,2,6,True,True,X,C06,U00131,Active,0.5661,0.4858,0.0979826097284038,0.10410652283642904
CASCADE_INFO0830_03,INFO0830,33,33,986753.357178,274.09815477166666,11.420756448819445,34,4,4,15,6,3,True,True,Facebook,C23,U07223,Active,0.2984,0.5155,0.12039482727452198,0.12404315537374992
CASCADE_INFO0804_01,INFO0804,37,37,937102.976921,260.3063824780556,10.846099269918982,37,3,6,8,2,5,True,True,X,C24,U08399,Regular,0.2649,0.0607,0.1421401951337831,0.1421401951337831
CASCADE_INFO0030_05,INFO0030,35,35,703000.05251,195.27779236388886,8.136574681828703,36,5,9,13,6,8,True,True,Facebook,C07,U01932,Regular,0.2127,0.2935,0.1792318500548159,0.18435276005638207
CASCADE_INFO0030_03,INFO0030,15,15,398378.727385,110.66075760694444,4.610864900289352,16,4,5,7,3,5,True,True,Facebook,C07,U01932,Regular,0.2127,0.2935,0.13554940635124194,0.14458603344132473
CASCADE_INFO0830_01,INFO0830,9,9,296555.285448,82.37646818,3.4323528408333335,10,2,3,4,1,2,True,True,Facebook,C23,U07223,Active,0.2984,0.5155,0.10925450190865417,0.12139389100961574
CASCADE_INFO0030_01,INFO0030,12,12,278870.778875,77.46410524305556,3.2276710517939815,13,3,5,6,4,4,True,True,Facebook,C07,U01932,Regular,0.2127,0.2935,0.1549104577190707,0.16781966252899325
CASCADE_INFO0952_02,INFO0952,12,12,311428.541404,86.50792816777778,3.604497006990741,13,2,5,7,1,6,True,True,X,C11,U05036,Regular,0.0584,0.0396,0.13871560970373262,0.15027524384571034
CASCADE_INFO0030_02,INFO0030,13,13,318468.690837,88.46352523249999,3.685980218020833,14,5,6,6,5,5,True,True,Facebook,C07,U01932,Regular,0.2127,0.2935,0.1469532212946904,0.15825731524043582
CASCADE_INFO0859_02,INFO0859,8,8,167793.696534,46.60936014833333,1.9420566728472222,9,2,4,7,1,3,True,True,X,C12,U08862,Regular,0.2706,0.1999,0.17163934399743236,0.1930942619971114
CASCADE_INFO0030_04,INFO0030,18,18,296261.371692,82.29482547,3.4289510612500003,19,4,7,11,3,6,True,True,Facebook,C07,U01932,Regular,0.2127,0.2935,0.2187257813258474,0.23087721362172783
CASCADE_INFO0223_01,INFO0223,29,29,1120003.666014,311.11212944833335,12.963005393680556,29,2,4,12,1,3,True,True,Facebook,C11,U06736,Active,0.1916,0.3528,0.09321398060378759,0.09321398060378759
CASCADE_INFO0112_01,INFO0112,11,11,428498.949542,119.0274859838889,4.959478582662038,12,2,1,6,1,0,True,False,YouTube,C17,U00242,Regular,0.276,0.1593,0.0924156291219065,0.10081704995117073
CASCADE_INFO0126_01,INFO0126,38,38,1586630.496358,440.7306934327778,18.363778893032407,37,4,4,15,3,4,True,True,YouTube,C14,U02764,Regular,0.1285,0.5381,0.08622045291201379,0.08395149362485553
CASCADE_INFO0371_01,INFO0371,41,41,1642578.148578,456.27170793833335,19.01132116409722,41,3,9,17,2,9,True,True,X,C11,U06936,Regular,0.0528,0.1793,0.08985873830586333,0.08985873830586333
CASCADE_INFO0112_02,INFO0112,33,33,1083171.566544,300.8809907066667,12.536707946111111,33,4,5,16,4,4,True,True,YouTube,C17,U00242,Regular,0.276,0.1593,0.10967791591783273,0.10967791591783273
CASCADE_INFO0945_02,INFO0945,27,27,1540800.079399,428.0000220552778,17.83333425230324,28,4,7,15,8,6,True,True,X,C04,U02629,Active,0.4257,0.6055,0.06308410889874405,0.06542055737647531
CASCADE_INFO0945_01,INFO0945,8,8,461697.495371,128.24930426972222,5.343721011238427,9,1,3,4,0,2,False,True,X,C03,U01328,Regular,0.0632,0.261,0.06237850603208834,0.07017581928609938
CASCADE_INFO0775_01,INFO0775,41,41,1770768.164147,491.8800455963889,20.495001899849537,40,5,7,10,5,7,True,True,X,C05,U03530,Regular,0.0525,0.2296,0.08335365576842786,0.08132063977407596
CASCADE_INFO0604_02,INFO0604,35,35,679659.256128,188.79423781333332,7.866426575555555,36,4,12,16,10,17,True,True,Instagram,C17,U00517,Regular,0.1399,0.1906,0.18538701395434312,0.19068378578161008
CASCADE_INFO0604_03,INFO0604,57,57,1162724.821108,322.9791169744444,13.457463207268518,58,5,17,37,15,24,True,True,Instagram,C17,U00517,Regular,0.1399,0.1906,0.1764819983841559,0.17957817379440424
CASCADE_INFO0604_01,INFO0604,31,31,665069.541862,184.74153940611112,7.697564141921297,31,5,8,23,9,7,True,True,Instagram,C17,U00517,Regular,0.1399,0.1906,0.1678020011073619,0.1678020011073619
CASCADE_INFO0943_01,INFO0943,38,38,1473933.900759,409.4260835441667,17.059420147673613,39,3,6,12,5,6,True,True,X,C15,U08290,Active,0.2034,0.3478,0.09281284590140375,0.09525528921459858
CASCADE_INFO0011_02,INFO0011,10,10,645715.94877,179.365541325,7.473564221875,11,1,1,3,0,0,False,False,Reddit,C22,U06622,Regular,0.1236,0.113,0.055752068798323846,0.06132727567815623
CASCADE_INFO0011_03,INFO0011,32,32,1377488.661518,382.63573931055555,15.943155804606482,31,3,2,9,3,1,True,True,Reddit,C22,U06622,Regular,0.1236,0.113,0.08363045244455876,0.0810170008056663
CASCADE_INFO0011_01,INFO0011,7,7,142009.268468,39.44701901888889,1.6436257924537037,8,2,2,1,1,1,True,True,Reddit,C22,U06622,Regular,0.1236,0.113,0.17745320620166777,0.20280366423047744
CASCADE_INFO0403_01,INFO0403,35,35,1017886.759772,282.7463221588889,11.781096756620371,32,1,5,6,0,5,False,True,YouTube,C15,U02090,Regular,0.3572,0.3697,0.12378587184710327,0.1131756542602087
CASCADE_INFO0830_02,INFO0830,11,11,439487.775481,122.07993763361111,5.08666406806713,11,2,4,5,1,3,True,True,Facebook,C23,U07223,Active,0.2984,0.5155,0.09010489531059095,0.09010489531059095
CASCADE_INFO0477_02,INFO0477,52,52,1620981.647985,450.2726799958333,18.761361666493055,51,5,8,25,12,8,True,True,Facebook,C13,U06888,Regular,0.0632,0.003,0.11548557643000058,0.11326469996019288
CASCADE_INFO0637_03,INFO0637,28,28,856911.227806,238.03089661277778,9.917954025532408,29,4,10,13,5,10,True,True,YouTube,C07,U07707,Regular,0.2251,0.0658,0.11763178813525893,0.1218329234258039
CASCADE_INFO0637_01,INFO0637,7,7,213835.225184,59.39867366222222,2.4749447359259262,8,2,2,2,1,1,True,True,YouTube,C07,U07707,Regular,0.2251,0.0658,0.11784774925794389,0.13468314200907872
CASCADE_INFO0151_01,INFO0151,33,33,1605250.222839,445.90283967749997,18.5792849865625,29,4,5,8,4,4,True,True,X,C09,U06309,Bridge,0.7385,0.7565,0.07400715371955763,0.06503658963233852
CASCADE_INFO0178_03,INFO0178,33,33,1280646.537754,355.7351493761111,14.822297890671296,34,5,7,15,10,8,True,True,Facebook,C03,U01428,Regular,0.0065,0.0966,0.09276564336663232,0.09557672346865148
CASCADE_INFO0178_01,INFO0178,10,10,347491.688578,96.52546904944444,4.021894543726852,11,1,3,2,0,2,False,True,Facebook,C03,U01428,Regular,0.0065,0.0966,0.10359960017265056,0.11395956018991561
CASCADE_INFO0477_01,INFO0477,23,23,1205058.662149,334.73851726361113,13.94743821931713,23,3,8,14,5,8,True,True,Facebook,C13,U06888,Regular,0.0632,0.003,0.0687103479695681,0.0687103479695681
CASCADE_INFO0319_01,INFO0319,37,37,1429921.492708,397.2004146411111,16.55001727671296,37,3,5,10,2,4,True,True,X,C06,U00681,Regular,0.0669,0.1614,0.09315196720887416,0.09315196720887416
CASCADE_INFO0637_02,INFO0637,9,9,171309.031995,47.585842220833335,1.9827434258680556,10,3,2,3,2,1,True,True,YouTube,C07,U07707,Regular,0.2251,0.0658,0.18913188419012056,0.21014653798902286
CASCADE_INFO0892_01,INFO0892,37,37,1529143.360578,424.762044605,17.698418525208336,33,4,5,9,3,4,True,True,Reddit,C13,U06988,Regular,0.0968,0.2693,0.08710759464021202,0.07769055738181072
CASCADE_INFO0755_01,INFO0755,11,11,259398.631522,72.05517542277778,3.002298975949074,11,1,2,1,0,1,False,True,X,C21,U04621,Regular,0.181,0.1581,0.15266078994962418,0.15266078994962418
CASCADE_INFO0275_01,INFO0275,41,41,1621884.954919,450.5235985886111,18.771816607858796,41,1,9,11,0,8,False,True,Facebook,C22,U01472,Regular,0.318,0.3475,0.09100522176517226,0.09100522176517226
CASCADE_INFO0995_01,INFO0995,28,28,1386235.477522,385.06541042277775,16.044392100949075,25,1,5,7,0,4,False,True,YouTube,C01,U08951,Regular,0.0509,0.1883,0.07271491866604625,0.06492403452325558
CASCADE_INFO0178_02,INFO0178,12,12,538672.619661,149.63128323916666,6.234636801631944,13,3,3,7,3,2,True,True,Facebook,C03,U01428,Regular,0.0065,0.0966,0.08019713351531925,0.08688022797492918
CASCADE_INFO0755_02,INFO0755,35,35,1918504.607402,532.9179465005556,22.20491443752315,36,2,6,18,5,7,True,True,X,C21,U04621,Regular,0.181,0.1581,0.06567615189135596,0.06755261337396613
CASCADE_INFO0358_02,INFO0358,14,14,944657.849149,262.4049580969444,10.93353992070602,14,4,5,9,4,4,True,True,Reddit,C06,U00806,Regular,0.0265,0.1351,0.053352650428303866,0.053352650428303866
CASCADE_INFO0358_01,INFO0358,12,12,300974.256935,83.60396025972223,3.483498344155093,13,2,5,5,1,4,True,True,Reddit,C06,U00806,Regular,0.0265,0.1351,0.14353387043772883,0.15549502630753956
CASCADE_INFO0358_03,INFO0358,37,37,1716048.145865,476.6800405180556,19.861668354918983,37,5,7,14,5,7,True,True,Reddit,C06,U00806,Regular,0.0265,0.1351,0.07762019983003363,0.07762019983003363
CASCADE_INFO0778_01,INFO0778,33,33,1464674.301774,406.853972715,16.952248863125,32,3,10,10,3,12,True,True,Reddit,C24,U00799,Regular,0.1388,0.1992,0.08111018255465433,0.07865229823481631
CASCADE_INFO0104_02,INFO0104,8,8,192045.765878,53.346046077222226,2.222751919884259,9,2,2,2,1,1,True,True,YouTube,C08,U01383,Bridge,0.6872,0.6878,0.14996425392838725,0.16870978566943565
CASCADE_INFO0807_01,INFO0807,9,9,264698.783687,73.52743991305556,3.063643329710648,9,2,2,5,1,1,True,True,Facebook,C16,U05516,Regular,0.3241,0.2733,0.1224032825111589,0.1224032825111589
CASCADE_INFO0050_01,INFO0050,11,11,181496.494194,50.41569283166667,2.1006538679861113,12,2,3,3,1,2,True,True,Instagram,C23,U03173,Regular,0.2131,0.2528,0.21818603260552188,0.23802112647875115
CASCADE_INFO0807_02,INFO0807,12,12,304948.425213,84.70789589249999,3.5294956621874998,13,2,4,6,1,3,True,True,Facebook,C16,U05516,Regular,0.3241,0.2733,0.141663299195022,0.1534685741279405
CASCADE_INFO0256_01,INFO0256,31,31,741158.688073,205.87741335361113,8.578225556400463,31,3,7,9,3,7,True,True,Facebook,C14,U07764,Regular,0.1741,0.3355,0.15057504121034876,0.15057504121034876
CASCADE_INFO0104_03,INFO0104,26,26,1524185.913745,423.38497604027776,17.641040668344907,25,3,7,12,2,7,True,True,YouTube,C08,U01383,Bridge,0.6872,0.6878,0.06140983140962127,0.059047914816943534
CASCADE_INFO0641_01,INFO0641,43,43,2157908.05741,599.4189048361111,24.97578770150463,42,5,8,16,4,8,True,True,X,C18,U07568,Regular,0.3633,0.1526,0.0717361425425125,0.0700678601578029
CASCADE_INFO0566_03,INFO0566,32,32,1240452.07291,344.5700202527778,14.357084177199075,32,4,6,15,7,5,True,True,YouTube,C03,U01803,Regular,0.3359,0.1085,0.09286936796336688,0.09286936796336688
CASCADE_INFO0566_01,INFO0566,9,9,535105.473842,148.64040940055557,6.1933503916898145,10,2,2,4,1,1,True,True,YouTube,C03,U01803,Regular,0.3359,0.1085,0.06054881062488759,0.06727645624987509
CASCADE_INFO0798_01,INFO0798,33,33,789243.975426,219.23443761833332,9.134768234097221,33,2,7,6,1,6,True,True,Instagram,C06,U00981,Regular,0.2521,0.0672,0.1505237970753934,0.1505237970753934
CASCADE_INFO0566_02,INFO0566,12,12,154025.735949,42.7849266525,1.7827052771874998,13,2,4,4,2,3,True,True,YouTube,C03,U01803,Regular,0.3359,0.1085,0.2804726089041646,0.303845326312845
CASCADE_INFO0050_02,INFO0050,14,14,295066.109358,81.96280815499999,3.4151170064583334,14,2,4,5,1,3,True,True,Instagram,C23,U03173,Regular,0.2131,0.2528,0.17080917937224135,0.17080917937224135
CASCADE_INFO0359_01,INFO0359,41,41,1041093.156417,289.1925434491667,12.049689310381945,42,2,13,6,2,16,True,True,YouTube,C04,U01454,Active,0.165,0.6996,0.14177405651956876,0.14523196033711921
CASCADE_INFO0050_03,INFO0050,34,34,683572.210886,189.88116969055554,7.911715403773147,35,4,5,13,7,5,True,True,Instagram,C23,U03173,Regular,0.2131,0.2528,0.17905935620371902,0.18432580785676958
CASCADE_INFO0212_01,INFO0212,45,45,2142526.296623,595.1461935063888,24.797758062766203,46,5,8,13,4,9,True,True,Reddit,C01,U03651,Regular,0.1244,0.576,0.07561167405755562,0.07729193348105685
CASCADE_INFO0807_03,INFO0807,36,36,1169425.748126,324.84048559055555,13.535020232939814,36,4,5,10,6,4,True,True,Facebook,C16,U05516,Regular,0.3241,0.2733,0.11082362450774107,0.11082362450774107
CASCADE_INFO0746_01,INFO0746,40,40,1616525.138317,449.0347606436111,18.709781693483794,41,4,8,12,3,9,True,True,YouTube,C08,U05433,Regular,0.1133,0.1259,0.0890799633032132,0.09130696238579353
CASCADE_INFO0455_01,INFO0455,42,42,1689737.888474,469.3716356872222,19.55715148696759,42,5,6,16,4,5,True,True,Facebook,C13,U02763,Regular,0.3059,0.3923,0.08948133378044125,0.08948133378044125
CASCADE_INFO0104_01,INFO0104,6,6,321647.319325,89.34647759027777,3.7227698995949075,7,2,1,2,1,0,True,False,YouTube,C08,U01383,Bridge,0.6872,0.6878,0.06715429820876218,0.07834668124355587
CASCADE_INFO1000_01,INFO1000,7,7,223130.0393,61.98056647222222,2.582523603009259,8,1,2,0,0,1,False,True,YouTube,C15,U02090,Regular,0.3572,0.3697,0.11293862574065347,0.1290727151321754
CASCADE_INFO0924_01,INFO0924,36,36,1563360.590618,434.2668307272222,18.094451280300923,37,5,8,14,7,7,True,True,X,C17,U09342,Regular,0.1199,0.2266,0.08289834141768204,0.08520107312372877
CASCADE_INFO0611_01,INFO0611,11,11,177362.790312,49.26744175333333,2.0528100730555554,12,2,3,4,1,3,True,True,Instagram,C11,U03986,Active,0.5643,0.6177,0.22327118292590792,0.24356856319189957
CASCADE_INFO1000_03,INFO1000,28,28,996037.358772,276.67704410333334,11.528210170972221,28,1,8,6,0,7,False,True,YouTube,C18,U03268,Regular,0.1887,0.4968,0.10120102334743232,0.10120102334743232
CASCADE_INFO0078_01,INFO0078,8,8,282829.627329,78.56378536916667,3.273491057048611,9,1,4,2,0,3,False,True,X,C21,U03871,Regular,0.2031,0.1537,0.10182808736122458,0.11455659828137764
CASCADE_INFO0611_02,INFO0611,14,14,634553.973038,176.26499251055557,7.3443746879398155,15,4,3,6,3,2,True,True,Instagram,C11,U03986,Active,0.5643,0.6177,0.07942586784021571,0.08509914411451684
CASCADE_INFO0611_03,INFO0611,37,37,1314029.881257,365.00830034916663,15.208679181215278,37,4,6,10,3,8,True,True,Instagram,C11,U03986,Active,0.5643,0.6177,0.10136755784623482,0.10136755784623482
CASCADE_INFO0546_02,INFO0546,11,11,187410.458883,52.05846080083334,2.1691025333680556,12,3,3,4,2,2,True,True,Reddit,C10,U00960,Regular,0.0893,0.0991,0.21130090730273599,0.2305100806938938
CASCADE_INFO0546_01,INFO0546,9,9,85207.33207,23.66870335277778,0.9861959730324075,10,2,6,2,1,5,True,True,Reddit,C10,U00960,Regular,0.0893,0.0991,0.3802489669947954,0.4224988522164393
CASCADE_INFO0078_02,INFO0078,9,9,453787.574624,126.05210406222223,5.2521710025925925,10,3,3,3,2,2,True,True,X,C21,U03871,Regular,0.2031,0.1537,0.07139904618773672,0.07933227354192969
CASCADE_INFO1000_02,INFO1000,8,8,201521.242272,55.97812285333333,2.332421785555556,6,1,2,1,0,1,False,True,YouTube,C05,U05430,Active,0.4388,0.4074,0.14291297371583125,0.10718473028687345
CASCADE_INFO0078_03,INFO0078,28,28,1673917.529187,464.9770914408333,19.374045476701387,29,5,11,11,8,11,True,True,X,C21,U03871,Regular,0.2031,0.1537,0.060218020447493165,0.06236866403490364
CASCADE_INFO0951_01,INFO0951,17,17,610999.66681,169.72212966944443,7.071755402893518,17,4,3,10,7,2,True,True,X,C04,U09054,Regular,0.1495,0.1355,0.1001637207423079,0.1001637207423079
CASCADE_INFO0600_01,INFO0600,29,29,1765574.207179,490.4372797719444,20.434886657164352,26,3,3,12,3,2,True,True,Instagram,C15,U01690,Regular,0.4874,0.1854,0.05913090459494664,0.05301391446443492
CASCADE_INFO0227_02,INFO0227,8,8,586703.005747,162.97305715194443,6.790544047997685,9,2,1,3,2,0,True,False,Facebook,C11,U02211,Active,0.2042,0.3803,0.04908786850909578,0.055223852072732754
CASCADE_INFO0433_01,INFO0433,39,39,1626662.431278,451.85067535499996,18.827111473124997,37,4,5,7,3,5,True,True,YouTube,C20,U06795,Regular,0.1711,0.3357,0.08631170014155529,0.08188545910865501
CASCADE_INFO0330_01,INFO0330,6,6,157646.046217,43.79056839361111,1.8246070164004629,7,1,3,2,0,2,False,True,Reddit,C13,U04838,Influential,0.8342,0.8523,0.13701580545995787,0.15985177303661752
CASCADE_INFO0237_01,INFO0237,24,24,984058.006335,273.34944620416667,11.389560258506945,25,3,6,5,3,5,True,True,Facebook,C09,U04934,Regular,0.1242,0.3595,0.08779970229782075,0.09145802322689661
CASCADE_INFO0546_03,INFO0546,35,35,1184441.290414,329.01146955944444,13.708811231643518,36,4,8,20,6,7,True,True,Reddit,C10,U00960,Regular,0.0893,0.0991,0.10637927014175518,0.10941867786009105
CASCADE_INFO0227_03,INFO0227,26,26,1286351.678001,357.31991055583336,14.888329606493057,26,5,3,10,6,3,True,True,Facebook,C11,U02211,Active,0.2042,0.3803,0.07276392731531636,0.07276392731531636
CASCADE_INFO0434_01,INFO0434,36,36,1248348.477232,346.7634658977778,14.448477745740743,36,1,5,7,0,4,False,True,Reddit,C22,U02522,Active,0.5363,0.3055,0.10381716512953651,0.10381716512953651
CASCADE_INFO0330_02,INFO0330,8,8,164866.730063,45.79631390638889,1.9081797460995369,9,3,1,2,2,0,True,False,Reddit,C13,U04838,Influential,0.8342,0.8523,0.17468654827444413,0.19652236680874965
CASCADE_INFO0821_07,INFO0821,17,17,533492.72793,148.192424425,6.174684351041667,18,5,10,14,6,9,True,True,YouTube,C14,U07689,Regular,0.1945,0.1707,0.1147157155027427,0.12146369876760992
CASCADE_INFO0821_04,INFO0821,13,13,242145.010761,67.26250298916668,2.8026042912152778,14,2,5,6,2,4,True,True,YouTube,C14,U07689,Regular,0.1945,0.1707,0.19327261731686948,0.20813974172585942
CASCADE_INFO0821_01,INFO0821,11,11,161668.293708,44.90785936333334,1.8711608068055556,12,3,5,8,2,5,True,True,YouTube,C14,U07689,Regular,0.1945,0.1707,0.24494598842939622,0.2672138055593413
CASCADE_INFO0821_06,INFO0821,15,15,253413.268471,70.39257457527778,2.933023940636574,16,3,3,11,2,2,True,True,YouTube,C14,U07689,Regular,0.1945,0.1707,0.21309065750903897,0.2272967013429749
CASCADE_INFO0709_03,INFO0709,14,14,514158.040501,142.82167791694445,5.950903246539352,15,4,4,8,4,3,True,True,X,C23,U06898,Regular,0.1889,0.3372,0.09802433499024893,0.10502607320383814
CASCADE_INFO0821_03,INFO0821,12,12,324723.393314,90.20094258722222,3.7583726078009256,13,4,6,9,5,5,True,True,YouTube,C14,U07689,Regular,0.1945,0.1707,0.13303630378802614,0.14412266243702831
CASCADE_INFO0709_04,INFO0709,16,16,643392.365801,178.7201016113889,7.446670900474538,17,3,5,10,4,4,True,True,X,C23,U06898,Regular,0.1889,0.3372,0.08952546387194088,0.09512080536393717
CASCADE_INFO0330_03,INFO0330,26,26,717172.527041,199.2145908447222,8.300607951863425,27,3,8,9,2,7,True,True,Reddit,C13,U04838,Influential,0.8342,0.8523,0.13051252867449703,0.13553224131582384
CASCADE_INFO0821_08,INFO0821,30,30,723477.46045,200.96596123611113,8.373581718171296,31,5,13,23,16,14,True,True,YouTube,C14,U07689,Regular,0.1945,0.1707,0.1492790113085547,0.1542549783521732
CASCADE_INFO0821_05,INFO0821,14,14,204294.733876,56.74853718777778,2.3645223828240742,15,4,3,8,3,2,True,True,YouTube,C14,U07689,Regular,0.1945,0.1707,0.2467023943485058,0.26432399394482764
CASCADE_INFO0709_02,INFO0709,12,12,312172.517138,86.71458809388889,3.61310783724537,13,3,4,8,3,4,True,True,X,C23,U06898,Regular,0.1889,0.3372,0.13838501991161145,0.14991710490424576
CASCADE_INFO0253_02,INFO0253,10,10,294514.807314,81.80966869833333,3.4087361957638884,11,2,2,3,2,1,True,True,Instagram,C02,U01677,Regular,0.1144,0.3309,0.12223494067521784,0.13445843474273964
CASCADE_INFO0821_02,INFO0821,12,12,229761.262714,63.82257297611111,2.65927387400463,13,4,7,9,6,7,True,True,YouTube,C14,U07689,Regular,0.1945,0.1707,0.18802125079619744,0.20368968836254722
CASCADE_INFO0227_01,INFO0227,6,6,248816.846831,69.11579078638889,2.879824616099537,7,2,2,3,1,1,True,True,Facebook,C11,U02211,Active,0.2042,0.3803,0.08681084209169741,0.10127931577364697
CASCADE_INFO0253_03,INFO0253,30,30,1312547.103543,364.59641765083336,15.191517402118055,31,5,6,9,4,7,True,True,Instagram,C02,U01677,Regular,0.1144,0.3309,0.08228276128793563,0.08502551999753348
CASCADE_INFO0709_01,INFO0709,11,11,304245.915619,84.5127543386111,3.521364764108796,12,3,3,8,3,2,True,True,X,C23,U06898,Regular,0.1889,0.3372,0.13015786890493594,0.1419904024417483
CASCADE_INFO0709_05,INFO0709,34,34,1075479.673192,298.7443536644445,12.447681402685186,34,4,10,19,7,9,True,True,X,C23,U06898,Regular,0.1889,0.3372,0.11380968236872342,0.11380968236872342
CASCADE_INFO0731_03,INFO0731,15,15,314737.80368,87.42716768888889,3.642798653703704,15,1,4,4,0,4,False,True,YouTube,C17,U01567,Regular,0.1824,0.0553,0.17157138217467782,0.17157138217467782
CASCADE_INFO0253_01,INFO0253,8,8,246206.559435,68.39071095416666,2.849612956423611,9,1,4,2,0,3,False,True,Instagram,C02,U01677,Regular,0.1144,0.3309,0.1169749500829338,0.13159681884330054
CASCADE_INFO0594_01,INFO0594,34,34,1076877.113543,299.13253153972227,12.46385548082176,35,4,9,12,3,8,True,True,Instagram,C07,U01182,Regular,0.1259,0.3803,0.11366199398304189,0.11700499380607253
CASCADE_INFO0731_04,INFO0731,34,34,925981.816699,257.21717130527776,10.717382137719907,35,4,12,12,6,14,True,True,YouTube,C17,U01567,Regular,0.1824,0.0553,0.1321840211035023,0.1360717864300759
CASCADE_INFO0929_01,INFO0929,14,14,661764.333526,183.82342597944447,7.659309415810186,15,2,3,4,1,2,True,True,Reddit,C12,U06437,Regular,0.1981,0.1572,0.07616004285311008,0.08160004591404652
CASCADE_INFO0731_01,INFO0731,11,11,228638.335865,63.510648851388886,2.646277035474537,12,3,6,6,2,5,True,True,YouTube,C17,U01567,Regular,0.1824,0.0553,0.17319930120284774,0.18894469222128846
CASCADE_INFO0524_01,INFO0524,32,32,1232109.546847,342.25265190194443,14.260527162581019,31,5,4,10,5,3,True,True,Reddit,C11,U06986,Influential,0.9066,0.9183,0.09349817984512802,0.09057636172496777
CASCADE_INFO0731_02,INFO0731,12,12,202492.251013,56.24784750361111,2.343660312650463,13,3,3,7,3,2,True,True,YouTube,C17,U01567,Regular,0.1824,0.0553,0.21334149718759637,0.23111995528656273
CASCADE_INFO0929_02,INFO0929,37,37,1833279.553857,509.24432051583335,21.21851335482639,37,4,11,15,6,11,True,True,Reddit,C12,U06437,Regular,0.1981,0.1572,0.07265667678437977,0.07265667678437977
CASCADE_INFO0061_02,INFO0061,9,9,244421.174889,67.89477080249999,2.8289487834375,10,1,1,3,0,0,False,False,Instagram,C04,U09754,Regular,0.0261,0.1779,0.13255807323041446,0.14728674803379385
CASCADE_INFO0846_01,INFO0846,30,30,1467438.816215,407.6218933930556,16.984245558043984,31,4,6,11,5,5,True,True,Reddit,C13,U04788,Regular,0.1904,0.0558,0.07359761702267559,0.07605087092343144
CASCADE_INFO0061_03,INFO0061,29,29,1391899.336851,386.63870468083337,16.109946028368057,28,4,7,13,4,6,True,True,Instagram,C04,U09754,Regular,0.0261,0.1779,0.07500542405328828,0.07241903012041626
CASCADE_INFO0061_01,INFO0061,7,7,367930.351394,102.20287538722222,4.258453141134259,8,2,4,6,4,3,True,True,Instagram,C04,U09754,Regular,0.0261,0.1779,0.06849122369090573,0.07827568421817797
CASCADE_INFO0070_03,INFO0070,21,21,348248.28001,96.7356333361111,4.030651389004629,21,3,5,7,2,7,True,True,Instagram,C18,U05168,Regular,0.0986,0.2063,0.21708649931545718,0.21708649931545718
CASCADE_INFO0183_01,INFO0183,15,15,584438.663236,162.3440731211111,6.764336380046296,15,3,6,7,2,5,True,True,Facebook,C25,U09950,Active,0.6292,0.6784,0.09239635122872503,0.09239635122872503
CASCADE_INFO0951_02,INFO0951,41,41,1400885.060212,389.1347389477778,16.213947456157406,42,4,14,20,8,15,True,True,X,C20,U03795,Regular,0.0936,0.1938,0.10536196308472534,0.10793176706240158
CASCADE_INFO0661_01,INFO0661,36,36,1760509.981263,489.0305503508333,20.376272931284724,36,2,8,5,1,7,True,True,Facebook,C15,U03190,Active,0.3978,0.3536,0.07361503279125076,0.07361503279125076
CASCADE_INFO0070_02,INFO0070,18,18,534443.423661,148.4565065725,6.185687773854166,16,4,2,10,4,2,True,True,Instagram,C18,U05168,Regular,0.0986,0.2063,0.1212476328291448,0.10777567362590648
CASCADE_INFO0220_02,INFO0220,14,14,494734.232933,137.42617581472223,5.7260906589467595,15,5,3,9,5,2,True,True,Instagram,C06,U06556,Regular,0.0825,0.0294,0.10187287768870742,0.10914951180932939
CASCADE_INFO0070_01,INFO0070,16,16,205386.36638,57.051768438888885,2.3771570182870367,17,3,6,6,2,5,True,True,Instagram,C18,U05168,Regular,0.0986,0.2063,0.28044704726617603,0.297974987720312
CASCADE_INFO0070_04,INFO0070,45,45,1599297.840594,444.249400165,18.510391673541665,46,5,11,29,11,12,True,True,Instagram,C18,U05168,Regular,0.0986,0.2063,0.10129445303310801,0.1035454408782882
CASCADE_INFO0220_03,INFO0220,34,34,1551749.971376,431.04165871555557,17.960069113148148,35,3,9,17,4,8,True,True,Instagram,C06,U06556,Regular,0.0825,0.0294,0.07887868681026165,0.08119864818703405
CASCADE_INFO0183_02,INFO0183,43,43,1577318.858972,438.1441274922222,18.256005312175926,44,5,11,19,8,12,True,True,Facebook,C25,U09950,Active,0.6292,0.6784,0.09814122180780187,0.10042357580333215
CASCADE_INFO0220_01,INFO0220,12,12,566449.091239,157.3469697886111,6.556123741192129,13,5,4,10,4,3,True,True,Instagram,C06,U06556,Regular,0.0825,0.0294,0.07626457640793137,0.08261995777525899
CASCADE_INFO0466_02,INFO0466,36,36,1421573.854418,394.8816262272222,16.453401092800927,34,3,5,13,6,5,True,True,YouTube,C02,U08427,Regular,0.2021,0.0716,0.09116656134130924,0.08610175237790317
CASCADE_INFO0466_01,INFO0466,11,11,457076.945177,126.96581810472223,5.290242421030093,12,1,2,2,0,1,False,True,YouTube,C02,U08427,Regular,0.2021,0.0716,0.0866374916036624,0.09451362720399535
CASCADE_INFO0444_01,INFO0444,10,10,143577.061751,39.88251715305556,1.6617715480439814,11,2,3,3,1,2,True,True,Instagram,C24,U09974,Regular,0.0762,0.0862,0.25073643074290913,0.2758100738172
CASCADE_INFO0289_01,INFO0289,7,7,222342.954179,61.76193171638889,2.5734138215162035,6,1,2,2,0,1,False,True,YouTube,C18,U06543,Regular,0.1297,0.466,0.11333842393635025,0.09714722051687165
CASCADE_INFO0444_02,INFO0444,12,12,133270.237279,37.019510355277774,1.542479598136574,13,3,5,5,2,4,True,True,Instagram,C24,U09974,Regular,0.0762,0.0862,0.3241533960021487,0.3511661790023277
CASCADE_INFO0289_02,INFO0289,9,9,215999.03829,59.99973285833333,2.4999888690972223,10,2,2,5,1,1,True,True,YouTube,C18,U06543,Regular,0.1297,0.466,0.15000066785714022,0.16666740873015579
CASCADE_INFO0276_01,INFO0276,34,34,1771907.870985,492.1966308291666,20.50819295121528,32,4,3,10,3,3,True,True,Facebook,C18,U09718,Influential,0.6772,0.6913,0.06907808357550672,0.06501466689459456
CASCADE_INFO0818_01,INFO0818,42,42,1276832.025196,354.67556255444447,14.778148439768518,40,2,8,13,3,8,True,True,Instagram,C18,U07993,Regular,0.0995,0.2347,0.11841808242301101,0.11277912611715334
CASCADE_INFO0514_01,INFO0514,63,63,2387684.638477,663.2457329102778,27.635238871261574,63,5,14,33,15,16,True,True,YouTube,C12,U04487,Regular,0.2424,0.1962,0.09498741849956611,0.09498741849956611
CASCADE_INFO0444_03,INFO0444,33,33,1449356.774855,402.59910412638885,16.77496267193287,34,5,6,15,7,5,True,True,Instagram,C24,U09974,Regular,0.0762,0.0862,0.08196739551024991,0.08445125598025748
CASCADE_INFO0219_03,INFO0219,25,25,827414.897022,229.83747139500002,9.576561308125001,26,4,5,9,3,4,True,True,X,C17,U06017,Regular,0.2387,0.2471,0.10877251584897074,0.11312341648292958
CASCADE_INFO0219_01,INFO0219,6,6,243917.645323,67.75490147861112,2.8231208949421296,7,2,1,3,2,0,True,False,X,C17,U06017,Regular,0.2387,0.2471,0.0885544789980114,0.1033135588310133
CASCADE_INFO0375_01,INFO0375,31,31,1480004.965694,411.11249047055554,17.129687102939815,32,2,7,7,1,6,True,True,Instagram,C03,U01378,Influential,0.8015,0.4789,0.07540515240613996,0.07783757667730576
CASCADE_INFO0289_03,INFO0289,27,27,824667.723443,229.07436762305556,9.544765317627315,28,3,7,13,5,7,True,True,YouTube,C18,U06543,Regular,0.1297,0.466,0.11786565332542488,0.12223104789303321
CASCADE_INFO0184_01,INFO0184,40,40,2324744.545236,645.7623736766666,26.90676556986111,40,4,6,21,6,6,True,True,X,C24,U08399,Regular,0.2649,0.0607,0.061942289657198286,0.061942289657198286
CASCADE_INFO0047_07,INFO0047,32,32,1001947.340762,278.3187057672222,11.596612740300925,33,5,14,22,9,15,True,True,Instagram,C07,U03707,Regular,0.2334,0.0776,0.11497610234923945,0.1185691055476532
CASCADE_INFO0047_01,INFO0047,12,12,324770.577076,90.21404918777777,3.758918716157407,13,4,3,11,8,2,True,True,Instagram,C07,U03707,Regular,0.2334,0.0776,0.1330169758262637,0.14410172381178565
CASCADE_INFO0047_05,INFO0047,16,16,501369.857013,139.26940472583334,5.802891863576389,17,4,3,10,8,2,True,True,Instagram,C07,U03707,Regular,0.2334,0.0776,0.11488524727665567,0.12206557523144664
CASCADE_INFO0047_04,INFO0047,14,14,344642.917709,95.73414380805555,3.9889226586689817,15,2,6,7,1,5,True,True,Instagram,C07,U03707,Regular,0.2334,0.0776,0.14623831626958125,0.15668391028883705
CASCADE_INFO0047_02,INFO0047,13,13,351185.752045,97.55159779027777,4.06464990792824,14,4,4,10,4,3,True,True,Instagram,C07,U03707,Regular,0.2334,0.0776,0.13326280957435646,0.14351379492623004
CASCADE_INFO0335_01,INFO0335,73,73,3112077.77842,864.466049561111,36.01941873171296,72,5,14,32,11,16,True,True,Facebook,C16,U05741,Regular,0.1205,0.1418,0.08444519022703328,0.0832884067992657
CASCADE_INFO0331_01,INFO0331,30,30,1262690.479006,350.7473552794445,14.61447313664352,31,3,6,7,2,6,True,True,Reddit,C21,U02246,Active,0.3223,0.3994,0.08553164991393493,0.08838270491106609
CASCADE_INFO0047_03,INFO0047,13,13,272756.373707,75.76565936305555,3.156902473460648,14,3,4,7,4,3,True,True,Instagram,C07,U03707,Regular,0.2334,0.0776,0.17158169161712583,0.18478028327998167
CASCADE_INFO0914_01,INFO0914,38,38,1385529.04954,384.8691804277778,16.036215851157408,36,3,3,12,3,2,True,True,X,C24,U00349,Regular,0.0254,0.2821,0.09873484792355529,0.09353827698021026
CASCADE_INFO0269_03,INFO0269,35,35,1336964.85253,371.3791257027778,15.474130237615741,36,4,12,23,10,14,True,True,X,C07,U04507,Regular,0.2498,0.1866,0.09424331519378719,0.09693598134218111
CASCADE_INFO0582_01,INFO0582,15,15,561732.799537,156.03688876027778,6.501537031678241,16,3,4,7,3,3,True,True,Reddit,C04,U00229,Active,0.133,0.7443,0.09613111437414498,0.10253985533242131
CASCADE_INFO0269_02,INFO0269,15,15,166523.73027,46.25659174166667,1.927357989236111,16,3,5,5,2,5,True,True,X,C07,U04507,Regular,0.2498,0.1866,0.32427810686467873,0.345896647322324
CASCADE_INFO0269_01,INFO0269,13,13,504286.05926,140.07946090555555,5.836644204398148,14,2,3,5,2,4,True,True,X,C07,U04507,Regular,0.2498,0.1866,0.09280446909175977,0.09994327440651052
CASCADE_INFO0547_01,INFO0547,9,9,410635.76409,114.065490025,4.7527287510416665,10,3,3,5,4,2,True,True,Instagram,C02,U07977,Regular,0.2827,0.1629,0.07890204125741668,0.08766893473046297
CASCADE_INFO0544_01,INFO0544,12,12,348749.157149,96.87476587472221,4.036448578113426,12,3,3,3,3,2,True,True,Reddit,C02,U01177,Regular,0.2285,0.1096,0.12387126711117236,0.12387126711117236
CASCADE_INFO0544_03,INFO0544,39,39,1370559.414984,380.71094860666665,15.862956191944443,39,4,9,17,3,9,True,True,Reddit,C02,U01177,Regular,0.2285,0.1096,0.1024399223156911,0.1024399223156911
CASCADE_INFO0582_02,INFO0582,40,40,1637380.300509,454.8278612525,18.95116088552083,40,5,9,20,8,8,True,True,Reddit,C04,U00229,Active,0.133,0.7443,0.08794536000905581,0.08794536000905581
CASCADE_INFO0930_01,INFO0930,9,9,245832.450205,68.28679172361112,2.8452829884837962,10,1,3,2,0,2,False,True,Reddit,C11,U08161,Regular,0.181,0.1724,0.13179708363554768,0.14644120403949742
CASCADE_INFO0930_03,INFO0930,33,33,1214254.946504,337.2930406955556,14.05387669564815,33,4,10,15,5,10,True,True,Reddit,C11,U08161,Regular,0.181,0.1724,0.09783777314808628,0.09783777314808628
CASCADE_INFO0547_02,INFO0547,11,11,221142.105623,61.42836267305556,2.559515111377315,12,4,4,4,3,3,True,True,Instagram,C02,U07977,Regular,0.2827,0.1629,0.17907037598488607,0.19534950107442117
CASCADE_INFO0219_02,INFO0219,8,8,177051.089887,49.18085830194445,2.049202429247685,9,3,2,3,2,1,True,True,X,C17,U06017,Regular,0.2387,0.2471,0.16266491224866864,0.18299802627975223
CASCADE_INFO0406_01,INFO0406,40,40,1753749.056788,487.15251577444445,20.29802149060185,37,2,5,5,1,4,True,True,Facebook,C10,U01710,Bridge,0.5378,0.4351,0.08210980895051012,0.07595157327922186
CASCADE_INFO0547_03,INFO0547,31,31,798937.336538,221.92703792722224,9.24695991363426,31,4,7,13,4,6,True,True,Instagram,C02,U07977,Regular,0.2827,0.1629,0.13968554841058167,0.13968554841058167
CASCADE_INFO0010_01,INFO0010,34,34,953754.409443,264.9317804008333,11.038824183368055,33,3,4,6,2,3,True,True,X,C25,U08900,Regular,0.1335,0.1579,0.1283349243664127,0.12456036776740056
CASCADE_INFO0857_02,INFO0857,27,27,734513.901061,204.0316391836111,8.501318299317129,27,4,8,18,7,7,True,True,Instagram,C25,U01775,Active,0.1809,0.6522,0.13233241720761896,0.13233241720761896
CASCADE_INFO0176_01,INFO0176,37,37,1167983.123619,324.4397565608333,13.518323190034721,36,3,4,5,2,3,True,True,Facebook,C12,U02812,Active,0.432,0.4661,0.11404274368903493,0.11096050737311507
CASCADE_INFO0672_01,INFO0672,33,33,1446972.775324,401.93688203444447,16.74737008476852,30,2,5,11,1,4,True,True,Instagram,C17,U09867,Regular,0.3912,0.0708,0.08210244313228271,0.07463858466571155
CASCADE_INFO0857_03,INFO0857,50,50,1378586.597888,382.9407216355556,15.955863401481482,51,5,10,32,16,15,True,True,Instagram,C25,U01775,Active,0.1809,0.6522,0.13056851145641535,0.13317988168554365
CASCADE_INFO0047_06,INFO0047,18,18,394503.60425,109.58433451388888,4.5660139380787035,19,4,8,10,5,8,True,True,Instagram,C07,U03707,Regular,0.2334,0.0776,0.16425705443982647,0.17338244635315017
CASCADE_INFO0764_03,INFO0764,29,29,893969.595981,248.3248877725,10.346870323854166,28,4,4,8,3,3,True,True,X,C12,U05537,Regular,0.1933,0.3651,0.11678249514228319,0.11275551255116997
CASCADE_INFO0544_02,INFO0544,15,15,496184.582128,137.8290505911111,5.742877107962963,16,4,5,8,3,4,True,True,Reddit,C02,U01177,Regular,0.2285,0.1096,0.10883046742083112,0.11608583191555319
CASCADE_INFO0215_03,INFO0215,22,22,498939.732396,138.59437011,5.77476542125,23,3,12,11,4,11,True,True,YouTube,C11,U02161,Regular,0.1632,0.1447,0.15873660656301533,0.1659519068613342
CASCADE_INFO0215_02,INFO0215,18,18,292401.09501,81.22252639166666,3.384271932986111,19,4,6,11,3,5,True,True,YouTube,C11,U02161,Regular,0.1632,0.1447,0.22161339716523246,0.23392525256330093
CASCADE_INFO0140_03,INFO0140,26,26,1051947.215791,292.20755994194445,12.175314997581019,26,3,4,8,2,3,True,True,Facebook,C02,U06727,Regular,0.1674,0.1656,0.08897784850318609,0.08897784850318609
CASCADE_INFO0215_04,INFO0215,44,44,920236.814098,255.62133724944442,10.650889052060185,44,5,14,20,8,17,True,True,YouTube,C11,U02161,Regular,0.1632,0.1447,0.17212960574204034,0.17212960574204034
CASCADE_INFO0921_01,INFO0921,26,26,1024343.144044,284.5397622344444,11.855823426435185,27,1,4,6,0,3,False,True,YouTube,C06,U03331,Active,0.2594,0.343,0.0913756298797266,0.09489007718279299
CASCADE_INFO0857_01,INFO0857,23,23,835103.482231,231.9731895086111,9.665549562858796,24,3,7,14,7,9,True,True,Instagram,C25,U01775,Active,0.1809,0.6522,0.09914938898206688,0.10346023198128718
CASCADE_INFO0140_01,INFO0140,6,6,293909.381585,81.64149488472223,3.401728953530093,7,1,2,0,0,1,False,True,Facebook,C02,U06727,Regular,0.1674,0.1656,0.07349203990534468,0.08574071322290212
CASCADE_INFO0686_01,INFO0686,35,35,1733333.555379,481.4815431608333,20.061730965034723,36,4,10,12,3,12,True,True,Reddit,C13,U06038,Regular,0.0618,0.0401,0.07269229838018662,0.0747692211910491
CASCADE_INFO0307_02,INFO0307,8,8,774640.528809,215.17792466916669,8.965746861215278,9,3,2,5,3,1,True,True,X,C04,U05954,Regular,0.5191,0.2318,0.0371785349835486,0.04182585185649218
CASCADE_INFO0307_03,INFO0307,26,26,569671.332266,158.24203674055556,6.593418197523148,25,2,4,8,1,3,True,True,X,C04,U05954,Regular,0.5191,0.2318,0.1643052663852405,0.15798583306273128
CASCADE_INFO0307_01,INFO0307,6,6,86205.375636,23.945937676666667,0.9977474031944444,7,1,4,1,0,3,False,True,X,C04,U05954,Regular,0.5191,0.2318,0.25056442061345974,0.2923251573823697
CASCADE_INFO0140_02,INFO0140,7,7,530084.285275,147.24563479861112,6.135234783275464,8,3,4,4,3,3,True,True,Facebook,C02,U06727,Regular,0.1674,0.1656,0.047539609643260046,0.05433098244944005
CASCADE_INFO0838_01,INFO0838,29,29,1715582.563329,476.5507120358333,19.856279668159722,28,3,2,13,2,1,True,True,Facebook,C04,U08679,Active,0.4439,0.4852,0.06085396426355439,0.058755551702742166
CASCADE_INFO0901_01,INFO0901,38,38,1841783.484189,511.6065233858333,21.31693847440972,39,3,9,18,4,8,True,True,X,C20,U03170,Regular,0.1645,0.0148,0.07427583164599703,0.0762304587945759
CASCADE_INFO0764_01,INFO0764,7,7,193758.789303,53.8218859175,2.242578579895833,8,2,3,2,1,2,True,True,X,C12,U05537,Regular,0.1933,0.3651,0.13005861613117453,0.14863841843562803
CASCADE_INFO0537_05,INFO0537,28,28,967079.57345,268.63321484722223,11.19305061863426,29,4,10,12,3,12,True,True,YouTube,C20,U07645,Regular,0.1243,0.161,0.10423134017855622,0.10795388804207609
CASCADE_INFO0930_02,INFO0930,12,12,526817.391011,146.33816416972223,6.09742350707176,13,3,8,5,2,7,True,True,Reddit,C11,U08161,Regular,0.181,0.1724,0.08200184871857805,0.08883533611179288
CASCADE_INFO0383_01,INFO0383,36,36,1695964.083971,471.1011344363889,19.62921393484954,37,2,7,12,1,8,True,True,Reddit,C03,U06528,Regular,0.1672,0.3766,0.07641671260900126,0.0785393990703624
CASCADE_INFO0537_02,INFO0537,8,8,110345.931813,30.651647725833335,1.277151988576389,9,1,3,1,0,2,False,True,YouTube,C20,U07645,Regular,0.1243,0.161,0.2609973881847,0.2936220617077875
CASCADE_INFO0534_01,INFO0534,34,34,1488005.297024,413.33480472888886,17.22228353037037,34,3,7,11,3,6,True,True,Instagram,C16,U03716,Regular,0.1601,0.1252,0.08225777169261368,0.08225777169261368
CASCADE_INFO0537_03,INFO0537,9,9,226378.1594,62.88282205555556,2.6201175856481482,10,3,1,6,3,0,True,False,YouTube,C20,U07645,Regular,0.1243,0.161,0.1431233476138953,0.159025941793217
CASCADE_INFO0537_01,INFO0537,7,7,265033.276373,73.62035454805556,3.067514772835648,8,2,3,3,1,2,True,True,YouTube,C20,U07645,Regular,0.1243,0.161,0.09508240000977938,0.10866560001117645
CASCADE_INFO0315_01,INFO0315,38,38,1418538.281977,394.03841166027775,16.418267152511575,37,4,8,11,3,7,True,True,YouTube,C08,U01208,Regular,0.2509,0.204,0.09643729868843827,0.09389947503874252
CASCADE_INFO0537_04,INFO0537,12,12,219661.448475,61.01706902083334,2.5423778758680555,13,2,5,4,1,4,True,True,YouTube,C20,U07645,Regular,0.1243,0.161,0.1966662803141656,0.21305513700701273
CASCADE_INFO0215_01,INFO0215,16,16,608918.04591,169.14390164166667,7.047662568402778,17,4,7,12,4,6,True,True,YouTube,C11,U02161,Regular,0.1632,0.1447,0.09459401045327774,0.10050613610660761
CASCADE_INFO0041_01,INFO0041,49,49,1474937.585037,409.7048847325,17.071036863854168,49,5,10,26,10,13,True,True,Instagram,C11,U06086,Bridge,0.703,0.5779,0.11959828116765692,0.11959828116765692
CASCADE_INFO0753_01,INFO0753,34,34,1954727.863708,542.9799621411111,22.624165089212962,32,2,6,13,3,5,True,True,YouTube,C18,U06518,Active,0.2854,0.6206,0.06261741200527762,0.058934034828496594
CASCADE_INFO0125_01,INFO0125,46,46,1608184.252338,446.7178478716667,18.613243661319444,39,4,7,14,4,6,True,True,Instagram,C01,U09251,Regular,0.3035,0.163,0.10297327545599856,0.08730342919095531
CASCADE_INFO0969_01,INFO0969,38,38,1881006.358482,522.501766245,21.770906926875,36,3,9,16,4,9,True,True,Reddit,C07,U09982,Regular,0.2165,0.1936,0.07272702688277972,0.06889928862579131
CASCADE_INFO0034_03,INFO0034,29,29,1445423.184952,401.50644026444445,16.729435011018516,30,4,8,12,7,10,True,True,YouTube,C24,U02724,Active,0.4083,0.5813,0.07222798214867913,0.07471860222277152
CASCADE_INFO0034_01,INFO0034,9,9,182318.68069,50.644077969444446,2.1101699153935187,10,4,6,5,3,5,True,True,YouTube,C24,U02724,Active,0.4083,0.5813,0.17771080767686306,0.1974564529742923
CASCADE_INFO0764_02,INFO0764,8,8,502386.702156,139.55186171,5.8146609045833335,9,3,5,5,2,4,True,True,X,C12,U05537,Regular,0.1933,0.3651,0.057326358114982684,0.06449215287935552
CASCADE_INFO0034_02,INFO0034,11,11,105301.486262,29.250412850555556,1.2187672021064815,12,3,3,5,2,2,True,True,YouTube,C24,U02724,Active,0.4083,0.5813,0.3760630681078088,0.41025061975397326
CASCADE_INFO0175_03,INFO0175,37,37,1028726.345645,285.7573182347222,11.90655492644676,38,5,9,14,8,8,True,True,Reddit,C04,U06929,Influential,0.6524,0.7335,0.12948049844731552,0.13297997137832407
CASCADE_INFO0175_01,INFO0175,13,13,510297.867696,141.74940769333332,5.9062253205555555,14,1,4,4,0,4,False,True,Reddit,C04,U06929,Influential,0.6524,0.7335,0.09171114159520688,0.09876584479483817
CASCADE_INFO0784_01,INFO0784,33,33,580616.936636,161.2824823988889,6.720103433287037,34,5,10,20,9,13,True,True,Reddit,C24,U05799,Regular,0.1027,0.3098,0.2046099459108235,0.21081024730206058
CASCADE_INFO0175_02,INFO0175,15,15,621287.197614,172.57977711499998,7.190824046458332,16,3,4,10,3,3,True,True,Reddit,C04,U06929,Influential,0.6524,0.7335,0.08691632502228012,0.09271074669043214
CASCADE_INFO0784_03,INFO0784,60,60,883180.466542,245.32790737277776,10.221996140532406,61,5,17,36,11,30,True,True,Reddit,C24,U05799,Regular,0.1027,0.3098,0.2445706264833112,0.2486468035913664
CASCADE_INFO0784_02,INFO0784,37,37,778816.321728,216.33786714666667,9.014077797777777,38,4,10,21,11,15,True,True,Reddit,C24,U05799,Regular,0.1027,0.3098,0.17102877313159318,0.17565117240542003
CASCADE_INFO0516_01,INFO0516,19,19,405245.631003,112.56823083416667,4.690342951423611,20,5,6,12,6,5,True,True,YouTube,C15,U01715,Regular,0.0241,0.1003,0.16878652048809784,0.17767002156641878
CASCADE_INFO0516_02,INFO0516,21,21,538676.493901,149.63235941694444,6.234681642372685,22,5,11,15,12,10,True,True,YouTube,C15,U01715,Regular,0.0241,0.1003,0.14034397427019352,0.14702702066401227
CASCADE_INFO0516_03,INFO0516,24,24,527614.792077,146.55966446583335,6.106652686076389,25,5,4,16,11,3,True,True,YouTube,C15,U01715,Regular,0.0241,0.1003,0.16375583341755662,0.17057899314328814
CASCADE_INFO0305_01,INFO0305,32,32,1127506.013497,313.1961148602778,13.049838119178242,33,4,7,9,5,7,True,True,X,C04,U02604,Regular,0.1714,0.0645,0.10217240406789768,0.10536529169501949
CASCADE_INFO0516_04,INFO0516,43,43,1253357.365922,348.1548238672222,14.506450994467594,42,5,11,31,13,16,True,True,YouTube,C15,U01715,Regular,0.0241,0.1003,0.12350827003448085,0.12063598468484177
CASCADE_INFO0259_01,INFO0259,29,29,1180349.208697,327.8747801936111,13.661449174733796,30,3,5,6,3,5,True,True,Instagram,C23,U05073,Regular,0.0656,0.4281,0.08844840088913032,0.09149834574737618
CASCADE_INFO0728_01,INFO0728,40,40,1078790.265779,299.6639627163889,12.485998446516204,38,5,2,12,5,1,True,True,Instagram,C18,U01193,Regular,0.5507,0.0333,0.13348285071521002,0.12680870817944953
CASCADE_INFO0395_01,INFO0395,36,36,1382321.566169,383.9782128247222,15.999092201030093,35,2,7,10,3,6,True,True,Reddit,C25,U09400,Active,0.4593,0.4493,0.09375531943640049,0.09115100500761159
CASCADE_INFO0820_01,INFO0820,46,46,1395643.057296,387.6786270266667,16.15327612611111,47,5,8,23,12,8,True,True,Instagram,C13,U05988,Bridge,0.7642,0.7681,0.11865498068026295,0.12123443678200779
CASCADE_INFO0739_01,INFO0739,10,10,310331.155779,86.2030988275,3.591795784479167,11,4,4,6,4,3,True,True,YouTube,C20,U09770,Active,0.1924,0.4496,0.1160051104428494,0.12760562148713436
CASCADE_INFO0072_01,INFO0072,26,26,939304.10983,260.9178082861111,10.871575345254628,27,4,6,8,5,5,True,True,Facebook,C13,U05438,Regular,0.0145,0.349,0.09964823854219078,0.10348086310150581
CASCADE_INFO0739_02,INFO0739,12,12,310103.29493,86.13980414722222,3.589158506134259,13,4,5,9,4,4,True,True,YouTube,C20,U09770,Active,0.1924,0.4496,0.13930841982750164,0.15091745481312677
CASCADE_INFO0933_01,INFO0933,53,53,2570741.684832,714.0949124533333,29.75395468555556,55,5,11,30,16,12,True,True,X,C02,U06177,Regular,0.1681,0.2998,0.07421982579026369,0.07702057393329251
CASCADE_INFO0485_01,INFO0485,34,34,1900588.109706,527.941141585,21.997547566041668,34,5,7,15,5,8,True,True,Reddit,C19,U07294,Active,0.3876,0.3418,0.06440111846166076,0.06440111846166076
CASCADE_INFO0739_03,INFO0739,31,31,1399860.668642,388.8501857338889,16.20209107224537,30,3,5,12,3,4,True,True,YouTube,C20,U09770,Active,0.1924,0.4496,0.0797222198608257,0.07715053534918616
CASCADE_INFO0087_04,INFO0087,28,28,404191.560624,112.27543350666666,4.678143062777777,28,4,8,17,4,8,True,True,Facebook,C15,U02815,Regular,0.3575,0.0723,0.24938670130663468,0.24938670130663468
CASCADE_INFO0087_01,INFO0087,22,22,426860.14713,118.57226309166667,4.940510962152778,23,4,12,17,6,13,True,True,Facebook,C15,U02815,Regular,0.3575,0.0723,0.1855408628153794,0.19397453839789663
CASCADE_INFO0087_03,INFO0087,25,25,372231.320542,103.39758903944444,4.308232876643519,26,5,8,13,7,7,True,True,Facebook,C15,U02815,Regular,0.3575,0.0723,0.24178513476230978,0.25145654015280217
CASCADE_INFO0087_02,INFO0087,23,23,252061.536213,70.0170933925,2.9173788913541667,23,3,8,13,3,9,True,True,Facebook,C15,U02815,Regular,0.3575,0.0723,0.32849121386783653,0.32849121386783653
CASCADE_INFO0765_02,INFO0765,10,10,193043.068195,53.62307449861111,2.234294770775463,11,3,2,3,3,1,True,True,Reddit,C17,U03642,Regular,0.2936,0.3456,0.18648688262473667,0.20513557088721032
CASCADE_INFO0765_01,INFO0765,9,9,231187.37728,64.2187159111111,2.6757798296296293,10,3,3,3,2,2,True,True,Reddit,C17,U03642,Regular,0.2936,0.3456,0.1401460597944286,0.15571784421603177
CASCADE_INFO0972_01,INFO0972,27,27,1043334.710874,289.815197465,12.075633227708334,28,2,2,4,2,1,True,True,Facebook,C17,U07617,Active,0.1428,0.7757,0.0931628162917878,0.09661329096926143
CASCADE_INFO0694_01,INFO0694,33,33,1000938.605129,278.03850142472226,11.584937559363427,33,3,7,7,3,6,True,True,Facebook,C24,U05524,Regular,0.0217,0.1861,0.11868859827290722,0.11868859827290722
CASCADE_INFO0765_03,INFO0765,12,12,343200.161991,95.33337833083333,3.9722240971180556,13,3,4,5,2,4,True,True,Reddit,C17,U03642,Regular,0.2936,0.3456,0.12587406646134644,0.136363571999792
CASCADE_INFO0260_01,INFO0260,56,56,1725972.363482,479.4367676338889,19.97653198474537,56,4,11,29,6,18,True,True,Reddit,C25,U01975,Regular,0.2323,0.2428,0.11680372424578654,0.11680372424578654
CASCADE_INFO0087_05,INFO0087,44,44,514782.888584,142.9952468288889,5.958135284537037,45,4,16,16,10,20,True,True,Facebook,C15,U02815,Regular,0.3575,0.0723,0.30770253540421044,0.31469577484521527
CASCADE_INFO0765_04,INFO0765,28,28,763859.303284,212.1831398011111,8.840964158379629,28,4,7,11,3,6,True,True,Reddit,C17,U03642,Regular,0.2936,0.3456,0.13196147453678775,0.13196147453678775
CASCADE_INFO0633_02,INFO0633,17,17,389193.988785,108.10944132916667,4.504560055381944,18,3,5,9,6,4,True,True,YouTube,C13,U08963,Regular,0.0628,0.2048,0.15724806077055914,0.1664979466982391
CASCADE_INFO0633_03,INFO0633,20,20,498518.733265,138.47742590694443,5.769892746122685,20,5,5,13,5,4,True,True,YouTube,C13,U08963,Regular,0.0628,0.2048,0.1444278724060037,0.1444278724060037
CASCADE_INFO0633_04,INFO0633,42,42,1207476.044427,335.4100123408333,13.975417180868055,42,5,8,24,13,11,True,True,YouTube,C13,U08963,Regular,0.0628,0.2048,0.12521987553943648,0.12521987553943648
CASCADE_INFO0897_01,INFO0897,36,36,1833401.456546,509.27818237388885,21.219924265578705,37,3,8,17,3,7,True,True,X,C13,U08213,Active,0.3472,0.3959,0.07068828244751008,0.07265184584882979
CASCADE_INFO0633_01,INFO0633,15,15,471493.078896,130.97029969333335,5.457095820555556,16,2,3,7,1,2,True,True,YouTube,C13,U08963,Regular,0.0628,0.2048,0.11452978297463215,0.12216510183960763
CASCADE_INFO0426_01,INFO0426,29,29,1044540.87165,290.150242125,12.089593421875,29,1,4,11,0,3,False,True,YouTube,C12,U05287,Regular,0.0277,0.1631,0.09994821919709608,0.09994821919709608
CASCADE_INFO0996_01,INFO0996,55,55,1643082.305382,456.41175149500003,19.017156312291668,53,1,14,16,0,14,False,True,YouTube,C21,U08146,Regular,0.1525,0.229,0.12050522323284772,0.11612321511528963
CASCADE_INFO0561_02,INFO0561,35,35,1161216.744418,322.5602067827778,13.440008615949075,34,4,7,15,7,7,True,True,Facebook,C12,U07412,Regular,0.0885,0.2945,0.10850687488419829,0.10540667845893548
CASCADE_INFO0634_01,INFO0634,34,34,1021884.021771,283.8566727141667,11.827361363090278,34,3,4,6,2,3,True,True,Instagram,C21,U04696,Regular,0.0603,0.0289,0.11977875902969087,0.11977875902969087
CASCADE_INFO0248_01,INFO0248,35,35,1221964.528436,339.4345912322222,14.143107968009259,34,5,8,14,8,8,True,True,Instagram,C25,U08850,Regular,0.1194,0.3365,0.10311264940011654,0.10016657370297036
CASCADE_INFO0427_03,INFO0427,39,39,1361479.375061,378.1887152947222,15.757863137280092,40,5,11,26,10,16,True,True,YouTube,C08,U06658,Regular,0.0387,0.0706,0.10312311928611441,0.10576730183191221
CASCADE_INFO0427_01,INFO0427,17,17,440004.629889,122.2235083025,5.092646179270833,18,4,5,7,4,4,True,True,YouTube,C08,U06658,Regular,0.0387,0.0706,0.1390894455256958,0.1472711776154426
CASCADE_INFO0160_01,INFO0160,35,35,1251451.991873,347.6255532980556,14.484398054085649,35,4,6,11,6,5,True,True,YouTube,C23,U03573,Regular,0.0991,0.1955,0.10068304722694207,0.10068304722694207
CASCADE_INFO0877_01,INFO0877,16,16,511287.614388,142.02433733,5.917680722083333,17,3,8,7,2,7,True,True,Instagram,C07,U05257,Regular,0.3955,0.3609,0.11265674813763273,0.11969779489623476
CASCADE_INFO0510_01,INFO0510,32,32,2095254.657699,582.0151826941667,24.250632612256947,30,3,4,14,2,3,True,True,YouTube,C23,U03573,Regular,0.0991,0.1955,0.05498138356437883,0.05154504709160516
CASCADE_INFO0730_01,INFO0730,31,31,1508908.571325,419.14126981249996,17.464219575520833,30,4,6,10,4,5,True,True,YouTube,C12,U04937,Regular,0.2311,0.158,0.07396074362676727,0.07157491318719414
CASCADE_INFO0877_04,INFO0877,41,41,1272077.359467,353.3548220741667,14.72311758642361,42,5,9,23,10,9,True,True,Instagram,C07,U05257,Regular,0.3955,0.3609,0.11603067918907412,0.1188606957546613
CASCADE_INFO0427_02,INFO0427,19,19,425611.320299,118.22536674972223,4.926056947905093,20,3,7,8,3,7,True,True,YouTube,C08,U06658,Regular,0.0387,0.0706,0.16071001107759,0.16916843271325263
CASCADE_INFO0877_02,INFO0877,17,17,422932.511536,117.48125320444444,4.895052216851852,18,4,6,12,5,6,True,True,Instagram,C07,U05257,Regular,0.3955,0.3609,0.14470393817144667,0.15321593453447294
CASCADE_INFO0561_01,INFO0561,13,13,571277.744554,158.6882623761111,6.612010932337963,13,4,2,7,4,1,True,True,Facebook,C12,U07412,Regular,0.0885,0.2945,0.08192162296911644,0.08192162296911644
CASCADE_INFO0877_03,INFO0877,21,21,388177.932663,107.82720351750001,4.4928001465625,21,3,5,10,5,6,True,True,Instagram,C07,U05257,Regular,0.3955,0.3609,0.19475604777779262,0.19475604777779262
CASCADE_INFO0208_01,INFO0208,11,11,529535.520256,147.0932000711111,6.128883336296296,11,2,3,5,1,2,True,True,Facebook,C13,U03013,Regular,0.2151,0.1041,0.07478251880224328,0.07478251880224328
CASCADE_INFO0879_01,INFO0879,29,29,1022427.055383,284.0075153841667,11.833646474340279,27,2,5,9,2,4,True,True,YouTube,C10,U09635,Regular,0.0451,0.0516,0.10210997395886777,0.09506790678929068
CASCADE_INFO0265_01,INFO0265,28,28,1732359.442925,481.2109563680556,20.05045651533565,28,3,7,11,4,6,True,True,X,C13,U00738,Regular,0.0726,0.3487,0.058186538833883326,0.058186538833883326
CASCADE_INFO0301_01,INFO0301,42,42,1321310.055193,367.0305708869445,15.292940453622686,42,3,8,10,4,7,True,True,X,C03,U06203,Active,0.2626,0.3415,0.11443188478416191,0.11443188478416191
CASCADE_INFO0354_01,INFO0354,44,44,1727381.081953,479.82807832027777,19.99283659667824,43,4,5,15,5,4,True,True,X,C15,U09515,Regular,0.0826,0.0551,0.09169951069564271,0.08961543090710537
CASCADE_INFO0851_01,INFO0851,50,50,2293528.135455,637.0911487375,26.54546453072917,49,4,4,14,4,4,True,True,X,C21,U06246,Regular,0.0813,0.2571,0.07848170563832688,0.07691207152556033
CASCADE_INFO0135_01,INFO0135,33,33,1809707.866403,502.69662955638887,20.94569289818287,32,3,3,11,3,2,True,True,YouTube,C22,U03722,Active,0.3,0.6402,0.06564595435843935,0.06365668301424422
CASCADE_INFO0208_02,INFO0208,37,37,1056625.021025,293.5069502847222,12.229456261863424,37,1,11,8,0,10,False,True,Facebook,C13,U03013,Regular,0.2151,0.1041,0.12606175071529793,0.12606175071529793
CASCADE_INFO0284_01,INFO0284,34,34,1587591.348472,440.9975967977778,18.374899866574076,33,1,5,8,0,5,False,True,Facebook,C04,U05104,Regular,0.2592,0.1736,0.07709792580931209,0.07483033975609703
CASCADE_INFO0251_01,INFO0251,33,33,1741159.617481,483.6554493002778,20.152310387511573,33,4,5,14,4,5,True,True,Instagram,C22,U08497,Regular,0.1337,0.0923,0.06823039014187128,0.06823039014187128
CASCADE_INFO0291_01,INFO0291,21,21,541686.809977,150.46855832694445,6.269523263622685,22,3,6,7,3,6,True,True,X,C05,U02580,Active,0.256,0.6205,0.1395640407105537,0.14620994741105628
CASCADE_INFO0934_01,INFO0934,41,41,2261431.472241,628.1754089558333,26.17397537315972,40,4,7,14,3,8,True,True,Facebook,C20,U00395,Regular,0.2407,0.2436,0.06526839385220616,0.0636764818070304
CASCADE_INFO0001_01,INFO0001,34,34,1722212.644832,478.3924013422222,19.93301672259259,34,2,6,11,1,5,True,True,Reddit,C17,U07592,Active,0.6813,0.4167,0.07107136297442526,0.07107136297442526
CASCADE_INFO0629_02,INFO0629,12,12,530085.250382,147.2459028838889,6.13524595349537,11,2,3,4,1,2,True,True,Facebook,C22,U09447,Regular,0.1674,0.0461,0.08149632529648466,0.07470496485511095
CASCADE_INFO0291_02,INFO0291,52,52,1490097.785114,413.91605142055556,17.24650214252315,51,4,11,25,7,17,True,True,X,C05,U02580,Active,0.256,0.6205,0.12562933914144317,0.12321339031180002
CASCADE_INFO0629_01,INFO0629,10,10,432268.715445,120.07464317916666,5.003110132465277,10,4,2,6,3,1,True,True,Facebook,C22,U09447,Regular,0.1674,0.0461,0.08328153001528163,0.08328153001528163
CASCADE_INFO0887_03,INFO0887,30,30,1129902.183839,313.86171773305557,13.07757157221065,30,4,8,13,6,7,True,True,Reddit,C10,U02485,Regular,0.0809,0.341,0.09558349523058267,0.09558349523058267
CASCADE_INFO0062_04,INFO0062,28,28,757881.712381,210.52269788361113,8.771779078483798,29,4,7,12,4,9,True,True,Instagram,C04,U03329,Active,0.3615,0.729,0.1330022856513077,0.13775236728171156
CASCADE_INFO0062_02,INFO0062,10,10,193792.516141,53.83125448361111,2.2429689368171295,11,2,2,7,2,1,True,True,Instagram,C04,U03329,Active,0.3615,0.729,0.18576568753463646,0.2043422562881001
CASCADE_INFO0758_01,INFO0758,8,8,179020.20358,49.72783432777778,2.0719930969907407,9,2,5,3,1,4,True,True,Instagram,C13,U01813,Regular,0.1378,0.144,0.16087569684351266,0.18098515894895173
CASCADE_INFO0758_02,INFO0758,10,10,288126.437732,80.03512159222223,3.3347967330092594,11,2,3,3,1,3,True,True,Instagram,C13,U01813,Regular,0.1378,0.144,0.12494514659388979,0.13743966125327878
CASCADE_INFO0062_03,INFO0062,12,12,564191.009071,156.71972474194445,6.529988530914352,13,4,2,6,4,1,True,True,Instagram,C04,U03329,Active,0.3615,0.729,0.0765698128921504,0.08295063063316294
CASCADE_INFO0629_03,INFO0629,31,31,849706.92053,236.02970014722223,9.834570839467593,32,4,9,15,4,9,True,True,Facebook,C22,U09447,Regular,0.1674,0.0461,0.13133940339145422,0.13557615833956563
CASCADE_INFO0293_01,INFO0293,10,10,207438.62489,57.621840247222224,2.400910010300926,11,2,3,3,2,2,True,True,Reddit,C13,U03338,Regular,0.3144,0.2147,0.1735453077703826,0.19089983854742087
CASCADE_INFO0887_01,INFO0887,9,9,503812.240927,139.94784470194443,5.831160195914352,10,2,4,5,1,4,True,True,Reddit,C10,U02485,Regular,0.0809,0.341,0.06430967207224846,0.07145519119138717
CASCADE_INFO0123_01,INFO0123,31,31,1795584.763299,498.77354536083334,20.782231056701388,31,2,5,9,1,4,True,True,X,C06,U07756,Active,0.4616,0.3229,0.06215245433190191,0.06215245433190191
CASCADE_INFO0758_03,INFO0758,32,32,1056494.117325,293.47058814583335,12.227941172743055,33,3,9,9,4,9,True,True,Instagram,C13,U01813,Regular,0.1378,0.144,0.10903988778629614,0.1124473842796179
CASCADE_INFO0062_01,INFO0062,8,8,77245.269759,21.4570193775,0.8940424740625,9,1,2,1,0,2,False,True,Instagram,C04,U03329,Active,0.3615,0.729,0.37283836395230474,0.4194431594463428
CASCADE_INFO0691_01,INFO0691,24,24,1422432.951754,395.1202643761111,16.46334434900463,25,3,5,7,2,4,True,True,Facebook,C16,U03891,Regular,0.17,0.0571,0.060741000054491345,0.06327187505676182
CASCADE_INFO0887_02,INFO0887,11,11,410324.767124,113.97910197888889,4.7491292491203705,12,2,2,6,1,1,True,True,Reddit,C10,U02485,Regular,0.0809,0.341,0.09650891969685294,0.1052824578511123
CASCADE_INFO0535_01,INFO0535,30,30,894941.974706,248.59499297388888,10.35812470724537,29,2,4,6,1,3,True,True,Instagram,C09,U06109,Regular,0.2775,0.2176,0.12067821495966752,0.11665560779434528
CASCADE_INFO0231_01,INFO0231,31,31,2045328.903109,568.1469175302778,23.672788230428242,32,2,9,7,1,8,True,True,Reddit,C24,U02899,Regular,0.2162,0.3579,0.05456335156187473,0.056323459676773914
CASCADE_INFO0293_02,INFO0293,33,33,1135691.928449,315.4699801247222,13.144582505196759,33,5,7,14,5,6,True,True,Reddit,C13,U03338,Regular,0.3144,0.2147,0.10460583281792242,0.10460583281792242
CASCADE_INFO0862_01,INFO0862,25,25,1579447.725642,438.73547934500004,18.280644972708334,25,2,3,5,1,2,True,True,Instagram,C06,U04456,Regular,0.0829,0.3882,0.05698194282651398,0.05698194282651398
CASCADE_INFO0658_01,INFO0658,47,47,2501764.046466,694.9344573516667,28.95560238965278,45,4,8,15,6,8,True,True,Reddit,C09,U06384,Regular,0.1533,0.0827,0.06763227740802034,0.06475430815661522
CASCADE_INFO0093_01,INFO0093,34,34,1386837.036233,385.2325100647222,16.051354586030094,34,5,8,19,6,9,True,True,YouTube,C17,U01742,Regular,0.1482,0.2162,0.08825838710831473,0.08825838710831473
CASCADE_INFO0791_02,INFO0791,54,54,1581541.268167,439.31701893527776,18.30487578896991,55,5,17,26,12,18,True,True,X,C20,U04845,Regular,0.0814,0.2243,0.12291806980497501,0.125194330356919
CASCADE_INFO0791_01,INFO0791,24,24,964941.28764,268.0392465666667,11.168301940277777,24,4,6,13,5,7,True,True,X,C20,U04845,Regular,0.0814,0.2243,0.08953912648023625,0.08953912648023625
CASCADE_INFO0958_02,INFO0958,8,8,91672.705263,25.46464035083333,1.0610266812847222,9,1,3,1,0,2,False,True,X,C20,U00795,Regular,0.1196,0.0765,0.31416112263051066,0.3534312629593245
CASCADE_INFO0619_02,INFO0619,26,26,1181465.79986,328.18494440555554,13.674372683564814,27,5,9,13,9,8,True,True,Instagram,C07,U07732,Regular,0.0204,0.1954,0.0792236220558321,0.08227068444259487
CASCADE_INFO0619_01,INFO0619,22,22,600174.06977,166.71501938055553,6.946459140856481,23,3,7,11,4,7,True,True,Instagram,C07,U07732,Regular,0.0204,0.1954,0.13196171575748217,0.13795997556464046
CASCADE_INFO0619_03,INFO0619,50,50,1031026.228975,286.39617471527777,11.933173946469907,51,5,13,28,16,15,True,True,Instagram,C07,U07732,Regular,0.0204,0.1954,0.1745833373986498,0.1780750041466228
CASCADE_INFO0771_01,INFO0771,30,30,722757.462439,200.76596178861112,8.365248407858797,31,5,9,20,11,10,True,True,YouTube,C23,U02898,Regular,0.192,0.2681,0.1494277203801477,0.1544086443928193
CASCADE_INFO0771_02,INFO0771,57,57,1567211.969269,435.3366581302778,18.13902742209491,56,5,12,35,19,18,True,True,YouTube,C23,U02898,Regular,0.192,0.2681,0.1309331500930995,0.12863607728444862
CASCADE_INFO0101_01,INFO0101,20,20,297234.408299,82.56511341638888,3.440213059016204,21,3,8,12,3,7,True,True,X,C13,U00863,Active,0.5913,0.408,0.24223305912676274,0.2543447120831009
CASCADE_INFO0101_03,INFO0101,25,25,471058.894328,130.8496928688889,5.452070536203704,25,4,7,12,5,6,True,True,X,C13,U00863,Active,0.5913,0.408,0.1910589123434164,0.1910589123434164
CASCADE_INFO0101_04,INFO0101,42,42,1144165.150172,317.8236528255556,13.242652201064816,42,5,12,23,12,14,True,True,X,C13,U00863,Active,0.5913,0.408,0.13214875490419403,0.13214875490419403
CASCADE_INFO0101_02,INFO0101,22,22,242260.978354,67.29471620944445,2.8039465087268516,23,3,8,10,4,9,True,True,X,C13,U00863,Active,0.5913,0.408,0.3269201690594606,0.34178017674398153
CASCADE_INFO0577_01,INFO0577,33,33,1131813.143024,314.3925397288889,13.099689155370372,32,4,4,10,5,3,True,True,Instagram,C09,U01084,Regular,0.0318,0.1375,0.10496432271725338,0.1017835856652154
CASCADE_INFO0880_01,INFO0880,41,41,1542909.530105,428.58598058472217,17.85774919103009,41,3,4,15,3,3,True,True,X,C12,U08937,Active,0.4599,0.6818,0.09566341844421387,0.09566341844421387
CASCADE_INFO0909_01,INFO0909,8,8,97392.940252,27.053594514444445,1.1272331047685185,9,3,1,5,2,0,True,False,X,C12,U00287,Active,0.3816,0.5945,0.29570931861674216,0.33267298344383495
CASCADE_INFO0909_02,INFO0909,27,27,851624.726286,236.56242396833332,9.856767665347222,27,4,5,9,5,4,True,True,X,C12,U00287,Active,0.3816,0.5945,0.1141347790873764,0.1141347790873764
CASCADE_INFO0958_03,INFO0958,26,26,1345814.737023,373.83742695083333,15.576559456284722,27,4,3,15,3,2,True,True,X,C25,U03325,Regular,0.2386,0.0514,0.0695489486220423,0.07222390818442855
CASCADE_INFO0817_03,INFO0817,19,19,626394.958235,173.99859950972223,7.249941646238426,20,5,7,11,6,6,True,True,Facebook,C10,U03610,Regular,0.2119,0.1315,0.10919628119729992,0.11494345389189466
CASCADE_INFO0817_02,INFO0817,16,16,566227.570241,157.28543617805556,6.553559840752316,17,5,5,10,6,6,True,True,Facebook,C10,U03610,Regular,0.2119,0.1315,0.1017258837740523,0.10808375150993056
CASCADE_INFO0817_04,INFO0817,38,38,1168914.408249,324.6984467358334,13.52910194732639,39,4,9,22,8,11,True,True,Facebook,C10,U03610,Regular,0.2119,0.1315,0.11703166547918802,0.12011144614969296
CASCADE_INFO0131_01,INFO0131,7,7,234467.182677,65.12977296583334,2.7137405402430557,7,1,2,3,0,1,False,True,Reddit,C08,U04808,Regular,0.2714,0.1565,0.10747772763881973,0.10747772763881973
CASCADE_INFO0622_05,INFO0622,39,39,961542.538332,267.09514953666667,11.128964564027777,39,5,11,23,13,12,True,True,Reddit,C17,U06392,Regular,0.0619,0.1464,0.14601538091445612,0.14601538091445612
CASCADE_INFO0762_01,INFO0762,30,30,1310701.030106,364.08361947388886,15.170150811412036,28,2,5,8,1,4,True,True,Reddit,C07,U02657,Active,0.3692,0.1533,0.0823986534833697,0.07690540991781172
CASCADE_INFO0622_03,INFO0622,19,19,326001.289669,90.55591379694445,3.773163074872685,20,5,6,15,7,7,True,True,Reddit,C17,U06392,Regular,0.0619,0.1464,0.20981512088326032,0.22085802198237928
CASCADE_INFO0622_04,INFO0622,22,22,440091.623219,122.2476731163889,5.093653046516204,23,4,8,10,4,7,True,True,Reddit,C17,U06392,Regular,0.0619,0.1464,0.1799625255775164,0.18814264037649442
CASCADE_INFO0131_02,INFO0131,24,24,963816.669511,267.72685264194445,11.155285526747686,23,2,5,8,1,4,True,True,Reddit,C08,U04808,Regular,0.2714,0.1565,0.08964360415537918,0.08590845398223838
CASCADE_INFO0622_01,INFO0622,16,16,471125.877579,130.8682993275,5.4528458053125,17,4,8,12,6,7,True,True,Reddit,C17,U06392,Regular,0.0619,0.1464,0.12226031882602634,0.12990158875265298
CASCADE_INFO0609_01,INFO0609,66,66,1974853.930635,548.5705362875,22.857105678645834,66,5,12,31,11,18,True,True,Instagram,C08,U03733,Active,0.476,0.6816,0.12031269569572746,0.12031269569572746
CASCADE_INFO0853_02,INFO0853,12,12,545025.955312,151.39609869777777,6.308170779074074,13,3,5,8,4,4,True,True,Facebook,C19,U00394,Bridge,0.6733,0.7542,0.0792622802252971,0.08586747024407186
CASCADE_INFO0417_01,INFO0417,5,5,227616.526831,63.22681300861111,2.634450542025463,6,2,1,2,1,0,True,False,Instagram,C10,U04185,Active,0.4817,0.6759,0.07908037369081106,0.09489644842897327
CASCADE_INFO0622_02,INFO0622,18,18,418795.635617,116.33212100472223,4.847171708530093,19,4,5,11,4,4,True,True,Reddit,C17,U06392,Regular,0.0619,0.1464,0.15472940615661374,0.1633254842764256
CASCADE_INFO0958_01,INFO0958,6,6,376940.371159,104.70565865527777,4.36273577730324,7,2,2,4,1,1,True,True,X,C23,U05548,Active,0.3082,0.6922,0.057303493211897816,0.06685407541388079
CASCADE_INFO0853_03,INFO0853,33,33,676100.003392,187.8055564977778,7.825231520740741,31,2,3,10,1,2,True,True,Facebook,C19,U00394,Bridge,0.6733,0.7542,0.17571365094509583,0.16506433876660517
CASCADE_INFO0817_01,INFO0817,15,15,331149.480535,91.98596681527778,3.8327486173032406,16,3,6,9,3,8,True,True,Facebook,C10,U03610,Regular,0.2119,0.1315,0.16306835182938664,0.17393957528467907
CASCADE_INFO0222_01,INFO0222,29,29,1214968.33805,337.4912050138889,14.06213354224537,30,5,5,11,6,4,True,True,X,C16,U08166,Regular,0.1279,0.2119,0.08592816514672302,0.08889120532419623
CASCADE_INFO0855_01,INFO0855,39,39,1949476.692264,541.5213034066667,22.563387641944445,36,2,5,12,1,4,True,True,X,C11,U02386,Regular,0.1761,0.2706,0.07201932731852682,0.06647937906325553
CASCADE_INFO0064_01,INFO0064,34,34,1100960.296033,305.82230445361114,12.742596018900464,32,2,7,6,1,6,True,True,Instagram,C04,U03754,Regular,0.4743,0.0408,0.11117567131261125,0.10463592594128118
CASCADE_INFO0417_03,INFO0417,26,26,793259.813885,220.34994830138888,9.181247845891203,27,3,6,8,4,5,True,True,Instagram,C10,U04185,Active,0.4817,0.6759,0.11799412797881796,0.12253236367031095
CASCADE_INFO0890_01,INFO0890,36,36,2364146.878712,656.7074663088888,27.362811096203703,37,5,6,12,6,5,True,True,YouTube,C14,U05189,Bridge,0.42,0.7257,0.05481892904666177,0.05634167707573571
CASCADE_INFO0214_01,INFO0214,36,36,1163310.808589,323.14189127472224,13.464245469780092,35,3,2,4,2,1,True,True,YouTube,C14,U00964,Active,0.1979,0.5792,0.11140616853478229,0.10831155274214944
CASCADE_INFO0022_05,INFO0022,32,32,963558.818227,267.65522728527776,11.152301136886573,31,4,7,9,4,7,True,True,Reddit,C09,U04159,Regular,0.223,0.1891,0.11955679074368723,0.11582064103294701
CASCADE_INFO0417_02,INFO0417,7,7,130199.762541,36.16660070583333,1.5069416960763888,8,3,1,2,2,0,True,False,Instagram,C10,U04185,Active,0.4817,0.6759,0.19354874009132314,0.2211985601043693
CASCADE_INFO0853_01,INFO0853,10,10,412496.905237,114.58247367694445,4.7742697365393525,11,3,4,6,3,4,True,True,Facebook,C19,U00394,Bridge,0.6733,0.7542,0.08727338203741482,0.0960007202411563
CASCADE_INFO0022_04,INFO0022,14,14,556819.280279,154.67202229972224,6.44466759582176,14,4,4,9,4,3,True,True,Reddit,C09,U04159,Regular,0.223,0.1891,0.09051410715294657,0.09051410715294657
CASCADE_INFO0878_01,INFO0878,35,35,1422268.11041,395.07447511388887,16.4614364630787,33,3,1,9,2,0,True,False,X,C18,U06143,Influential,0.5855,0.948,0.08859089160318566,0.08352855494014648
CASCADE_INFO0810_05,INFO0810,27,27,961127.075062,266.97974307277775,11.12415596136574,28,4,8,16,3,8,True,True,YouTube,C04,U08229,Regular,0.0083,0.2662,0.10113126819752723,0.10487687072336158
CASCADE_INFO0810_03,INFO0810,10,10,282998.428259,78.6106745163889,3.2754447715162036,10,2,3,4,1,2,True,True,YouTube,C04,U08229,Regular,0.0083,0.2662,0.12720918706676637,0.12720918706676637
CASCADE_INFO0022_02,INFO0022,11,11,549895.574568,152.74877071333336,6.364532113055556,12,3,7,5,2,6,True,True,Reddit,C09,U04159,Regular,0.223,0.1891,0.07201367283435568,0.07856037036475166
CASCADE_INFO0642_01,INFO0642,31,31,1136532.272863,315.7034091286111,13.15430871369213,31,5,3,11,5,3,True,True,YouTube,C12,U03412,Active,0.2287,0.5161,0.09819342808354418,0.09819342808354418
CASCADE_INFO0810_01,INFO0810,8,8,329641.062418,91.56696178277778,3.8152900742824074,9,1,4,3,0,3,False,True,YouTube,C04,U08229,Regular,0.0083,0.2662,0.08736775627631085,0.09828872581084971
CASCADE_INFO0810_04,INFO0810,12,12,209677.080057,58.24363334916667,2.426818056215278,13,2,6,6,1,5,True,True,YouTube,C04,U08229,Regular,0.0083,0.2662,0.20603110262817578,0.22320036118052378
CASCADE_INFO0706_01,INFO0706,36,36,1526241.383,423.9559397222222,17.66483082175926,35,3,5,13,5,4,True,True,Facebook,C13,U06013,Active,0.1981,0.3369,0.08491448432963897,0.08255574865381567
CASCADE_INFO0810_02,INFO0810,9,9,214375.217528,59.548671535555556,2.481194647314815,10,4,5,6,3,4,True,True,YouTube,C04,U08229,Regular,0.0083,0.2662,0.15113687287929245,0.16792985875476937
CASCADE_INFO0654_02,INFO0654,32,32,1787032.430954,496.3978974872222,20.683245728634258,32,3,6,9,4,5,True,True,Facebook,C02,U06777,Influential,0.7762,0.9311,0.06446441486151483,0.06446441486151483
CASCADE_INFO0772_02,INFO0772,55,55,1147030.905852,318.61969607,13.275820669583334,55,5,16,28,10,19,True,True,Instagram,C11,U02886,Regular,0.1364,0.0993,0.17261958591510498,0.17261958591510498
CASCADE_INFO0654_01,INFO0654,10,10,153285.450845,42.57929190138889,1.7741371625578706,11,2,1,3,1,0,True,False,Facebook,C02,U06777,Influential,0.7762,0.9311,0.2348559488297599,0.2583415437127359
CASCADE_INFO0022_01,INFO0022,10,10,217566.993436,60.43527595444444,2.518136498101852,11,3,3,6,2,3,True,True,Reddit,C09,U04159,Regular,0.223,0.1891,0.1654662751525766,0.18201290266783426
CASCADE_INFO0022_03,INFO0022,12,12,199490.874658,55.41413184944444,2.3089221603935184,13,2,5,2,2,5,True,True,Reddit,C09,U04159,Regular,0.223,0.1891,0.21655125866814978,0.2345971968904956
CASCADE_INFO0772_01,INFO0772,29,29,816582.215835,226.8283932875,9.451183053645833,30,4,11,17,6,12,True,True,Instagram,C11,U02886,Regular,0.1364,0.0993,0.12784995555315307,0.13225857471015834
CASCADE_INFO0416_01,INFO0416,53,53,1951746.663884,542.1518510788889,22.58966046162037,51,4,11,24,12,15,True,True,X,C06,U06356,Regular,0.0696,0.2073,0.09775858902727962,0.09406958566775964
CASCADE_INFO0620_01,INFO0620,56,56,1875674.566618,521.0207129494444,21.70919637289352,56,4,9,18,8,9,True,True,Facebook,C08,U05483,Active,0.2699,0.364,0.10748133156355684,0.10748133156355684
CASCADE_INFO0538_02,INFO0538,7,7,527443.842434,146.51217845388888,6.1046741022453705,8,2,2,2,1,1,True,True,Facebook,C16,U07716,Regular,0.1959,0.2077,0.04777759824384209,0.054602969421533816
CASCADE_INFO0136_01,INFO0136,33,33,1222976.376717,339.7156601991667,14.154819174965278,32,2,5,12,1,4,True,True,Instagram,C15,U04390,Influential,0.766,0.7967,0.09714006113422306,0.09419642291803448
CASCADE_INFO0538_03,INFO0538,25,25,1205798.522126,334.94403392388887,13.95600141349537,26,3,7,10,2,7,True,True,Facebook,C16,U07716,Regular,0.1959,0.2077,0.07463933513645114,0.07762490854190918
CASCADE_INFO0538_01,INFO0538,6,6,104652.985411,29.07027372527778,1.2112614052199073,7,2,3,2,1,2,True,True,Facebook,C16,U07716,Regular,0.1959,0.2077,0.20639640536933634,0.24079580626422573
CASCADE_INFO0734_01,INFO0734,32,32,1386690.850892,385.1919030255555,16.049662626064812,33,3,5,10,2,5,True,True,Reddit,C24,U09999,Regular,0.1544,0.1239,0.08307547419520125,0.0856715827638013
CASCADE_INFO0767_01,INFO0767,7,7,415635.318667,115.45425518527777,4.810593966053241,8,1,3,5,0,2,False,True,Facebook,C16,U02291,Active,0.5857,0.813,0.06063007369253385,0.06929151279146727
CASCADE_INFO0767_03,INFO0767,28,28,1182789.181952,328.5525505422222,13.689689605925924,29,3,4,15,5,3,True,True,Facebook,C16,U02291,Active,0.5857,0.813,0.08522228773993866,0.08826594087350789
CASCADE_INFO0379_02,INFO0379,34,34,1985965.843575,551.6571787708333,22.985715782118056,35,3,6,18,5,6,True,True,Reddit,C12,U00062,Active,0.2234,0.516,0.06163247993211399,0.06344519993011734
CASCADE_INFO0947_01,INFO0947,11,11,583995.173802,162.22088161166667,6.759203400486111,12,3,4,7,2,3,True,True,Reddit,C23,U03973,Regular,0.1599,0.2846,0.06780877955239085,0.07397321405715365
CASCADE_INFO0056_01,INFO0056,9,9,177673.486018,49.35374611611111,2.0564060881712964,9,1,2,3,0,1,False,True,Instagram,C12,U05462,Regular,0.371,0.217,0.18235697810711934,0.18235697810711934
CASCADE_INFO0947_03,INFO0947,34,34,1202194.06089,333.9427946916667,13.914283112152779,35,4,12,9,3,16,True,True,Reddit,C23,U03973,Regular,0.1599,0.2846,0.10181384518684586,0.1048083700452825
CASCADE_INFO0947_02,INFO0947,13,13,436269.350684,121.18593074555555,5.049413781064815,14,2,2,5,2,1,True,True,Reddit,C23,U03973,Regular,0.1599,0.2846,0.10727317866044256,0.11552496163432276
CASCADE_INFO0051_01,INFO0051,19,19,666501.188607,185.13921905750001,7.714134127395834,20,5,6,9,6,5,True,True,Reddit,C01,U04826,Active,0.1055,0.6753,0.10262547339631499,0.10802681410138419
CASCADE_INFO0841_02,INFO0841,9,9,411343.663855,114.26212884861111,4.760922035358796,10,2,4,3,2,3,True,True,X,C25,U01050,Regular,0.1954,0.1951,0.07876625519488033,0.08751806132764481
CASCADE_INFO0841_01,INFO0841,7,7,162464.858151,45.12912726416666,1.880380302673611,8,2,3,2,1,2,True,True,X,C25,U01050,Regular,0.1954,0.1951,0.15511046688372646,0.1772691050099731
CASCADE_INFO0841_03,INFO0841,32,32,1178271.928671,327.2977579641667,13.637406581840278,33,5,8,14,7,8,True,True,X,C25,U01050,Regular,0.1954,0.1951,0.09777030004435115,0.10082562192073713
CASCADE_INFO0051_02,INFO0051,22,22,658960.601589,183.0446115525,7.6268588146875,23,4,7,14,4,7,True,True,Reddit,C01,U04826,Active,0.1055,0.6753,0.12018927961553276,0.12565242868896606
CASCADE_INFO0056_02,INFO0056,30,30,1319338.394818,366.48288744944443,15.27012031039352,31,4,5,13,4,5,True,True,Instagram,C12,U05462,Regular,0.371,0.217,0.08185921096831142,0.0845878513339218
CASCADE_INFO0091_01,INFO0091,63,63,1921583.703274,533.7732509094444,22.24055212122685,64,4,11,21,5,12,True,True,X,C14,U01314,Influential,0.9098,0.8139,0.11802764543307559,0.11990110012248949
CASCADE_INFO0531_01,INFO0531,35,35,1385973.098588,384.99252738555555,16.041355307731482,34,4,6,9,5,5,True,True,YouTube,C02,U03827,Regular,0.4072,0.2422,0.09091085543317265,0.08831340242079629
CASCADE_INFO0051_03,INFO0051,46,46,1297420.25492,360.3945152555556,15.016438135648148,46,5,13,24,8,15,True,True,Reddit,C01,U04826,Active,0.1055,0.6753,0.1276379025007676,0.1276379025007676
CASCADE_INFO0063_01,INFO0063,30,30,1419192.34246,394.22009512777777,16.42583729699074,29,5,4,17,8,3,True,True,Reddit,C01,U09601,Influential,0.7454,0.5417,0.07609962143171864,0.07356296738399469
CASCADE_INFO0917_01,INFO0917,29,29,1059453.829966,294.2927305461111,12.262197106087964,27,2,5,11,2,4,True,True,Reddit,C01,U01576,Influential,0.6473,0.595,0.09854133993111376,0.09174538545310591
CASCADE_INFO0767_02,INFO0767,9,9,322932.76762,89.70354656111111,3.7376477733796296,10,3,4,5,3,3,True,True,Facebook,C16,U02291,Active,0.5857,0.813,0.10033048129115713,0.11147831254573014
CASCADE_INFO0142_01,INFO0142,35,35,2186988.191372,607.4967198255556,25.312363326064816,35,3,3,12,2,3,True,True,Facebook,C03,U03478,Regular,0.0637,0.094,0.05761347980619607,0.05761347980619607
CASCADE_INFO0960_01,INFO0960,32,32,1302225.3271,361.7292575277778,15.072052396990742,30,3,3,10,5,3,True,True,Reddit,C16,U08341,Influential,0.7878,0.7673,0.08846395289864731,0.08293495584248185
CASCADE_INFO0574_05,INFO0574,40,40,1017902.509367,282.7506970463889,11.781279043599536,41,5,13,24,10,15,True,True,X,C17,U04192,Regular,0.3242,0.1893,0.14146737892369363,0.14500406339678598
CASCADE_INFO0574_01,INFO0574,14,14,266156.298486,73.932305135,3.080512713958333,15,4,6,7,3,5,True,True,X,C17,U04192,Regular,0.3242,0.1893,0.18936241707107704,0.2028883040047254
CASCADE_INFO0574_04,INFO0574,20,20,635158.306592,176.43286294222221,7.351369289259258,20,3,4,11,5,5,True,True,X,C17,U04192,Regular,0.3242,0.1893,0.11335756653537697,0.11335756653537697
CASCADE_INFO0163_03,INFO0163,32,32,1060269.703879,294.51936218861107,12.271640091192129,33,5,10,13,6,13,True,True,Reddit,C03,U08253,Regular,0.0907,0.0514,0.1086516002282631,0.11204696273539633
CASCADE_INFO0163_02,INFO0163,11,11,412161.790611,114.48938628083333,4.770391095034722,12,1,2,4,0,1,False,True,Reddit,C03,U08253,Regular,0.0907,0.0514,0.09607877513656923,0.1048132092398937
CASCADE_INFO0574_03,INFO0574,18,18,487573.686506,135.43713514055557,5.6432139641898145,19,3,5,9,5,4,True,True,X,C17,U04192,Regular,0.3242,0.1893,0.13290298839620127,0.14028648775154579
CASCADE_INFO0963_01,INFO0963,43,43,1799393.598071,499.83155501972226,20.826314792488425,43,4,7,13,3,8,True,True,X,C14,U01439,Regular,0.1384,0.1078,0.08602898230045383,0.08602898230045383
CASCADE_INFO0652_01,INFO0652,26,26,1202984.776314,334.16243786499996,13.923434911041666,27,4,8,11,4,7,True,True,Reddit,C25,U04925,Regular,0.3283,0.4757,0.07780647090713372,0.08079902748048502
CASCADE_INFO0287_01,INFO0287,58,58,1441946.923163,400.5408119897222,16.68920049957176,58,5,13,21,8,13,True,True,Facebook,C25,U03425,Regular,0.1777,0.2804,0.14480422035367588,0.14480422035367588
CASCADE_INFO0163_01,INFO0163,9,9,316337.034514,87.87139847611111,3.661308269837963,10,1,1,5,0,0,False,False,Reddit,C03,U08253,Regular,0.0907,0.0514,0.10242240542520507,0.11380267269467231
CASCADE_INFO0574_02,INFO0574,16,16,456283.458539,126.74540514972223,5.281058547905093,17,3,8,7,2,7,True,True,X,C17,U04192,Regular,0.3242,0.1893,0.1262373178822496,0.1341271502498902
CASCADE_INFO0058_01,INFO0058,27,27,522705.985442,145.19610706722221,6.049837794467592,27,5,8,17,8,7,True,True,YouTube,C02,U03977,Active,0.3278,0.6232,0.1859553988420617,0.1859553988420617
CASCADE_INFO0882_01,INFO0882,33,33,1419039.539916,394.1776499766667,16.42406874902778,34,4,7,14,5,6,True,True,Facebook,C01,U04626,Regular,0.0534,0.1066,0.08371859744446046,0.08625552463974714
CASCADE_INFO0145_01,INFO0145,54,54,1308362.851415,363.4341253930555,15.143088558043981,54,5,11,21,9,12,True,True,Instagram,C03,U06353,Regular,0.2788,0.3388,0.14858263500049362,0.14858263500049362
CASCADE_INFO0224_01,INFO0224,34,34,1337167.084888,371.4353013577778,15.476470889907407,34,2,4,6,1,3,True,True,Facebook,C11,U07011,Regular,0.0617,0.3183,0.09153680297945123,0.09153680297945123
CASCADE_INFO0867_01,INFO0867,43,43,1821911.592005,506.0865533347222,21.086939722280093,43,5,7,17,8,7,True,True,Reddit,C22,U00197,Regular,0.2054,0.5073,0.08496570342891543,0.08496570342891543
CASCADE_INFO0363_03,INFO0363,18,18,335814.525111,93.28181253083334,3.886742188784722,18,3,7,14,6,8,True,True,X,C16,U09266,Active,0.4293,0.3063,0.19296366045685795,0.19296366045685795
CASCADE_INFO0543_01,INFO0543,5,5,139220.154927,38.6722652575,1.6113443857291667,6,1,2,2,0,1,False,True,X,C16,U08416,Regular,0.302,0.1656,0.12929162454558601,0.1551499494547032
CASCADE_INFO0363_04,INFO0363,20,20,444573.279855,123.49257773749999,5.145524072395833,20,4,8,15,7,7,True,True,X,C16,U09266,Active,0.4293,0.3063,0.16195305310180405,0.16195305310180405
CASCADE_INFO0363_05,INFO0363,22,22,575683.421264,159.91206146222223,6.663002560925926,23,5,8,13,10,7,True,True,X,C16,U09266,Active,0.4293,0.3063,0.13757561373941327,0.14382905072756844
CASCADE_INFO0543_03,INFO0543,22,22,801482.093763,222.63391493416665,9.276413122256944,23,3,8,9,2,7,True,True,X,C16,U08416,Regular,0.302,0.1656,0.09881693005535769,0.10330860869423758
CASCADE_INFO0195_01,INFO0195,34,34,1436127.481627,398.9243004519445,16.621845852164352,34,4,6,13,5,8,True,True,Instagram,C25,U01075,Active,0.3839,0.8553,0.08522920253662444,0.08522920253662444
CASCADE_INFO0363_06,INFO0363,36,36,421323.348994,117.03426360944445,4.876427650393518,35,4,8,20,5,10,True,True,X,C16,U09266,Active,0.4293,0.3063,0.3076022259612429,0.2990577196845417
CASCADE_INFO0058_02,INFO0058,31,31,593900.342506,164.97231736277777,6.873846556782407,32,5,13,13,8,13,True,True,YouTube,C02,U03977,Active,0.3278,0.6232,0.1879103142609697,0.19397193730164614
CASCADE_INFO0543_02,INFO0543,6,6,145434.628927,40.39850803527778,1.6832711681365742,6,1,1,1,0,0,False,False,X,C16,U08416,Regular,0.302,0.1656,0.1485203363144137,0.1485203363144137
CASCADE_INFO0363_02,INFO0363,17,17,294270.111664,81.74169768444445,3.4059040701851853,18,5,6,10,4,6,True,True,X,C16,U09266,Active,0.4293,0.3063,0.20797219144660758,0.22020584976699625
CASCADE_INFO0379_01,INFO0379,12,12,305087.89487,84.74663746388889,3.531109894328704,12,2,3,4,1,2,True,True,Reddit,C12,U00062,Active,0.2234,0.516,0.141598538409424,0.141598538409424
CASCADE_INFO0650_01,INFO0650,41,41,1491373.905681,414.27052935583333,17.261272056493056,39,3,4,14,2,4,True,True,X,C09,U04859,Regular,0.0412,0.1407,0.09896914478505778,0.09414138162481106
CASCADE_INFO0203_01,INFO0203,16,16,1329137.523509,369.2048676413889,15.383536151724536,17,4,5,10,5,4,True,True,Reddit,C10,U02810,Regular,0.0985,0.1889,0.04333637338590266,0.04604489672252158
CASCADE_INFO0339_04,INFO0339,19,19,318226.128109,88.39614669694444,3.6831727790393516,20,4,6,10,5,6,True,True,YouTube,C21,U03846,Regular,0.324,0.0649,0.2149414958679049,0.22625420617674202
CASCADE_INFO0338_01,INFO0338,28,28,943111.391153,261.97538643138887,10.91564110130787,26,1,6,7,0,6,False,True,YouTube,C08,U00858,Regular,0.2003,0.1345,0.10688026986586076,0.09924596487544214
CASCADE_INFO0824_01,INFO0824,38,38,946519.227798,262.92200772166666,10.955083655069444,38,2,8,9,2,8,True,True,YouTube,C22,U01972,Regular,0.1615,0.2395,0.144529552049623,0.144529552049623
CASCADE_INFO0339_06,INFO0339,35,35,567160.519309,157.54458869694443,6.5643578623726855,36,5,11,21,13,13,True,True,YouTube,C21,U03846,Regular,0.324,0.0649,0.22215932828595353,0.22850673766555218
CASCADE_INFO0058_03,INFO0058,56,56,1365163.532895,379.21209247083334,15.800503852951389,55,4,15,32,11,20,True,True,YouTube,C02,U03977,Active,0.3278,0.6232,0.14767461563559495,0.14503756892781647
CASCADE_INFO0339_02,INFO0339,16,16,164282.932004,45.63414777888889,1.9014228241203703,17,3,8,8,3,8,True,True,YouTube,C21,U03846,Regular,0.324,0.0649,0.35061463353111777,0.3725280481268126
CASCADE_INFO0339_05,INFO0339,22,22,443601.936617,123.2227601713889,5.1342816738078705,21,4,4,14,7,4,True,True,YouTube,C21,U03846,Regular,0.324,0.0649,0.17853844508433744,0.17042306121686757
CASCADE_INFO0203_02,INFO0203,43,43,1330814.537823,369.67070495083334,15.402946039618055,42,5,12,16,5,12,True,True,Reddit,C10,U02810,Regular,0.0985,0.1889,0.1163197392276974,0.11361462901309978
CASCADE_INFO0363_01,INFO0363,16,16,314689.430341,87.41373065027778,3.642238777094908,17,3,7,10,4,7,True,True,X,C16,U09266,Active,0.4293,0.3063,0.1830376061171936,0.19447745649951823
CASCADE_INFO0339_03,INFO0339,17,17,226792.155979,62.99782110527778,2.6249092127199076,18,3,8,11,6,8,True,True,YouTube,C21,U03846,Regular,0.324,0.0649,0.2698506027945114,0.28572416766477676
CASCADE_INFO0599_01,INFO0599,33,33,992292.689105,275.63685808472223,11.484869086863426,33,3,4,9,3,4,True,True,Instagram,C14,U02514,Regular,0.129,0.1222,0.1197227403813202,0.1197227403813202
CASCADE_INFO0655_01,INFO0655,42,42,2476767.513843,687.9909760675,28.666290669479167,41,4,7,14,7,6,True,True,X,C15,U07540,Regular,0.1416,0.2832,0.061047312335502646,0.05959380489894306
CASCADE_INFO0339_01,INFO0339,15,15,310698.458305,86.30512730694444,3.596046971122685,16,4,5,11,5,8,True,True,YouTube,C21,U03846,Regular,0.324,0.0649,0.17380195670939058,0.18538875382334993
CASCADE_INFO0492_01,INFO0492,33,33,1298042.543368,360.5673731577778,15.023640548240742,33,4,4,15,9,3,True,True,Instagram,C20,U09020,Regular,0.1122,0.2539,0.0915224239813839,0.0915224239813839
CASCADE_INFO0906_01,INFO0906,50,50,1087282.035813,302.0227877258333,12.584282821909722,49,4,11,14,6,12,True,True,X,C22,U06597,Regular,0.0366,0.4122,0.1655504221270496,0.16223941368450862
CASCADE_INFO0770_01,INFO0770,32,32,883478.451795,245.41068105416667,10.225445043923612,29,2,3,7,2,2,True,True,Facebook,C09,U00434,Regular,0.2798,0.4289,0.13039367260847545,0.11816926580143089
CASCADE_INFO0312_01,INFO0312,34,34,1326934.037198,368.59278811055555,15.358032837939813,32,3,1,6,3,0,True,False,Instagram,C13,U06688,Active,0.4155,0.7709,0.09224271634365797,0.08681667420579574
CASCADE_INFO0382_02,INFO0382,19,19,421843.563011,117.17876750305555,4.882448645960648,20,3,4,8,3,5,True,True,YouTube,C14,U03339,Regular,0.1284,0.3241,0.16214541597311607,0.17067938523485904
CASCADE_INFO0382_01,INFO0382,16,16,413988.546292,114.99681841444443,4.791534100601852,17,2,2,8,1,1,True,True,YouTube,C14,U03339,Regular,0.1284,0.3241,0.13913428406633452,0.1478301768204804
CASCADE_INFO0021_01,INFO0021,38,38,906857.149641,251.90476378916665,10.496031824548611,37,3,6,9,2,5,True,True,Instagram,C24,U03249,Regular,0.1163,0.159,0.15085066049725185,0.14688090627363995
CASCADE_INFO0196_01,INFO0196,17,17,514444.580649,142.9012724025,5.9542196834375005,17,2,4,5,1,3,True,True,Reddit,C14,U02714,Regular,0.3936,0.1142,0.11896325144059802,0.11896325144059802
CASCADE_INFO0382_03,INFO0382,38,38,1492319.897485,414.5333048569445,17.272221035706018,39,5,13,25,15,18,True,True,YouTube,C14,U03339,Regular,0.1284,0.3241,0.09166935335416247,0.09408170475821938
CASCADE_INFO0588_01,INFO0588,33,33,736186.316202,204.496198945,8.520674956041667,33,1,6,6,0,5,False,True,Facebook,C22,U07097,Regular,0.1161,0.3317,0.16137219258963081,0.16137219258963081
CASCADE_INFO0229_01,INFO0229,38,38,1206290.033529,335.08056486916666,13.961690202881943,36,4,3,13,4,2,True,True,YouTube,C11,U02111,Regular,0.0737,0.0782,0.11340556267367291,0.10743684884874276
CASCADE_INFO0180_02,INFO0180,9,9,173824.952626,48.28470906277778,2.011862877615741,10,1,3,2,0,2,False,True,Reddit,C17,U09267,Regular,0.1097,0.1431,0.18639441294548492,0.20710490327276104
CASCADE_INFO0946_01,INFO0946,55,55,2335009.643118,648.6137897550001,27.025574573125002,53,4,12,25,9,11,True,True,YouTube,C15,U03615,Active,0.3426,0.6512,0.08479622368308738,0.08171272464006603
CASCADE_INFO0623_01,INFO0623,52,52,1885464.167139,523.7400464275,21.822501934479167,49,5,7,18,5,7,True,True,YouTube,C18,U00993,Regular,0.2479,0.182,0.09928589641884149,0.0935578639331391
CASCADE_INFO0196_02,INFO0196,44,44,1676834.366683,465.7873240786111,19.40780516994213,43,5,9,24,9,12,True,True,Reddit,C14,U02714,Regular,0.3936,0.1142,0.09446371278359242,0.09231681022032895
CASCADE_INFO0777_01,INFO0777,40,40,1667782.351655,463.2728754597222,19.303036477488426,40,3,6,10,3,5,True,True,YouTube,C06,U03031,Regular,0.2164,0.1108,0.0863422015811018,0.0863422015811018
CASCADE_INFO0180_03,INFO0180,29,29,703665.705186,195.462695885,8.144278995208333,30,3,8,9,2,7,True,True,Reddit,C17,U09267,Regular,0.1097,0.1431,0.14836590618325493,0.15348197191371202
CASCADE_INFO0662_01,INFO0662,29,29,1468297.648179,407.8604578275,16.9941857428125,30,4,11,13,5,14,True,True,Reddit,C03,U07803,Active,0.2888,0.6577,0.07110274958859882,0.07355456853992981
CASCADE_INFO0662_02,INFO0662,58,58,1634412.169053,454.00338029249997,18.9168075121875,58,5,16,29,10,21,True,True,Reddit,C03,U07803,Active,0.2888,0.6577,0.12775235277462568,0.12775235277462568
CASCADE_INFO0120_01,INFO0120,37,37,1434237.143094,398.399206415,16.59996693395833,37,2,7,11,1,7,True,True,X,C25,U08575,Regular,0.4254,0.5796,0.0928716709376631,0.0928716709376631
CASCADE_INFO0107_01,INFO0107,62,62,2190115.933351,608.3655370419444,25.34856404341435,63,4,15,36,15,23,True,True,Reddit,C20,U00095,Regular,0.4382,0.3404,0.10191241322028624,0.10355616182061345
CASCADE_INFO0340_01,INFO0340,32,32,1504417.91391,417.893864975,17.41224437395833,33,3,4,9,2,3,True,True,X,C12,U02287,Regular,0.164,0.3064,0.0765744670645365,0.07896741916030327
CASCADE_INFO0583_01,INFO0583,7,7,254762.71436,70.76742065555555,2.948642527314815,8,1,1,1,0,0,False,False,Instagram,C20,U08120,Regular,0.1619,0.1727,0.09891557351045646,0.11304636972623595
CASCADE_INFO0550_01,INFO0550,44,44,1619211.291886,449.78091441277775,18.740871433865742,44,3,9,21,4,8,True,True,Facebook,C20,U00470,Active,0.3903,0.474,0.09782540474720955,0.09782540474720955
CASCADE_INFO0583_02,INFO0583,26,26,961190.741618,266.9974282272222,11.124892842800925,25,2,4,7,1,3,True,True,Instagram,C20,U08120,Regular,0.1619,0.1727,0.09737921512065383,0.09363386069293637
CASCADE_INFO0644_01,INFO0644,49,49,1680917.002275,466.9213895208334,19.45505789670139,49,4,10,21,9,11,True,True,Facebook,C13,U04488,Regular,0.319,0.2793,0.10494271862397447,0.10494271862397447
CASCADE_INFO0959_03,INFO0959,34,34,1296209.092107,360.05808114083334,15.002420047534724,35,4,9,18,9,9,True,True,YouTube,C20,U06645,Regular,0.0459,0.1159,0.0944292095660567,0.09720653925917602
CASCADE_INFO0252_02,INFO0252,55,55,2006408.513758,557.3356982661111,23.222320761087964,55,5,14,30,17,18,True,True,Instagram,C18,U09343,Active,0.085,0.4243,0.09868379178133885,0.09868379178133885
CASCADE_INFO0885_02,INFO0885,20,20,573692.014304,159.3588928622222,6.639953869259259,21,3,4,8,2,3,True,True,Instagram,C11,U04386,Regular,0.0574,0.2894,0.1255028799509263,0.13177802394847263
CASCADE_INFO0885_03,INFO0885,42,42,1157070.227923,321.4083966452778,13.392016526886573,42,5,9,22,6,9,True,True,Instagram,C11,U04386,Regular,0.0574,0.2894,0.1306748686044854,0.1306748686044854
CASCADE_INFO0994_02,INFO0994,30,30,1106765.996841,307.43499912249996,12.809791630104165,27,1,6,8,0,5,False,True,YouTube,C11,U09311,Regular,0.0648,0.1443,0.09758160289371041,0.08782344260433937
CASCADE_INFO0885_01,INFO0885,16,16,364211.247658,101.1697910161111,4.215407959004629,16,3,5,9,4,4,True,True,Instagram,C11,U04386,Regular,0.0574,0.2894,0.1581499757912125,0.1581499757912125
CASCADE_INFO0959_01,INFO0959,11,11,400479.326772,111.24425743666667,4.635177393194445,12,1,2,6,0,1,False,True,YouTube,C20,U06645,Regular,0.0459,0.1159,0.0988815086141637,0.10787073666999676
CASCADE_INFO0390_01,INFO0390,39,39,2272144.112625,631.1511423958334,26.297964266493057,40,4,8,13,3,8,True,True,YouTube,C11,U06011,Active,0.3354,0.8163,0.06179185519962304,0.06337626174320311
CASCADE_INFO0675_01,INFO0675,37,37,1256881.140296,349.13365008222223,14.547235420092592,37,1,4,6,0,3,False,True,Facebook,C06,U05231,Regular,0.103,0.1455,0.10597660807340217,0.10597660807340217
CASCADE_INFO0822_01,INFO0822,32,32,1185506.028078,329.30723002166667,13.721134584236111,31,3,3,8,2,3,True,True,YouTube,C03,U08378,Regular,0.3038,0.1525,0.09717369399358335,0.09413701605628387
CASCADE_INFO0128_01,INFO0128,37,37,1244681.858883,345.7449608008333,14.406040033368056,36,5,3,18,8,2,True,True,Facebook,C14,U03589,Active,0.5522,0.5757,0.10701529796500456,0.10412299261459904
CASCADE_INFO0949_01,INFO0949,37,37,1298809.876174,360.78052115944445,15.032521714976854,36,3,4,14,3,3,True,True,X,C12,U03212,Regular,0.2773,0.204,0.10255542588910477,0.09978365762183167
CASCADE_INFO0994_01,INFO0994,9,9,232555.275095,64.59868752638889,2.6916119802662037,9,1,1,2,0,0,False,False,YouTube,C03,U08828,Regular,0.0335,0.1881,0.13932171603832438,0.13932171603832438
CASCADE_INFO0180_01,INFO0180,7,7,681424.727118,189.28464642166668,7.886860267569445,8,2,3,5,1,2,True,True,Reddit,C17,U09267,Regular,0.1097,0.1431,0.03698134070740318,0.04226438937988935
CASCADE_INFO0905_02,INFO0905,33,33,1311589.029461,364.33028596138894,15.180428581724538,34,2,10,12,2,9,True,True,YouTube,C02,U05977,Active,0.2152,0.6648,0.09057715285162234,0.09332191505924725
CASCADE_INFO0615_01,INFO0615,48,48,2256862.278139,626.9061883719444,26.12109118216435,48,4,7,16,3,8,True,True,Facebook,C13,U09563,Regular,0.2117,0.2411,0.07656647978648047,0.07656647978648047
CASCADE_INFO0252_01,INFO0252,24,24,1143326.371105,317.59065864027775,13.232944110011573,24,5,8,17,8,7,True,True,Instagram,C18,U09343,Active,0.085,0.4243,0.07556897329018686,0.07556897329018686
CASCADE_INFO0402_01,INFO0402,5,5,246248.032829,68.40223134138888,2.8500929725578703,6,2,3,3,1,2,True,True,Instagram,C07,U06832,Regular,0.2915,0.2942,0.07309703063699029,0.08771643676438834
CASCADE_INFO0402_03,INFO0402,22,22,1054437.580923,292.8993280341666,12.204138668090277,22,3,5,7,2,4,True,True,Instagram,C07,U06832,Regular,0.2915,0.2942,0.0751111316903865,0.0751111316903865
CASCADE_INFO0024_03,INFO0024,23,23,1018815.904866,283.00441801833335,11.79185075076389,24,3,8,10,3,8,True,True,Instagram,C16,U04566,Active,0.4496,0.4444,0.08127081605669503,0.08480432979829047
CASCADE_INFO0024_01,INFO0024,6,6,242268.31289,67.29675358055556,2.8040313991898147,7,2,2,4,1,1,True,True,Instagram,C16,U04566,Active,0.4496,0.4444,0.08915734683721228,0.10401690464341434
CASCADE_INFO0905_01,INFO0905,11,11,667388.658572,185.38573849222223,7.724405770509259,12,3,1,5,2,0,True,False,YouTube,C02,U05977,Active,0.2152,0.6648,0.05933574011391119,0.06472989830608493
CASCADE_INFO0402_02,INFO0402,6,6,131850.474507,36.625131807500004,1.5260471586458335,7,1,1,0,0,0,False,False,Instagram,C07,U06832,Regular,0.2915,0.2942,0.16382193602840045,0.19112559203313384
CASCADE_INFO0685_01,INFO0685,33,33,813343.418191,225.92872727527777,9.41369696980324,33,4,4,12,3,3,True,True,Instagram,C05,U09955,Regular,0.1177,0.2595,0.1460637626652581,0.1460637626652581
CASCADE_INFO0809_01,INFO0809,35,35,2071333.983448,575.3705509577777,23.973772956574074,33,4,2,12,4,1,True,True,Reddit,C20,U03395,Regular,0.0364,0.293,0.060830363913721396,0.057354343118651605
CASCADE_INFO0460_03,INFO0460,35,35,1257255.957599,349.2377659997222,14.55157358332176,36,4,7,12,5,7,True,True,Instagram,C04,U01579,Regular,0.0339,0.1265,0.10021825646435913,0.10308163522048366
CASCADE_INFO0023_02,INFO0023,21,21,569976.568634,158.32682462055556,6.596951025856482,22,3,7,10,5,8,True,True,YouTube,C04,U01854,Regular,0.2585,0.2132,0.13263703134530982,0.13895308045699126
CASCADE_INFO0460_02,INFO0460,13,13,322902.489961,89.69513610027778,3.737297337511574,13,2,3,4,1,2,True,True,Instagram,C04,U01579,Regular,0.0339,0.1265,0.14493539521993926,0.14493539521993926
CASCADE_INFO0023_01,INFO0023,18,18,284718.677585,79.0885215513889,3.2953550646412038,19,1,5,5,0,4,False,True,YouTube,C04,U01854,Regular,0.2585,0.2132,0.22759307731279618,0.2402371371635071
CASCADE_INFO0460_01,INFO0460,11,11,430718.694574,119.64408182611112,4.985170076087964,12,1,4,5,0,3,False,True,Instagram,C04,U01579,Regular,0.0339,0.1265,0.09193935740162419,0.10029748080177185
CASCADE_INFO0023_03,INFO0023,42,42,1814888.962248,504.1358228466667,21.00565928527778,43,5,14,25,8,18,True,True,YouTube,C04,U01854,Regular,0.2585,0.2132,0.08331088190250335,0.08529447432875342
CASCADE_INFO0789_01,INFO0789,27,27,760112.157667,211.1422660186111,8.797594417442129,27,2,8,7,2,7,True,True,Instagram,C07,U05432,Active,0.5869,0.619,0.12787586544903373,0.12787586544903373
CASCADE_INFO0723_02,INFO0723,35,35,935699.297733,259.9164715925,10.829852983020833,36,5,11,24,12,12,True,True,X,C22,U05222,Active,0.3023,0.1707,0.134658645470047,0.13850603534061978
CASCADE_INFO0471_01,INFO0471,42,42,1597172.866228,443.6591295077778,18.485797062824073,43,4,7,14,5,6,True,True,Instagram,C13,U03438,Regular,0.2166,0.243,0.0946672731531465,0.09692125584726904
CASCADE_INFO0723_03,INFO0723,60,60,1531016.800084,425.2824444677778,17.720101852824072,61,5,16,35,17,23,True,True,X,C22,U05222,Active,0.3023,0.1707,0.14108271051509627,0.1434340890236812
CASCADE_INFO0748_01,INFO0748,31,31,616624.222114,171.2845061427778,7.136854422615741,29,2,3,4,1,2,True,True,X,C14,U06539,Active,0.224,0.6667,0.18098543001991843,0.16930895066379467
CASCADE_INFO0519_01,INFO0519,34,34,1054611.856147,292.94773781861113,12.206155742442132,35,4,6,8,3,6,True,True,X,C02,U03252,Regular,0.1246,0.1972,0.11606165745868395,0.11947523561923348
CASCADE_INFO0723_01,INFO0723,32,32,570969.830929,158.60273081361112,6.608447117233797,32,5,9,18,9,10,True,True,X,C22,U05222,Active,0.3023,0.1707,0.2017619736800509,0.2017619736800509
CASCADE_INFO0024_02,INFO0024,8,8,84380.951344,23.43915315111111,0.9766313812962963,9,1,2,1,0,1,False,True,Instagram,C16,U04566,Active,0.4496,0.4444,0.34130925927333544,0.3839729166825024
CASCADE_INFO0959_02,INFO0959,13,13,990394.793967,275.1096649908333,11.462902707951388,14,3,3,10,5,3,True,True,YouTube,C20,U06645,Regular,0.0459,0.1159,0.047253883284809936,0.05088879738364147
CASCADE_INFO0191_01,INFO0191,34,34,1612008.071217,447.7800197825,18.657500824270834,33,1,7,9,0,6,False,True,Instagram,C09,U05384,Active,0.1628,0.5491,0.07593014091275177,0.07369690147414142
CASCADE_INFO0732_01,INFO0732,40,40,1866016.636604,518.3379546122222,21.59741477550926,39,4,5,18,6,5,True,True,YouTube,C05,U09105,Active,0.4453,0.4922,0.0771697299880822,0.07524048673838016
CASCADE_INFO0617_01,INFO0617,42,42,1739838.144261,483.28837340583334,20.13701555857639,42,3,5,12,2,5,True,True,Reddit,C06,U04056,Regular,0.1723,0.1554,0.08690463564024373,0.08690463564024373
CASCADE_INFO0439_01,INFO0439,49,49,1842290.580378,511.7473834383333,21.32280764326389,49,5,11,23,10,11,True,True,Instagram,C12,U00687,Regular,0.3138,0.2569,0.0957503674386732,0.0957503674386732
CASCADE_INFO0205_02,INFO0205,12,12,391746.279467,108.81841096305556,4.534100456793981,13,3,5,7,2,4,True,True,X,C09,U03934,Active,0.2371,0.7055,0.11027545700951345,0.1194650784269729
CASCADE_INFO0205_01,INFO0205,10,10,445888.897398,123.858027055,5.160751127291666,11,3,3,3,2,2,True,True,X,C09,U03934,Active,0.2371,0.7055,0.08073760125017519,0.08881136137519272
CASCADE_INFO0205_03,INFO0205,32,32,835428.330166,232.06342504611112,9.669309376921296,33,3,11,9,2,11,True,True,X,C09,U03934,Active,0.2371,0.7055,0.13789333667570228,0.14220250344681798
CASCADE_INFO0267_01,INFO0267,37,37,1425789.117135,396.0525325375,16.502188855729166,36,3,5,10,3,6,True,True,X,C10,U07935,Regular,0.2632,0.1053,0.09342195027245957,0.09089703269752823
CASCADE_INFO0461_01,INFO0461,10,10,678946.011185,188.59611421805553,7.858171425752314,11,3,3,6,2,3,True,True,Facebook,C06,U04681,Influential,0.8666,0.7104,0.05302336180923623,0.05832569799015985
CASCADE_INFO0461_02,INFO0461,12,12,319220.786563,88.67244071194445,3.694685029664352,13,4,6,6,5,5,True,True,Facebook,C06,U04681,Influential,0.8666,0.7104,0.1353295330956596,0.14660699418696457
CASCADE_INFO0632_01,INFO0632,37,37,1740704.73793,483.52909386944447,20.14704557789352,38,2,7,11,1,6,True,True,Instagram,C16,U01341,Active,0.2652,0.5048,0.07652073157357973,0.07858885945394675
CASCADE_INFO0450_01,INFO0450,27,27,604232.84345,167.8424565138889,6.993435688078704,27,5,10,13,8,10,True,True,Facebook,C07,U05207,Active,0.2018,0.535,0.1608651384208367,0.1608651384208367
CASCADE_INFO0119_01,INFO0119,36,36,1380526.108043,383.4794744563889,15.97831143568287,34,2,3,11,1,3,True,True,X,C22,U03222,Regular,0.2887,0.3342,0.09387725392873429,0.0886618509326935
CASCADE_INFO0450_02,INFO0450,56,56,2062583.461942,572.9398505394445,23.872493772476854,56,5,14,31,12,18,True,True,Facebook,C07,U05207,Active,0.2018,0.535,0.09774149929922642,0.09774149929922642
CASCADE_INFO0028_01,INFO0028,30,30,1605632.049434,446.00890262055555,18.58370427585648,31,3,4,12,2,4,True,True,Instagram,C08,U09908,Regular,0.1832,0.1996,0.06726323134747528,0.06950533905905779
CASCADE_INFO0200_01,INFO0200,44,44,1762258.372953,489.51621470916666,20.396508946215278,41,5,5,15,8,5,True,True,Facebook,C13,U03013,Regular,0.2151,0.1041,0.08988466301599725,0.08375616326490652
CASCADE_INFO0381_01,INFO0381,28,28,1361973.285193,378.3259125536111,15.763579689733795,25,3,2,6,2,1,True,True,Instagram,C02,U02102,Regular,0.0888,0.0283,0.07401026223925973,0.06608059128505332
CASCADE_INFO0329_01,INFO0329,30,30,1054651.03592,292.9586210888889,12.206609212037037,29,3,2,10,4,1,True,True,Reddit,C05,U00705,Regular,0.1191,0.5171,0.10240354043343707,0.09899008908565582
CASCADE_INFO0461_03,INFO0461,32,32,1357227.91776,377.0077549333334,15.708656455555557,33,5,7,15,8,7,True,True,Facebook,C06,U04681,Influential,0.8666,0.7104,0.08487889063623794,0.08753135596862038
CASCADE_INFO0186_01,INFO0186,38,38,2008187.163216,557.8297675599999,23.242906981666668,38,2,8,12,2,7,True,True,YouTube,C03,U08828,Regular,0.0335,0.1881,0.06812114055192069,0.06812114055192069
CASCADE_INFO0478_01,INFO0478,39,39,2432261.195583,675.6281098841666,28.15117124517361,39,4,6,13,3,7,True,True,X,C17,U02367,Regular,0.2487,0.1596,0.057724063622347464,0.057724063622347464
CASCADE_INFO0904_02,INFO0904,9,9,107664.707059,29.906863071944443,1.2461192946643518,10,1,3,2,0,2,False,True,Instagram,C22,U09497,Active,0.2831,0.7534,0.30093426978113524,0.33437141086792804
CASCADE_INFO0446_03,INFO0446,44,44,1299925.389859,361.09038607194447,15.045432752997685,44,5,9,21,7,10,True,True,X,C10,U01085,Regular,0.3028,0.1777,0.12185314729269292,0.12185314729269292
CASCADE_INFO0446_02,INFO0446,21,21,452401.518129,125.66708836916666,5.236128682048611,22,4,5,8,4,5,True,True,X,C10,U01085,Regular,0.3028,0.1777,0.16710819254687612,0.1750657255252988
CASCADE_INFO0446_01,INFO0446,17,17,523404.464637,145.39012906583332,6.057922044409723,18,4,8,8,5,9,True,True,X,C10,U01085,Regular,0.3028,0.1777,0.11692678250737587,0.12380482853722151
CASCADE_INFO0138_03,INFO0138,30,30,1352632.296521,375.73119347805556,15.655466394918983,29,4,3,11,4,2,True,True,X,C04,U09529,Active,0.3225,0.3791,0.07984431561909203,0.07718283843178896
CASCADE_INFO0306_01,INFO0306,14,14,302840.250644,84.12229184555557,3.505095493564815,15,2,2,4,1,2,True,True,YouTube,C07,U07707,Regular,0.2251,0.0658,0.16642437685486886,0.17831183234450235
CASCADE_INFO0306_02,INFO0306,38,38,1012198.225831,281.16617384194444,11.715257243414353,39,5,8,19,11,9,True,True,YouTube,C07,U07707,Regular,0.2251,0.0658,0.13515139278938096,0.1387080083891015
CASCADE_INFO0800_01,INFO0800,8,8,174149.33463,48.374815175,2.0156172989583334,9,2,2,3,1,1,True,True,X,C06,U06331,Regular,0.0904,0.1446,0.16537530884736862,0.1860472224532897
CASCADE_INFO0800_03,INFO0800,29,29,1410448.021766,391.79111715722223,16.324629881550926,30,4,8,13,6,8,True,True,X,C06,U06331,Regular,0.0904,0.1446,0.07401903394446424,0.07657141442530783
CASCADE_INFO0800_02,INFO0800,10,10,353385.628049,98.16267445805555,4.0901114357523145,10,2,3,4,1,2,True,True,X,C06,U06331,Regular,0.0904,0.1446,0.10187171504045515,0.10187171504045515
CASCADE_INFO0904_03,INFO0904,33,33,1835564.022554,509.8788951538889,21.24495396474537,34,2,8,14,1,7,True,True,Instagram,C22,U09497,Active,0.2831,0.7534,0.06472125109245817,0.06668250112556297
CASCADE_INFO0138_01,INFO0138,6,6,236420.369353,65.67232482027778,2.736346867511574,6,2,2,2,1,1,True,True,X,C04,U09529,Active,0.3225,0.3791,0.09136268613026728,0.09136268613026728
CASCADE_INFO0374_02,INFO0374,8,8,576494.255799,160.13729327750002,6.672387219895834,8,1,2,4,0,1,False,True,Instagram,C24,U00149,Regular,0.036,0.2075,0.04995713263453813,0.04995713263453813
CASCADE_INFO0470_01,INFO0470,37,37,1484181.659413,412.2726831702778,17.17802846542824,35,3,4,8,3,3,True,True,X,C25,U07525,Regular,0.1342,0.4194,0.08974642635907598,0.08489526817750431
CASCADE_INFO0374_01,INFO0374,6,6,215432.347543,59.84231876194445,2.493429948414352,7,1,1,2,0,0,False,False,Instagram,C24,U00149,Regular,0.036,0.2075,0.10026349453249433,0.11697407695457672
CASCADE_INFO0865_01,INFO0865,39,39,1045145.647481,290.3182354113889,12.096593142141204,36,2,8,6,1,9,True,True,Reddit,C14,U08439,Active,0.5965,0.3596,0.13433534391918553,0.12400185592540204
CASCADE_INFO0678_01,INFO0678,31,31,1456911.347876,404.6975966322222,16.862399859675925,32,3,8,11,4,7,True,True,Facebook,C09,U01309,Active,0.4254,0.38,0.0766004054829412,0.07907138630497157
CASCADE_INFO0138_02,INFO0138,8,8,239888.801205,66.6357781125,2.7764907546875,9,3,2,4,2,1,True,True,X,C04,U09529,Active,0.3225,0.3791,0.12005562517021624,0.13506257831649326
CASCADE_INFO0578_01,INFO0578,30,30,1428554.803121,396.8207786447222,16.53419911019676,29,1,2,8,0,1,False,True,X,C22,U01372,Regular,0.047,0.0431,0.07560087982907597,0.0730808505014401
CASCADE_INFO0374_03,INFO0374,26,26,1046518.41095,290.6995585972222,12.112481608217593,27,2,11,7,1,11,True,True,Instagram,C24,U00149,Regular,0.036,0.2075,0.08943942029173911,0.09287939799526754
CASCADE_INFO0779_01,INFO0779,50,50,1573261.925801,437.01720161138894,18.209050067141206,49,5,8,20,7,8,True,True,Reddit,C23,U06123,Active,0.1815,0.823,0.1144119723792057,0.11212373293162159
CASCADE_INFO0904_01,INFO0904,7,7,146043.269169,40.56757476916667,1.6903156153819445,8,2,2,2,1,1,True,True,Instagram,C22,U09497,Active,0.2831,0.7534,0.17255160161362026,0.19720183041556602
CASCADE_INFO0984_04,INFO0984,41,41,1307225.585896,363.11821830444444,15.129925762685186,41,2,15,24,8,16,True,True,Facebook,C20,U09195,Regular,0.1268,0.3811,0.11291088668436049,0.11291088668436049
CASCADE_INFO0984_01,INFO0984,17,17,239482.274653,66.52285407027777,2.771785586261574,18,2,7,6,4,6,True,True,Facebook,C20,U09195,Regular,0.1268,0.3811,0.2555512723798715,0.2705837001669228
CASCADE_INFO0984_02,INFO0984,19,19,279090.721819,77.52520050527778,3.2302166877199077,20,2,9,10,4,8,True,True,Facebook,C20,U09195,Regular,0.1268,0.3811,0.24508159767618418,0.25798062913282543
CASCADE_INFO0984_03,INFO0984,22,22,690915.788043,191.92105223416667,7.996710509756945,22,2,5,11,3,5,True,True,Facebook,C20,U09195,Regular,0.1268,0.3811,0.11463046780901016,0.11463046780901016
CASCADE_INFO0451_01,INFO0451,8,8,313509.526582,87.08597960611111,3.628582483587963,9,2,2,3,2,1,True,True,Facebook,C13,U06188,Regular,0.122,0.2179,0.0918632371844918,0.10334614183255326
CASCADE_INFO0270_01,INFO0270,54,54,1949251.2785,541.4586884722222,22.560778686342594,53,5,8,20,6,12,True,True,Instagram,C02,U00002,Regular,0.0899,0.3175,0.09973060022799929,0.09788373726081412
CASCADE_INFO0337_01,INFO0337,33,33,1190476.234486,330.68784291277774,13.77866012136574,32,1,5,6,0,5,False,True,Facebook,C04,U06079,Regular,0.0603,0.3001,0.09979199631086554,0.0967679964226575
CASCADE_INFO0262_01,INFO0262,33,33,1075382.722982,298.71742305055557,12.446559293773149,32,4,5,10,4,5,True,True,YouTube,C14,U01589,Active,0.3619,0.4141,0.11047229740735615,0.10712465203137567
CASCADE_INFO0246_02,INFO0246,27,27,666855.056907,185.23751580750002,7.7182298253125,25,4,5,9,4,4,True,True,Instagram,C14,U08464,Regular,0.0306,0.1148,0.14575881069393398,0.13496186175364258
CASCADE_INFO0246_01,INFO0246,8,8,143936.404563,39.98233460083333,1.6659306083680554,9,2,2,2,1,1,True,True,Instagram,C14,U08464,Regular,0.0306,0.1148,0.20008836602135935,0.22509941177402926
CASCADE_INFO0528_01,INFO0528,32,32,1569731.669487,436.0365748575,18.1681906190625,32,3,7,9,2,6,True,True,Facebook,C11,U07861,Regular,0.121,0.1166,0.07338833906412057,0.07338833906412057
CASCADE_INFO0452_02,INFO0452,12,12,351135.9781,97.53777169444444,4.064073820601852,13,1,4,3,0,3,False,True,Instagram,C08,U00233,Regular,0.1893,0.184,0.1230292612957396,0.13328169973705123
CASCADE_INFO0850_01,INFO0850,10,10,471204.901393,130.89025038694444,5.453760432789352,11,2,2,4,1,1,True,True,X,C02,U08852,Regular,0.0885,0.2397,0.07639988441031696,0.08403987285134866
CASCADE_INFO0850_02,INFO0850,12,12,312711.78127,86.86438368611111,3.619349320254629,12,3,4,4,2,3,True,True,X,C02,U08852,Regular,0.0885,0.2397,0.1381463781906588,0.1381463781906588
CASCADE_INFO0850_03,INFO0850,32,32,1367604.835402,379.89023205611113,15.82875966900463,31,4,7,16,6,9,True,True,X,C02,U08852,Regular,0.0885,0.2397,0.08423485865062592,0.08160251931779386
CASCADE_INFO0452_01,INFO0452,9,9,137302.739402,38.13964983388889,1.589152076412037,10,2,2,2,2,1,True,True,Instagram,C08,U00233,Regular,0.1893,0.184,0.23597489854254175,0.2621943317139353
CASCADE_INFO0452_03,INFO0452,33,33,1300012.360628,361.1145446188889,15.04643935912037,33,2,6,11,1,5,True,True,Instagram,C08,U00233,Regular,0.1893,0.184,0.09138374649192643,0.09138374649192643
CASCADE_INFO0529_01,INFO0529,33,33,1145612.438425,318.2256773402778,13.259403222511574,34,2,4,8,1,3,True,True,Facebook,C01,U01951,Regular,0.0942,0.1535,0.10369999138917126,0.1068424153706613
CASCADE_INFO0596_01,INFO0596,32,32,1112024.016742,308.8955602061111,12.870648341921296,31,3,6,7,2,6,True,True,Instagram,C14,U00889,Regular,0.0973,0.1591,0.10359488488163425,0.10035754472908318
CASCADE_INFO0399_02,INFO0399,56,56,2154263.322931,598.4064785919445,24.933603274664353,57,5,11,29,13,15,True,True,Instagram,C10,U09810,Regular,0.2846,0.2686,0.09358187453412682,0.09525297943652195
CASCADE_INFO0399_01,INFO0399,25,25,573150.397442,159.20844373388888,6.6336851555787035,26,4,5,8,5,5,True,True,Instagram,C10,U09810,Regular,0.2846,0.2686,0.15702684740632594,0.16330792130257898
CASCADE_INFO0699_02,INFO0699,44,44,1537681.321932,427.1337005366667,17.79723752236111,45,4,13,14,4,16,True,True,Reddit,C22,U06397,Active,0.3022,0.5533,0.10301224170491993,0.10535342901639538
CASCADE_INFO0386_01,INFO0386,33,33,1810646.17721,502.95727144722224,20.956552976967593,33,3,6,6,3,5,True,True,Facebook,C07,U05132,Regular,0.0868,0.1173,0.06561193539372628,0.06561193539372628
CASCADE_INFO0699_01,INFO0699,17,17,509642.394759,141.5673318775,5.898638828229166,17,4,5,9,5,4,True,True,Reddit,C22,U06397,Active,0.3022,0.5533,0.12008420145058829,0.12008420145058829
CASCADE_INFO0159_01,INFO0159,44,44,1468868.327892,408.01897997000003,17.000790832083336,42,4,6,13,4,5,True,True,Instagram,C08,U07408,Regular,0.0873,0.0356,0.10783812067574684,0.10293638791775836
CASCADE_INFO0515_01,INFO0515,28,28,999774.755832,277.71520995333333,11.571467081388889,29,4,5,13,6,5,True,True,YouTube,C24,U05099,Regular,0.1752,0.5328,0.10082270972736805,0.10442352078905977
CASCADE_INFO0278_02,INFO0278,12,12,1126676.705498,312.9657515272222,13.040239646967592,13,5,4,7,4,3,True,True,Reddit,C23,U09148,Active,0.2516,0.6116,0.03834285362357364,0.04153809142553811
CASCADE_INFO0703_01,INFO0703,30,30,1226019.594948,340.56099859666665,14.190041608194445,26,3,2,9,2,2,True,True,YouTube,C16,U05991,Regular,0.2444,0.2346,0.08808994607021814,0.07634461992752238
CASCADE_INFO0278_01,INFO0278,10,10,359791.182995,99.94199527638888,4.16424980318287,11,4,3,6,3,3,True,True,Reddit,C23,U09148,Active,0.2516,0.6116,0.10005803838861803,0.11006384222747984
CASCADE_INFO0504_02,INFO0504,58,58,2125870.822898,590.5196730272222,24.60498637613426,58,5,14,37,18,19,True,True,YouTube,C04,U04504,Regular,0.5554,0.0785,0.09821857365508342,0.09821857365508342
CASCADE_INFO0751_01,INFO0751,51,51,2038960.825281,566.3780070225,23.5990836259375,50,4,9,25,9,9,True,True,Facebook,C04,U03604,Regular,0.3032,0.1444,0.09004586930928264,0.08828026402870846
CASCADE_INFO0506_01,INFO0506,33,33,1181270.668523,328.1307412563889,13.672114219016205,33,4,8,9,6,7,True,True,X,C06,U05181,Regular,0.1317,0.238,0.10056966888760677,0.10056966888760677
CASCADE_INFO0278_03,INFO0278,33,33,1536153.217756,426.7092271544445,17.779551131435188,34,5,8,18,10,8,True,True,Reddit,C23,U09148,Active,0.2516,0.6116,0.07733603564203188,0.07967955187360862
CASCADE_INFO0504_01,INFO0504,27,27,800848.467492,222.45790763666665,9.26907948486111,28,5,11,14,4,12,True,True,YouTube,C04,U04504,Regular,0.5554,0.0785,0.1213712755228204,0.12586650794959153
CASCADE_INFO0133_01,INFO0133,35,35,1368225.785442,380.06271817833334,15.83594659076389,36,2,6,6,1,6,True,True,Instagram,C12,U07662,Regular,0.2841,0.1348,0.09209006389197394,0.09472120857460176
CASCADE_INFO0464_01,INFO0464,33,33,1208905.92368,335.8072010222222,13.991966709259259,33,4,8,10,6,8,True,True,Reddit,C05,U02605,Regular,0.1324,0.3329,0.0982706740640032,0.0982706740640032
CASCADE_INFO0317_01,INFO0317,10,10,421702.958195,117.13971060972223,4.880821275405093,11,2,3,5,1,2,True,True,X,C16,U03541,Regular,0.1925,0.3194,0.0853681467023364,0.09390496137257005
CASCADE_INFO0317_05,INFO0317,33,33,883575.798292,245.43772174777777,10.22657173949074,34,3,5,20,4,5,True,True,X,C16,U03541,Regular,0.1925,0.3194,0.13445366003646417,0.13852801337090248
CASCADE_INFO0317_04,INFO0317,15,15,672939.027269,186.9275075747222,7.788646148946759,16,2,3,6,1,2,True,True,X,C16,U03541,Regular,0.1925,0.3194,0.08024501152674876,0.08559467896186534
CASCADE_INFO0928_01,INFO0928,31,31,1673091.825513,464.74772930916663,19.364488721215277,32,5,7,12,4,6,True,True,Instagram,C03,U05978,Regular,0.0771,0.5105,0.06670285413998807,0.06885455911224575
CASCADE_INFO0317_03,INFO0317,12,12,472403.275225,131.22313200694444,5.467630500289352,13,3,3,5,2,3,True,True,X,C16,U03541,Regular,0.1925,0.3194,0.09144729146813041,0.0990678990904746
CASCADE_INFO0580_01,INFO0580,36,36,1840512.447478,511.2534576327778,21.30222740136574,35,3,2,9,2,1,True,True,X,C15,U09640,Regular,0.0347,0.1396,0.07041517169720155,0.06845919470561261
CASCADE_INFO0451_02,INFO0451,26,26,1682484.785075,467.35688474305556,19.47320353096065,26,3,6,14,4,7,True,True,Facebook,C13,U06188,Regular,0.122,0.2179,0.05563200382571519,0.05563200382571519
CASCADE_INFO0317_02,INFO0317,10,10,476554.502932,132.37625081444443,5.515677117268519,11,4,4,4,4,3,True,True,X,C16,U03541,Regular,0.1925,0.3194,0.07554225126089487,0.08309647638698435
CASCADE_INFO0744_02,INFO0744,17,17,512599.496894,142.38874913722222,5.932864547384259,18,4,6,8,4,5,True,True,Instagram,C12,U05887,Active,0.477,0.5889,0.11939145545563322,0.12641448224714105
CASCADE_INFO0085_01,INFO0085,38,38,1168914.129762,324.6983693783333,13.52909872409722,38,3,6,12,4,7,True,True,X,C05,U04505,Active,0.4557,0.425,0.11703169336130238,0.11703169336130238
CASCADE_INFO0744_03,INFO0744,37,37,792131.111361,220.0364198225,9.168184159270833,36,4,8,17,5,9,True,True,Instagram,C12,U05887,Active,0.477,0.5889,0.1681539811902381,0.16360927899590735
CASCADE_INFO0965_01,INFO0965,42,42,1513758.102253,420.48836173694446,17.52034840570602,40,3,9,16,3,10,True,True,Facebook,C08,U07083,Active,0.1914,0.7349,0.09988385844142579,0.09512748422992932
CASCADE_INFO0431_01,INFO0431,40,40,2172844.077263,603.5677992397223,25.148658301655093,37,5,7,20,8,6,True,True,Facebook,C07,U08582,Regular,0.2207,0.0406,0.06627258785240958,0.06130214376347886
CASCADE_INFO0941_03,INFO0941,34,34,1174740.881835,326.3169116208333,13.596537984201388,34,3,9,12,3,8,True,True,Reddit,C06,U01081,Regular,0.0726,0.1745,0.10419319008359146,0.10419319008359146
CASCADE_INFO0756_01,INFO0756,30,30,1570703.36504,436.3064902888889,18.17943709537037,30,3,5,8,2,4,True,True,Facebook,C03,U02853,Active,0.451,0.2546,0.06875900466237916,0.06875900466237916
CASCADE_INFO0744_01,INFO0744,14,14,316581.661363,87.93935037861111,3.6641395991087964,15,4,6,10,5,5,True,True,Instagram,C12,U05887,Active,0.477,0.5889,0.15920063020394024,0.17057210378993598
CASCADE_INFO0141_04,INFO0141,41,41,1065494.082864,295.97057857333334,12.332107440555555,40,4,11,26,10,14,True,True,Reddit,C03,U08278,Regular,0.2872,0.0631,0.13852728266989325,0.13514856845843246
CASCADE_INFO0141_02,INFO0141,17,17,465972.347986,129.43676332944446,5.3931984720601855,17,4,4,11,4,4,True,True,Reddit,C03,U08278,Regular,0.2872,0.0631,0.13133826559562012,0.13133826559562012
CASCADE_INFO0141_01,INFO0141,15,15,339380.417628,94.27233823,3.928014092916667,16,3,5,10,3,4,True,True,Reddit,C03,U08278,Regular,0.2872,0.0631,0.15911348208425571,0.1697210475565394
CASCADE_INFO0512_02,INFO0512,18,18,667174.161307,185.3261559186111,7.721923163275463,18,3,5,7,3,4,True,True,Facebook,C06,U02081,Regular,0.0574,0.0557,0.09712606356495616,0.09712606356495616
CASCADE_INFO0941_01,INFO0941,10,10,206891.329951,57.46981387527777,2.394575578136574,11,3,2,4,2,1,True,True,Reddit,C06,U01081,Regular,0.0726,0.1745,0.17400439162204728,0.191404830784252
CASCADE_INFO0512_03,INFO0512,44,44,1028521.473545,285.70040931805556,11.904183721585648,45,4,11,17,7,14,True,True,Facebook,C06,U02081,Regular,0.0574,0.0557,0.15400747974083953,0.15750764973494952
CASCADE_INFO0373_02,INFO0373,35,35,1464383.284745,406.7731346513889,16.94888061047454,35,5,5,11,6,4,True,True,X,C07,U01157,Regular,0.2507,0.1129,0.0860430471397664,0.0860430471397664
CASCADE_INFO0141_03,INFO0141,20,20,762746.51435,211.87403176388887,8.828084656828704,21,4,7,11,5,7,True,True,Reddit,C03,U08278,Regular,0.2872,0.0631,0.09439571160984882,0.09911549719034125
CASCADE_INFO0373_01,INFO0373,12,12,346339.35685,96.20537690277777,4.008557370949074,13,4,2,8,4,1,True,True,X,C07,U01157,Regular,0.2507,0.1129,0.12473315303495806,0.1351275824545379
CASCADE_INFO0512_01,INFO0512,15,15,505130.186328,140.31394064666665,5.8464141936111105,16,2,7,7,2,6,True,True,Facebook,C06,U02081,Regular,0.0574,0.0557,0.10690313400699394,0.11403000960746021
CASCADE_INFO0003_03,INFO0003,42,42,1843637.204038,512.1214455661111,21.33839356525463,42,4,8,20,8,7,True,True,Instagram,C03,U03953,Regular,0.0224,0.2166,0.08201179693533867,0.08201179693533867
CASCADE_INFO0449_03,INFO0449,28,28,684399.738944,190.11103859555556,7.921293274814815,28,3,8,9,4,8,True,True,Instagram,C03,U06378,Active,0.3295,0.7243,0.1472823472369089,0.1472823472369089
CASCADE_INFO0449_02,INFO0449,8,8,407190.143136,113.10837309333334,4.712848878888889,9,2,4,3,1,3,True,True,Instagram,C03,U06378,Active,0.3295,0.7243,0.07072862760919266,0.07956970606034174
CASCADE_INFO0003_02,INFO0003,18,18,819843.637314,227.73434369833333,9.488930987430557,19,5,5,12,6,4,True,True,Instagram,C03,U03953,Regular,0.0224,0.2166,0.07903946197874999,0.08343054319979165
CASCADE_INFO0346_01,INFO0346,37,37,1221459.574753,339.2943263202778,14.13726359667824,32,2,2,9,1,1,True,True,Instagram,C10,U06935,Influential,0.6063,0.7396,0.1090498635838483,0.0943133955319769
CASCADE_INFO0584_01,INFO0584,40,40,1445218.628131,401.4496189252778,16.72706745521991,41,4,6,16,6,6,True,True,Instagram,C09,U03184,Regular,0.3325,0.1263,0.09963890389803867,0.10212987649548964
CASCADE_INFO0396_01,INFO0396,34,34,2114221.310339,587.283697316389,24.470154054849537,31,4,1,8,4,0,True,False,X,C05,U09605,Regular,0.0682,0.187,0.05789365540941125,0.05278539169681614
CASCADE_INFO0111_01,INFO0111,34,34,1562090.526294,433.91403508166667,18.079751461736112,33,4,4,14,6,3,True,True,Reddit,C11,U04611,Regular,0.0666,0.1006,0.07835653436192928,0.07605193041010783
CASCADE_INFO0003_01,INFO0003,15,15,527877.685364,146.6326903788889,6.109695432453704,16,4,3,7,6,3,True,True,Instagram,C03,U03953,Regular,0.0224,0.2166,0.10229642490525831,0.10911618656560886
CASCADE_INFO0204_02,INFO0204,12,12,314656.21,87.40450277777778,3.6418542824074076,13,3,5,4,2,4,True,True,Facebook,C05,U00255,Regular,0.1818,0.0732,0.1372926979575582,0.14873375612068804
CASCADE_INFO0257_01,INFO0257,35,35,1120943.151725,311.3730977013889,12.973879070891204,35,2,5,15,1,4,True,True,Reddit,C18,U06693,Regular,0.1253,0.0417,0.11240534348784842,0.11240534348784842
CASCADE_INFO0086_01,INFO0086,11,11,429389.962661,119.27498962805556,4.969791234502315,11,2,5,3,1,4,True,True,Instagram,C12,U05887,Active,0.477,0.5889,0.09222386046146096,0.09222386046146096
CASCADE_INFO0204_03,INFO0204,33,33,791115.07678,219.75418799444444,9.15642449976852,34,5,8,8,5,8,True,True,Facebook,C05,U00255,Regular,0.1818,0.0732,0.15016778656720875,0.15471832555409387
CASCADE_INFO0942_03,INFO0942,24,24,801675.786523,222.68771847861112,9.278654936608795,25,3,7,11,4,6,True,True,X,C01,U02876,Regular,0.2281,0.1111,0.1077742417227431,0.1122648351278574
CASCADE_INFO0974_01,INFO0974,7,7,325982.221193,90.55061699805555,3.772942374918981,8,2,2,3,1,1,True,True,Reddit,C22,U03022,Influential,0.8483,0.7378,0.07730482940994556,0.0883483764685092
CASCADE_INFO0974_03,INFO0974,11,11,371857.340682,103.293705745,4.303904406041666,11,2,6,4,1,5,True,True,Reddit,C17,U01267,Regular,0.2579,0.2732,0.10649245199078805,0.10649245199078805
CASCADE_INFO0974_02,INFO0974,9,9,438932.746306,121.92576286277777,5.080240119282407,10,3,2,4,2,1,True,True,Reddit,C07,U03682,Active,0.6383,0.529,0.07381540856241445,0.08201712062490495
CASCADE_INFO0942_01,INFO0942,19,19,603652.530179,167.68125838305556,6.986719099293982,19,3,6,10,3,5,True,True,X,C06,U07006,Regular,0.0942,0.2171,0.11331021834650054,0.11331021834650054
CASCADE_INFO0974_04,INFO0974,26,26,1438192.146177,399.4978183825,16.645742432604166,27,3,7,15,4,7,True,True,Reddit,C02,U06927,Active,0.3821,0.5104,0.06508170709234323,0.06758484967281798
CASCADE_INFO0891_01,INFO0891,29,29,1544180.672866,428.9390757961111,17.87246149150463,30,3,5,14,4,4,True,True,X,C17,U05242,Regular,0.1473,0.0685,0.06760866900777456,0.06994000242183575
CASCADE_INFO0449_01,INFO0449,7,7,236121.364385,65.58926788472222,2.732886161863426,8,2,2,4,1,1,True,True,Instagram,C03,U06378,Active,0.3295,0.7243,0.10672477717395772,0.12197117391309453
CASCADE_INFO0788_03,INFO0788,17,17,347043.398357,96.40094398805556,4.0167059995023155,18,5,6,10,4,5,True,True,YouTube,C02,U07627,Regular,0.1938,0.0433,0.17634682085796136,0.18672016326137084
CASCADE_INFO0942_02,INFO0942,21,21,521423.622715,144.83989519861112,6.034995633275463,21,3,5,13,4,5,True,True,X,C23,U09323,Regular,0.0501,0.1429,0.14498767740202956,0.14498767740202956
CASCADE_INFO0942_04,INFO0942,47,47,1159875.438843,322.18762190083334,13.424484245868056,48,4,9,26,15,14,True,True,X,C12,U00412,Regular,0.0552,0.1428,0.1458777333614207,0.14898151492230202
CASCADE_INFO0788_02,INFO0788,16,16,484504.367081,134.58454641138889,5.60768943380787,17,4,5,8,4,4,True,True,YouTube,C02,U07627,Regular,0.1938,0.0433,0.11888437734219715,0.12631465092608446
CASCADE_INFO0979_03,INFO0979,28,28,731400.885751,203.1669127086111,8.465288029525464,27,2,3,6,2,2,True,True,Reddit,C07,U01357,Active,0.4958,0.6299,0.13781771660899603,0.13289565530153188
CASCADE_INFO0271_03,INFO0271,35,35,774440.598206,215.12238839055556,8.963432849606482,34,4,7,11,4,8,True,True,X,C24,U07274,Regular,0.2118,0.0896,0.1626980820632084,0.15804956543283102
CASCADE_INFO0271_02,INFO0271,12,12,218111.820167,60.586616713055555,2.5244423630439816,13,1,5,2,0,4,False,True,X,C24,U07274,Regular,0.2118,0.0896,0.19806354358476944,0.21456883888350023
CASCADE_INFO0776_01,INFO0776,36,36,1467990.118285,407.77503285694445,16.990626369039354,33,2,4,11,1,5,True,True,Facebook,C19,U08194,Regular,0.1366,0.1184,0.08828397302252076,0.08092697527064403
CASCADE_INFO0086_02,INFO0086,35,35,1210909.515473,336.36375429805554,14.015156429085648,36,4,5,13,4,7,True,True,Instagram,C12,U05887,Active,0.477,0.5889,0.10405401757106719,0.10702698950166911
CASCADE_INFO0271_01,INFO0271,9,9,224427.195524,62.34088764555556,2.5975369852314816,10,4,4,5,4,3,True,True,X,C24,U07274,Regular,0.2118,0.0896,0.14436753052298948,0.16040836724776608
CASCADE_INFO0788_01,INFO0788,14,14,373378.177542,103.71616042833334,4.321506684513889,15,5,6,5,4,6,True,True,YouTube,C02,U07627,Regular,0.1938,0.0433,0.13498378596143498,0.14462548495868033
CASCADE_INFO0409_01,INFO0409,44,44,1799028.95073,499.73026409166664,20.822094337152777,45,5,11,20,12,10,True,True,X,C14,U03164,Regular,0.1091,0.2255,0.08804749914431635,0.09004857867032354
CASCADE_INFO0788_05,INFO0788,39,39,1218327.780632,338.42438350888887,14.101015979537037,40,4,12,15,8,14,True,True,YouTube,C02,U07627,Regular,0.1938,0.0433,0.11523992330468602,0.1181947931330113
CASCADE_INFO0443_02,INFO0443,30,30,1057993.605296,293.8871125822222,12.245296357592592,31,5,8,13,6,8,True,True,Facebook,C07,U08857,Regular,0.0306,0.2521,0.1020800120713247,0.10548267914036885
CASCADE_INFO0941_02,INFO0941,13,13,412283.672929,114.52324248027777,4.771801770011574,14,3,5,7,3,4,True,True,Reddit,C06,U01081,Regular,0.0726,0.1745,0.11351407555753366,0.12224592752349779
CASCADE_INFO0979_02,INFO0979,9,9,304660.202119,84.62783392194446,3.5261597467476853,10,2,4,3,1,3,True,True,Reddit,C10,U03160,Regular,0.1479,0.062,0.10634798957871296,0.11816443286523662
CASCADE_INFO0759_01,INFO0759,36,36,1613192.190217,448.1089417269444,18.67120590528935,36,4,9,14,3,9,True,True,Facebook,C12,U09837,Regular,0.0561,0.1088,0.08033760688028545,0.08033760688028545
CASCADE_INFO0368_01,INFO0368,32,32,1528214.923421,424.5041453947222,17.687672724780093,31,4,7,11,4,6,True,True,X,C13,U02613,Active,0.3247,0.5723,0.07538206716508039,0.07302637756617163
CASCADE_INFO0204_01,INFO0204,9,9,156299.601611,43.416556003055554,1.8090231667939813,10,2,1,3,1,0,True,False,Facebook,C05,U00255,Regular,0.1818,0.0732,0.20729419439364563,0.23032688265960624
CASCADE_INFO0826_01,INFO0826,36,36,1775670.955586,493.2419321072222,20.55174717113426,37,2,6,9,4,5,True,True,Instagram,C12,U06862,Regular,0.3351,0.0964,0.07298649538209624,0.07501389803159891
CASCADE_INFO0712_01,INFO0712,39,39,1477729.020627,410.48028350749996,17.10334514614583,40,2,7,13,2,7,True,True,X,C19,U01644,Regular,0.2343,0.2464,0.09501065353675489,0.09744682414026143
CASCADE_INFO0437_01,INFO0437,33,33,1730608.370777,480.72454743805554,20.030189476585647,33,3,4,14,3,3,True,True,YouTube,C22,U08672,Regular,0.0981,0.2937,0.06864638008578554,0.06864638008578554
CASCADE_INFO0788_04,INFO0788,20,20,737849.505501,204.9581959725,8.5399248321875,21,4,7,13,5,6,True,True,YouTube,C02,U07627,Regular,0.1938,0.0433,0.09758087450517702,0.10245991823043588
CASCADE_INFO0575_01,INFO0575,22,22,1086979.150576,301.9386529377778,12.580777205740741,22,5,6,16,8,7,True,True,YouTube,C09,U02959,Regular,0.1631,0.0798,0.07286248311021531,0.07286248311021531
CASCADE_INFO0443_01,INFO0443,9,9,761688.652849,211.58018134694444,8.815840889456018,10,3,4,5,2,3,True,True,Facebook,C07,U08857,Regular,0.0306,0.2521,0.042537065346597853,0.047263405940664284
CASCADE_INFO0194_01,INFO0194,40,40,1815167.171179,504.2131031052778,21.00887929605324,37,4,4,14,5,3,True,True,X,C10,U00510,Regular,0.0187,0.0955,0.07933153611767235,0.07338167090884692
CASCADE_INFO0575_02,INFO0575,54,54,1991223.523623,553.1176454508333,23.046568560451387,52,5,11,29,11,10,True,True,YouTube,C09,U02959,Regular,0.1631,0.0798,0.09762841674665046,0.09401254945973747
CASCADE_INFO0999_03,INFO0999,42,42,1448344.176939,402.3178269275,16.763242788645833,43,1,8,13,0,9,False,True,YouTube,C15,U00815,Regular,0.2849,0.458,0.10439507570607515,0.10688067274669598
CASCADE_INFO0999_01,INFO0999,13,13,455457.795833,126.51605439805554,5.271502266585648,14,1,5,4,0,4,False,True,YouTube,C15,U00815,Regular,0.2849,0.458,0.10275375770966029,0.11065789291809569
CASCADE_INFO0999_02,INFO0999,16,16,589520.707543,163.75575209527778,6.8231563373032404,15,1,5,5,0,5,False,True,YouTube,C15,U00815,Regular,0.2849,0.458,0.09770649149894131,0.09159983578025747
CASCADE_INFO0084_01,INFO0084,35,35,1502365.999968,417.32388887999997,17.38849537,35,3,6,12,5,5,True,True,YouTube,C01,U05576,Regular,0.1722,0.3163,0.08386771266301539,0.08386771266301539
CASCADE_INFO0677_01,INFO0677,28,28,795144.249569,220.87340265805554,9.203058444085649,28,3,6,12,2,5,True,True,X,C09,U01634,Regular,0.0535,0.2044,0.12676945102053827,0.12676945102053827
CASCADE_INFO0042_01,INFO0042,39,39,2581916.637448,717.1990659577777,29.883294414907404,40,5,3,13,7,2,True,True,Reddit,C09,U00534,Regular,0.1515,0.2438,0.05437820801943985,0.05577252104557933
CASCADE_INFO0671_01,INFO0671,41,41,2276247.105682,632.2908626894445,26.345452612060186,40,3,6,16,3,5,True,True,Facebook,C01,U01951,Regular,0.0942,0.1535,0.06484357503698031,0.06326202442632224
CASCADE_INFO0979_01,INFO0979,7,7,319241.067485,88.67807430138889,3.6949197625578702,8,2,3,4,1,2,True,True,Reddit,C04,U05379,Regular,0.1583,0.1313,0.0789372125539082,0.09021395720446652
CASCADE_INFO0496_02,INFO0496,33,33,1705679.08142,473.7997448388889,19.741656034953703,32,5,7,16,6,7,True,True,X,C18,U05468,Regular,0.056,0.2099,0.06964967870808232,0.06753908238359499
CASCADE_INFO0592_01,INFO0592,45,45,2176427.813707,604.5632815852778,25.19013673271991,46,4,6,13,5,5,True,True,Instagram,C17,U00867,Active,0.478,0.6867,0.07443389529380878,0.07608798185589342
CASCADE_INFO0496_01,INFO0496,11,11,421414.342877,117.05953968805555,4.877480820335648,10,3,3,4,2,2,True,True,X,C18,U05468,Regular,0.056,0.2099,0.09396927434802148,0.08542661304365588
CASCADE_INFO0799_01,INFO0799,31,31,1673905.58322,464.9737731166666,19.373907213194443,32,3,3,8,2,2,True,True,YouTube,C03,U06403,Active,0.2282,0.8153,0.0666704270053997,0.06882108594105775
CASCADE_INFO0476_01,INFO0476,35,35,1673822.66555,464.9507404305556,19.372947517939814,35,2,6,9,2,5,True,True,Reddit,C19,U05119,Regular,0.2088,0.4168,0.07527679161794464,0.07527679161794464
CASCADE_INFO0973_01,INFO0973,38,38,1820951.311557,505.81980876583333,21.075825365243055,37,3,3,12,5,2,True,True,Reddit,C03,U03278,Influential,0.9273,0.7317,0.07512556713173703,0.07314857852300712
CASCADE_INFO0618_02,INFO0618,25,25,611469.055601,169.8525154447222,7.077188143530092,25,2,5,5,3,5,True,True,YouTube,C09,U04534,Regular,0.2037,0.3799,0.14718651610512148,0.14718651610512148
CASCADE_INFO0656_01,INFO0656,54,54,2312541.489188,642.3726358855556,26.765526495231484,51,5,9,32,13,10,True,True,Reddit,C21,U06746,Regular,0.2672,0.0207,0.08406335666144499,0.0793931701802536
CASCADE_INFO0693_01,INFO0693,34,34,1774250.217345,492.84728259583335,20.535303441493056,34,3,5,8,4,4,True,True,Instagram,C16,U06366,Regular,0.1642,0.1688,0.06898688742062559,0.06898688742062559
CASCADE_INFO0234_01,INFO0234,39,39,1350625.247836,375.1736799544445,15.632236664768518,40,4,9,14,6,9,True,True,Instagram,C04,U03529,Regular,0.377,0.1774,0.10395185505746453,0.10661728723842516
CASCADE_INFO0812_01,INFO0812,28,28,1105224.618013,307.0068383369445,12.791951597372687,26,1,5,7,0,4,False,True,Facebook,C18,U01693,Regular,0.1512,0.1883,0.09120318020170479,0.08468866733015445
CASCADE_INFO0687_01,INFO0687,42,42,1596125.133312,443.36809258666665,18.473670524444444,41,5,7,19,7,7,True,True,Facebook,C16,U09916,Regular,0.0404,0.2376,0.0947294149088776,0.0924739526491424
CASCADE_INFO0618_01,INFO0618,7,7,305925.058885,84.97918302361111,3.5407992926504632,8,3,3,3,2,2,True,True,YouTube,C09,U04534,Regular,0.2037,0.3799,0.08237311481395483,0.09414070264451982
CASCADE_INFO0094_01,INFO0094,36,36,2181996.052074,606.110014465,25.254583936041666,36,2,8,10,2,8,True,True,YouTube,C14,U04914,Active,0.1867,0.507,0.05939515787703394,0.05939515787703394
CASCADE_INFO0483_01,INFO0483,54,54,2057111.767234,571.4199353427778,23.80916397261574,51,4,9,20,5,12,True,True,X,C12,U00912,Active,0.5024,0.696,0.09450142821427295,0.08925134886903556
CASCADE_INFO0316_01,INFO0316,35,35,2110379.016525,586.2163934791666,24.425683061631943,33,4,3,11,3,2,True,True,Reddit,C03,U06128,Regular,0.1952,0.1268,0.05970491509504989,0.056293205661047035
CASCADE_INFO0489_03,INFO0489,26,26,595425.921975,165.3960894375,6.891503726562499,26,2,5,5,1,5,True,True,Reddit,C21,U08096,Regular,0.1763,0.0209,0.15719839621616266,0.15719839621616266
CASCADE_INFO0489_02,INFO0489,9,9,138388.176477,38.4411601325,1.6017150055208333,10,1,4,1,0,3,False,True,Reddit,C21,U08096,Regular,0.1763,0.0209,0.23412404747875878,0.2601378305319542
CASCADE_INFO0082_02,INFO0082,46,46,1779272.663126,494.2424064238889,20.593433600995372,47,5,8,25,11,8,True,True,Facebook,C13,U02788,Active,0.2043,0.2253,0.09307173848726352,0.09509503715003012
CASCADE_INFO0384_01,INFO0384,32,32,1374113.507848,381.69819662444445,15.904091526018517,31,4,5,12,6,5,True,True,Facebook,C08,U07258,Regular,0.1719,0.0367,0.08383586897447416,0.08121599806902184
CASCADE_INFO0082_01,INFO0082,18,18,445497.796196,123.74938783222223,5.156224493009259,18,2,3,4,1,2,True,True,Facebook,C13,U02788,Active,0.2043,0.2253,0.1454552649941522,0.1454552649941522
CASCADE_INFO0871_02,INFO0871,16,16,497244.066663,138.12335185083333,5.7551396604513885,17,3,6,5,2,5,True,True,Reddit,C09,U09934,Bridge,0.5519,0.5372,0.11583848629216037,0.1230783916854204
CASCADE_INFO0871_03,INFO0871,39,39,1064514.274358,295.6984095438889,12.320767064328702,39,5,12,23,10,12,True,True,Reddit,C09,U09934,Bridge,0.5519,0.5372,0.13189113888085166,0.13189113888085166
CASCADE_INFO0489_01,INFO0489,7,7,110141.207421,30.594779839166666,1.2747824932986112,8,2,4,4,1,3,True,True,Reddit,C21,U08096,Regular,0.1763,0.0209,0.22879720124799777,0.26148251571199743
CASCADE_INFO0735_02,INFO0735,31,31,591051.546469,164.1809851302778,6.840874380428241,32,4,9,24,7,12,True,True,X,C05,U08155,Active,0.5951,0.6595,0.18881601895250819,0.19490685827355686
CASCADE_INFO0735_03,INFO0735,34,34,645160.307933,179.21119664805556,7.467133193668982,35,5,8,21,10,8,True,True,X,C05,U08155,Active,0.5951,0.6595,0.1897202888878143,0.19530029738451474
CASCADE_INFO0735_04,INFO0735,56,56,1293852.230192,359.40339727555556,14.975141553148148,57,5,14,37,14,16,True,True,X,C05,U08155,Active,0.5951,0.6595,0.15581377478484057,0.15859616362028417
CASCADE_INFO0735_01,INFO0735,28,28,512863.142739,142.46198409416667,5.9359160039236105,29,5,10,20,7,9,True,True,X,C05,U08155,Active,0.5951,0.6595,0.19654366165146303,0.20356307813901528
CASCADE_INFO0749_01,INFO0749,39,39,1467370.840204,407.60301116777777,16.98345879865741,40,3,8,11,3,9,True,True,X,C24,U03649,Active,0.6923,0.5188,0.09568133436567475,0.09813470191351255
CASCADE_INFO0364_01,INFO0364,32,32,1263565.605455,350.9904459597222,14.624601914988425,31,3,3,8,2,2,True,True,Facebook,C05,U00655,Regular,0.1455,0.2589,0.09117057278440038,0.08832149238488787
CASCADE_INFO0166_01,INFO0166,11,11,377365.062721,104.82362853361111,4.367651188900463,11,3,3,6,3,2,True,True,Facebook,C24,U04299,Regular,0.0306,0.0585,0.1049381723746847,0.1049381723746847
CASCADE_INFO0166_02,INFO0166,36,36,1047900.918128,291.0835883688889,12.128482848703703,35,4,8,15,3,7,True,True,Facebook,C24,U04299,Regular,0.0306,0.0585,0.12367581491532723,0.12024037561212368
CASCADE_INFO0589_01,INFO0589,29,29,1227027.815405,340.8410598347222,14.201710826446758,30,2,6,7,1,6,True,True,X,C18,U00243,Active,0.4813,0.5075,0.08508364577337729,0.08801756459314893
CASCADE_INFO0172_01,INFO0172,30,30,1323682.325706,367.6895349183333,15.320397288263889,31,3,5,11,4,4,True,True,YouTube,C18,U02618,Regular,0.3193,0.2023,0.08159057343490407,0.08431025921606754
CASCADE_INFO0025_02,INFO0025,30,30,865097.018262,240.30472729500002,10.012696970625,30,4,6,10,3,5,True,True,Instagram,C13,U00088,Active,0.2611,0.7498,0.12484148912797607,0.12484148912797607
CASCADE_INFO0031_07,INFO0031,33,33,1020640.040302,283.51112230611113,11.812963429421297,34,4,12,22,10,15,True,True,Instagram,C16,U04891,Regular,0.0571,0.0628,0.1163975498794344,0.11992474836062939
CASCADE_INFO0031_01,INFO0031,13,13,422922.921194,117.47858922055555,4.894941217523148,14,4,5,7,4,4,True,True,Instagram,C16,U04891,Regular,0.0571,0.0628,0.11065846199083701,0.11917065137474754
CASCADE_INFO0031_06,INFO0031,19,19,274927.49782,76.36874939444444,3.1820312247685183,20,3,5,8,2,5,True,True,Instagram,C16,U04891,Regular,0.0571,0.0628,0.24879286554589283,0.2618872268904135
CASCADE_INFO0761_02,INFO0761,20,20,433803.817271,120.50106035305556,5.020877514710648,21,4,8,10,5,8,True,True,Facebook,C03,U02853,Active,0.451,0.2546,0.16597364323103947,0.17427232539259144
CASCADE_INFO0031_04,INFO0031,15,15,397395.026536,110.38750737111111,4.599479473796297,16,3,7,11,3,6,True,True,Instagram,C16,U04891,Regular,0.0571,0.0628,0.13588494166800585,0.14494393777920625
CASCADE_INFO0031_05,INFO0031,17,17,304726.807434,84.64633539833333,3.5269306415972226,18,4,7,13,6,8,True,True,Instagram,C16,U04891,Regular,0.0571,0.0628,0.2008356288550529,0.21264948937593836
CASCADE_INFO0031_02,INFO0031,14,14,152756.27296,42.432298044444444,1.7680124185185186,15,2,7,4,1,6,True,True,Instagram,C16,U04891,Regular,0.0571,0.0628,0.32993735067886537,0.3535043042987843
CASCADE_INFO0761_03,INFO0761,42,42,984675.940352,273.5210945422222,11.396712272592591,41,5,9,16,6,8,True,True,Facebook,C03,U02853,Active,0.451,0.2546,0.15355305619222231,0.14989703104478844
CASCADE_INFO0031_03,INFO0031,14,14,178204.742528,49.50131736888889,2.0625548903703703,15,3,3,5,2,3,True,True,Instagram,C16,U04891,Regular,0.0571,0.0628,0.28282075597444334,0.3030222385440465
CASCADE_INFO0970_01,INFO0970,15,15,657956.691094,182.7657475261111,7.61523948025463,15,2,4,6,1,3,True,True,Reddit,C13,U00113,Regular,0.2113,0.1888,0.08207227121622995,0.08207227121622995
CASCADE_INFO0743_02,INFO0743,22,22,482922.855365,134.14523760138889,5.589384900057871,23,4,9,12,9,8,True,True,X,C01,U09876,Regular,0.0152,0.2234,0.16400134953260703,0.17145595632954372
CASCADE_INFO0743_04,INFO0743,27,27,300924.316039,83.59008778861111,3.482920324525463,28,4,12,15,9,14,True,True,X,C01,U09876,Regular,0.0152,0.2234,0.32300480492710604,0.3349679458503322
CASCADE_INFO0226_02,INFO0226,33,33,908714.673557,252.42074265472223,10.51753094394676,33,4,5,15,6,5,True,True,Instagram,C09,U06109,Regular,0.2775,0.2176,0.13073410549758022,0.13073410549758022
CASCADE_INFO0871_01,INFO0871,13,13,221380.126517,61.494479588055555,2.562269982835648,14,3,2,5,3,1,True,True,Reddit,C09,U09934,Bridge,0.5519,0.5372,0.21140108977400093,0.2276627120643087
CASCADE_INFO0226_01,INFO0226,11,11,241734.694675,67.14852629861112,2.7978552624421296,12,2,1,3,1,0,True,False,Instagram,C09,U06109,Regular,0.2775,0.2176,0.16381595555921413,0.17870831515550634
CASCADE_INFO0970_02,INFO0970,41,41,1730259.898012,480.6277494477778,20.02615622699074,42,3,8,14,6,10,True,True,Reddit,C11,U08036,Active,0.3674,0.3998,0.08530510368389543,0.08738571596886849
CASCADE_INFO0743_05,INFO0743,44,44,768899.332148,213.5831478188889,8.899297825787038,45,5,9,30,13,15,True,True,X,C01,U09876,Regular,0.0152,0.2234,0.2060087626263027,0.21069077995871865
CASCADE_INFO0567_01,INFO0567,41,41,1690707.231958,469.6408977661111,19.56837074025463,42,3,6,8,4,5,True,True,Instagram,C20,U06220,Regular,0.1109,0.1324,0.08730074445181449,0.08943003090185875
CASCADE_INFO0254_01,INFO0254,33,33,1825630.725214,507.1196458927778,21.12998524553241,32,2,3,9,2,3,True,True,Instagram,C15,U06565,Influential,0.8494,0.8865,0.06507340085770867,0.06310147961959628
CASCADE_INFO0132_01,INFO0132,30,30,1153468.454975,320.4079041597222,13.350329339988425,31,3,8,7,3,8,True,True,YouTube,C17,U02242,Regular,0.1486,0.0639,0.09363064896503023,0.09675167059719791
CASCADE_INFO0743_01,INFO0743,21,21,285765.41892,79.37928303333334,3.307470126388889,22,4,9,14,7,8,True,True,X,C01,U09876,Regular,0.0152,0.2234,0.26455265401152056,0.2771503994406406
CASCADE_INFO0230_03,INFO0230,16,16,326582.33111,90.71731419722224,3.779888091550926,17,2,5,5,1,5,True,True,YouTube,C09,U07434,Active,0.5615,0.6623,0.17637206460076085,0.1873953186383084
CASCADE_INFO0230_01,INFO0230,11,11,167421.970979,46.50610304972222,1.937754293738426,12,2,5,3,1,4,True,True,YouTube,C09,U07434,Active,0.5615,0.6623,0.23652809585527512,0.2580306500239365
CASCADE_INFO0761_01,INFO0761,17,17,519474.433285,144.29845369027777,6.012435570428241,17,4,7,6,3,6,True,True,Facebook,C03,U02853,Active,0.451,0.2546,0.11781138026945738,0.11781138026945738
CASCADE_INFO0230_04,INFO0230,36,36,1143923.620249,317.75656118027774,13.239856715844907,36,5,9,17,8,9,True,True,YouTube,C09,U07434,Active,0.5615,0.6623,0.1132942774376752,0.1132942774376752
CASCADE_INFO0743_03,INFO0743,24,24,364210.851217,101.1696808936111,4.215403370567129,24,4,7,13,7,7,True,True,X,C01,U09876,Regular,0.0152,0.2234,0.23722522190455586,0.23722522190455586
CASCADE_INFO0025_01,INFO0025,9,9,170562.109602,47.37836377833334,1.974098490763889,10,2,2,3,1,2,True,True,Instagram,C13,U00088,Active,0.2611,0.7498,0.18996012699188658,0.21106680776876285
CASCADE_INFO0213_02,INFO0213,22,22,632798.457305,175.7773492513889,7.324056218807871,23,4,7,11,5,6,True,True,Instagram,C08,U09033,Regular,0.2917,0.0198,0.12515833293478892,0.1308473480681884
CASCADE_INFO0213_01,INFO0213,19,19,460135.406067,127.81539057416667,5.325641273923611,18,4,5,9,6,4,True,True,Instagram,C08,U09033,Regular,0.2917,0.0198,0.14865189485123065,0.1408281109116922
CASCADE_INFO0213_03,INFO0213,45,45,1177482.521549,327.0784782080555,13.628269925335648,46,4,13,23,10,14,True,True,Instagram,C08,U09033,Regular,0.2917,0.0198,0.13758166005461042,0.14063903027804622
CASCADE_INFO0874_01,INFO0874,31,31,1492309.188032,414.53033000888894,17.272097083703706,30,4,3,10,3,2,True,True,Instagram,C24,U01849,Regular,0.161,0.1624,0.07478343019999346,0.07237106148386464
CASCADE_INFO0310_01,INFO0310,13,13,150771.238109,41.88089947472222,1.745037478113426,14,2,2,7,2,1,True,True,Facebook,C04,U01204,Regular,0.2179,0.06,0.3104040305496859,0.3342812636688925
CASCADE_INFO0310_03,INFO0310,16,16,271478.340473,75.41065013138889,3.142110422141204,16,3,4,7,2,3,True,True,Facebook,C04,U01204,Regular,0.2179,0.06,0.21217162260400893,0.21217162260400893
CASCADE_INFO0129_03,INFO0129,14,14,419458.377367,116.51621593527777,4.854842330636574,15,5,5,10,4,4,True,True,Reddit,C09,U08209,Active,0.524,0.4629,0.12015494914267295,0.12873744551000674
CASCADE_INFO0539_02,INFO0539,14,14,274141.604802,76.15044577833334,3.1729352407638887,15,4,2,8,4,1,True,True,YouTube,C09,U05659,Regular,0.4331,0.0498,0.1838465928453349,0.19697849233428738
CASCADE_INFO0097_01,INFO0097,33,33,1733867.971541,481.62999209472224,20.067916337280092,33,2,5,11,1,4,True,True,YouTube,C07,U04482,Regular,0.1149,0.1348,0.06851732770310925,0.06851732770310925
CASCADE_INFO0230_02,INFO0230,13,13,166254.079634,46.18168878722222,1.924237032800926,14,3,2,4,3,1,True,True,YouTube,C09,U07434,Active,0.5615,0.6623,0.2814968517044986,0.30315045568176774
CASCADE_INFO0129_04,INFO0129,16,16,302806.365736,84.11287937111112,3.50470330712963,17,4,7,7,3,8,True,True,Reddit,C09,U08209,Active,0.524,0.4629,0.1902205716844745,0.20210935741475416
CASCADE_INFO0539_01,INFO0539,12,12,295889.14143,82.191428175,3.4246428406250002,13,2,3,5,1,2,True,True,YouTube,C09,U05659,Regular,0.4331,0.0498,0.14600062642116268,0.15816734528959292
CASCADE_INFO0539_03,INFO0539,36,36,1100440.343355,305.67787315416666,12.736578048090278,36,4,9,17,5,9,True,True,YouTube,C09,U05659,Regular,0.4331,0.0498,0.11777103664236643,0.11777103664236643
CASCADE_INFO0129_01,INFO0129,11,11,448877.530785,124.68820299583334,5.195341791493056,12,3,6,5,2,5,True,True,Reddit,C09,U08209,Active,0.524,0.4629,0.08822005398832786,0.09624005889635766
CASCADE_INFO0310_02,INFO0310,14,14,420067.467009,116.6854075025,4.861891979270833,14,4,4,8,4,3,True,True,Facebook,C04,U01204,Regular,0.2179,0.06,0.11998072680767771,0.11998072680767771
CASCADE_INFO0327_02,INFO0327,27,27,601954.104395,167.20947344305557,6.967061393460648,27,4,7,16,7,6,True,True,Facebook,C15,U03790,Active,0.2135,0.7205,0.1614741045709653,0.1614741045709653
CASCADE_INFO0129_02,INFO0129,12,12,468941.672122,130.26157558944445,5.427565649560186,13,2,5,6,1,4,True,True,Reddit,C09,U08209,Active,0.524,0.4629,0.09212233113025851,0.09979919205778005
CASCADE_INFO0418_03,INFO0418,27,27,1028514.154378,285.6983762161111,11.904099009004629,28,3,6,13,4,5,True,True,Reddit,C11,U07661,Active,0.3884,0.8373,0.0945052623595465,0.09800545726175193
CASCADE_INFO0333_01,INFO0333,27,27,851970.398176,236.65844393777778,9.860768497407408,28,4,3,9,4,2,True,True,Instagram,C19,U08419,Regular,0.1666,0.2019,0.11408847092351726,0.1183139698466105
CASCADE_INFO0327_03,INFO0327,53,53,1415858.907126,393.29414086833333,16.387255869513886,54,5,15,27,15,17,True,True,Facebook,C15,U03790,Active,0.2135,0.7205,0.13475919036826764,0.13730181660163118
CASCADE_INFO0608_01,INFO0608,27,27,1423439.580124,395.3998833677778,16.474995140324076,25,2,3,4,1,4,True,True,Instagram,C01,U05026,Bridge,0.6841,0.7197,0.06828530087067876,0.06322713043581367
CASCADE_INFO0831_01,INFO0831,34,34,1044327.148514,290.09087458722223,12.087119774467592,33,4,3,8,5,2,True,True,Instagram,C19,U02269,Active,0.5254,0.6996,0.11720465198493223,0.11375745633831656
CASCADE_INFO0923_01,INFO0923,34,34,1901430.45145,528.1751254027778,22.007296891782406,34,3,6,12,4,5,True,True,Facebook,C13,U03063,Regular,0.249,0.244,0.0643725884933944,0.0643725884933944
CASCADE_INFO0313_01,INFO0313,18,18,428805.869674,119.11274157611112,4.96303089900463,19,4,6,10,6,5,True,True,Instagram,C03,U05353,Regular,0.0231,0.0915,0.15111733439951333,0.15951274186615297
CASCADE_INFO0313_02,INFO0313,47,47,2088063.936131,580.017760036389,24.16740666818287,48,5,12,24,13,15,True,True,Instagram,C03,U05353,Regular,0.0231,0.0915,0.08103200149776678,0.08275608663601713
CASCADE_INFO0418_01,INFO0418,7,7,145554.676438,40.43185456611111,1.6846606069212962,8,2,4,3,1,3,True,True,Reddit,C11,U07661,Active,0.3884,0.8373,0.17313081665729999,0.1978637904654857
CASCADE_INFO0129_05,INFO0129,31,31,743468.899028,206.5191386188889,8.60496410912037,32,5,9,19,8,8,True,True,Reddit,C09,U08209,Active,0.524,0.4629,0.1501071532997603,0.15494931953523644
CASCADE_INFO0327_01,INFO0327,24,24,495888.771571,137.74688099194444,5.739453374664352,25,5,9,13,7,9,True,True,Facebook,C15,U03790,Active,0.2135,0.7205,0.17423262020287444,0.18149231271132754
CASCADE_INFO0823_01,INFO0823,9,9,248366.94751,68.99081875277778,2.8746174480324074,9,1,3,3,0,2,False,True,Instagram,C16,U04566,Active,0.4496,0.4444,0.13045214077326242,0.13045214077326242
CASCADE_INFO0310_04,INFO0310,34,34,630115.490435,175.0320806763889,7.293003361516204,35,5,10,12,7,11,True,True,Facebook,C04,U01204,Regular,0.2179,0.06,0.19425010471572632,0.19996334308971828
CASCADE_INFO0825_03,INFO0825,36,36,1683921.351359,467.75593093305554,19.48983045554398,37,5,10,25,9,11,True,True,Facebook,C21,U00096,Regular,0.1675,0.2102,0.07696321440155562,0.07910108146826551
CASCADE_INFO0825_02,INFO0825,16,16,578385.963838,160.66276773277778,6.6942819888657406,16,4,4,10,5,3,True,True,Facebook,C21,U00096,Regular,0.1675,0.2102,0.09958747895226097,0.09958747895226097
CASCADE_INFO0169_01,INFO0169,37,37,1681172.546322,466.9923739783333,19.458015582430555,36,4,8,16,6,8,True,True,X,C15,U06590,Active,0.1423,0.7426,0.07923041587337926,0.07708905328220685
CASCADE_INFO0823_02,INFO0823,30,30,1771540.26842,492.0945190055556,20.503938291898148,31,5,5,13,9,5,True,True,Instagram,C16,U04566,Active,0.4496,0.4444,0.06096389787194787,0.0629960278010128
CASCADE_INFO0912_03,INFO0912,34,34,811580.839599,225.43912211083335,9.393296754618056,35,4,9,14,7,12,True,True,Reddit,C09,U02084,Active,0.5297,0.7997,0.15081676898690402,0.15525255631004825
CASCADE_INFO0912_01,INFO0912,12,12,499960.971175,138.8780475486111,5.786585314525463,13,3,3,8,3,2,True,True,Reddit,C09,U02084,Active,0.5297,0.7997,0.08640674470743602,0.09360730676638902
CASCADE_INFO0418_02,INFO0418,9,9,284064.732709,78.90687019694444,3.2877862582060184,10,2,2,3,1,1,True,True,Reddit,C11,U07661,Active,0.3884,0.8373,0.11405850944964376,0.12673167716627085
CASCADE_INFO0912_02,INFO0912,15,15,293456.077697,81.51557713805556,3.396482380752315,16,3,8,7,2,7,True,True,Reddit,C09,U02084,Active,0.5297,0.7997,0.18401390907894644,0.19628150301754285
CASCADE_INFO0199_01,INFO0199,43,43,2248344.837564,624.5402326566666,26.02250969402778,42,2,6,15,3,5,True,True,Facebook,C10,U08460,Influential,0.8643,0.8695,0.06885064844755763,0.06724947057668419
CASCADE_INFO0170_02,INFO0170,15,15,552596.461508,153.49901708555558,6.395792378564815,16,4,5,9,3,4,True,True,Facebook,C16,U03141,Bridge,0.6125,0.4519,0.09772049544551459,0.10423519514188223
CASCADE_INFO0055_01,INFO0055,31,31,1543235.403055,428.67650084861106,17.86152086869213,30,2,5,13,1,4,True,True,X,C08,U01483,Regular,0.3156,0.0589,0.07231560381460654,0.06998284240123213
CASCADE_INFO0170_03,INFO0170,37,37,925988.579167,257.2190497686111,10.717460407025463,38,3,8,15,3,7,True,True,Facebook,C16,U03141,Bridge,0.6125,0.4519,0.1438462665703976,0.14773400350473267
CASCADE_INFO0048_04,INFO0048,41,41,880451.768864,244.56993579555555,10.190413991481481,42,5,13,26,8,13,True,True,Reddit,C04,U03704,Bridge,0.7533,0.6198,0.167641210137428,0.1717300201407799
CASCADE_INFO0048_02,INFO0048,17,17,343332.927213,95.37025755916667,3.9737607316319448,18,3,7,10,4,7,True,True,Reddit,C04,U03704,Bridge,0.7533,0.6198,0.17825263803501196,0.18873808733118913
CASCADE_INFO0048_01,INFO0048,15,15,362909.920748,100.80831131888888,4.200346304953704,16,3,6,7,3,5,True,True,Reddit,C04,U03704,Bridge,0.7533,0.6198,0.14879725494607493,0.15871707194247991
CASCADE_INFO0625_01,INFO0625,42,42,1423727.93158,395.4799809944445,16.478332541435186,41,3,8,10,6,9,True,True,X,C09,U04084,Regular,0.0112,0.0813,0.10620006578939832,0.10367149279441265
CASCADE_INFO0521_01,INFO0521,53,53,1650997.63458,458.61045405000004,19.108768918750002,54,4,17,16,3,19,True,True,Instagram,C24,U01224,Regular,0.267,0.2895,0.11556648901470892,0.11774698880743928
CASCADE_INFO0825_01,INFO0825,13,13,388305.953588,107.86276488555555,4.4942818702314815,14,3,4,7,4,3,True,True,Facebook,C21,U00096,Regular,0.1675,0.2102,0.12052351906418539,0.12979455899219963
CASCADE_INFO0488_01,INFO0488,32,32,1295734.42291,359.9262285861111,14.996926191087963,33,3,5,7,4,4,True,True,Facebook,C25,U08425,Regular,0.1463,0.476,0.08890710778623934,0.09168545490455932
CASCADE_INFO0048_03,INFO0048,19,19,692358.442705,192.32178964027779,8.01340790167824,20,3,6,11,4,5,True,True,Reddit,C04,U03704,Bridge,0.7533,0.6198,0.09879275788530228,0.10399237672137082
CASCADE_INFO0660_01,INFO0660,32,32,1000867.241593,278.01867822027776,11.584111592511574,31,3,3,10,3,3,True,True,YouTube,C08,U09858,Regular,0.2592,0.111,0.11510018033625061,0.11150329970074278
CASCADE_INFO0802_01,INFO0802,8,8,155950.159407,43.31948872416667,1.8049786968402777,9,1,3,2,0,2,False,True,Instagram,C17,U02017,Regular,0.1881,0.0911,0.1846743864162237,0.20775868471825165
CASCADE_INFO0760_01,INFO0760,33,33,1084053.165309,301.1258792525,12.546911635520834,33,2,3,9,1,3,True,True,X,C13,U07513,Active,0.2702,0.6016,0.10958872110865253,0.10958872110865253
CASCADE_INFO0501_01,INFO0501,26,26,1000742.042908,277.9839008077778,11.582662533657407,27,3,4,5,2,3,True,True,X,C16,U01941,Regular,0.1288,0.2538,0.09353059628434619,0.0971279269106672
CASCADE_INFO0225_01,INFO0225,38,38,1141970.58255,317.21405070833333,13.217252112847222,39,4,5,10,6,4,True,True,YouTube,C17,U08667,Regular,0.3747,0.1239,0.11979292819831491,0.12294537367721793
CASCADE_INFO0211_01,INFO0211,64,64,1952934.269837,542.4817416213889,22.603405900891204,65,5,17,26,10,21,True,True,Instagram,C07,U06682,Regular,0.0511,0.1227,0.11797632084116694,0.11981970085431017
CASCADE_INFO0956_01,INFO0956,29,29,1433070.212218,398.0750589494445,16.586460789560185,30,3,4,9,3,3,True,True,Facebook,C11,U02286,Regular,0.0596,0.3506,0.0728505826929564,0.07536267175133421
CASCADE_INFO0802_02,INFO0802,29,29,1200004.114199,333.33447616638887,13.88893650693287,30,4,3,10,4,2,True,True,Instagram,C17,U02017,Regular,0.1881,0.0911,0.08699970172159516,0.08999969143613291
CASCADE_INFO0059_01,INFO0059,41,41,2081421.59581,578.1726655027778,24.090527729282407,39,3,2,7,2,1,True,True,Reddit,C08,U07883,Regular,0.1953,0.3432,0.07091307224693247,0.06745389799098454
CASCADE_INFO0551_02,INFO0551,41,41,1502877.095868,417.46585996333334,17.394410831805555,41,5,9,24,9,10,True,True,YouTube,C24,U09424,Regular,0.0903,0.1242,0.09821162382859545,0.09821162382859545
CASCADE_INFO0502_01,INFO0502,16,16,672811.392967,186.89205360194444,7.787168900081019,17,3,3,7,3,2,True,True,YouTube,C07,U07882,Regular,0.2869,0.2236,0.08561091652445481,0.09096159880723324
CASCADE_INFO0551_01,INFO0551,16,16,726076.82256,201.68800626666666,8.403666927777778,17,5,4,9,5,3,True,True,YouTube,C24,U09424,Regular,0.0903,0.1242,0.07933044852873013,0.08428860156177577
CASCADE_INFO0170_01,INFO0170,13,13,649475.279878,180.4097999661111,7.5170749985879635,14,3,3,6,2,3,True,True,Facebook,C16,U03141,Bridge,0.6125,0.4519,0.07205816980253829,0.07760110594119507
CASCADE_INFO0266_01,INFO0266,10,10,428675.01409,119.07639280277778,4.961516366782408,9,1,1,2,0,0,False,False,Instagram,C17,U09792,Regular,0.141,0.2102,0.08397970214434244,0.0755817319299082
CASCADE_INFO0435_01,INFO0435,55,55,2038584.008586,566.2733357183333,23.59472232159722,55,4,10,28,8,14,True,True,Reddit,C01,U01126,Regular,0.0778,0.0592,0.09712624015791065,0.09712624015791065
CASCADE_INFO0177_02,INFO0177,33,33,1428288.011436,396.74666984333334,16.53111124347222,32,3,6,12,3,6,True,True,YouTube,C05,U03380,Regular,0.0174,0.0096,0.0831765015520634,0.08065600150503117
CASCADE_INFO0718_04,INFO0718,49,49,1172640.491028,325.73346972999997,13.572227905416666,49,5,15,28,10,22,True,True,Facebook,C15,U05865,Regular,0.1194,0.0469,0.15042973643640623,0.15042973643640623
CASCADE_INFO0348_01,INFO0348,35,35,1534794.817436,426.3318937322222,17.76382890550926,32,5,3,14,5,2,True,True,YouTube,C05,U01230,Active,0.6127,0.5373,0.08209566423379855,0.07505889301375868
CASCADE_INFO0718_03,INFO0718,28,28,684874.631846,190.24295329055556,7.926789720439815,29,4,7,16,6,9,True,True,Facebook,C15,U05865,Regular,0.1194,0.0469,0.14718022147835336,0.1524366579597231
CASCADE_INFO0502_02,INFO0502,43,43,1494866.398228,415.2406661744444,17.301694423935185,42,4,7,18,4,8,True,True,YouTube,C07,U07882,Regular,0.2869,0.2236,0.10355440471703586,0.10114616274687224
CASCADE_INFO0718_02,INFO0718,24,24,901977.043615,250.54917878194445,10.439549115914351,25,4,8,15,4,8,True,True,Facebook,C15,U05865,Regular,0.1194,0.0469,0.09578957758583376,0.0997808099852435
CASCADE_INFO0283_01,INFO0283,42,42,1664196.276023,462.2767433397222,19.261530972488426,41,3,9,9,2,9,True,True,Instagram,C04,U00829,Regular,0.068,0.2874,0.09085466791292733,0.08869146153404811
CASCADE_INFO0366_03,INFO0366,25,25,700257.82092,194.51606136666666,8.104835890277778,25,2,5,8,2,5,True,True,YouTube,C12,U06162,Regular,0.0999,0.0353,0.12852409114368454,0.12852409114368454
CASCADE_INFO0647_01,INFO0647,11,11,301547.756218,83.76326561611111,3.4901360673379633,12,2,2,3,1,1,True,True,Facebook,C25,U06525,Active,0.3616,0.3772,0.13132248270277858,0.143260890221213
CASCADE_INFO0718_01,INFO0718,22,22,488313.782613,135.6427173925,5.651779891354167,23,5,7,12,7,6,True,True,Facebook,C15,U05865,Regular,0.1194,0.0469,0.16219079374781406,0.16956310255453289
CASCADE_INFO0647_03,INFO0647,39,39,1480182.615951,411.16183776416665,17.131743240173613,40,4,9,17,10,9,True,True,Facebook,C25,U06525,Active,0.3616,0.3772,0.0948531610133758,0.0972852933470521
CASCADE_INFO0366_01,INFO0366,6,6,215307.042491,59.807511803055554,2.491979658460648,7,1,2,0,0,1,False,True,YouTube,C12,U06162,Regular,0.0999,0.0353,0.10032184618811481,0.11704215388613394
CASCADE_INFO0075_01,INFO0075,36,36,1185845.624017,329.4015622269444,13.725065092789352,36,3,6,12,3,6,True,True,Instagram,C11,U07236,Regular,0.1834,0.2961,0.10928909916704478,0.10928909916704478
CASCADE_INFO0940_01,INFO0940,49,49,1925319.708893,534.8110302480555,22.283792927002313,50,3,14,17,4,21,True,True,Reddit,C09,U00859,Influential,0.7248,0.8943,0.09162114696339166,0.09349096628917516
CASCADE_INFO0647_02,INFO0647,14,14,856688.340889,237.96898358027778,9.915374315844907,15,3,5,5,2,4,True,True,Facebook,C25,U06525,Active,0.3616,0.3772,0.05883119635747472,0.06303342466872291
CASCADE_INFO0494_01,INFO0494,37,37,1354404.761419,376.22354483861113,15.675981034942131,37,3,5,8,2,4,True,True,Instagram,C24,U01299,Regular,0.2295,0.1911,0.09834578539169289,0.09834578539169289
CASCADE_INFO0177_01,INFO0177,11,11,466037.169108,129.45476919666666,5.3939487165277775,12,2,3,3,1,2,True,True,YouTube,C05,U03380,Regular,0.0174,0.0096,0.08497176325183421,0.09269646900200096
CASCADE_INFO0366_02,INFO0366,8,8,146023.524092,40.562090025555555,1.6900870843981481,9,1,2,6,0,1,False,True,YouTube,C12,U06162,Regular,0.0999,0.0353,0.19722849574466494,0.22188205771274805
CASCADE_INFO0401_02,INFO0401,9,9,259143.092997,71.98419249916667,2.9993413541319445,10,3,2,5,3,1,True,True,Instagram,C08,U00233,Regular,0.1893,0.184,0.12502744960435846,0.1389193884492872
CASCADE_INFO0401_01,INFO0401,8,8,349621.72123,97.11714478611111,4.046547699421296,9,2,4,2,1,3,True,True,Instagram,C08,U00233,Regular,0.1893,0.184,0.08237474462021142,0.09267158769773785
CASCADE_INFO0920_03,INFO0920,48,48,1125075.906775,312.52108521527776,13.021711883969909,49,5,11,30,15,17,True,True,X,C05,U07680,Regular,0.2133,0.1497,0.1535896368942133,0.15678942099617607
CASCADE_INFO0920_01,INFO0920,21,21,550585.225946,152.94034054055555,6.372514189189815,22,4,8,9,6,8,True,True,X,C05,U07680,Regular,0.2133,0.1497,0.13730844279394933,0.14384694006985166
CASCADE_INFO0398_03,INFO0398,16,16,375683.080483,104.35641124527778,4.348183801886575,17,3,4,10,4,3,True,True,Instagram,C02,U04552,Regular,0.0808,0.3712,0.15332071895797408,0.16290326389284746
CASCADE_INFO0398_04,INFO0398,34,34,1376516.5349,382.36570413888893,15.931904339120372,35,4,13,20,7,13,True,True,Instagram,C02,U04552,Regular,0.0808,0.3712,0.08892010876490633,0.09153540608152123
CASCADE_INFO0398_02,INFO0398,13,13,312202.254542,86.7228484838889,3.613452020162037,14,3,6,6,2,6,True,True,Instagram,C02,U04552,Regular,0.0808,0.3712,0.1499028252331345,0.16143381178952945
CASCADE_INFO0726_01,INFO0726,18,18,403048.914712,111.95803186444445,4.6649179943518515,19,2,6,9,3,6,True,True,Instagram,C19,U09119,Regular,0.1918,0.395,0.16077453042220213,0.16970644877899113
CASCADE_INFO0726_02,INFO0726,19,19,546665.915944,151.85164331777779,6.327151804907407,20,4,5,15,10,4,True,True,Instagram,C19,U09119,Regular,0.1918,0.395,0.12512212304636683,0.13170749794354403
CASCADE_INFO0726_04,INFO0726,23,23,500741.721485,139.09492263472222,5.795621776446759,24,5,8,15,11,9,True,True,Instagram,C19,U09119,Regular,0.1918,0.395,0.16535470572423697,0.17254404075572552
CASCADE_INFO0726_03,INFO0726,21,21,675595.98641,187.66555178055555,7.819397990856482,22,4,6,18,9,5,True,True,Instagram,C19,U09119,Regular,0.1918,0.395,0.11190119763991688,0.11722982609896053
CASCADE_INFO0726_05,INFO0726,40,40,672582.874546,186.8285762627778,7.784524010949075,41,5,11,21,16,16,True,True,Instagram,C19,U09119,Regular,0.1918,0.395,0.2141000097530009,0.21945250999682592
CASCADE_INFO0240_04,INFO0240,33,33,784977.89307,218.04941474166665,9.085392280902777,34,4,10,27,14,13,True,True,YouTube,C07,U03107,Regular,0.1103,0.3189,0.15134184166050912,0.15592795807446394
CASCADE_INFO0401_05,INFO0401,29,29,795178.719967,220.88297776861108,9.203457407025462,30,4,6,15,8,5,True,True,Instagram,C08,U00233,Regular,0.1893,0.184,0.13129123979114107,0.13581852392187008
CASCADE_INFO0711_01,INFO0711,32,32,1030969.635658,286.38045434944445,11.932518931226852,31,3,6,10,2,7,True,True,Facebook,C23,U06748,Regular,0.1962,0.0857,0.11173946934574405,0.10824761092868955
CASCADE_INFO0240_05,INFO0240,51,51,972478.237494,270.13284374833336,11.255535156180555,50,5,12,29,15,14,True,True,YouTube,C07,U03107,Regular,0.1103,0.3189,0.18879599863655844,0.18509411631035141
CASCADE_INFO0192_01,INFO0192,29,29,1448633.551609,402.39820878027774,16.766592032511575,30,3,5,8,3,4,True,True,X,C24,U07799,Active,0.5117,0.3585,0.07206791523228406,0.07455301575753523
CASCADE_INFO0240_02,INFO0240,27,27,337650.800868,93.79188913,3.9079953804166667,28,5,10,21,12,9,True,True,YouTube,C07,U03107,Regular,0.1103,0.3189,0.2878713740649442,0.2985332768080902
CASCADE_INFO0401_04,INFO0401,12,12,295307.68941,82.029913725,3.4179130718749997,13,2,6,3,1,5,True,True,Instagram,C08,U00233,Regular,0.1893,0.184,0.14628809729374123,0.15847877206821967
CASCADE_INFO0769_02,INFO0769,17,17,657666.520384,182.6851445511111,7.611881022962963,18,3,4,7,2,3,True,True,Instagram,C17,U04842,Regular,0.3568,0.1346,0.0930562802015015,0.09853017903688394
CASCADE_INFO0553_01,INFO0553,31,31,1354886.335211,376.35731533638887,15.68155480568287,31,4,7,9,3,6,True,True,Instagram,C13,U07413,Influential,0.9356,0.6281,0.08236853313796264,0.08236853313796264
CASCADE_INFO0240_01,INFO0240,26,26,400169.342405,111.15815066805555,4.631589611168981,27,5,7,17,7,10,True,True,YouTube,C07,U03107,Regular,0.1103,0.3189,0.23390097661522033,0.24289716802349803
CASCADE_INFO0920_02,INFO0920,24,24,785024.844185,218.06245671805556,9.085935696585649,25,5,7,16,8,7,True,True,X,C05,U07680,Regular,0.2133,0.1497,0.11006021101115478,0.11464605313661956
CASCADE_INFO0398_01,INFO0398,12,12,110434.035924,30.67612109,1.2781717120833334,13,3,6,6,3,5,True,True,Instagram,C02,U04552,Regular,0.0808,0.3712,0.39118374727995964,0.42378239288662295
CASCADE_INFO0266_02,INFO0266,34,34,1441646.071291,400.45724202527776,16.685718417719904,33,4,10,15,6,10,True,True,Instagram,C17,U09792,Regular,0.141,0.2102,0.08490294701139116,0.08240580151105611
CASCADE_INFO0240_03,INFO0240,29,29,651408.327108,180.94675753,7.539448230416667,29,2,8,16,2,8,True,True,YouTube,C07,U03107,Regular,0.1103,0.3189,0.16026813851688917,0.16026813851688917
CASCADE_INFO0989_01,INFO0989,16,16,455215.801619,126.44883378305555,5.268701407627314,18,2,4,3,0,2,False,True,Facebook,C20,U03995,Regular,0.1587,0.1819,0.12653339316241316,0.14235006730771482
CASCADE_INFO0989_02,INFO0989,46,46,1698057.246035,471.68256834305555,19.653440347627317,46,1,8,15,0,11,False,True,YouTube,C17,U08567,Regular,0.1007,0.208,0.09752321388850672,0.09752321388850672
CASCADE_INFO0769_03,INFO0769,37,37,1273320.870903,353.7002419175,14.737510079895833,38,5,10,23,12,11,True,True,Instagram,C17,U04842,Regular,0.3568,0.1346,0.10460835367093185,0.10743560647284893
CASCADE_INFO0232_01,INFO0232,24,24,875398.441619,243.16623378305556,10.131926407627315,25,4,7,17,7,6,True,True,X,C17,U09667,Active,0.5632,0.3371,0.09869791387817424,0.1028103269564315
CASCADE_INFO0137_01,INFO0137,9,9,259664.743401,72.12909538916666,3.0053789745486115,10,1,2,1,0,2,False,True,X,C14,U05264,Regular,0.0985,0.0574,0.12477627719356846,0.13864030799285385
CASCADE_INFO0401_03,INFO0401,10,10,366608.797727,101.83577714638889,4.243157381099538,11,3,2,6,3,1,True,True,Instagram,C08,U00233,Regular,0.1893,0.184,0.09819731611244056,0.10801704772368462
CASCADE_INFO0232_02,INFO0232,53,53,1411479.152453,392.07754234805554,16.336564264502314,54,5,13,24,7,18,True,True,X,C17,U09667,Active,0.5632,0.3371,0.13517734191710162,0.13772785780232996
CASCADE_INFO0121_03,INFO0121,42,42,1389059.966519,385.84999069972224,16.077082945821758,42,4,9,18,6,10,True,True,Facebook,C15,U03415,Regular,0.3178,0.6489,0.10885059223102433,0.10885059223102433
CASCADE_INFO0334_01,INFO0334,49,49,1721454.78156,478.18188376666666,19.924245156944444,49,5,13,24,11,15,True,True,YouTube,C04,U01979,Regular,0.1489,0.1028,0.10247146883529784,0.10247146883529784
CASCADE_INFO0121_01,INFO0121,13,13,174292.744512,48.41465125333333,2.0172771355555557,13,1,4,5,0,3,False,True,Facebook,C15,U03415,Regular,0.3178,0.6489,0.26851375902671515,0.26851375902671515
CASCADE_INFO0137_02,INFO0137,29,29,1421439.520852,394.84431134777776,16.451846306157407,30,3,6,14,5,5,True,True,X,C14,U05264,Regular,0.0985,0.0574,0.07344667041297925,0.07597931422032338
CASCADE_INFO0769_01,INFO0769,14,14,412899.891582,114.69441432833334,4.778933930347223,15,4,3,9,7,2,True,True,Instagram,C17,U04842,Regular,0.3568,0.1346,0.12206348567178249,0.1307823060769098
CASCADE_INFO0957_01,INFO0957,38,38,1128232.473196,313.39790922111115,13.058246217546298,34,3,7,11,3,7,True,True,X,C15,U07315,Regular,0.2888,0.0957,0.12125160660593277,0.10848827959478195
CASCADE_INFO0106_01,INFO0106,28,28,1190768.521042,330.7690336227778,13.78204306761574,27,3,5,5,2,4,True,True,Instagram,C22,U07597,Active,0.4988,0.2952,0.08465121324486596,0.08162795562897789
CASCADE_INFO0377_02,INFO0377,33,33,1268722.79304,352.42299806666665,14.68429158611111,34,4,9,19,4,10,True,True,Instagram,C01,U07151,Regular,0.2653,0.08,0.09363747593384215,0.09647497520456465
CASCADE_INFO0377_01,INFO0377,10,10,293438.221041,81.51061695583333,3.3962757064930553,10,3,1,5,2,0,True,False,Instagram,C01,U07151,Regular,0.2653,0.08,0.12268340460996041,0.12268340460996041
CASCADE_INFO0121_02,INFO0121,16,16,725658.450588,201.57179183,8.398824659583333,17,3,3,9,2,2,True,True,Facebook,C15,U03415,Regular,0.3178,0.6489,0.07937618579832813,0.08433719741072364
CASCADE_INFO0954_01,INFO0954,38,38,1310913.104551,364.14252904194444,15.172605376747686,39,4,9,12,5,8,True,True,YouTube,C07,U04007,Regular,0.0761,0.2866,0.10435474290788731,0.10710092035283171
CASCADE_INFO0158_01,INFO0158,48,48,2610873.00983,725.2425027305555,30.218437613773148,47,4,11,21,6,11,True,True,Facebook,C08,U04608,Regular,0.275,0.1243,0.06618475864180441,0.0648059095034335
CASCADE_INFO0490_01,INFO0490,37,37,1405199.289959,390.3331360997222,16.26388067082176,38,4,3,17,7,2,True,True,Facebook,C06,U06056,Regular,0.2179,0.3515,0.09479082501093951,0.09735273920042435
CASCADE_INFO0297_01,INFO0297,35,35,1374132.383135,381.70343975972224,15.904309989988427,34,3,2,12,4,1,True,True,Reddit,C23,U00698,Active,0.3437,0.3218,0.09169422214804268,0.08907438722952718
CASCADE_INFO0103_01,INFO0103,54,54,2159014.851831,599.7263477308333,24.988597822118052,52,5,7,24,9,8,True,True,Facebook,C08,U00308,Regular,0.1988,0.0361,0.0900410665703086,0.08670621225288976
CASCADE_INFO0590_01,INFO0590,38,38,1627803.169146,452.167546985,18.84031445770833,37,4,8,11,5,8,True,True,X,C23,U07473,Regular,0.205,0.1245,0.08403964471439741,0.08182807511665012
CASCADE_INFO0261_01,INFO0261,30,30,815547.610821,226.54100300583332,9.439208458576388,28,2,3,9,1,2,True,True,Instagram,C07,U03182,Regular,0.1736,0.0647,0.13242635815127698,0.12359793427452519
CASCADE_INFO0752_01,INFO0752,49,49,1904066.66068,528.9074057444444,22.037808572685186,48,4,7,22,9,7,True,True,X,C22,U07847,Active,0.2079,0.7335,0.09264381528375809,0.09075312517592629
CASCADE_INFO0955_01,INFO0955,16,16,490148.141543,136.15226153972222,5.673010897488426,16,2,7,5,1,7,True,True,YouTube,C23,U03323,Regular,0.1113,0.1534,0.11751549198712373,0.11751549198712373
CASCADE_INFO0971_01,INFO0971,42,42,2601640.672462,722.6779645727778,30.111581857199074,39,2,8,13,1,7,True,True,Reddit,C05,U06055,Regular,0.1369,0.229,0.05811717259821108,0.053965945984053146
CASCADE_INFO0903_01,INFO0903,35,35,909993.622735,252.77600631527778,10.532333596469908,36,3,4,6,2,3,True,True,Instagram,C20,U07695,Influential,0.9646,0.9218,0.13846250880451783,0.1424185804846469
CASCADE_INFO0035_01,INFO0035,35,35,1902093.877468,528.3594104077778,22.01497543365741,35,3,5,13,4,5,True,True,Instagram,C11,U09636,Regular,0.2219,0.1401,0.06624278722127361,0.06624278722127361
CASCADE_INFO0420_01,INFO0420,18,18,516874.866868,143.5763519077778,5.982347996157408,19,4,5,6,5,5,True,True,YouTube,C19,U07019,Regular,0.0845,0.0976,0.12536883519342928,0.13233377048195313
CASCADE_INFO0911_01,INFO0911,9,9,102143.41796,28.373171655555556,1.1822154856481482,10,1,5,4,0,4,False,True,YouTube,C16,U03216,Active,0.1511,0.4731,0.31720105560485595,0.3524456173387288
CASCADE_INFO0083_01,INFO0083,32,32,1585202.290387,440.33396955194445,18.347248731331018,30,4,2,11,4,1,True,True,Instagram,C11,U01561,Regular,0.0617,0.3544,0.07267211301585735,0.06813010595236628
CASCADE_INFO0911_03,INFO0911,33,33,1488626.425699,413.5073404719445,17.229472519664352,34,4,9,15,5,8,True,True,YouTube,C16,U03216,Active,0.1511,0.4731,0.07980511292093731,0.08222344967611724
CASCADE_INFO0420_02,INFO0420,47,47,1647811.945256,457.72554034888884,19.071897514537035,45,4,10,19,4,13,True,True,YouTube,C19,U07019,Regular,0.0845,0.0976,0.10268162000349713,0.09831218936505046
CASCADE_INFO0955_02,INFO0955,42,42,1434974.920417,398.6041445602778,16.60850602334491,42,4,11,12,3,12,True,True,YouTube,C23,U03323,Regular,0.1113,0.1534,0.10536769517620674,0.10536769517620674
CASCADE_INFO0911_02,INFO0911,11,11,464887.268931,129.13535248083335,5.3806396867013895,12,2,3,5,1,2,True,True,YouTube,C16,U03216,Active,0.1511,0.4731,0.08518194118556847,0.09292575402062016
CASCADE_INFO0523_01,INFO0523,59,59,2146518.983854,596.2552732927778,24.843969720532407,58,5,11,30,10,13,True,True,Instagram,C08,U04958,Active,0.2314,0.4745,0.09895090683924126,0.09727377282501684
CASCADE_INFO0495_01,INFO0495,43,43,1532484.324174,425.69009004833333,17.737087085347223,42,2,6,6,2,7,True,True,Reddit,C06,U02956,Regular,0.0289,0.1847,0.10101245249828986,0.09866332569600404
CASCADE_INFO0649_02,INFO0649,24,24,772443.368291,214.56760230305557,8.940316762627315,25,5,8,15,11,8,True,True,Instagram,C23,U09473,Active,0.5409,0.3135,0.11185286008883283,0.11651339592586754
CASCADE_INFO0649_04,INFO0649,48,48,1087590.844753,302.1085679869444,12.587856999456019,49,4,14,31,12,18,True,True,Instagram,C23,U09473,Active,0.5409,0.3135,0.15888327934504098,0.16219334766472934
CASCADE_INFO0649_01,INFO0649,22,22,326664.178175,90.74004949305555,3.7808353955439817,23,2,10,6,1,10,True,True,Instagram,C23,U09473,Active,0.5409,0.3135,0.24245082654141253,0.2534713186569313
CASCADE_INFO0649_03,INFO0649,27,27,564531.874803,156.8144096675,6.533933736145833,28,4,10,15,4,12,True,True,Instagram,C23,U09473,Active,0.5409,0.3135,0.17217805466506045,0.1785550196526553
CASCADE_INFO0568_01,INFO0568,26,26,1142960.191786,317.4889421627778,13.228705923449075,27,3,8,12,5,8,True,True,Instagram,C24,U06249,Active,0.4552,0.3787,0.08189261592194194,0.0850423319189397
CASCADE_INFO0925_02,INFO0925,54,54,1397784.565142,388.27349031722224,16.178062096550928,53,5,10,29,12,11,True,True,YouTube,C05,U08280,Active,0.3553,0.5803,0.13907722609617673,0.13650172190921048
CASCADE_INFO0803_01,INFO0803,42,42,2071221.356487,575.3392656908333,23.97246940378472,42,4,4,12,5,3,True,True,Instagram,C12,U02262,Regular,0.0918,0.2346,0.07300040602924762,0.07300040602924762
CASCADE_INFO0568_02,INFO0568,59,59,1611270.638972,447.5751774922222,18.648965728842594,60,5,12,32,11,11,True,True,Instagram,C24,U06249,Active,0.4552,0.3787,0.13182143015745165,0.13405569168554404
CASCADE_INFO0925_01,INFO0925,22,22,1036251.965009,287.8477680580556,11.993657002418981,23,2,8,13,1,8,True,True,YouTube,C05,U08280,Active,0.3553,0.5803,0.07642928812136161,0.07990334667233259
CASCADE_INFO0549_01,INFO0549,39,39,1934327.330179,537.3131472719444,22.388047802997686,36,2,2,9,1,1,True,True,Facebook,C12,U06637,Active,0.4974,0.3588,0.07258337190893517,0.06700003560824785
CASCADE_INFO0569_01,INFO0569,56,56,2217567.632181,615.9910089391667,25.666292039131942,57,3,8,24,5,10,True,True,Facebook,C22,U09547,Regular,0.0476,0.2177,0.09091041782645626,0.09253381814478584
CASCADE_INFO0968_02,INFO0968,34,34,1575587.458872,437.66318302,18.235965959166666,35,3,10,19,7,9,True,True,YouTube,C19,U03069,Regular,0.0493,0.2357,0.07768530988919461,0.07997017194475917
CASCADE_INFO0187_01,INFO0187,49,49,1603114.870298,445.3096861938889,18.554570258078705,49,5,14,17,8,14,True,True,X,C06,U06331,Regular,0.0904,0.1446,0.11003578300487558,0.11003578300487558
CASCADE_INFO0985_01,INFO0985,5,5,60482.914202,16.800809500555555,0.7000337291898148,5,1,1,0,0,0,False,False,YouTube,C16,U00816,Regular,0.13,0.0529,0.2976047076680837,0.2976047076680837
CASCADE_INFO0465_01,INFO0465,47,47,1836847.847913,510.23551330916666,21.259813054548612,43,5,6,17,5,6,True,True,Reddit,C10,U09935,Active,0.3778,0.4512,0.09211432519696315,0.08427480815892374
CASCADE_INFO0985_03,INFO0985,23,23,773222.607696,214.78405769333335,8.949335737222222,23,2,5,6,2,4,True,True,YouTube,C16,U00816,Regular,0.13,0.0529,0.10708429781524652,0.10708429781524652
CASCADE_INFO0468_01,INFO0468,44,44,1657616.18225,460.4489395138889,19.18537247974537,37,3,6,16,2,5,True,True,Reddit,C10,U07035,Active,0.3511,0.6541,0.09555891266999604,0.08035635838158758
CASCADE_INFO0968_01,INFO0968,11,11,332223.997164,92.28444365666667,3.845185152361111,12,2,5,6,3,4,True,True,YouTube,C19,U03069,Regular,0.0493,0.2357,0.11919668759042636,0.13003275009864693
CASCADE_INFO0188_01,INFO0188,42,42,1655982.614406,459.9951706683333,19.16646544451389,40,3,8,15,3,10,True,True,Instagram,C17,U01867,Active,0.131,0.7034,0.09130530639914682,0.08695743466585411
CASCADE_INFO0985_02,INFO0985,7,7,225629.323786,62.674812162777776,2.611450506782407,8,2,3,2,1,2,True,True,YouTube,C16,U00816,Regular,0.13,0.0529,0.11168761035644972,0.12764298326451395
CASCADE_INFO0648_01,INFO0648,35,35,1194292.086661,331.74780185027777,13.822825077094908,34,3,6,11,4,5,True,True,Reddit,C03,U06503,Regular,0.2907,0.1351,0.10550182941617792,0.10248749143285855
CASCADE_INFO0497_02,INFO0497,11,11,293471.332184,81.51981449555555,3.3966589373148146,12,2,5,4,2,4,True,True,YouTube,C10,U02535,Active,0.2957,0.4394,0.13493651902998036,0.14720347530543312
CASCADE_INFO0497_01,INFO0497,9,9,211681.577748,58.800438263333334,2.4500182609722225,10,3,5,5,3,4,True,True,YouTube,C10,U02535,Active,0.2957,0.4394,0.15306008366288323,0.1700667596254258
CASCADE_INFO0497_04,INFO0497,32,32,1244330.193721,345.64727603361115,14.401969834733798,33,5,11,20,11,10,True,True,YouTube,C10,U02535,Active,0.2957,0.4394,0.09257992820660413,0.09547305096306051
CASCADE_INFO0889_02,INFO0889,8,8,155462.992652,43.18416462555555,1.7993401927314814,9,2,1,2,1,0,True,False,X,C08,U09708,Influential,0.9235,0.7589,0.18525309148311636,0.2084097279185059
CASCADE_INFO0889_01,INFO0889,7,7,455833.150317,126.62031953249999,5.2758466471875,8,1,3,2,0,2,False,True,X,C08,U09708,Influential,0.9235,0.7589,0.055283385998747936,0.06318101256999764
CASCADE_INFO0467_01,INFO0467,30,30,1357694.191123,377.13727531194445,15.714053137997686,29,2,5,7,1,4,True,True,Facebook,C11,U06886,Regular,0.1284,0.3869,0.07954663186020493,0.07689507746486476
CASCADE_INFO0781_02,INFO0781,10,10,185563.615687,51.545448801944445,2.147727033414352,11,2,3,3,1,2,True,True,Facebook,C12,U03012,Regular,0.2048,0.3686,0.19400354895392377,0.21340390384931612
CASCADE_INFO0781_03,INFO0781,30,30,911225.549664,253.11820824,10.546592010000001,28,3,5,14,4,5,True,True,Facebook,C12,U03012,Regular,0.2048,0.3686,0.11852169865059566,0.11062025207388929
CASCADE_INFO0414_01,INFO0414,13,13,402889.714424,111.91380956222223,4.663075398425926,14,3,3,6,3,2,True,True,Facebook,C16,U08616,Regular,0.2419,0.2501,0.1161608210001306,0.1250962687693714
CASCADE_INFO0889_03,INFO0889,28,28,961561.223192,267.10033977555554,11.12918082398148,29,3,4,12,2,3,True,True,X,C08,U09708,Influential,0.9235,0.7589,0.10482951846309295,0.10857342983677484
CASCADE_INFO0497_03,INFO0497,13,13,223236.0035,62.01000097222222,2.5837500405092593,14,2,4,4,1,3,True,True,YouTube,C10,U02535,Active,0.2957,0.4394,0.20964360258312903,0.22577003355106204
CASCADE_INFO0414_02,INFO0414,37,37,799190.625558,221.99739598833335,9.24989149951389,37,4,7,12,5,7,True,True,Facebook,C16,U08616,Regular,0.2419,0.2501,0.16666862165331192,0.16666862165331192
CASCADE_INFO0517_01,INFO0517,17,17,326056.703399,90.57130649972223,3.7738044374884256,18,4,5,12,3,4,True,True,Facebook,C20,U07920,Regular,0.0546,0.0903,0.18769741386089134,0.19873843820564965
CASCADE_INFO0517_02,INFO0517,19,19,426762.248917,118.54506914361112,4.9393778809837965,20,4,6,12,5,5,True,True,Facebook,C20,U07920,Regular,0.0546,0.0903,0.16027659469313313,0.16871220494014014
CASCADE_INFO0189_01,INFO0189,30,30,1032212.281903,286.72563386194446,11.946901410914352,30,4,3,12,5,2,True,True,Facebook,C24,U00849,Regular,0.169,0.2119,0.10462964052403037,0.10462964052403037
CASCADE_INFO0242_01,INFO0242,43,43,1317859.902862,366.07219523944445,15.253008134976852,42,3,5,8,2,4,True,True,X,C20,U04745,Regular,0.0434,0.2032,0.11746316862954886,0.11473146703351285
CASCADE_INFO0517_03,INFO0517,21,21,500604.026014,139.05667389277778,5.794028078865741,22,4,9,10,5,8,True,True,Facebook,C20,U07920,Regular,0.0546,0.0903,0.1510175629268426,0.15820887544716844
CASCADE_INFO0190_01,INFO0190,12,12,211665.899492,58.79608319222222,2.449836799675926,13,3,6,4,2,5,True,True,Instagram,C01,U02326,Regular,0.2557,0.1322,0.20409522792136275,0.22110316358147633
CASCADE_INFO0190_04,INFO0190,17,17,445716.718081,123.81019946694445,5.158758311122686,18,4,5,8,3,4,True,True,Instagram,C01,U02326,Regular,0.2557,0.1322,0.13730694299171012,0.14538382199122246
CASCADE_INFO0517_04,INFO0517,41,41,1333953.762584,370.54271182888886,15.439279659537036,42,5,13,27,11,12,True,True,Facebook,C20,U07920,Regular,0.0546,0.0903,0.11064851281957798,0.11334725703468965
CASCADE_INFO0190_05,INFO0190,36,36,800612.705301,222.39241813916667,9.266350755798612,35,3,6,15,5,6,True,True,Instagram,C01,U02326,Regular,0.2557,0.1322,0.16187602212892102,0.15737946595867322
CASCADE_INFO0682_02,INFO0682,30,30,1131711.982778,314.36443966055555,13.098518319189814,31,3,4,13,5,3,True,True,Reddit,C08,U08533,Regular,0.0802,0.1138,0.09543064104958374,0.09861166241790319
CASCADE_INFO0190_03,INFO0190,14,14,284638.215256,79.06617090444445,3.294423787685185,15,5,4,8,5,3,True,True,Instagram,C01,U02326,Regular,0.2557,0.1322,0.1770668775261638,0.1897145116351755
CASCADE_INFO0832_03,INFO0832,10,10,216379.116205,60.10531005694445,2.5043879190393517,11,2,4,3,1,3,True,True,YouTube,C12,U07162,Regular,0.1338,0.1033,0.16637465126668322,0.18301211639335155
CASCADE_INFO0593_03,INFO0593,39,39,990753.533944,275.20931498444446,11.46705479101852,37,5,6,16,6,5,True,True,Reddit,C10,U07010,Active,0.2614,0.3935,0.14171031966052594,0.13444312378049897
CASCADE_INFO0864_01,INFO0864,51,51,1390031.245261,386.11979035027775,16.088324597928242,50,3,8,11,3,9,True,True,YouTube,C04,U03129,Regular,0.1654,0.2865,0.13208336188552816,0.12949349204463545
CASCADE_INFO0832_04,INFO0832,13,13,335560.258724,93.2111829788889,3.8837992907870373,13,1,5,6,0,4,False,True,YouTube,C12,U07162,Regular,0.1338,0.1033,0.13946824387953888,0.13946824387953888
CASCADE_INFO0593_02,INFO0593,17,17,399658.66985,111.01629718055555,4.625679049189815,18,3,3,8,4,3,True,True,Reddit,C10,U07010,Active,0.2614,0.3935,0.15313067028664634,0.16213835677409613
CASCADE_INFO0454_01,INFO0454,32,32,1350512.567397,375.1423798325,15.630932493020834,29,2,7,4,1,7,True,True,Facebook,C12,U08987,Regular,0.423,0.3143,0.08530094630814014,0.077303982591752
CASCADE_INFO0781_01,INFO0781,8,8,181077.016463,50.29917123972223,2.095798801655093,9,3,3,4,2,2,True,True,Facebook,C12,U03012,Regular,0.2048,0.3686,0.15904834618193958,0.17892938945468204
CASCADE_INFO0303_01,INFO0303,33,33,1503089.744801,417.5249291113889,17.39687204630787,33,3,5,13,2,4,True,True,YouTube,C18,U06543,Regular,0.1297,0.466,0.07903719682135707,0.07903719682135707
CASCADE_INFO0832_01,INFO0832,8,8,399801.634841,111.05600967805556,4.627333736585649,9,4,2,6,3,1,True,True,YouTube,C12,U07162,Regular,0.1338,0.1033,0.07203572344433679,0.08104018887487889
CASCADE_INFO0832_02,INFO0832,9,9,305289.570453,84.80265845916668,3.533444102465278,10,3,4,5,2,4,True,True,YouTube,C12,U07162,Regular,0.1338,0.1033,0.10612874836151026,0.11792083151278918
CASCADE_INFO0902_01,INFO0902,28,28,1506984.549421,418.6068192836111,17.441950803483795,29,2,5,8,1,4,True,True,Reddit,C25,U00850,Regular,0.2071,0.0687,0.06688854244638968,0.06927741896233218
CASCADE_INFO0832_05,INFO0832,31,31,1809320.479515,502.5890220875,20.941209253645834,32,5,7,16,8,8,True,True,YouTube,C12,U07162,Regular,0.1338,0.1033,0.0616806150505272,0.06367031231022163
CASCADE_INFO0190_02,INFO0190,13,13,463384.320922,128.71786692277777,5.3632444551157405,14,5,2,7,4,1,True,True,Instagram,C01,U02326,Regular,0.2557,0.1322,0.10099608011527368,0.10876500935491011
CASCADE_INFO0108_01,INFO0108,35,35,1259241.672937,349.7893535936111,14.574556399733796,35,3,7,9,4,6,True,True,X,C03,U02353,Active,0.4579,0.717,0.10006022093131903,0.10006022093131903
CASCADE_INFO0794_01,INFO0794,40,40,1880789.314098,522.4414761383333,21.768394839097223,37,2,5,10,2,4,True,True,Instagram,C08,U00958,Regular,0.1303,0.1783,0.07656359961246396,0.07082132964152917
CASCADE_INFO0797_01,INFO0797,37,37,1631730.502244,453.25847284555556,18.88576970189815,36,4,8,11,4,7,True,True,YouTube,C20,U08970,Regular,0.1922,0.0391,0.0816311270867461,0.07942488040872593
CASCADE_INFO0682_01,INFO0682,10,10,150916.234581,41.9211762725,1.7467156780208333,11,2,5,2,1,4,True,True,Reddit,C08,U08533,Regular,0.0802,0.1138,0.23854292482150438,0.2623972173036548
CASCADE_INFO0393_01,INFO0393,19,19,506256.340268,140.62676118555555,5.859448382731482,19,4,5,8,4,4,True,True,X,C03,U03128,Regular,0.2666,0.1623,0.1351094190026157,0.1351094190026157
CASCADE_INFO0997_01,INFO0997,43,43,1166092.051871,323.9144588530556,13.496435785543982,40,1,8,6,0,7,False,True,YouTube,C19,U05544,Regular,0.3345,0.3034,0.13275109778136526,0.12348939328499095
CASCADE_INFO0737_01,INFO0737,27,27,1182783.039855,328.5508444041667,13.689618516840278,27,4,5,7,5,5,True,True,Facebook,C20,U01595,Regular,0.1215,0.0913,0.08217906135339577,0.08217906135339577
CASCADE_INFO0702_01,INFO0702,36,36,952574.123805,264.6039232791667,11.025163469965278,37,2,5,8,1,5,True,True,YouTube,C22,U07397,Active,0.2842,0.4114,0.13605240449144324,0.1398316379495389
CASCADE_INFO0249_02,INFO0249,10,10,374657.192004,104.07144222333334,4.336310092638889,11,2,3,4,1,2,True,True,YouTube,C18,U02618,Regular,0.3193,0.2023,0.09608783914553987,0.10569662306009386
CASCADE_INFO0545_05,INFO0545,31,31,689355.009714,191.48750269833334,7.97864594576389,31,5,7,13,8,8,True,True,YouTube,C13,U04913,Active,0.4145,0.5153,0.16189046054267547,0.16189046054267547
CASCADE_INFO0545_03,INFO0545,13,13,271618.399372,75.44955538111111,3.143731474212963,12,3,2,4,4,1,True,True,YouTube,C13,U04913,Active,0.4145,0.5153,0.17230055146560302,0.15904666289132585
CASCADE_INFO0545_04,INFO0545,16,16,537212.57769,149.225716025,6.217738167708332,17,5,4,11,7,4,True,True,YouTube,C13,U04913,Active,0.4145,0.5153,0.1072201254998133,0.11392138334355163
CASCADE_INFO0545_01,INFO0545,11,11,275775.009112,76.60416919777778,3.191840383240741,12,3,5,6,3,4,True,True,YouTube,C13,U04913,Active,0.4145,0.5153,0.14359531752899815,0.15664943730436162
CASCADE_INFO0074_01,INFO0074,32,32,1235277.675487,343.13268763527776,14.297195318136575,32,3,3,12,3,3,True,True,Facebook,C22,U01722,Influential,0.8901,0.7386,0.0932583841560831,0.0932583841560831
CASCADE_INFO0249_03,INFO0249,32,32,1643434.810229,456.50966950805554,19.021236229502314,33,2,5,14,1,4,True,True,YouTube,C18,U02618,Regular,0.3193,0.2023,0.07009709133759176,0.0722876254418915
CASCADE_INFO0681_01,INFO0681,16,16,405508.305008,112.64119583555555,4.693383159814815,17,4,3,8,3,3,True,True,Instagram,C22,U04972,Regular,0.2357,0.2092,0.14204394654472896,0.15092169320377452
CASCADE_INFO0681_03,INFO0681,21,21,526459.004348,146.2386123188889,6.093275513287038,21,3,8,7,3,7,True,True,Instagram,C22,U04972,Regular,0.2357,0.2092,0.14360092500199098,0.14360092500199098
CASCADE_INFO0393_02,INFO0393,48,48,1531150.66042,425.31962789444447,17.721651162268518,48,5,12,20,6,13,True,True,X,C03,U03128,Regular,0.2666,0.1623,0.11285630112493329,0.11285630112493329
CASCADE_INFO0681_02,INFO0681,18,18,382930.993776,106.36972049333333,4.432071687222222,19,3,10,7,4,10,True,True,Instagram,C22,U04972,Regular,0.2357,0.2092,0.1692210895781017,0.17862226122132957
CASCADE_INFO0792_01,INFO0792,10,10,330880.27014,91.91118614999999,3.8296327562499997,10,2,2,4,1,1,True,True,Instagram,C11,U01711,Regular,0.1827,0.2819,0.10880068486636543,0.10880068486636543
CASCADE_INFO0281_01,INFO0281,33,33,1242361.533783,345.10042605083333,14.379184418784721,33,2,5,7,1,4,True,True,Reddit,C18,U05993,Regular,0.0936,0.2611,0.09562433862408241,0.09562433862408241
CASCADE_INFO0249_01,INFO0249,8,8,152025.368019,42.229268894166665,1.7595528705902777,9,2,3,3,1,2,True,True,YouTube,C18,U02618,Regular,0.3193,0.2023,0.18944206730287672,0.2131223257157363
CASCADE_INFO0792_04,INFO0792,15,15,238470.920784,66.24192244,2.7600801016666665,14,2,5,7,1,4,True,True,Instagram,C11,U01711,Regular,0.1827,0.2819,0.22644270346451015,0.2113465232335428
CASCADE_INFO0792_02,INFO0792,11,11,158154.689394,43.931858164999994,1.830494090208333,12,2,4,2,2,4,True,True,Instagram,C11,U01711,Regular,0.1827,0.2819,0.2503877700480143,0.27315029459783385
CASCADE_INFO0627_01,INFO0627,12,12,253915.605577,70.53211266027778,2.938838027511574,11,1,2,4,0,1,False,True,Reddit,C16,U07116,Regular,0.2373,0.144,0.17013526955868644,0.1559573304287959
CASCADE_INFO0545_02,INFO0545,12,12,410829.706118,114.11936281055554,4.754973450439815,13,4,4,10,7,3,True,True,YouTube,C13,U04913,Active,0.4145,0.5153,0.10515305820556205,0.11391581305602555
CASCADE_INFO0356_01,INFO0356,35,35,1832512.48033,509.0312445361111,21.20963518900463,34,1,5,10,0,4,False,True,Instagram,C09,U08109,Regular,0.4634,0.0884,0.06875805832291512,0.06679354237083183
CASCADE_INFO0792_03,INFO0792,12,12,313380.972376,87.05027010444445,3.6270945876851854,13,3,7,8,2,6,True,True,Instagram,C11,U01711,Regular,0.1827,0.2819,0.1378513815706969,0.1493389967015883
CASCADE_INFO0593_01,INFO0593,14,14,317521.963245,88.20054534583333,3.6750227227430554,14,2,5,9,2,4,True,True,Reddit,C10,U07010,Active,0.2614,0.3935,0.15872917729823732,0.15872917729823732
CASCADE_INFO0792_05,INFO0792,32,32,930926.499019,258.59069417194445,10.774612257164351,33,5,10,16,7,11,True,True,Instagram,C11,U01711,Regular,0.1827,0.2819,0.12374768590366315,0.12761480108815262
CASCADE_INFO0627_02,INFO0627,38,38,1683749.988706,467.7083301961111,19.48784709150463,37,5,7,17,6,7,True,True,Reddit,C16,U07116,Regular,0.2373,0.144,0.08124721658061236,0.07910913193375414
CASCADE_INFO0114_02,INFO0114,54,54,1689148.755231,469.2079875641667,19.55033281517361,55,5,12,30,13,14,True,True,YouTube,C03,U02403,Active,0.4286,0.5299,0.11508755483966525,0.1172188058552146
CASCADE_INFO0114_01,INFO0114,26,26,832365.993402,231.212775945,9.633865664375001,27,5,7,12,5,6,True,True,YouTube,C03,U02403,Active,0.4286,0.5299,0.11245053346958984,0.11677555398765099
CASCADE_INFO0639_01,INFO0639,29,29,905513.279635,251.53146656527778,10.480477773553242,29,5,7,16,10,6,True,True,X,C08,U05808,Active,0.347,0.3801,0.11529372605345137,0.11529372605345137
CASCADE_INFO0910_02,INFO0910,42,42,1224297.767525,340.0827132013889,14.170113050057871,41,4,9,15,7,8,True,True,Instagram,C13,U04613,Regular,0.0985,0.0909,0.12349936756452715,0.12055890643203841
CASCADE_INFO0910_01,INFO0910,18,18,765053.764581,212.51493460583333,8.854788941909721,19,2,7,7,1,7,True,True,Instagram,C13,U04613,Regular,0.0985,0.0909,0.08469992959970503,0.08940548124413308
CASCADE_INFO0692_01,INFO0692,30,30,933878.285283,259.41063480083335,10.808776450034722,31,4,5,12,6,4,True,True,Instagram,C18,U00843,Regular,0.2393,0.1158,0.11564676221941701,0.11950165429339758
CASCADE_INFO0639_02,INFO0639,59,59,1914323.115451,531.7564209586111,22.15651753994213,59,5,16,27,10,24,True,True,X,C08,U05808,Active,0.347,0.3801,0.11095305608842328,0.11095305608842328
CASCADE_INFO0681_04,INFO0681,42,42,1364535.083213,379.03752311472226,15.793230129780094,41,5,9,24,12,11,True,True,Instagram,C22,U04972,Regular,0.2357,0.2092,0.11080697144405931,0.10816871021920076
CASCADE_INFO0421_01,INFO0421,31,31,1481806.894244,411.6130261788889,17.150542757453703,30,1,4,6,0,4,False,True,Reddit,C13,U06338,Regular,0.1482,0.2554,0.07531345712690651,0.07288399076797406
CASCADE_INFO0308_01,INFO0308,49,49,1842860.917019,511.9058102830556,21.32940876179398,50,4,13,24,8,14,True,True,Facebook,C14,U08714,Active,0.4757,0.8626,0.09572073419699165,0.09767421856835883
CASCADE_INFO0350_01,INFO0350,30,30,1318280.893132,366.1891369811111,15.257880707546295,27,5,3,11,7,2,True,True,X,C12,U05987,Regular,0.2034,0.0248,0.08192487698385074,0.07373238928546567
CASCADE_INFO0953_07,INFO0953,18,18,366732.386276,101.8701072988889,4.24458780412037,19,4,6,13,4,8,True,True,Facebook,C21,U00596,Regular,0.1272,0.024,0.17669560263824644,0.1865120250070379
CASCADE_INFO0953_03,INFO0953,13,13,271625.474265,75.45152062916668,3.1438133595486115,14,4,4,8,5,3,True,True,Facebook,C21,U00596,Regular,0.1272,0.024,0.1722960636392356,0.18554960699609988
CASCADE_INFO0953_06,INFO0953,16,16,263005.31777,73.0570327138889,3.0440430297453704,17,4,7,9,5,6,True,True,Facebook,C21,U00596,Regular,0.1272,0.024,0.21900697859794452,0.23269491476031606
CASCADE_INFO0039_01,INFO0039,54,54,1787241.803995,496.45605666527774,20.685669027719907,51,5,5,22,8,4,True,True,X,C06,U00731,Regular,0.0303,0.0842,0.10877095621054747,0.1027281253099615
CASCADE_INFO0907_01,INFO0907,9,9,172948.272053,48.041186681388886,2.001716111724537,10,1,2,0,0,1,False,True,Facebook,C25,U09950,Active,0.6292,0.6784,0.18733925245619698,0.20815472495132997
CASCADE_INFO0953_08,INFO0953,30,30,471984.817379,131.1068937163889,5.46278723818287,31,4,10,21,10,11,True,True,Facebook,C21,U00596,Regular,0.1272,0.024,0.22882091970614568,0.23644828369635054
CASCADE_INFO0953_05,INFO0953,14,14,229833.369797,63.842602721388886,2.660108446724537,15,3,6,9,4,5,True,True,Facebook,C21,U00596,Regular,0.1272,0.024,0.21928930531069413,0.23495282711860085
CASCADE_INFO0953_02,INFO0953,12,12,249350.899937,69.2641388713889,2.8860057863078703,13,4,4,9,5,3,True,True,Facebook,C21,U00596,Regular,0.1272,0.024,0.1732498258916039,0.1876873113825709
CASCADE_INFO0167_01,INFO0167,13,13,208055.218967,57.79311637972222,2.408046515821759,13,3,3,6,3,2,True,True,YouTube,C06,U08931,Active,0.368,0.1633,0.22494028379755776,0.22494028379755776
CASCADE_INFO0884_01,INFO0884,39,39,1465654.337655,407.1262049041666,16.963591871006944,38,4,5,10,6,4,True,True,Instagram,C18,U09168,Regular,0.206,0.1065,0.09579339165647714,0.0933371508447726
CASCADE_INFO0167_04,INFO0167,37,37,1415181.33058,393.10592516111114,16.37941354837963,38,5,8,23,14,9,True,True,YouTube,C06,U08931,Active,0.368,0.1633,0.09412221396773875,0.09666605758848845
CASCADE_INFO0953_04,INFO0953,13,13,224997.763205,62.499378668055556,2.604140777835648,13,3,5,10,3,5,True,True,Facebook,C21,U00596,Regular,0.1272,0.024,0.20800206781326788,0.20800206781326788
CASCADE_INFO0300_01,INFO0300,37,37,1527424.77309,424.28465919166666,17.678527466319444,35,5,5,13,4,4,True,True,Instagram,C18,U01293,Bridge,0.8527,0.8237,0.0872056040642412,0.08249178762833627
CASCADE_INFO0953_01,INFO0953,12,12,271678.96627,75.46637951944444,3.1444324799768517,13,4,6,9,4,6,True,True,Facebook,C21,U00596,Regular,0.1272,0.024,0.15901120573709404,0.17226213954851854
CASCADE_INFO0907_02,INFO0907,31,31,1250635.473038,347.39874251055556,14.474947604606482,31,3,4,12,3,5,True,True,Facebook,C25,U09950,Active,0.6292,0.6784,0.08923463503630293,0.08923463503630293
CASCADE_INFO0167_03,INFO0167,17,17,322241.50491,89.51152914166667,3.7296470475694448,18,4,3,11,3,2,True,True,YouTube,C06,U08931,Active,0.368,0.1633,0.18991966915339714,0.2010914143977146
CASCADE_INFO0167_02,INFO0167,14,14,536483.168919,149.02310247749998,6.2092959365625,15,4,3,10,5,2,True,True,YouTube,C06,U08931,Active,0.368,0.1633,0.09394516532840114,0.10065553428042978
CASCADE_INFO0369_01,INFO0369,29,29,870851.270253,241.9031306258333,10.079297109409723,30,2,8,5,2,7,True,True,X,C16,U00766,Regular,0.0765,0.0997,0.11988269818986391,0.12401658433434197
CASCADE_INFO0863_01,INFO0863,35,35,1082713.503145,300.7537508736111,12.531406286400463,32,3,8,15,3,9,True,True,Reddit,C14,U08339,Active,0.4902,0.479,0.11637427595943238,0.10639933802005247
CASCADE_INFO0325_01,INFO0325,36,36,1901814.104963,528.2816958230555,22.01173732596065,34,4,2,9,4,1,True,True,Facebook,C23,U04298,Regular,0.3009,0.0927,0.0681454615684015,0.06435960259237919
CASCADE_INFO0370_01,INFO0370,33,33,916160.015561,254.48889321138887,10.60370388380787,33,4,5,10,4,4,True,True,Reddit,C25,U09425,Regular,0.0398,0.1732,0.1296716708677296,0.1296716708677296
CASCADE_INFO0508_01,INFO0508,34,34,1101132.058177,305.87001616027777,12.74458400667824,31,3,3,6,2,2,True,True,X,C05,U03130,Regular,0.0604,0.2332,0.11115832936754347,0.10135024148217199
CASCADE_INFO0664_01,INFO0664,58,58,1996871.099979,554.6864166608333,23.111934027534723,58,4,14,34,13,19,True,True,Instagram,C05,U09230,Regular,0.5042,0.3935,0.10456358450087032,0.10456358450087032
CASCADE_INFO0185_01,INFO0185,16,16,779630.204501,216.56394569472224,9.023497737280092,16,3,1,6,4,0,True,False,X,C04,U02404,Active,0.6935,0.5424,0.07388118067701945,0.07388118067701945
CASCADE_INFO0099_01,INFO0099,32,32,1596457.863805,443.4605177236111,18.477521571817128,32,2,6,9,2,6,True,True,Instagram,C13,U06463,Active,0.369,0.2727,0.07215974978846743,0.07215974978846743
CASCADE_INFO0185_02,INFO0185,44,44,1402927.23283,389.7020091194445,16.237583713310187,42,3,9,15,4,10,True,True,X,C04,U02404,Active,0.6935,0.5424,0.1129067825424372,0.10777465606323551
CASCADE_INFO0326_02,INFO0326,37,37,1774971.124143,493.04753448416665,20.54364727017361,38,4,6,20,6,6,True,True,Facebook,C04,U06079,Regular,0.0603,0.3001,0.0750434743350049,0.07707167634405908
CASCADE_INFO0936_02,INFO0936,20,20,699041.775429,194.17827095250001,8.090761289687501,21,3,6,13,3,5,True,True,X,C14,U08864,Regular,0.297,0.308,0.10299813620697246,0.10814804301732107
CASCADE_INFO0936_01,INFO0936,17,17,569324.124957,158.14559026583333,6.589399594409723,17,2,2,12,1,1,True,True,X,C13,U00538,Regular,0.1289,0.2023,0.10749588383352335,0.10749588383352335
CASCADE_INFO0326_01,INFO0326,13,13,414774.809426,115.21522484055555,4.800634368356482,14,4,3,7,4,2,True,True,Facebook,C04,U06079,Regular,0.0603,0.3001,0.11283231029571383,0.12151171877999951
CASCADE_INFO0840_01,INFO0840,23,23,650201.52059,180.6115334972222,7.525480562384259,24,4,5,13,10,5,True,True,X,C20,U00920,Regular,0.1075,0.1402,0.12734513435906206,0.1328818793311952
CASCADE_INFO0628_01,INFO0628,64,64,2276368.602505,632.3246118069444,26.34685882528935,65,4,17,31,13,16,True,True,Facebook,C15,U03415,Regular,0.3178,0.6489,0.10121383669870483,0.1027953028971221
CASCADE_INFO0408_01,INFO0408,37,37,2528639.879431,702.3999665086111,29.266665271192128,38,4,4,17,9,3,True,True,Instagram,C05,U07380,Regular,0.182,0.2106,0.052676540097110605,0.05410023037000549
CASCADE_INFO0027_01,INFO0027,37,37,1216332.656606,337.87018239055556,14.077924266273147,37,3,8,10,5,8,True,True,Instagram,C12,U09012,Influential,0.7976,0.8635,0.1095095155725534,0.1095095155725534
CASCADE_INFO0557_01,INFO0557,37,37,1674100.773117,465.0279925325,19.376166355520834,35,2,6,8,2,5,True,True,Reddit,C23,U02098,Regular,0.0904,0.0477,0.07956510273392657,0.07526428636993054
CASCADE_INFO0796_01,INFO0796,37,37,2044429.022933,567.8969508147222,23.662372950613427,35,4,6,12,4,6,True,True,X,C24,U09074,Regular,0.122,0.2097,0.06515266536810714,0.06163089967253379
CASCADE_INFO0741_02,INFO0741,8,8,263427.592703,73.1743313063889,3.048930471099537,9,3,2,5,3,1,True,True,Facebook,C06,U09706,Regular,0.0941,0.3477,0.10932795499699381,0.12299394937161803
CASCADE_INFO0883_02,INFO0883,20,20,335970.115338,93.32503203833333,3.888543001597222,21,5,8,7,4,7,True,True,YouTube,C20,U07670,Active,0.4098,0.5435,0.21430477507669093,0.22502001383052547
CASCADE_INFO0218_01,INFO0218,47,47,1941507.70555,539.3076959861112,22.471153999421297,48,5,9,17,6,10,True,True,X,C13,U08213,Active,0.3472,0.3959,0.08714876563009476,0.08900299468605423
CASCADE_INFO0936_03,INFO0936,44,44,1392915.861168,386.92107254666666,16.12171135611111,45,4,12,27,11,12,True,True,X,C24,U03199,Regular,0.1812,0.2162,0.11371828293144501,0.11630278936170513
CASCADE_INFO0701_01,INFO0701,38,38,711505.114009,197.64030944694446,8.235012893622685,39,5,13,21,9,14,True,True,Instagram,C06,U09681,Influential,0.8183,0.7982,0.19226847046705778,0.19732816705829614
CASCADE_INFO0725_01,INFO0725,37,37,1497296.977382,415.91582705055555,17.329826127106482,37,3,5,9,2,6,True,True,Instagram,C15,U04740,Regular,0.1002,0.2292,0.08896030781608742,0.08896030781608742
CASCADE_INFO0741_01,INFO0741,6,6,99307.023439,27.58528428861111,1.1493868453587963,7,2,1,2,1,0,True,False,Facebook,C06,U09706,Regular,0.0941,0.3477,0.21750727443027174,0.25375848683531704
CASCADE_INFO0741_03,INFO0741,24,24,781211.810489,217.0032806913889,9.041803362141204,23,1,3,4,0,2,False,True,Facebook,C06,U09706,Regular,0.0941,0.3477,0.11059740628590582,0.10598918102399307
CASCADE_INFO0701_03,INFO0701,65,65,1427368.870651,396.4913529586111,16.52047303994213,64,5,18,45,20,26,True,True,Instagram,C06,U09681,Influential,0.8183,0.7982,0.16393800145948004,0.1614158783601034
CASCADE_INFO0701_02,INFO0701,42,42,782787.319016,217.4409219488889,9.060038414537038,43,5,13,27,13,16,True,True,Instagram,C06,U09681,Influential,0.8183,0.7982,0.19315591390783568,0.19775486423897462
CASCADE_INFO0840_02,INFO0840,55,55,1719909.175006,477.7525486127778,19.906356192199077,56,5,12,29,13,13,True,True,X,C20,U00920,Regular,0.1075,0.1402,0.11512235813225967,0.11721549191648258
CASCADE_INFO0217_01,INFO0217,34,34,1614285.743129,448.4127064247222,18.68386276769676,33,3,5,8,2,5,True,True,Reddit,C17,U05767,Regular,0.1703,0.1326,0.07582300749478826,0.0735929190390592
CASCADE_INFO0883_03,INFO0883,42,42,1418905.172772,394.14032577,16.422513573750003,43,5,8,21,8,12,True,True,YouTube,C20,U07670,Active,0.4098,0.5435,0.10656103233777971,0.10909819977439351
CASCADE_INFO0484_01,INFO0484,10,10,350497.643924,97.36045664555554,4.056685693564814,10,2,4,4,1,3,True,True,Facebook,C18,U07318,Regular,0.0617,0.104,0.10271110412315938,0.10271110412315938
CASCADE_INFO0913_01,INFO0913,16,16,461268.102628,128.13002850777778,5.338751187824075,17,4,8,8,5,8,True,True,Instagram,C21,U03996,Regular,0.2328,0.1245,0.12487314789779169,0.13267771964140368
CASCADE_INFO0484_02,INFO0484,33,33,1385252.89936,384.7924720444444,16.033019668518516,32,3,7,9,2,6,True,True,Facebook,C18,U07318,Regular,0.0617,0.104,0.08576051351698072,0.08316171007707221
CASCADE_INFO0913_02,INFO0913,17,17,633838.751144,176.0663197622222,7.336096656759259,17,4,6,13,5,6,True,True,Instagram,C21,U03996,Regular,0.2328,0.1245,0.09655452572052692,0.09655452572052692
CASCADE_INFO0530_02,INFO0530,39,39,1656019.67081,460.0054641138889,19.166894338078706,40,5,7,16,8,6,True,True,Facebook,C25,U02625,Regular,0.1341,0.2834,0.08478160161668062,0.08695548883762115
CASCADE_INFO0697_01,INFO0697,14,14,439358.957635,122.04415489861111,5.085173120775463,14,2,3,4,2,2,True,True,X,C15,U09565,Active,0.3189,0.7579,0.11471258096408289,0.11471258096408289
CASCADE_INFO0913_04,INFO0913,21,21,385893.388403,107.19260788972223,4.46635866207176,22,5,7,12,6,9,True,True,Instagram,C21,U03996,Regular,0.2328,0.1245,0.1959090315407235,0.20523803304266272
CASCADE_INFO0697_02,INFO0697,35,35,1498995.529084,416.3876469677778,17.349485290324075,35,5,7,18,7,7,True,True,X,C15,U09565,Active,0.3189,0.7579,0.0840562880644451,0.0840562880644451
CASCADE_INFO0913_03,INFO0913,19,19,294682.448472,81.85623568666666,3.410676486944445,19,5,9,10,6,9,True,True,Instagram,C21,U03996,Regular,0.2328,0.1245,0.23211426521895212,0.23211426521895212
CASCADE_INFO0883_01,INFO0883,16,16,331581.463874,92.10596218722222,3.8377484244675926,17,4,4,8,3,4,True,True,YouTube,C20,U07670,Active,0.4098,0.5435,0.17371296732644814,0.18457002778435114
CASCADE_INFO0533_01,INFO0533,34,34,1675903.279125,465.5286886458333,19.397028693576388,33,3,5,12,2,4,True,True,X,C13,U09163,Active,0.4112,0.7441,0.07303524106946425,0.07088714574389177
CASCADE_INFO0530_01,INFO0530,14,14,928869.084105,258.0191900291667,10.750799584548611,15,3,4,7,2,3,True,True,Facebook,C25,U02625,Regular,0.1341,0.2834,0.0542595300699046,0.0581352107891835
CASCADE_INFO0150_01,INFO0150,35,35,1787536.082319,496.5378006441667,20.68907502684028,32,3,5,12,3,4,True,True,Instagram,C23,U05048,Active,0.4291,0.5523,0.07048808762312542,0.06444625154114324
CASCADE_INFO0913_05,INFO0913,38,38,700339.198863,194.53866635083335,8.105777764618056,39,4,15,16,7,19,True,True,Instagram,C21,U03996,Regular,0.2328,0.1245,0.1953339185099087,0.20047428478648524
CASCADE_INFO0235_01,INFO0235,34,34,1768452.62683,491.2368407861111,20.468201699421297,33,4,8,9,4,8,True,True,X,C10,U09110,Regular,0.2118,0.0206,0.06921304995283101,0.06717737201304186
CASCADE_INFO0828_01,INFO0828,11,11,535082.312494,148.63397569277777,6.193082320532407,12,3,4,9,2,3,True,True,Facebook,C04,U07329,Active,0.2259,0.6313,0.0740073051853009,0.08073524202032825
CASCADE_INFO0292_01,INFO0292,64,64,2314735.157189,642.9819881080556,26.79091617116898,65,5,15,31,18,18,True,True,X,C04,U04629,Influential,0.9135,0.799,0.09953622524997474,0.1010914787695056
CASCADE_INFO0793_03,INFO0793,62,62,1422283.64695,395.0787908194444,16.461616284143517,62,5,13,30,11,22,True,True,Facebook,C11,U07011,Regular,0.0617,0.3183,0.15693072227796384,0.15693072227796384
CASCADE_INFO0250_01,INFO0250,28,28,862159.846614,239.48884628166667,9.978701928402778,29,4,3,10,3,2,True,True,YouTube,C12,U00187,Active,0.2971,0.7357,0.1169156745073161,0.12109123431114882
CASCADE_INFO0828_02,INFO0828,14,14,540301.549015,150.08376361527777,6.253490150636574,15,4,3,7,3,2,True,True,Facebook,C04,U07329,Active,0.2259,0.6313,0.09328124283908129,0.09994418875615853
CASCADE_INFO0729_01,INFO0729,16,16,509661.314528,141.5725873688889,5.898857807037038,17,4,9,8,6,9,True,True,Facebook,C14,U04714,Active,0.5903,0.7304,0.11301622932347467,0.12007974365619184
CASCADE_INFO0793_01,INFO0793,34,34,711954.373924,197.76510386777775,8.240212661157408,35,5,12,20,10,14,True,True,Facebook,C11,U07011,Regular,0.0617,0.3183,0.17192112933499026,0.17697763313896056
CASCADE_INFO0828_03,INFO0828,33,33,1534374.737376,426.21520482666665,17.75896686777778,34,5,7,23,8,8,True,True,Facebook,C04,U07329,Active,0.2259,0.6313,0.07742567516665777,0.07977190774746558
CASCADE_INFO0793_02,INFO0793,38,38,896513.852063,249.03162557305555,10.376317732210648,39,5,8,26,10,7,True,True,Facebook,C11,U07011,Regular,0.0617,0.3183,0.152591061125497,0.15660661536564166
CASCADE_INFO0729_02,INFO0729,20,20,626051.973504,173.90332597333332,7.245971915555556,21,2,6,9,1,7,True,True,Facebook,C14,U04714,Active,0.5903,0.7304,0.11500642605919359,0.12075674736215328
CASCADE_INFO0757_01,INFO0757,36,36,1933927.127275,537.2019797986111,22.38341582494213,35,4,5,12,3,5,True,True,Facebook,C13,U04488,Regular,0.319,0.2793,0.06701390045787965,0.06515240322293855
CASCADE_INFO0117_03,INFO0117,36,36,1198638.963631,332.95526767527775,13.873136153136572,34,4,6,19,11,6,True,True,Instagram,C24,U02249,Regular,0.1643,0.1871,0.10812263236246444,0.10211581945343864
CASCADE_INFO0482_02,INFO0482,46,46,2200761.415625,611.3226154513889,25.47177564380787,45,5,11,28,7,13,True,True,Reddit,C19,U04469,Active,0.2703,0.3996,0.0752466845448446,0.07361088705473928
CASCADE_INFO0482_01,INFO0482,20,20,399183.131809,110.88420328027777,4.620175136678241,20,4,6,8,4,6,True,True,Reddit,C19,U04469,Active,0.2703,0.3996,0.1803683429049561,0.1803683429049561
CASCADE_INFO0117_02,INFO0117,14,14,428866.667221,119.12962978361111,4.9637345743171295,15,2,6,5,1,5,True,True,Instagram,C24,U02249,Regular,0.1643,0.1871,0.11751904228553228,0.12591325959164174
CASCADE_INFO0117_01,INFO0117,12,12,345290.24093,95.91395581388889,3.996414825578704,13,2,5,7,2,4,True,True,Instagram,C24,U02249,Regular,0.1643,0.1871,0.12511213720852843,0.13553814864257246
CASCADE_INFO0729_03,INFO0729,43,43,978188.011887,271.71889219083334,11.321620507951389,41,5,11,20,6,12,True,True,Facebook,C14,U04714,Active,0.5903,0.7304,0.15825178607676746,0.15089123788715036
CASCADE_INFO0895_01,INFO0895,69,69,2408701.346801,669.0837074447222,27.878487810196763,68,5,11,29,11,19,True,True,Reddit,C17,U03667,Regular,0.2172,0.0707,0.1031261099803429,0.10163152867627996
CASCADE_INFO0919_01,INFO0919,13,13,467872.247578,129.9645132161111,5.415188050671296,13,1,1,5,0,0,False,False,Facebook,C13,U05713,Active,0.1926,0.2658,0.10002730497965233,0.10002730497965233
CASCADE_INFO0919_03,INFO0919,41,41,1938846.906735,538.5685852041667,22.44035771684028,40,5,6,23,8,7,True,True,Facebook,C13,U05713,Active,0.1926,0.2658,0.07612772286830889,0.07427094913981355
CASCADE_INFO0328_01,INFO0328,41,41,1905450.835696,529.2918988044444,22.05382911685185,39,3,4,12,2,4,True,True,Facebook,C08,U00683,Active,0.3665,0.2931,0.0774619828729858,0.07368334956210844
CASCADE_INFO0659_01,INFO0659,36,36,1961578.386018,544.882885005,22.703453541875,34,3,5,17,3,4,True,True,Facebook,C12,U01862,Influential,0.7888,0.7612,0.06606924348462449,0.06239872995770092
CASCADE_INFO0032_05,INFO0032,36,36,1140792.127832,316.8867021755555,13.203612590648147,37,4,9,17,6,10,True,True,Instagram,C06,U02056,Regular,0.0978,0.1948,0.11360527201944867,0.1167609740199889
CASCADE_INFO0032_01,INFO0032,10,10,215806.570254,59.946269515,2.4977612297916667,10,2,1,3,1,0,True,False,Instagram,C06,U02056,Regular,0.0978,0.1948,0.1668160517894739,0.1668160517894739
CASCADE_INFO0032_02,INFO0032,11,11,177256.247593,49.237846553611114,2.0515769397337964,12,1,3,6,0,2,False,True,Instagram,C06,U02056,Regular,0.0978,0.1948,0.22340538366199644,0.24371496399490522
CASCADE_INFO0032_03,INFO0032,13,13,398990.852188,110.83079227444445,4.617949678101851,14,3,7,8,2,6,True,True,Instagram,C06,U02056,Regular,0.0978,0.1948,0.11729592230838506,0.12631868556287623
CASCADE_INFO0032_04,INFO0032,15,15,253468.434588,70.40789849666666,2.9336624373611113,16,3,7,6,2,6,True,True,Instagram,C06,U02056,Regular,0.0978,0.1948,0.21304427941007426,0.22724723137074587
CASCADE_INFO0835_03,INFO0835,14,14,305713.05693,84.92029359166668,3.5383455663194447,15,3,7,10,2,6,True,True,Reddit,C01,U05651,Regular,0.0148,0.4949,0.16486047572230528,0.1766362239881842
CASCADE_INFO0299_01,INFO0299,12,12,509268.172727,141.46338131305555,5.8943075547106485,13,3,3,4,2,2,True,True,Facebook,C19,U01519,Regular,0.0725,0.2875,0.08482760618766949,0.09189657336997528
CASCADE_INFO0299_02,INFO0299,15,15,678004.563356,188.33460093222223,7.847275038842593,16,3,6,9,4,5,True,True,Facebook,C19,U01519,Regular,0.0725,0.2875,0.0796454816361556,0.08495518041189931
CASCADE_INFO0835_04,INFO0835,15,15,277473.23561,77.07589878055555,3.211495782523148,16,5,2,12,7,1,True,True,Reddit,C01,U05651,Regular,0.0148,0.4949,0.19461336471348617,0.20758758902771857
CASCADE_INFO0835_02,INFO0835,13,13,392974.942794,109.15970633166665,4.548321097152778,14,4,5,10,4,4,True,True,Reddit,C01,U05651,Regular,0.0148,0.4949,0.1190915626000431,0.12825245203081564
CASCADE_INFO0835_07,INFO0835,19,19,199621.434933,55.4503985925,2.3104332746875,20,5,9,10,5,8,True,True,Reddit,C01,U05651,Regular,0.0148,0.4949,0.34264857390168274,0.3606827093701923
CASCADE_INFO0351_01,INFO0351,29,29,1542472.470483,428.46457513416664,17.852690630590278,28,1,5,7,0,4,False,True,Instagram,C11,U09561,Regular,0.1159,0.1619,0.06768354184454835,0.06534962660852944
CASCADE_INFO0835_01,INFO0835,13,13,277341.014753,77.03917076472221,3.2099654485300926,14,3,5,9,3,4,True,True,Reddit,C01,U05651,Regular,0.0148,0.4949,0.16874532618869986,0.18172573589552293
CASCADE_INFO0835_06,INFO0835,17,17,322171.281638,89.49202267722222,3.7288342782175925,18,3,6,12,3,5,True,True,Reddit,C01,U05651,Regular,0.0148,0.4949,0.1899610657065514,0.2011352460422309
CASCADE_INFO0919_02,INFO0919,16,16,656467.499762,182.35208326722224,7.598003469467593,17,3,5,9,2,4,True,True,Facebook,C13,U05713,Active,0.1926,0.2658,0.08774234828210487,0.09322624504973641
CASCADE_INFO0299_03,INFO0299,38,38,1478769.267782,410.76924105055554,17.11538504377315,38,4,7,19,6,7,True,True,Facebook,C19,U01519,Regular,0.0725,0.2875,0.09250936098042244,0.09250936098042244
CASCADE_INFO0704_01,INFO0704,26,26,810067.849265,225.01884701805554,9.375785292418982,26,2,2,6,1,1,True,True,YouTube,C19,U03019,Regular,0.1685,0.2067,0.11554587691009614,0.11554587691009614
CASCADE_INFO0835_08,INFO0835,30,30,574430.629456,159.5640637377778,6.648502655740741,31,3,11,17,5,13,True,True,Reddit,C01,U05651,Regular,0.0148,0.4949,0.18801225850766118,0.19427933379124987
CASCADE_INFO0243_02,INFO0243,13,13,276245.346318,76.73481842166666,3.197284100902778,14,3,5,7,3,4,True,True,X,C06,U02406,Regular,0.0398,0.092,0.16941461864890986,0.1824465123911337
CASCADE_INFO0243_03,INFO0243,14,14,415174.547453,115.32626318138888,4.805260965891203,15,5,5,9,4,4,True,True,X,C06,U02406,Regular,0.0398,0.092,0.12139472496373481,0.13006577674685874
CASCADE_INFO0243_05,INFO0243,34,34,627490.773865,174.30299274027777,7.262624697511574,34,5,8,14,4,8,True,True,X,C06,U02406,Regular,0.0398,0.092,0.1950626289627861,0.1950626289627861
CASCADE_INFO0835_05,INFO0835,16,16,422920.73587,117.4779821861111,4.894915924421296,17,4,6,12,5,5,True,True,Reddit,C01,U05651,Regular,0.0148,0.4949,0.13619573389209616,0.14470796726035215
CASCADE_INFO0243_04,INFO0243,16,16,491053.481719,136.40374492194445,5.683489371747685,17,3,3,8,2,2,True,True,X,C06,U02406,Regular,0.0398,0.092,0.11729883229493314,0.12463000931336646
CASCADE_INFO0585_01,INFO0585,40,40,1436775.685504,399.1043570844444,16.629348211851852,40,3,8,11,3,7,True,True,YouTube,C21,U00846,Influential,0.9611,0.8925,0.10022441321415243,0.10022441321415243
CASCADE_INFO0860_01,INFO0860,46,46,1596385.31569,443.4403654694445,18.476681894560187,47,4,12,17,5,16,True,True,Reddit,C05,U09455,Active,0.3531,0.5745,0.10373435433939912,0.10598944899895127
CASCADE_INFO0243_01,INFO0243,11,11,222958.172859,61.93282579416667,2.580534408090278,12,3,4,5,4,3,True,True,X,C06,U02406,Regular,0.0398,0.092,0.1776117892078496,0.19375831549947228
CASCADE_INFO0616_01,INFO0616,7,7,336299.740476,93.41659457666667,3.8923581073611113,7,1,2,1,0,1,False,True,X,C24,U02849,Regular,0.2077,0.1459,0.07493315327669245,0.07493315327669245
CASCADE_INFO0394_05,INFO0394,33,33,958032.197362,266.1200548227778,11.08833561761574,31,5,9,21,4,10,True,True,Facebook,C24,U04299,Regular,0.0306,0.0585,0.12400418308186618,0.11648877804660156
CASCADE_INFO0394_01,INFO0394,12,12,482159.991626,133.93333100722222,5.580555458634259,13,3,7,10,2,6,True,True,Facebook,C24,U04299,Regular,0.0306,0.0585,0.08959681589157902,0.09706321721587727
CASCADE_INFO0394_02,INFO0394,13,13,143306.199796,39.80727772111111,1.658636571712963,14,4,6,5,3,5,True,True,Facebook,C24,U04299,Regular,0.0306,0.0585,0.326573449485235,0.35169448406102227
CASCADE_INFO0320_01,INFO0320,37,37,1657192.082475,460.33113402083336,19.180463917534723,36,4,6,11,3,6,True,True,Reddit,C03,U06078,Regular,0.0405,0.394,0.08037692275301431,0.07820457348941932
CASCADE_INFO0394_04,INFO0394,17,17,357170.784916,99.21410692111111,4.133921121712962,18,4,6,14,5,5,True,True,Facebook,C24,U04299,Regular,0.0306,0.0585,0.17134660107878957,0.18142581290695364
CASCADE_INFO0394_03,INFO0394,14,14,363949.725342,101.09714592833333,4.212381080347223,15,4,5,8,4,6,True,True,Facebook,C24,U04299,Regular,0.0306,0.0585,0.13848066502218023,0.1483721410951931
CASCADE_INFO0616_02,INFO0616,9,9,260416.55294,72.33793137222222,3.0140804738425926,10,2,3,4,2,2,True,True,X,C24,U02849,Regular,0.2077,0.1459,0.12441605433378487,0.13824006037087208
CASCADE_INFO0280_01,INFO0280,28,28,945406.30028,262.61286118888887,10.942202549537036,29,3,7,6,2,6,True,True,Instagram,C04,U07404,Active,0.3855,0.7649,0.10662082532150058,0.1104287119401256
CASCADE_INFO0616_03,INFO0616,29,29,1223806.199007,339.94616639083335,14.164423599618056,30,5,9,11,5,8,True,True,X,C24,U02849,Regular,0.2077,0.1459,0.08530762475685322,0.08824926698984815
CASCADE_INFO0931_02,INFO0931,38,38,1437659.712464,399.3499201288889,16.639580005370373,37,5,8,16,8,9,True,True,X,C14,U00564,Influential,0.8106,0.7354,0.09515464529887879,0.0926505756857504
CASCADE_INFO0079_01,INFO0079,11,11,201543.539778,55.984316605000004,2.332679858541667,12,3,5,5,2,4,True,True,Facebook,C19,U01794,Active,0.4259,0.7838,0.19648359874803903,0.21434574408876986
CASCADE_INFO0233_02,INFO0233,34,34,1585244.890804,440.3458030011111,18.347741791712963,35,4,9,12,4,9,True,True,Facebook,C08,U09883,Regular,0.006,0.1364,0.07721204509791639,0.07948298760079629
CASCADE_INFO0079_02,INFO0079,13,13,357808.441993,99.39123388694443,4.141301411956018,14,2,5,9,1,4,True,True,Facebook,C19,U01794,Active,0.4259,0.7838,0.13079624320578656,0.14085749268315476
CASCADE_INFO0463_03,INFO0463,50,50,1331537.026999,369.8713963886111,15.411308182858797,50,5,10,28,6,16,True,True,YouTube,C13,U08413,Regular,0.1674,0.2306,0.13518212137568683,0.13518212137568683
CASCADE_INFO0829_01,INFO0829,32,32,822272.319511,228.40897764194443,9.517040735081018,33,4,7,17,6,7,True,True,Instagram,C11,U09786,Active,0.2998,0.781,0.14009957196237457,0.14447768358619878
CASCADE_INFO0875_01,INFO0875,33,33,1430998.20544,397.4995015111111,16.56247922962963,33,4,3,11,5,3,True,True,X,C11,U07186,Regular,0.1167,0.2367,0.0830189720353085,0.0830189720353085
CASCADE_INFO0174_01,INFO0174,33,33,1463905.980184,406.6405500511111,16.94335625212963,34,3,5,10,2,5,True,True,Instagram,C22,U07597,Active,0.4988,0.2952,0.08115275270961587,0.0836119270341497
CASCADE_INFO0463_01,INFO0463,21,21,592277.7972,164.52161033333334,6.855067097222222,22,5,6,11,7,5,True,True,YouTube,C13,U08413,Regular,0.1674,0.2306,0.12764280605722492,0.13372103491709278
CASCADE_INFO0790_01,INFO0790,30,30,1415972.933437,393.3258148436111,16.388575618483795,30,4,4,9,5,3,True,True,X,C24,U07274,Regular,0.2118,0.0896,0.07627264437735468,0.07627264437735468
CASCADE_INFO0829_02,INFO0829,62,62,1823395.248105,506.4986800291667,21.104111667881945,63,5,17,36,18,21,True,True,Instagram,C11,U09786,Active,0.2998,0.781,0.12240900607367769,0.12438334488131766
CASCADE_INFO0513_02,INFO0513,39,39,1372857.317296,381.34925480444446,15.889552283518517,40,4,7,15,7,8,True,True,X,C13,U09888,Regular,0.1148,0.0448,0.1022684573488918,0.10489072548604288
CASCADE_INFO0053_02,INFO0053,8,8,581035.003322,161.3986120338889,6.724942168078704,9,3,4,6,2,3,True,True,Reddit,C08,U05683,Active,0.5127,0.7134,0.0495667211705652,0.05576256131688585
CASCADE_INFO0233_01,INFO0233,11,11,211956.829643,58.87689712305556,2.4532040467939815,11,3,4,5,2,3,True,True,Facebook,C08,U09883,Regular,0.006,0.1364,0.18683049782683808,0.18683049782683808
CASCADE_INFO0509_01,INFO0509,31,31,1282581.182919,356.27255081083337,14.844689617118057,31,1,8,9,0,7,False,True,Instagram,C02,U07977,Regular,0.2827,0.1629,0.08701203595238459,0.08701203595238459
CASCADE_INFO0602_01,INFO0602,34,34,990767.112025,275.21308667361114,11.467211944733796,34,4,7,10,3,7,True,True,Facebook,C19,U04094,Regular,0.3079,0.3889,0.12354063686049307,0.12354063686049307
CASCADE_INFO0053_01,INFO0053,6,6,83232.147592,23.120040997777775,0.963335041574074,7,2,2,5,1,1,True,True,Reddit,C08,U05683,Active,0.5127,0.7134,0.259515110746417,0.3027676292041531
CASCADE_INFO0463_02,INFO0463,25,25,552044.933523,153.3458148675,6.3894089528124995,26,4,12,14,5,13,True,True,YouTube,C13,U08413,Regular,0.1674,0.2306,0.16303020738845403,0.16955141568399218
CASCADE_INFO0513_01,INFO0513,15,15,466936.49596,129.7045822111111,5.404357592129629,16,3,5,7,2,4,True,True,X,C13,U09888,Regular,0.1148,0.0448,0.11564741772642655,0.12335724557485499
CASCADE_INFO0053_03,INFO0053,26,26,1298560.409861,360.7112249613889,15.029634373391204,27,3,5,15,2,5,True,True,Reddit,C08,U05683,Active,0.5127,0.7134,0.07207981953648124,0.07485212028788436
CASCADE_INFO0079_03,INFO0079,35,35,1218048.321077,338.3467558547222,14.097781493946759,36,5,10,18,9,9,True,True,Facebook,C19,U01794,Active,0.4259,0.7838,0.10344417197553431,0.10639971974626386
CASCADE_INFO0353_01,INFO0353,42,42,2226567.93646,618.4910934611111,25.770462227546297,43,4,5,14,5,4,True,True,Facebook,C09,U08709,Active,0.1899,0.2341,0.06790720261623434,0.06952404077376373
CASCADE_INFO0411_03,INFO0411,29,29,1280116.986442,355.5880517894444,14.816168824560185,30,4,5,12,5,5,True,True,Facebook,C16,U06516,Regular,0.3166,0.2001,0.08155504622290254,0.08436728919610607
CASCADE_INFO0411_02,INFO0411,8,8,318810.123187,88.55836755194444,3.6899319813310183,9,3,4,3,2,3,True,True,Facebook,C16,U06516,Regular,0.3166,0.2001,0.09033590185938728,0.10162788959181068
CASCADE_INFO0014_02,INFO0014,38,38,912093.92803,253.35942445277777,10.556642685532406,38,5,9,22,10,10,True,True,X,C10,U00485,Regular,0.3271,0.0138,0.1499845529017714,0.1499845529017714
CASCADE_INFO0147_01,INFO0147,52,52,1663195.29421,461.9986928361111,19.249945534837963,52,4,11,20,9,11,True,True,Instagram,C08,U06108,Regular,0.2845,0.3288,0.11255443101101245,0.11255443101101245
CASCADE_INFO0397_02,INFO0397,15,15,431122.962901,119.75637858361111,4.989849107650463,16,3,6,4,3,6,True,True,Reddit,C01,U09351,Regular,0.1628,0.4488,0.12525428855989787,0.13360457446389107
CASCADE_INFO0931_01,INFO0931,14,14,628425.076776,174.56252132666665,7.273438388611111,15,2,5,5,1,4,True,True,X,C14,U00564,Influential,0.8106,0.7354,0.08020049145487063,0.08592909798736138
CASCADE_INFO0397_03,INFO0397,44,44,1380947.203294,383.59644535944443,15.983185223310183,45,3,16,14,2,16,True,True,Reddit,C01,U09351,Regular,0.1628,0.4488,0.1147038783395668,0.11731078466546606
CASCADE_INFO0487_04,INFO0487,16,16,498334.657333,138.4262937036111,5.767762237650463,17,4,6,8,6,6,True,True,YouTube,C02,U00652,Active,0.3415,0.7435,0.11558497718835198,0.12280903826262399
CASCADE_INFO0487_03,INFO0487,14,14,579054.699101,160.84852752805554,6.7020219803356476,15,3,9,9,3,9,True,True,YouTube,C02,U00652,Active,0.3415,0.7435,0.0870384094598447,0.09325543870697646
CASCADE_INFO0487_05,INFO0487,32,32,887914.998814,246.64305522611113,10.27679396775463,33,5,10,18,9,10,True,True,YouTube,C02,U00652,Active,0.3415,0.7435,0.12974214891501346,0.13379659106860764
CASCADE_INFO0487_02,INFO0487,13,13,332821.705047,92.45047362416668,3.852103067673611,14,3,3,9,2,3,True,True,YouTube,C02,U00652,Active,0.3415,0.7435,0.1406158291070321,0.15143243134603457
CASCADE_INFO0487_01,INFO0487,12,12,281515.981825,78.19888384027779,3.258286826678241,13,1,5,6,0,4,False,True,YouTube,C02,U00652,Active,0.3415,0.7435,0.15345487570526137,0.16624278201403314
CASCADE_INFO0428_01,INFO0428,35,35,1543921.291821,428.86702550583334,17.869459396076387,35,3,9,14,3,8,True,True,X,C06,U06531,Active,0.2559,0.59,0.08161037785247945,0.08161037785247945
CASCADE_INFO0411_01,INFO0411,6,6,365726.881149,101.59080031916668,4.232950013298612,7,2,1,4,1,0,True,False,Facebook,C16,U06516,Regular,0.3166,0.2001,0.0590604659196489,0.06890387690625704
CASCADE_INFO0014_01,INFO0014,16,16,429120.574944,119.20015970666667,4.966673321111111,17,2,3,10,2,2,True,True,X,C10,U00485,Regular,0.3271,0.0138,0.13422800807795518,0.14261725858282737
CASCADE_INFO0888_01,INFO0888,44,44,1286706.935767,357.4185932686111,14.89244138619213,41,4,4,8,3,4,True,True,Reddit,C20,U07570,Regular,0.1288,0.229,0.12310495544626757,0.11471143575674932
CASCADE_INFO0419_01,INFO0419,38,38,2528787.209928,702.4408916466666,29.268370485277778,37,4,9,17,4,9,True,True,X,C16,U04441,Regular,0.0883,0.1014,0.054097078418826314,0.05267347109201509
CASCADE_INFO0811_05,INFO0811,46,46,898668.152693,249.63004241472223,10.401251767280094,47,5,14,28,14,18,True,True,Instagram,C03,U02078,Regular,0.0708,0.2186,0.18427269232113505,0.18827862041507276
CASCADE_INFO0811_04,INFO0811,28,28,840166.57209,233.37960335833336,9.724150139930556,28,4,8,20,8,10,True,True,Instagram,C03,U02078,Regular,0.0708,0.2186,0.1199762087049592,0.1199762087049592
CASCADE_INFO0576_01,INFO0576,28,28,1564393.75387,434.5538205194444,18.106409188310185,26,4,4,11,4,3,True,True,Instagram,C14,U00014,Regular,0.1213,0.2678,0.06443390594640307,0.05983148409308856
CASCADE_INFO0811_03,INFO0811,26,26,342732.397946,95.20344387388889,3.966810161412037,27,4,7,21,7,6,True,True,Instagram,C03,U02078,Regular,0.0708,0.2186,0.273099364288133,0.2836031859915227
CASCADE_INFO0811_02,INFO0811,24,24,387952.283916,107.76452331,4.49018847125,25,5,11,16,12,10,True,True,Instagram,C03,U02078,Regular,0.0708,0.2186,0.22270780088694478,0.2319872925905675
CASCADE_INFO0469_02,INFO0469,35,35,1024253.383086,284.514828635,11.854784526458333,35,4,6,12,4,6,True,True,YouTube,C23,U06173,Regular,0.362,0.2016,0.12301643526953386,0.12301643526953386
CASCADE_INFO0469_01,INFO0469,13,13,266967.009015,74.15750250416667,3.0898959376736115,14,1,5,3,0,4,False,True,YouTube,C23,U06173,Regular,0.362,0.2016,0.17530255956596666,0.18878737184027178
CASCADE_INFO0285_04,INFO0285,14,14,207491.005562,57.63639043388889,2.4015162680787037,15,2,6,7,2,6,True,True,YouTube,C02,U04527,Active,0.2493,0.5654,0.24290209526667925,0.2602522449285849
CASCADE_INFO0285_03,INFO0285,13,13,258962.134407,71.93392622416667,2.9972469260069445,13,4,2,10,5,1,True,True,YouTube,C02,U04527,Active,0.2493,0.5654,0.18072140201951836,0.18072140201951836
CASCADE_INFO0285_05,INFO0285,14,14,254193.625581,70.60934043916667,2.9420558516319444,15,5,7,8,5,7,True,True,YouTube,C02,U04527,Active,0.2493,0.5654,0.1982740514629459,0.2124364837102992
CASCADE_INFO0397_01,INFO0397,12,12,330369.274082,91.76924280055556,3.8237184500231485,12,2,5,5,1,5,True,True,Reddit,C01,U09351,Regular,0.1628,0.4488,0.13076276575671336,0.13076276575671336
CASCADE_INFO0285_07,INFO0285,18,18,416962.610898,115.82294747166667,4.825956144652778,18,5,5,15,6,5,True,True,YouTube,C02,U04527,Active,0.2493,0.5654,0.15540961780827822,0.15540961780827822
CASCADE_INFO0285_02,INFO0285,12,12,153565.622355,42.657117320833336,1.7773798883680556,13,3,4,4,2,3,True,True,YouTube,C02,U04527,Active,0.2493,0.5654,0.2813129614395981,0.30475570822623127
CASCADE_INFO0285_08,INFO0285,28,28,511323.462882,142.034295245,5.918095635208333,29,5,10,21,12,11,True,True,YouTube,C02,U04527,Active,0.2493,0.5654,0.197135487254693,0.204176040370932
CASCADE_INFO0285_06,INFO0285,16,16,250093.092312,69.47030342,2.894595975833333,17,4,4,12,5,3,True,True,YouTube,C02,U04527,Active,0.2493,0.5654,0.2303142380603698,0.2447088779391429
CASCADE_INFO0811_01,INFO0811,22,22,374088.232545,103.91339792916666,4.329724913715277,21,4,7,10,5,6,True,True,Instagram,C03,U02078,Regular,0.0708,0.2186,0.21171475900534464,0.20209136086873808
CASCADE_INFO0018_01,INFO0018,14,14,495360.627093,137.6001741925,5.733340591354167,15,2,4,8,2,5,True,True,X,C12,U07612,Regular,0.1641,0.1984,0.10174405724526388,0.10901148990563987
CASCADE_INFO0285_01,INFO0285,12,12,192896.104909,53.58225136361111,2.2325938068171296,13,4,4,7,3,3,True,True,YouTube,C02,U04527,Active,0.2493,0.5654,0.22395475543884044,0.24261765172541047
CASCADE_INFO0018_02,INFO0018,18,18,706110.64734,196.14184648333335,8.172576936805555,19,4,5,12,4,4,True,True,X,C12,U07612,Regular,0.1641,0.1984,0.09177031991247979,0.09686867101872866
CASCADE_INFO0018_03,INFO0018,41,41,1862240.782153,517.2891061536111,21.55371275640046,41,5,9,23,12,8,True,True,X,C12,U07612,Regular,0.1641,0.1984,0.07925935325578823,0.07925935325578823
CASCADE_INFO0216_01,INFO0216,35,35,1778139.724439,493.9277012330556,20.58032088471065,36,5,6,15,5,6,True,True,Instagram,C15,U05215,Active,0.3341,0.5919,0.0708605731418282,0.07288516094588043
CASCADE_INFO0173_02,INFO0173,9,9,145531.405438,40.42539039944444,1.6843912666435183,10,1,7,3,0,6,False,True,Reddit,C15,U05290,Regular,0.0726,0.1829,0.22263235830429198,0.24736928700476887
CASCADE_INFO0173_03,INFO0173,10,10,81909.95171,22.752764363888886,0.9480318484953703,11,1,4,2,0,3,False,True,Reddit,C15,U05290,Regular,0.0726,0.1829,0.4395070348406143,0.4834577383246757
CASCADE_INFO0173_07,INFO0173,26,26,478512.260212,132.92007228111112,5.538336345046297,27,3,8,16,8,9,True,True,Reddit,C15,U05290,Regular,0.0726,0.1829,0.19560627340777323,0.2031295916157645
CASCADE_INFO0173_04,INFO0173,11,11,219725.991445,61.03499762361111,2.543124900983796,10,4,4,7,4,3,True,True,Reddit,C15,U05290,Regular,0.0726,0.1829,0.1802244683916347,0.163840425810577
CASCADE_INFO0173_06,INFO0173,13,13,323568.787106,89.88021864055555,3.7450091100231484,14,4,6,7,3,5,True,True,Reddit,C15,U05290,Regular,0.0726,0.1829,0.14463694232864457,0.15576286096930955
CASCADE_INFO0173_01,INFO0173,9,9,175735.994199,48.815553944166666,2.033981414340278,10,3,7,6,2,6,True,True,Reddit,C15,U05290,Regular,0.0726,0.1829,0.18436746636725357,0.2048527404080595
CASCADE_INFO0173_05,INFO0173,12,12,283794.77947,78.83188318611111,3.2846617994212965,12,2,4,7,4,3,True,True,Reddit,C15,U05290,Regular,0.0726,0.1829,0.15222267330173592,0.15222267330173592
CASCADE_INFO0881_01,INFO0881,60,60,1786024.114788,496.11780966333333,20.67157540263889,58,5,9,31,13,10,True,True,Instagram,C04,U09479,Regular,0.0284,0.3981,0.12093901656285255,0.11690771601075747
CASCADE_INFO0500_01,INFO0500,38,38,1984083.215566,551.1342265461111,22.963926106087964,39,5,5,17,8,4,True,True,Instagram,C08,U06583,Regular,0.1506,0.0788,0.06894872096429434,0.07076316098967052
CASCADE_INFO0613_01,INFO0613,37,37,1267993.29998,352.2203611055555,14.675848379398147,37,3,7,12,4,6,True,True,Reddit,C02,U08202,Regular,0.2129,0.2731,0.10504787367733014,0.10504787367733014
CASCADE_INFO0736_02,INFO0736,34,34,992752.481369,275.76457815805554,11.49019075658565,34,2,3,11,1,3,True,True,YouTube,C13,U07613,Regular,0.2222,0.2548,0.12329357246351186,0.12329357246351186
CASCADE_INFO0736_01,INFO0736,11,11,350879.568249,97.46654673583333,4.0611061139930555,12,1,3,2,0,2,False,True,YouTube,C13,U07613,Regular,0.2222,0.2548,0.11285923599831282,0.12311916654361399
CASCADE_INFO0412_02,INFO0412,22,22,483370.081759,134.2694671552778,5.5945611314699075,23,4,7,10,7,6,True,True,X,C03,U01053,Active,0.4318,0.8135,0.16384961127877118,0.17129732088235167
CASCADE_INFO0412_03,INFO0412,45,45,1221974.935527,339.4374820908334,14.14322842045139,46,4,10,18,7,11,True,True,X,C03,U01053,Active,0.4318,0.8135,0.1325722772948157,0.13551832790136717
CASCADE_INFO0520_02,INFO0520,10,10,789689.923149,219.35831198583335,9.13992966607639,11,3,6,7,4,5,True,True,X,C23,U06448,Regular,0.3169,0.0444,0.04558751345901049,0.050146264804911536
CASCADE_INFO0412_01,INFO0412,18,18,473147.831441,131.42995317805554,5.476248049085648,18,3,5,9,5,4,True,True,X,C03,U01053,Active,0.4318,0.8135,0.1369550818877215,0.1369550818877215
CASCADE_INFO0520_03,INFO0520,28,28,862737.408849,239.64928023583334,9.985386676493055,29,5,7,15,4,6,True,True,X,C23,U06448,Regular,0.3169,0.0444,0.11683740494628586,0.12101016940865321
CASCADE_INFO0626_02,INFO0626,12,12,295534.167724,82.09282436777778,3.4205343486574074,13,4,5,6,3,4,True,True,X,C03,U04728,Regular,0.047,0.1939,0.14617599153660152,0.15835732416465165
CASCADE_INFO0626_04,INFO0626,16,16,467663.471054,129.90651973722223,5.4127716557175924,17,3,6,6,3,8,True,True,X,C03,U04728,Regular,0.047,0.1939,0.12316548878659173,0.13086333183575372
CASCADE_INFO0626_03,INFO0626,14,14,796761.191423,221.32255317305555,9.221773048877314,15,2,6,11,1,5,True,True,X,C03,U04728,Regular,0.047,0.1939,0.06325609297057576,0.06777438532561689
CASCADE_INFO0626_05,INFO0626,33,33,867226.444701,240.89623463916666,10.037343109965278,33,4,14,15,5,15,True,True,X,C03,U04728,Regular,0.047,0.1939,0.1369884425525787,0.1369884425525787
CASCADE_INFO0643_01,INFO0643,56,56,1807592.450547,502.1090140408333,20.921208918368055,56,5,11,20,9,13,True,True,Instagram,C21,U02721,Active,0.2139,0.3615,0.11152956516220973,0.11152956516220973
CASCADE_INFO0273_01,INFO0273,39,39,1986816.727254,551.8935353483333,22.995563972847222,32,1,4,9,0,3,False,True,YouTube,C01,U06776,Regular,0.0555,0.0988,0.07066580327922259,0.057982197562439046
CASCADE_INFO0626_01,INFO0626,11,11,98186.538428,27.27403845222222,1.1364182688425926,12,3,2,5,3,1,True,True,X,C03,U04728,Regular,0.047,0.1939,0.40331394337767196,0.43997884732109666
CASCADE_INFO0786_01,INFO0786,32,32,1449606.269845,402.6684082902778,16.77785034542824,33,5,5,12,5,5,True,True,Reddit,C08,U00008,Regular,0.1994,0.094,0.0794698549505569,0.0819532879177618
CASCADE_INFO0236_01,INFO0236,38,38,1927061.772969,535.2949369358333,22.30395570565972,38,4,4,15,5,3,True,True,YouTube,C19,U03069,Regular,0.0493,0.2357,0.07098890233769412,0.07098890233769412
CASCADE_INFO0009_01,INFO0009,33,33,1721397.069951,478.16585276416663,19.923577198506944,32,4,5,10,3,5,True,True,Instagram,C05,U06930,Regular,0.1712,0.1935,0.06901371105702049,0.06692238647953502
CASCADE_INFO0908_01,INFO0908,44,44,1448625.759274,402.3960442427778,16.766501843449074,45,4,7,17,9,7,True,True,X,C18,U03843,Regular,0.1742,0.1889,0.10934501128806688,0.1118301251809775
CASCADE_INFO0624_01,INFO0624,31,31,1697081.140438,471.41142789944445,19.64214282914352,31,3,3,8,2,2,True,True,Instagram,C25,U01725,Active,0.3252,0.6211,0.06575996712284313,0.06575996712284313
CASCADE_INFO0976_01,INFO0976,31,31,840905.912776,233.58497577111112,9.732707323796296,32,2,4,5,1,3,True,True,Facebook,C23,U07223,Active,0.2984,0.5155,0.13271401509306302,0.13699511235412956
CASCADE_INFO0520_01,INFO0520,8,8,234728.495141,65.20235976138889,2.7167649900578703,9,2,3,4,1,2,True,True,X,C23,U06448,Regular,0.3169,0.0444,0.12269494584668986,0.1380318140775261
CASCADE_INFO0843_01,INFO0843,31,31,1110943.138685,308.59531630138883,12.858138179224536,32,5,6,16,9,7,True,True,X,C04,U02304,Regular,0.0954,0.2265,0.10045518633122717,0.10369567621287966
CASCADE_INFO0843_02,INFO0843,65,65,1902264.856958,528.4069047105555,22.016954362939813,66,5,10,28,13,13,True,True,X,C04,U02304,Regular,0.0954,0.2265,0.12301126162536602,0.12490374257344858
CASCADE_INFO0498_01,INFO0498,13,13,527402.792315,146.50077564305553,6.104198985127314,14,3,6,7,2,5,True,True,Facebook,C16,U06341,Regular,0.1422,0.3047,0.08873673154928603,0.09556263397615418
CASCADE_INFO0795_01,INFO0795,29,29,1238313.895033,343.97608195361113,14.33233674806713,28,4,2,8,3,1,True,True,Instagram,C22,U01097,Influential,0.9305,0.9545,0.08430818746261248,0.08140100858459136
CASCADE_INFO0498_02,INFO0498,16,16,534313.407107,148.42039086305556,6.184182952627315,17,2,6,5,1,5,True,True,Facebook,C16,U06341,Regular,0.1422,0.3047,0.10780189909864117,0.11453951779230626
CASCADE_INFO0498_03,INFO0498,40,40,1413041.315201,392.51147644472223,16.354644851863426,40,5,7,16,9,7,True,True,Facebook,C16,U06341,Regular,0.1422,0.3047,0.101907848306273,0.101907848306273
CASCADE_INFO0054_01,INFO0054,38,38,1545979.082225,429.4386339513889,17.893276414641203,39,4,9,11,3,10,True,True,X,C07,U02007,Regular,0.1948,0.2075,0.08848761381888495,0.0908162352351714
CASCADE_INFO0870_05,INFO0870,30,30,1277343.647343,354.8176798175,14.784069992395832,31,3,9,16,6,11,True,True,Instagram,C11,U02536,Regular,0.0709,0.0556,0.08455046551071091,0.08736881436106794
CASCADE_INFO0870_03,INFO0870,11,11,326104.489191,90.58458033083333,3.774357513784722,12,3,1,8,5,0,True,False,Instagram,C11,U02536,Regular,0.0709,0.0556,0.12143347090449345,0.1324728773503565
CASCADE_INFO0870_01,INFO0870,9,9,501046.891819,139.17969217194445,5.799153840497685,9,3,1,5,2,0,True,False,Instagram,C11,U02536,Regular,0.0709,0.0556,0.06466460630536013,0.06466460630536013
CASCADE_INFO0049_01,INFO0049,31,31,1211958.546692,336.65515185888887,14.02729799412037,31,2,4,6,1,4,True,True,Instagram,C05,U09180,Regular,0.0821,0.2912,0.09208235735835062,0.09208235735835062
CASCADE_INFO0870_04,INFO0870,13,13,272580.080466,75.71668901833334,3.1548620424305556,14,3,5,5,2,4,True,True,Instagram,C11,U02536,Regular,0.0709,0.0556,0.1716926633816793,0.18489979133411616
CASCADE_INFO0640_01,INFO0640,27,27,561878.724287,156.07742341305556,6.503225975543982,27,2,5,8,1,5,True,True,Instagram,C14,U01664,Regular,0.046,0.4421,0.17299106693057764,0.17299106693057764
CASCADE_INFO0849_01,INFO0849,42,42,1104610.156344,306.83615454,12.7848397725,42,3,5,10,4,5,True,True,Reddit,C17,U09442,Regular,0.189,0.2787,0.1368808707140956,0.1368808707140956
CASCADE_INFO0518_04,INFO0518,21,21,541846.170948,150.51282526333335,6.271367719305556,22,4,9,11,4,9,True,True,Instagram,C17,U03717,Regular,0.169,0.1024,0.13952299389277253,0.14616694598290456
CASCADE_INFO0518_01,INFO0518,16,16,243570.247453,67.65840207027777,2.819100086261574,17,4,5,8,3,5,True,True,Instagram,C17,U03717,Regular,0.169,0.1024,0.2364820851574438,0.25126221547978406
CASCADE_INFO0870_02,INFO0870,10,10,473478.559647,131.52182212416668,5.480075921840277,11,3,1,5,2,0,True,False,Instagram,C11,U02536,Regular,0.0709,0.0556,0.0760330098723787,0.08363631085961656
CASCADE_INFO0518_05,INFO0518,39,39,636674.104673,176.85391796472223,7.368913248530093,40,4,14,21,8,17,True,True,Instagram,C17,U03717,Regular,0.169,0.1024,0.22052098392176694,0.22617536812488917
CASCADE_INFO0518_02,INFO0518,17,17,346080.886263,96.13357951750001,4.0055658132291665,18,3,5,8,3,4,True,True,Instagram,C17,U03717,Regular,0.169,0.1024,0.1768372725256251,0.18723946502713246
CASCADE_INFO0481_02,INFO0481,36,36,965173.424617,268.1037290602778,11.170988710844908,36,4,9,12,4,10,True,True,Facebook,C14,U00589,Regular,0.0257,0.1151,0.13427638670369302,0.13427638670369302
CASCADE_INFO0518_03,INFO0518,19,19,262548.206272,72.93005729777778,3.038752387407407,20,3,6,12,4,6,True,True,Instagram,C17,U03717,Regular,0.169,0.1024,0.26052358525404506,0.2742353528989948
CASCADE_INFO0536_01,INFO0536,7,7,285967.157851,79.43532162527778,3.309805067719908,8,2,3,3,1,2,True,True,Instagram,C05,U04055,Active,0.3001,0.6294,0.08812200739894117,0.1007108655987899
CASCADE_INFO0442_01,INFO0442,36,36,1785177.816337,495.8827267602778,20.661780281678244,36,3,5,14,2,4,True,True,Reddit,C21,U00996,Regular,0.0276,0.3454,0.07259781004108923,0.07259781004108923
CASCADE_INFO0536_03,INFO0536,27,27,634203.517365,176.1676437125,7.340318488020833,28,2,7,8,1,8,True,True,Instagram,C05,U04055,Active,0.3001,0.6294,0.15326310456909523,0.1589395158494321
CASCADE_INFO0481_01,INFO0481,13,13,491304.664118,136.47351781055556,5.686396575439815,12,2,4,8,3,3,True,True,Facebook,C14,U00589,Regular,0.0257,0.1151,0.0952565758438632,0.0879291469327968
CASCADE_INFO0873_01,INFO0873,36,36,1823496.374659,506.5267707386111,21.105282114108796,37,4,4,12,6,3,True,True,Instagram,C03,U06378,Active,0.3295,0.7243,0.07107225536669116,0.07304648468243259
CASCADE_INFO0714_01,INFO0714,34,34,2007049.367071,557.5137130752778,23.22973804480324,33,4,3,11,6,2,True,True,Instagram,C20,U01995,Regular,0.0199,0.1105,0.06098504700889605,0.05919136915569322
CASCADE_INFO0536_02,INFO0536,9,9,216884.128649,60.245591291388884,2.510232970474537,10,4,3,5,3,2,True,True,Instagram,C05,U04055,Active,0.3001,0.6294,0.14938852465518754,0.16598724961687505
CASCADE_INFO0720_01,INFO0720,35,35,1370496.428961,380.69345248916665,15.86222718704861,35,3,5,7,2,4,True,True,Facebook,C16,U04391,Active,0.349,0.5018,0.0919374887357591,0.0919374887357591
CASCADE_INFO0815_01,INFO0815,6,6,234937.119514,65.26031097611111,2.7191796240046293,7,2,2,1,1,1,True,True,Facebook,C22,U00497,Regular,0.143,0.0754,0.0919394944684884,0.10726274354656978
CASCADE_INFO0815_02,INFO0815,7,7,278108.626407,77.25239622416667,3.218849842673611,8,1,2,2,0,1,False,True,Facebook,C22,U00497,Regular,0.143,0.0754,0.0906120760278787,0.10355665831757566
CASCADE_INFO0207_01,INFO0207,35,35,902230.140072,250.61948335333332,10.442478473055555,34,4,4,7,4,3,True,True,YouTube,C13,U04413,Regular,0.1022,0.3047,0.13965394681887364,0.1356638340526201
CASCADE_INFO0436_01,INFO0436,35,35,1024062.977657,284.46193823805555,11.85258075991898,36,4,8,9,5,8,True,True,Instagram,C02,U04852,Active,0.1423,0.5041,0.12303930788346738,0.12655471668013787
CASCADE_INFO0268_01,INFO0268,9,9,324266.431394,90.07400872055555,3.753083696689815,10,3,1,5,2,0,True,False,Facebook,C12,U04887,Regular,0.1118,0.0435,0.09991783565358442,0.11101981739287158
CASCADE_INFO0268_02,INFO0268,11,11,445693.459778,123.80373882722223,5.158489117800926,11,1,2,3,0,1,False,True,Facebook,C12,U04887,Regular,0.1118,0.0435,0.08885030536397093,0.08885030536397093
CASCADE_INFO0345_01,INFO0345,35,35,1582277.331213,439.5214808925,18.3133950371875,31,3,4,7,2,3,True,True,Instagram,C03,U01478,Active,0.3091,0.7037,0.07963205786649696,0.07053125125318303
CASCADE_INFO0268_03,INFO0268,33,33,1163217.712451,323.1160312363889,13.463167968182871,34,5,6,10,6,5,True,True,Facebook,C12,U04887,Regular,0.1118,0.0435,0.1021304943420077,0.10522535780691702
CASCADE_INFO0052_01,INFO0052,38,38,1490937.334297,414.14925952694443,17.256219146956017,33,2,2,7,1,1,True,True,Instagram,C17,U06992,Regular,0.2837,0.0496,0.09175435939063349,0.07968141736555014
CASCADE_INFO0473_01,INFO0473,33,33,1258635.856059,349.6210711275,14.567544630312499,34,4,3,10,4,2,True,True,Reddit,C17,U01417,Regular,0.3067,0.5743,0.09438790371981197,0.09724814322647293
CASCADE_INFO0785_05,INFO0785,14,14,460726.874488,127.97968735777778,5.332486973240741,14,5,4,6,4,3,True,True,YouTube,C18,U09493,Regular,0.0378,0.085,0.10939235974894863,0.10939235974894863
CASCADE_INFO0785_04,INFO0785,13,13,520288.704802,144.52464022277778,6.021860009282408,14,3,7,6,2,6,True,True,YouTube,C18,U09493,Regular,0.0378,0.085,0.08995005958818597,0.09686929494112335
CASCADE_INFO0785_06,INFO0785,17,17,342553.101785,95.15363938472223,3.964734974363426,17,4,4,12,6,4,True,True,YouTube,C18,U09493,Regular,0.0378,0.085,0.17865843187842906,0.17865843187842906
CASCADE_INFO0785_02,INFO0785,11,11,181767.643242,50.49101201166666,2.1037921671527777,11,1,2,5,0,1,False,True,YouTube,C18,U09493,Regular,0.0378,0.085,0.21786055699296134,0.21786055699296134
CASCADE_INFO0815_03,INFO0815,24,24,825038.361825,229.17732272916666,9.549055113715278,24,3,3,10,2,2,True,True,Facebook,C22,U00497,Regular,0.143,0.0754,0.10472240322120491,0.10472240322120491
CASCADE_INFO0785_07,INFO0785,31,31,729089.689485,202.52491374583332,8.438538072743055,32,5,8,20,9,9,True,True,YouTube,C18,U09493,Regular,0.0378,0.085,0.15306758771863832,0.1580052518385944
CASCADE_INFO0696_01,INFO0696,34,34,1723228.888793,478.6746913313889,19.944778805474538,32,2,6,9,1,6,True,True,X,C12,U04637,Regular,0.3786,0.2765,0.0710294498867951,0.06685124695227775
CASCADE_INFO0785_03,INFO0785,12,12,183781.831102,51.050508639444445,2.1271045266435187,13,2,5,3,1,4,True,True,YouTube,C18,U09493,Regular,0.0378,0.085,0.2350613210291922,0.2546497644482915
CASCADE_INFO0526_02,INFO0526,56,56,1412625.69309,392.3960258583333,16.34983441076389,56,4,16,26,11,20,True,True,Reddit,C01,U07001,Regular,0.0331,0.2721,0.14271296422410168,0.14271296422410168
CASCADE_INFO0785_01,INFO0785,11,11,284000.736476,78.88909346555555,3.2870455610648146,12,2,7,8,3,6,True,True,YouTube,C18,U09493,Regular,0.0378,0.085,0.1394362581286703,0.15211228159491305
CASCADE_INFO0365_01,INFO0365,45,45,1784332.451768,495.64790326888885,20.651995969537037,46,5,10,20,10,10,True,True,X,C09,U03934,Active,0.2371,0.7055,0.09079025595229344,0.09280781719567774
CASCADE_INFO0526_01,INFO0526,29,29,644430.946633,179.00859628694445,7.458691511956019,30,4,9,14,8,11,True,True,Reddit,C01,U07001,Regular,0.0331,0.2721,0.162003393141601,0.16758971704303552
CASCADE_INFO0967_04,INFO0967,17,17,363743.644223,101.03990117305555,4.209995882210648,18,2,7,9,3,7,True,True,Reddit,C12,U06462,Regular,0.0725,0.0958,0.1682503625066234,0.17814744265407184
CASCADE_INFO0967_02,INFO0967,12,12,497728.499081,138.2579164113889,5.760746517141204,13,3,4,7,3,3,True,True,Reddit,C17,U05417,Regular,0.17,0.128,0.0867943066948426,0.09402716558607949
CASCADE_INFO0927_01,INFO0927,11,11,183512.18074,50.97560576111111,2.12398357337963,12,3,3,5,2,2,True,True,X,C08,U08108,Bridge,0.6709,0.5376,0.21578949059575106,0.23540671701354662
CASCADE_INFO0486_01,INFO0486,7,7,140291.040728,38.969733535555555,1.6237388973148148,8,1,1,0,0,0,False,False,Instagram,C22,U09722,Regular,0.1231,0.2844,0.1796265810648481,0.20528752121696928
CASCADE_INFO0118_01,INFO0118,35,35,1684320.485899,467.8668016386111,19.494450068275462,34,3,7,12,3,6,True,True,Reddit,C18,U05718,Regular,0.0939,0.2282,0.07480761592277847,0.07267025546784195
CASCADE_INFO0967_03,INFO0967,14,14,406049.433447,112.79150929083333,4.699646220451389,15,3,6,7,3,6,True,True,Reddit,C24,U05799,Regular,0.1027,0.3098,0.12412281818040884,0.13298873376472375
CASCADE_INFO0967_05,INFO0967,36,36,1118210.872434,310.61413123166665,12.942255467986111,37,3,13,21,10,14,True,True,Reddit,C04,U07304,Active,0.3927,0.517,0.11589942755421506,0.1191188560973877
CASCADE_INFO0068_01,INFO0068,39,39,1668102.525144,463.36181254,19.306742189166666,36,3,4,12,4,3,True,True,Facebook,C01,U06976,Bridge,0.6672,0.7222,0.08416748843892546,0.07769306625131582
CASCADE_INFO0967_01,INFO0967,11,11,271060.101089,75.29447252472222,3.137269688530093,12,2,6,7,2,5,True,True,Reddit,C04,U01154,Bridge,0.511,0.525,0.1460930614314119,0.15937424883426754
CASCADE_INFO0774_06,INFO0774,22,22,287293.068294,79.80363008166667,3.325151253402778,23,5,8,13,6,8,True,True,Instagram,C01,U03626,Regular,0.2061,0.2472,0.27567668259559625,0.28820744089539607
CASCADE_INFO0927_02,INFO0927,32,32,918765.942094,255.2127616927778,10.633865070532408,32,2,6,10,2,5,True,True,X,C08,U08108,Bridge,0.6709,0.5376,0.12538557941910927,0.12538557941910927
CASCADE_INFO0774_04,INFO0774,18,18,244968.931294,68.04692535944444,2.8352885566435186,19,4,8,11,5,8,True,True,Instagram,C01,U03626,Regular,0.2061,0.2472,0.2645233403995633,0.2792190815328724
CASCADE_INFO0486_02,INFO0486,9,9,210032.701305,58.34241702916667,2.4309340428819444,10,2,2,1,1,1,True,True,Instagram,C22,U09722,Regular,0.1231,0.2844,0.15426169257781522,0.17140188064201692
CASCADE_INFO0774_03,INFO0774,17,17,339581.811504,94.32828097333334,3.9303450405555553,18,4,7,11,5,6,True,True,Instagram,C01,U03626,Regular,0.2061,0.2472,0.18022166655200586,0.19082294105506503
CASCADE_INFO0774_02,INFO0774,16,16,286033.019502,79.45361652833334,3.310567355347222,17,3,7,10,2,7,True,True,Instagram,C01,U03626,Regular,0.2061,0.2472,0.20137535204951135,0.2139613115526058
CASCADE_INFO0774_07,INFO0774,35,35,695840.588676,193.28905241,8.053710517083333,36,5,9,21,11,10,True,True,Instagram,C01,U03626,Regular,0.2061,0.2472,0.18107595626139683,0.18624955501172244
CASCADE_INFO0774_05,INFO0774,19,19,147447.4325,40.957620138888885,1.706567505787037,20,4,8,11,6,7,True,True,Instagram,C01,U03626,Regular,0.2061,0.2472,0.4638941407135048,0.4883096218036893
CASCADE_INFO0774_01,INFO0774,16,16,245525.417697,68.20150491583333,2.8417293714930554,17,5,7,12,7,7,True,True,Instagram,C01,U03626,Regular,0.2061,0.2472,0.23459892886154657,0.24926136191539322
CASCADE_INFO0486_03,INFO0486,26,26,1091868.393244,303.29677590111106,12.637365662546296,26,4,8,8,4,8,True,True,Instagram,C22,U09722,Regular,0.1231,0.2844,0.08572461716004925,0.08572461716004925
CASCADE_INFO0282_01,INFO0282,9,9,339320.864025,94.2557955625,3.927324815104167,10,1,3,1,0,2,False,True,Reddit,C19,U00769,Active,0.5192,0.1498,0.0954848446855684,0.10609427187285378
CASCADE_INFO0475_01,INFO0475,28,28,964675.213577,267.9653371047222,11.165222379363426,29,5,9,14,6,8,True,True,Instagram,C01,U06251,Regular,0.2296,0.1449,0.10449112673501296,0.10822295268983485
CASCADE_INFO0475_02,INFO0475,56,56,1846047.680265,512.7910222958334,21.366292595659722,55,5,13,38,18,16,True,True,Instagram,C01,U06251,Regular,0.2296,0.1449,0.10920628007347043,0.10725616792930132
CASCADE_INFO0387_01,INFO0387,29,29,1449971.274519,402.7697984775,16.7820749365625,28,3,6,7,3,5,True,True,Facebook,C14,U04714,Active,0.5903,0.7304,0.07200142639696962,0.06951861859017756
CASCADE_INFO0033_03,INFO0033,37,37,921428.71019,255.95241949722222,10.664684145717592,38,4,10,15,5,10,True,True,Facebook,C24,U06474,Regular,0.1708,0.486,0.14455811776532768,0.14846509392114735
CASCADE_INFO0856_01,INFO0856,37,37,1458335.608729,405.09322464694446,16.87888436028935,37,4,6,11,6,5,True,True,Instagram,C01,U03526,Regular,0.1306,0.0632,0.09133700034664127,0.09133700034664127
CASCADE_INFO0282_02,INFO0282,33,33,1060051.000066,294.4586111294445,12.269108797060186,32,5,8,11,5,7,True,True,Reddit,C19,U00769,Active,0.5192,0.1498,0.1120700796401337,0.1086740166207357
CASCADE_INFO0033_02,INFO0033,15,15,553776.387871,153.8267744086111,6.409448933692129,16,3,5,7,2,5,True,True,Facebook,C24,U06474,Regular,0.1708,0.486,0.0975122832658208,0.10401310215020886
CASCADE_INFO0033_01,INFO0033,12,12,469919.014711,130.53305964194445,5.438877485081019,12,3,2,4,2,1,True,True,Facebook,C24,U06474,Regular,0.1708,0.486,0.09193073412142724,0.09193073412142724
CASCADE_INFO0722_01,INFO0722,45,45,1518717.022873,421.86583968694447,17.57774332028935,46,4,10,20,8,9,True,True,X,C11,U05686,Regular,0.0436,0.3201,0.10666898280598712,0.10903940464612018
CASCADE_INFO0162_01,INFO0162,27,27,1470510.104851,408.4750291252778,17.019792880219907,27,4,4,11,5,3,True,True,X,C24,U03349,Regular,0.0768,0.099,0.06609951178121883,0.06609951178121883
CASCADE_INFO0480_01,INFO0480,34,34,1468315.177454,407.86532707055557,16.994388627939816,33,4,5,7,3,4,True,True,Facebook,C11,U03736,Regular,0.344,0.2928,0.08336084914155605,0.08090905946092206
CASCADE_INFO0948_01,INFO0948,34,34,1119679.02052,311.0219501444445,12.959247922685185,34,3,6,12,4,5,True,True,Facebook,C06,U00406,Regular,0.0681,0.2447,0.1093170433283238,0.1093170433283238
CASCADE_INFO0532_01,INFO0532,23,23,847689.288344,235.4692467622222,9.811218615092592,22,2,3,8,1,2,True,True,Reddit,C19,U00619,Regular,0.1355,0.035,0.09767729890954929,0.09343045982652541
CASCADE_INFO0773_01,INFO0773,17,17,549119.525108,152.5332014188889,6.355550059120371,18,3,5,9,4,5,True,True,Reddit,C05,U07780,Influential,0.9456,0.8275,0.11145114533664283,0.1180070950623277
CASCADE_INFO0773_03,INFO0773,43,43,1167117.335503,324.1992598619445,13.508302494247687,44,4,11,19,8,12,True,True,Reddit,C05,U07780,Influential,0.9456,0.8275,0.13263447923450203,0.13571900200739742
CASCADE_INFO0773_02,INFO0773,20,20,549130.817734,152.53633825944445,6.355680760810186,20,5,5,14,5,4,True,True,Reddit,C05,U07780,Influential,0.9456,0.8275,0.13111629811109404,0.13111629811109404
CASCADE_INFO0938_02,INFO0938,44,44,1542638.499685,428.51069435694444,17.854612264872685,44,3,10,21,7,11,True,True,Reddit,C03,U09803,Regular,0.1738,0.1019,0.1026812179472667,0.1026812179472667
CASCADE_INFO0016_01,INFO0016,34,34,932172.46863,258.93679684166665,10.789033201736112,33,2,5,9,2,4,True,True,Instagram,C13,U06513,Regular,0.1823,0.0604,0.13130617360957836,0.1274442273269437
CASCADE_INFO0007_01,INFO0007,10,10,162964.597793,45.267943831388884,1.8861643263078702,11,2,2,3,1,2,True,True,Facebook,C19,U01744,Regular,0.0566,0.267,0.22090687479085322,0.24299756226993852
CASCADE_INFO0007_02,INFO0007,12,12,549985.840148,152.77384448555557,6.365576853564815,13,3,4,5,2,4,True,True,Facebook,C19,U01744,Regular,0.0566,0.267,0.07854747676481083,0.08509309982854507
CASCADE_INFO0670_01,INFO0670,50,50,1477681.173448,410.46699262444446,17.102791359351855,51,5,7,17,12,6,True,True,Facebook,C17,U02467,Regular,0.0312,0.1523,0.12181247432420797,0.12424872381069212
CASCADE_INFO0438_01,INFO0438,9,9,212078.66201,58.91073944722222,2.4546141436342594,10,3,2,3,2,1,True,True,Instagram,C23,U08398,Regular,0.044,0.1861,0.15277350249631558,0.1697483361070173
CASCADE_INFO0438_02,INFO0438,11,11,353890.485806,98.3029127238889,4.095954696828704,12,2,4,2,1,3,True,True,Instagram,C23,U08398,Regular,0.044,0.1861,0.11189902410009521,0.12207166265464933
CASCADE_INFO0012_04,INFO0012,35,35,1363826.145444,378.8405959566666,15.785024831527776,33,5,8,17,6,9,True,True,X,C05,U02880,Active,0.5146,0.6994,0.09238714217418095,0.0871078769070849
CASCADE_INFO0438_03,INFO0438,33,33,1178451.89298,327.34774805,13.639489502083334,34,5,7,17,6,7,True,True,Instagram,C23,U08398,Regular,0.044,0.1861,0.10081022459014898,0.10386507988075955
CASCADE_INFO0012_02,INFO0012,14,14,469110.625751,130.30850715305556,5.429521131377315,15,4,6,9,5,6,True,True,X,C05,U02880,Active,0.5146,0.6994,0.10743734469735056,0.1151114407471613
CASCADE_INFO0007_03,INFO0007,31,31,1047066.886299,290.85191286083335,12.118829702534722,31,4,5,15,6,5,True,True,Facebook,C19,U01744,Regular,0.0566,0.267,0.10658344892795277,0.10658344892795277
CASCADE_INFO0938_01,INFO0938,16,16,911146.338119,253.09620503305555,10.545675209710648,17,4,3,10,7,2,True,True,Reddit,C03,U09803,Regular,0.1738,0.1019,0.06321706798373498,0.06716813473271842
CASCADE_INFO0102_01,INFO0102,36,36,1217661.97314,338.2394369833333,14.093309874305554,37,3,6,6,2,6,True,True,YouTube,C08,U03033,Active,0.5462,0.512,0.10643347896115939,0.10938996448785826
CASCADE_INFO0845_04,INFO0845,17,17,278717.148997,77.42143027694445,3.2258929282060187,18,3,7,5,2,7,True,True,Reddit,C19,U00444,Regular,0.1661,0.3266,0.2195774469573766,0.23249376736663405
CASCADE_INFO0296_01,INFO0296,31,31,1131592.753815,314.3313205041666,13.097138354340277,31,4,3,16,7,2,True,True,YouTube,C01,U00876,Regular,0.2564,0.1317,0.09862205252177242,0.09862205252177242
CASCADE_INFO0845_03,INFO0845,14,14,364776.941782,101.32692827277778,4.221955344699074,14,4,3,11,5,2,True,True,Reddit,C19,U00444,Regular,0.1661,0.3266,0.1381666279501853,0.1381666279501853
CASCADE_INFO0980_01,INFO0980,58,58,1515934.604388,421.09294566333335,17.545539402638887,58,3,10,29,10,14,True,True,Reddit,C16,U01316,Active,0.1367,0.4886,0.137736812258003,0.137736812258003
CASCADE_INFO0012_03,INFO0012,17,17,466747.836114,129.65217669833334,5.402174029097222,18,5,3,9,4,2,True,True,X,C05,U02880,Active,0.5146,0.6994,0.13112005083844097,0.1388329950054081
CASCADE_INFO0845_01,INFO0845,12,12,392517.024755,109.0325068763889,4.543021119849537,13,2,5,6,3,5,True,True,Reddit,C19,U00444,Regular,0.1661,0.3266,0.11005892044291438,0.11923049714649057
CASCADE_INFO0845_05,INFO0845,35,35,1296578.738912,360.16076080888894,15.006698367037037,35,5,8,18,9,11,True,True,Reddit,C19,U00444,Regular,0.1661,0.3266,0.0971788262591214,0.0971788262591214
CASCADE_INFO0197_03,INFO0197,43,43,1051760.646511,292.1557351419445,12.173155630914353,44,5,12,22,9,11,True,True,YouTube,C25,U04850,Regular,0.0695,0.4825,0.14718177611371674,0.1506046081163613
CASCADE_INFO0197_01,INFO0197,19,19,430878.058154,119.68834948722223,4.987014561967593,20,3,5,8,2,5,True,True,YouTube,C25,U04850,Regular,0.0695,0.4825,0.15874560958857917,0.1671006416721886
CASCADE_INFO0143_01,INFO0143,9,9,224346.798248,62.31855506888889,2.5966064612037036,10,1,6,4,0,5,False,True,Instagram,C09,U08884,Active,0.2434,0.5631,0.14441926630120222,0.16046585144578024
CASCADE_INFO0472_01,INFO0472,33,33,1431339.973593,397.5944371091667,16.566434879548613,32,3,7,12,3,7,True,True,YouTube,C16,U06291,Regular,0.0391,0.0912,0.0829991491831141,0.08048402345029246
CASCADE_INFO0683_01,INFO0683,41,41,1455646.617646,404.34628267944447,16.847761778310186,41,4,3,17,4,2,True,True,Instagram,C08,U01508,Active,0.2286,0.3855,0.10139823650240842,0.10139823650240842
CASCADE_INFO0164_01,INFO0164,29,29,736794.862341,204.66523953916666,8.527718314131944,30,4,5,15,4,5,True,True,YouTube,C12,U05287,Regular,0.0277,0.1631,0.14169479910363716,0.14658082665893502
CASCADE_INFO0143_02,INFO0143,11,11,461863.385506,128.29538486277778,5.3456410359490745,11,2,3,7,1,2,True,True,Instagram,C09,U08884,Active,0.2434,0.5631,0.08573963912860454,0.08573963912860454
CASCADE_INFO0937_05,INFO0937,32,32,837645.791778,232.679386605,9.694974441874999,33,4,8,19,7,9,True,True,Facebook,C23,U05248,Regular,0.0625,0.0384,0.13752829791632415,0.14182605722620928
CASCADE_INFO0143_03,INFO0143,30,30,1058646.820099,294.0685611386111,12.252856714108795,31,5,7,8,5,8,True,True,Instagram,C09,U08884,Active,0.2434,0.5631,0.10201702583860812,0.10541759336656173
CASCADE_INFO0937_01,INFO0937,11,11,328141.67803,91.15046611944445,3.7979360883101854,12,3,4,5,2,3,True,True,Facebook,C23,U05248,Regular,0.0625,0.0384,0.1206795803499841,0.13165045129089176
CASCADE_INFO0164_02,INFO0164,60,60,1357960.759816,377.21132217111114,15.717138423796296,60,5,10,28,14,16,True,True,YouTube,C12,U05287,Regular,0.0277,0.1631,0.15906203359607196,0.15906203359607196
CASCADE_INFO0197_02,INFO0197,22,22,704481.203637,195.6892232325,8.153717634687501,23,3,6,15,3,5,True,True,YouTube,C25,U04850,Regular,0.0695,0.4825,0.11242315563725047,0.11753329907530731
CASCADE_INFO0012_01,INFO0012,13,13,463694.871394,128.8041309427778,5.366838789282408,14,3,3,5,2,3,True,True,X,C05,U02880,Active,0.5146,0.6994,0.10092843998749813,0.10869216614038262
CASCADE_INFO0038_02,INFO0038,37,37,1083794.965552,301.0541570977778,12.543923212407408,37,3,7,14,3,8,True,True,X,C04,U05954,Regular,0.5191,0.2318,0.12290147512556342,0.12290147512556342
CASCADE_INFO0937_03,INFO0937,13,13,366163.238072,101.71201057555555,4.238000440648148,13,4,4,7,4,3,True,True,Facebook,C23,U05248,Regular,0.0625,0.0384,0.12781184765139517,0.12781184765139517
CASCADE_INFO0038_01,INFO0038,12,12,282121.880752,78.36718909777778,3.265299545740741,13,4,4,7,4,3,True,True,X,C04,U05954,Regular,0.5191,0.2318,0.1531253084122712,0.16588575077996046
CASCADE_INFO0937_04,INFO0937,15,15,709843.062118,197.1786283661111,8.215776181921296,15,3,6,10,3,5,True,True,Facebook,C23,U05248,Regular,0.0625,0.0384,0.07607315318244721,0.07607315318244721
CASCADE_INFO0845_02,INFO0845,13,13,321898.076486,89.41613235722221,3.7256721815509257,14,3,3,9,3,2,True,True,Reddit,C19,U00444,Regular,0.1661,0.3266,0.14538763484048167,0.15657129905898026
CASCADE_INFO0144_02,INFO0144,11,11,167113.18506,46.42032918333333,1.9341803826388888,12,3,4,5,2,3,True,True,Instagram,C01,U04201,Regular,0.0933,0.3087,0.23696514422714218,0.2585074300659733
CASCADE_INFO0144_04,INFO0144,31,31,873981.557831,242.77265495305554,10.115527289710647,32,4,7,16,4,10,True,True,Instagram,C01,U04201,Regular,0.0933,0.3087,0.12769148158796717,0.13181056163919191
CASCADE_INFO0144_03,INFO0144,13,13,419815.38348,116.6153843,4.858974345833333,14,4,6,6,3,6,True,True,Instagram,C01,U04201,Regular,0.0933,0.3087,0.11147757286085623,0.12005277077322979
CASCADE_INFO0937_02,INFO0937,12,12,304559.167206,84.59976866833334,3.5249903611805555,13,3,5,6,2,4,True,True,Facebook,C23,U05248,Regular,0.0625,0.0384,0.14184435949281426,0.15366472278388213
CASCADE_INFO0415_02,INFO0415,24,24,974397.403953,270.66594554249997,11.2777477309375,23,3,4,10,2,3,True,True,Instagram,C04,U05404,Regular,0.1688,0.3619,0.08867018697862572,0.08497559585451632
CASCADE_INFO0415_01,INFO0415,7,7,151672.568933,42.13126914805556,1.7554695478356481,8,1,2,1,0,1,False,True,Instagram,C04,U05404,Regular,0.1688,0.3619,0.1661473803554542,0.18988272040623339
CASCADE_INFO0990_01,INFO0990,38,38,1248197.295674,346.72147102055555,14.446727959189815,37,1,8,6,0,8,False,True,YouTube,C05,U00430,Regular,0.1518,0.3232,0.10959805831507663,0.1067138988857325
CASCADE_INFO0564_01,INFO0564,40,40,1337063.71746,371.4065881833333,15.475274507638888,41,4,7,14,5,8,True,True,Instagram,C02,U01027,Influential,0.79,0.5493,0.10769868190990528,0.11039114895765291
CASCADE_INFO0144_01,INFO0144,9,9,344649.292035,95.73591445416666,3.988996435590278,10,3,3,5,4,2,True,True,Instagram,C01,U04201,Regular,0.0933,0.3087,0.09400860744176344,0.10445400826862604
CASCADE_INFO0066_01,INFO0066,28,28,1212002.228493,336.6672856925,14.027803570520833,27,2,4,8,1,3,True,True,Instagram,C19,U05219,Regular,0.0626,0.1989,0.08316816391116245,0.08019787234290665
CASCADE_INFO0065_04,INFO0065,35,35,1072164.695642,297.82352656722225,12.409313606967594,35,5,9,14,5,8,True,True,X,C24,U02099,Regular,0.2494,0.1122,0.1175192584797363,0.1175192584797363
CASCADE_INFO0065_02,INFO0065,13,13,274521.250921,76.25590303361112,3.17732929306713,13,1,2,5,0,1,False,True,X,C24,U02099,Regular,0.2494,0.1122,0.17047860536475481,0.17047860536475481
CASCADE_INFO0834_01,INFO0834,17,17,741100.692218,205.86130339388887,8.577554308078703,18,3,6,6,2,6,True,True,X,C11,U07561,Regular,0.4118,0.4205,0.08257987159185866,0.08743751109726211
CASCADE_INFO0065_01,INFO0065,11,11,231298.286244,64.24952395666666,2.6770634981944443,12,2,4,4,2,3,True,True,X,C24,U02099,Regular,0.2494,0.1122,0.17120749419745104,0.18677181185176478
CASCADE_INFO0013_01,INFO0013,34,34,1179581.928526,327.66164681277775,13.652568617199073,34,4,3,14,6,2,True,True,Instagram,C04,U00129,Regular,0.2246,0.1654,0.10376557748129499,0.10376557748129499
CASCADE_INFO0422_01,INFO0422,20,20,742214.432456,206.17067568222222,8.590444820092593,21,4,6,11,3,5,True,True,Reddit,C11,U00061,Active,0.5797,0.6117,0.09700700613130196,0.10185735643786706
CASCADE_INFO0834_02,INFO0834,46,46,1215901.112737,337.7503090936111,14.07292954556713,46,5,9,23,10,9,True,True,X,C11,U07561,Regular,0.4118,0.4205,0.13619528616700868,0.13619528616700868
CASCADE_INFO0065_03,INFO0065,16,16,495439.42473,137.622062425,5.734252601041667,17,4,5,7,3,4,True,True,X,C24,U02099,Regular,0.2494,0.1122,0.11626042887360108,0.12352670567820115
CASCADE_INFO0157_01,INFO0157,41,41,935362.477496,259.82291041555555,10.825954600648148,40,2,8,7,2,7,True,True,X,C17,U06892,Regular,0.3122,0.2703,0.15779978730291883,0.15395101200284764
CASCADE_INFO0322_01,INFO0322,46,46,1197834.307303,332.73175202861114,13.863823001192129,46,5,8,18,9,8,True,True,Instagram,C05,U09630,Active,0.2858,0.4017,0.13824950495269991,0.13824950495269991
CASCADE_INFO0548_03,INFO0548,34,34,1089403.408129,302.61205781361116,12.608835742233797,35,4,8,22,12,7,True,True,Instagram,C16,U09691,Bridge,0.7555,0.6775,0.11235507350781683,0.11565963449334087
CASCADE_INFO0548_01,INFO0548,11,11,456757.771923,126.8771588675,5.286548286145833,12,2,5,5,1,4,True,True,Instagram,C16,U09691,Bridge,0.7555,0.6775,0.08669803216107234,0.09457967144844255
CASCADE_INFO0548_02,INFO0548,13,13,276107.567209,76.69654644694444,3.195689435289352,14,4,4,4,3,3,True,True,Instagram,C16,U09691,Bridge,0.7555,0.6775,0.1694991574228557,0.18253755414769077
CASCADE_INFO0422_02,INFO0422,46,46,1119944.159326,311.0955998127778,12.96231665886574,47,4,14,18,7,17,True,True,Reddit,C11,U00061,Active,0.5797,0.6117,0.1478645150483759,0.1510789610276884
CASCADE_INFO0507_02,INFO0507,32,32,1068051.759508,296.68104430777777,12.361710179490741,33,2,8,8,1,7,True,True,YouTube,C23,U08373,Regular,0.1346,0.1574,0.10785994121957825,0.11123056438269006
CASCADE_INFO0507_01,INFO0507,11,11,238657.817974,66.29383832611111,2.7622432635879632,12,1,4,5,0,3,False,True,YouTube,C23,U08373,Regular,0.1346,0.1574,0.1659279395754558,0.18101229771867905
CASCADE_INFO0978_01,INFO0978,10,10,434886.682538,120.80185626055555,5.033410677523148,11,3,5,5,2,4,True,True,Facebook,C04,U02279,Regular,0.0428,0.1727,0.08278018492059562,0.09105820341265518
CASCADE_INFO0950_04,INFO0950,36,36,836538.219515,232.37172764305555,9.682155318460648,37,4,11,18,6,12,True,True,X,C22,U00297,Regular,0.0343,0.0878,0.15492418275298675,0.15922763227390305
CASCADE_INFO0004_01,INFO0004,40,40,1109236.976821,308.1213824502778,12.83839093542824,41,5,6,16,4,5,True,True,Instagram,C15,U02965,Active,0.2229,0.3877,0.12981896836210283,0.1330644425711554
CASCADE_INFO0978_03,INFO0978,35,35,1103648.851262,306.5691253505555,12.773713556273147,36,3,6,17,4,5,True,True,Facebook,C04,U02279,Regular,0.0428,0.1727,0.11416674774401439,0.11742865482241481
CASCADE_INFO0950_02,INFO0950,14,14,408747.884891,113.54107913638889,4.730878297349537,14,4,1,7,4,0,True,False,X,C21,U07396,Regular,0.1376,0.1962,0.1233033903366621,0.1233033903366621
CASCADE_INFO0665_01,INFO0665,24,24,604007.420947,167.77983915194446,6.990826631331019,25,4,8,11,4,10,True,True,Instagram,C18,U01018,Active,0.3098,0.5027,0.14304460012186068,0.14900479179360487
CASCADE_INFO0950_01,INFO0950,12,12,335913.475882,93.30929885611111,3.8878874523379627,13,3,7,5,2,6,True,True,X,C19,U09769,Active,0.3666,0.652,0.12860454581814793,0.1393215913029936
CASCADE_INFO0836_01,INFO0836,42,42,1102023.255265,306.1175709069445,12.754898787789353,43,4,8,13,7,8,True,True,YouTube,C19,U02244,Regular,0.3384,0.0438,0.13720218632195869,0.1404689050439101
CASCADE_INFO0950_03,INFO0950,17,17,345205.894947,95.89052637416667,3.995438598923611,17,2,6,6,3,6,True,True,X,C25,U04325,Active,0.1291,0.5881,0.17728550090199396,0.17728550090199396
CASCADE_INFO0665_02,INFO0665,56,56,1088038.367559,302.23287987749995,12.593036661562499,57,5,13,30,12,15,True,True,Instagram,C18,U01018,Active,0.3098,0.5027,0.18528758361002198,0.18859629046020093
CASCADE_INFO0017_02,INFO0017,32,32,1024779.749848,284.66104162444447,11.860876734351852,32,3,7,11,3,6,True,True,X,C20,U06920,Active,0.5323,0.6374,0.11241439930588693,0.11241439930588693
CASCADE_INFO0238_01,INFO0238,47,47,1053758.938788,292.71081633,12.19628401375,48,3,9,23,3,12,True,True,Instagram,C01,U00801,Influential,0.7385,0.6599,0.16056803294556957,0.16398437407207103
CASCADE_INFO0341_01,INFO0341,34,34,787914.64786,218.86517996111112,9.11938249837963,34,4,4,10,4,3,True,True,Instagram,C22,U00172,Regular,0.1056,0.1648,0.1553467756088075,0.1553467756088075
CASCADE_INFO0389_01,INFO0389,58,58,1062230.514382,295.0640317727778,12.294334657199075,59,5,10,27,8,14,True,True,X,C04,U00304,Regular,0.0378,0.3908,0.1965675031671244,0.1999565980493162
CASCADE_INFO0847_01,INFO0847,38,38,947947.645557,263.3187904325,10.971616268020833,37,3,6,14,4,6,True,True,Instagram,C23,U04148,Active,0.2869,0.6375,0.1443117672596975,0.14051408917391597
CASCADE_INFO0110_07,INFO0110,34,34,615148.462975,170.87457304861113,7.119773877025463,35,4,7,21,9,11,True,True,Instagram,C17,U07767,Regular,0.044,0.1793,0.19897635671240294,0.20482860249806184
CASCADE_INFO0110_03,INFO0110,15,15,241227.615661,67.00767101694444,2.7919862923726853,16,5,7,10,6,6,True,True,Instagram,C17,U07767,Regular,0.044,0.1793,0.22385496723512302,0.23877863171746455
CASCADE_INFO0244_05,INFO0244,37,37,823432.637076,228.73128807666666,9.530470336527777,36,4,15,23,10,19,True,True,Instagram,C17,U03717,Regular,0.169,0.1024,0.16176186612300394,0.15738992379535519
CASCADE_INFO0244_03,INFO0244,16,16,395728.970856,109.92471412666667,4.580196421944445,17,5,4,11,5,4,True,True,Instagram,C17,U03717,Regular,0.169,0.1024,0.14555416520404263,0.1546513005292953
CASCADE_INFO0110_04,INFO0110,16,16,118474.860641,32.90968351138889,1.3712368129745371,16,4,6,9,4,5,True,True,Instagram,C17,U07767,Regular,0.044,0.1793,0.4861790905543944,0.4861790905543944
CASCADE_INFO0458_03,INFO0458,35,35,1009485.705092,280.41269585888887,11.683862327453703,36,4,9,11,3,9,True,True,X,C19,U04594,Regular,0.1829,0.1994,0.12481603193035501,0.1283822042712223
CASCADE_INFO0244_01,INFO0244,14,14,238377.098892,66.21586080333334,2.758994200138889,15,4,6,4,3,6,True,True,Instagram,C17,U03717,Regular,0.169,0.1024,0.21142970626903385,0.2265318281453934
CASCADE_INFO0110_01,INFO0110,14,14,436149.35505,121.15259862500001,5.0480249427083335,15,4,5,8,5,5,True,True,Instagram,C17,U07767,Regular,0.044,0.1793,0.11555674545070038,0.12381079869717898
CASCADE_INFO0110_02,INFO0110,14,14,359256.954845,99.79359856805556,4.158066607002315,15,3,4,10,8,3,True,True,Instagram,C17,U07767,Regular,0.044,0.1793,0.1402895596600068,0.15031024249286443
CASCADE_INFO0978_02,INFO0978,12,12,318728.158861,88.53559968361111,3.6889833201504625,13,3,6,5,3,5,True,True,Facebook,C04,U02279,Regular,0.0428,0.1727,0.1355386990417746,0.14683359062858914
CASCADE_INFO0458_02,INFO0458,12,12,236348.841433,65.65245595361111,2.7355189980671297,13,2,6,8,1,5,True,True,X,C19,U04594,Regular,0.1829,0.1994,0.18278067173113816,0.1980123943753997
CASCADE_INFO0244_04,INFO0244,19,19,683783.235003,189.93978750083335,7.9141578125347225,19,4,6,15,4,5,True,True,Instagram,C17,U03717,Regular,0.169,0.1024,0.10003170083527992,0.10003170083527992
CASCADE_INFO0017_01,INFO0017,10,10,303651.208197,84.3475578325,3.514481576354167,11,3,4,4,2,3,True,True,X,C20,U06920,Active,0.5323,0.6374,0.11855707808231164,0.1304127858905428
CASCADE_INFO0110_05,INFO0110,18,18,442125.456409,122.81262678027777,5.117192782511574,19,3,8,11,3,8,True,True,Instagram,C17,U07767,Regular,0.044,0.1793,0.14656473419629343,0.15470721942942084
CASCADE_INFO0110_06,INFO0110,20,20,457281.613201,127.0226703336111,5.292611263900462,20,3,6,13,2,6,True,True,Instagram,C17,U07767,Regular,0.044,0.1793,0.1574522087078802,0.1574522087078802
CASCADE_INFO0092_01,INFO0092,39,39,964870.580106,268.01960558499997,11.167483566041666,34,2,6,8,1,5,True,True,Reddit,C06,U02606,Regular,0.2709,0.206,0.14551174312370035,0.12685639144117467
CASCADE_INFO0522_02,INFO0522,14,14,518407.792536,144.00216459333333,6.000090191388889,14,2,2,4,1,1,True,True,X,C14,U07314,Regular,0.0613,0.0876,0.09722076080964785,0.09722076080964785
CASCADE_INFO0522_03,INFO0522,36,36,932254.143428,258.95948428555556,10.789978511898148,34,5,8,19,7,7,True,True,X,C14,U07314,Regular,0.0613,0.0876,0.13901788574888677,0.1312946698739486
CASCADE_INFO0458_01,INFO0458,10,10,292108.753276,81.14132035444443,3.3808883481018515,11,2,7,5,1,6,True,True,X,C19,U04594,Regular,0.1829,0.1994,0.12324177073182493,0.13556594780500741
CASCADE_INFO0754_01,INFO0754,37,37,930304.47281,258.41790911388887,10.76741287974537,36,5,6,6,5,5,True,True,Instagram,C05,U02955,Regular,0.149,0.2488,0.14317893108443003,0.1393092302443103
CASCADE_INFO0311_01,INFO0311,34,34,833309.112731,231.47475353638887,9.644781397349536,31,2,3,4,2,2,True,True,Facebook,C22,U09447,Regular,0.1674,0.0461,0.14688426915056654,0.13392389246081068
CASCADE_INFO0690_01,INFO0690,28,28,890819.89273,247.44997020277776,10.31041542511574,28,4,1,8,3,0,True,False,YouTube,C25,U01950,Influential,0.739,0.5562,0.11315418618581706,0.11315418618581706
CASCADE_INFO0522_01,INFO0522,12,12,291843.724975,81.06770138194445,3.377820890914352,13,2,4,2,1,3,True,True,X,C14,U07314,Regular,0.0613,0.0876,0.1480244264415848,0.1603597953117169
CASCADE_INFO0852_02,INFO0852,15,15,477995.289075,132.7764691875,5.5323528828125,16,3,6,5,2,5,True,True,Facebook,C12,U04687,Regular,0.1725,0.4169,0.11297182468994399,0.12050327966927359
CASCADE_INFO0852_03,INFO0852,37,37,880804.719894,244.66797774833333,10.194499072847222,37,4,6,15,4,8,True,True,Facebook,C12,U04687,Regular,0.1725,0.4169,0.15122534767528253,0.15122534767528253
CASCADE_INFO0210_01,INFO0210,35,35,886265.380541,246.18482792805557,10.257701163668981,29,3,4,9,3,4,True,True,Facebook,C12,U04887,Regular,0.1118,0.0435,0.14216960604180007,0.11779767357749149
CASCADE_INFO0193_01,INFO0193,33,33,867340.337009,240.9278713913889,10.038661307974538,34,3,9,11,2,9,True,True,Instagram,C14,U04889,Regular,0.0712,0.5987,0.1369704543082576,0.14112107413578057
CASCADE_INFO0244_02,INFO0244,15,15,578600.18808,160.72227446666668,6.696761436111111,16,2,6,9,4,5,True,True,Instagram,C17,U03717,Regular,0.169,0.1024,0.09332869416996059,0.09955060711462463
CASCADE_INFO0570_01,INFO0570,40,40,853136.79867,236.98244407500002,9.874268503125,39,4,5,11,3,5,True,True,Facebook,C13,U07188,Regular,0.1571,0.1933,0.16878887445072022,0.1645691525894522
CASCADE_INFO0405_03,INFO0405,29,29,833100.305758,231.41675159944444,9.642364649976852,30,4,8,12,4,7,True,True,X,C22,U09597,Regular,0.0252,0.1234,0.1253150422325331,0.12963625058537906
CASCADE_INFO0852_01,INFO0852,12,12,276632.827637,76.84245212138889,3.201768838391204,12,2,2,3,1,1,True,True,Facebook,C12,U04687,Regular,0.1725,0.4169,0.15616367865308964,0.15616367865308964
CASCADE_INFO0221_01,INFO0221,21,21,714547.669691,198.48546380305555,8.270227658460648,22,5,2,9,4,1,True,True,X,C07,U02407,Active,0.5477,0.8759,0.10580119872575132,0.11083935104602519
CASCADE_INFO0146_01,INFO0146,39,39,829001.378773,230.27816077027776,9.59492336542824,40,4,4,14,8,3,True,True,YouTube,C01,U06026,Active,0.3941,0.3266,0.1693603938365039,0.17370296803743987
CASCADE_INFO0440_01,INFO0440,30,30,783409.041289,217.61362258027776,9.06723427417824,30,3,4,5,2,5,True,True,Reddit,C14,U06689,Regular,0.1582,0.1929,0.13785901656470512,0.13785901656470512
CASCADE_INFO0405_01,INFO0405,7,7,253759.396584,70.48872127333334,2.9370300530555555,8,1,4,1,0,3,False,True,X,C22,U09597,Regular,0.0252,0.1234,0.09930666741500639,0.11349333418857874
CASCADE_INFO0981_01,INFO0981,35,35,808343.404591,224.53983460861113,9.355826442025464,37,3,8,17,6,7,True,True,Reddit,C22,U07022,Active,0.1764,0.3396,0.1558743465764437,0.16478145209509762
CASCADE_INFO0122_01,INFO0122,63,63,813015.816236,225.83772673222222,9.40990528050926,60,5,16,23,7,19,True,True,X,C13,U00738,Regular,0.0726,0.3487,0.2789613627075677,0.2656774882929216
CASCADE_INFO0202_02,INFO0202,33,33,778565.068301,216.26807452805556,9.011169772002315,33,5,5,16,6,4,True,True,Facebook,C16,U01841,Regular,0.2541,0.2299,0.15258840248156483,0.15258840248156483
CASCADE_INFO0095_01,INFO0095,42,42,779081.52735,216.411535375,9.017147307291667,42,5,7,17,4,7,True,True,Facebook,C25,U09650,Regular,0.2336,0.0758,0.194074682420334,0.194074682420334
CASCADE_INFO0944_01,INFO0944,36,36,753296.550363,209.24904176750002,8.718710073645834,33,2,6,11,2,5,True,True,Reddit,C07,U01057,Regular,0.0492,0.1053,0.17204379860434524,0.15770681538731648
CASCADE_INFO0405_02,INFO0405,9,9,245074.86941,68.07635261388889,2.8365146922453706,10,2,3,3,1,2,True,True,X,C22,U09597,Regular,0.0252,0.1234,0.13220449766228848,0.14689388629143166
CASCADE_INFO0202_01,INFO0202,11,11,522625.518008,145.1737550022222,6.048906458425925,12,3,3,5,2,2,True,True,Facebook,C16,U01841,Regular,0.2541,0.2299,0.07577127146591765,0.08265956887191017
CASCADE_INFO0679_01,INFO0679,38,38,728904.749455,202.4735415152778,8.436397563136575,38,3,6,13,5,5,True,True,Facebook,C19,U08119,Regular,0.1852,0.0799,0.18767884295209347,0.18767884295209347
CASCADE_INFO0453_02,INFO0453,8,8,121338.694856,33.70519301555556,1.404383042314815,9,2,2,1,1,1,True,True,Instagram,C16,U04116,Influential,0.8897,0.6049,0.23735214915718936,0.26702116780183804
CASCADE_INFO0453_01,INFO0453,7,7,203382.523936,56.49514553777778,2.3539643974074074,8,1,2,4,0,1,False,True,Instagram,C16,U04116,Influential,0.8897,0.6049,0.1239044511411899,0.14160508701850275
CASCADE_INFO0015_01,INFO0015,50,50,693078.418027,192.5217827852778,8.021740949386574,46,3,7,17,4,7,True,True,Instagram,C05,U09005,Active,0.4624,0.4225,0.25971087155247097,0.2389340018282733
CASCADE_INFO0410_01,INFO0410,42,42,685456.54891,190.40459691944446,7.9335248716435185,37,4,5,11,5,4,True,True,Facebook,C19,U04919,Regular,0.0568,0.1487,0.2205829096540625,0.1943230394571503
CASCADE_INFO0355_01,INFO0355,32,32,617839.256975,171.6220158263889,7.150917326099537,33,3,8,6,2,7,True,True,Instagram,C23,U09073,Influential,0.352,0.9359,0.1864562646343164,0.19228302290413876
CASCADE_INFO0400_01,INFO0400,46,46,682507.148079,189.5853189108333,7.899388287951388,45,4,11,22,4,10,True,True,YouTube,C05,U09655,Bridge,0.6937,0.8471,0.2426348214316898,0.2373601514005661
CASCADE_INFO0559_03,INFO0559,31,31,646081.622503,179.46711736194445,7.477796556747685,31,5,7,13,9,8,True,True,X,C12,U06937,Regular,0.0414,0.1067,0.17273359295942797,0.17273359295942797
CASCADE_INFO0747_01,INFO0747,42,42,625715.46501,173.80985139166668,7.242077141319445,40,2,7,8,1,7,True,True,Instagram,C04,U04479,Active,0.3155,0.6566,0.24164338018652545,0.23013655255859566
CASCADE_INFO0742_01,INFO0742,28,28,592447.850152,164.56884726444443,6.857035302685185,26,2,3,7,1,2,True,True,X,C09,U04559,Active,0.3741,0.3877,0.17014155756348595,0.1579885891660941
CASCADE_INFO0503_01,INFO0503,57,57,612565.948114,170.15720780944446,7.089883658726852,57,5,12,24,14,13,True,True,Reddit,C01,U06351,Active,0.4873,0.5932,0.33498434026863627,0.33498434026863627
CASCADE_INFO0559_02,INFO0559,12,12,331149.077008,91.98585472444444,3.832743946851852,13,3,5,6,2,4,True,True,X,C12,U06937,Regular,0.0414,0.1067,0.13045484043114625,0.1413260771337418
CASCADE_INFO0453_03,INFO0453,25,25,563187.793935,156.44105387083331,6.518377244618055,26,4,6,15,6,5,True,True,Instagram,C16,U04116,Influential,0.8897,0.6049,0.15980459976088776,0.16619678375132327
CASCADE_INFO0559_01,INFO0559,9,9,358091.838138,99.46995503833332,4.1445814599305555,10,2,3,4,1,2,True,True,X,C12,U06937,Regular,0.0414,0.1067,0.0904795824682098,0.10053286940912198
CASCADE_INFO0922_01,INFO0922,26,26,535112.349149,148.64231920805557,6.193429967002315,25,4,3,8,3,2,True,True,X,C17,U03392,Influential,0.8537,0.9453,0.17491653883311414,0.16818897964722515
CASCADE_INFO0067_01,INFO0067,39,39,532855.020114,148.015283365,6.167303473541666,40,4,6,16,5,7,True,True,YouTube,C02,U04127,Regular,0.1519,0.0768,0.26348630434215026,0.27024236342784647
CASCADE_INFO0043_01,INFO0043,36,36,510871.687068,141.90880196333333,5.912866748472222,33,1,4,10,0,3,False,True,Reddit,C07,U09582,Active,0.3866,0.472,0.2536840527291728,0.23254371500174179
CASCADE_INFO0858_01,INFO0858,41,41,515749.310577,143.2636973825,5.969320724270833,42,5,5,15,5,4,True,True,Facebook,C11,U07786,Regular,0.0558,0.086,0.2861855497874945,0.2931656851481651
CASCADE_INFO0206_01,INFO0206,41,41,495541.802971,137.6505008252778,5.735437534386574,39,3,4,14,2,5,True,True,X,C03,U06903,Regular,0.1806,0.1565,0.2978557996824292,0.2833262484784083
CASCADE_INFO0673_01,INFO0673,34,34,490612.440978,136.281233605,5.678384733541667,34,2,7,5,1,6,True,True,X,C12,U03287,Regular,0.3168,0.3483,0.24948409330184237,0.24948409330184237
CASCADE_INFO0738_01,INFO0738,15,15,254049.432823,70.56928689527778,2.9403869539699077,15,5,2,8,6,1,True,True,Instagram,C06,U04106,Regular,0.363,0.1115,0.2125570578920465,0.2125570578920465
CASCADE_INFO0738_02,INFO0738,16,16,242562.312608,67.3784201688889,2.8074341737037036,17,2,6,8,1,6,True,True,Instagram,C06,U04106,Regular,0.363,0.1115,0.23746475444058854,0.25230630159312534
CASCADE_INFO0511_01,INFO0511,32,32,447721.151958,124.36698665499999,5.181957777291666,31,1,6,3,0,6,False,True,Instagram,C15,U05215,Active,0.3341,0.5919,0.25730300991186306,0.24926229085211732
CASCADE_INFO0738_05,INFO0738,42,42,452569.662748,125.71379520777778,5.238074800324074,42,5,15,24,7,15,True,True,Instagram,C06,U04106,Regular,0.363,0.1115,0.3340922126373089,0.3340922126373089
CASCADE_INFO0738_03,INFO0738,18,18,377374.579887,104.82627219083334,4.367761341284723,19,4,7,11,5,6,True,True,Instagram,C06,U04106,Regular,0.363,0.1115,0.171712678737936,0.18125227200115468
CASCADE_INFO0152_01,INFO0152,38,38,438515.215042,121.80978195611111,5.07540758150463,36,3,7,12,3,6,True,True,YouTube,C19,U07019,Regular,0.0845,0.0976,0.311961809550662,0.29554276694273246
CASCADE_INFO0962_01,INFO0962,53,53,428967.757411,119.15771039194445,4.964904599664353,52,4,8,22,8,9,True,True,Facebook,C11,U07086,Regular,0.3447,0.245,0.4447886739823008,0.4363964348505593
CASCADE_INFO0899_01,INFO0899,27,27,402844.059282,111.90112757833333,4.662546982430555,20,1,2,6,0,1,False,True,Facebook,C08,U01008,Active,0.4796,0.4945,0.2412844319294226,0.1787292088366093
CASCADE_INFO0738_04,INFO0738,22,22,367347.999919,102.04111108861112,4.251712962025463,23,5,7,12,8,8,True,True,Instagram,C06,U04106,Regular,0.363,0.1115,0.2155993772048944,0.22539934889602595
CASCADE_INFO0998_01,INFO0998,59,59,393176.888216,109.21580228222221,4.550658428425926,59,1,11,14,0,11,False,True,YouTube,C04,U03479,Active,0.3334,0.6685,0.5402148660460266,0.5402148660460266
CASCADE_INFO0684_01,INFO0684,41,41,372041.781203,103.34493922305555,4.306039134293981,41,5,4,17,7,4,True,True,X,C01,U04901,Regular,0.362,0.3483,0.3967296348349217,0.3967296348349217
CASCADE_INFO0819_02,INFO0819,43,43,369900.17037,102.750047325,4.281251971875,44,4,10,28,13,12,True,True,YouTube,C15,U03615,Active,0.3426,0.6512,0.41849129143454633,0.4282236470493032
CASCADE_INFO0819_03,INFO0819,69,69,368147.20657,102.2631129361111,4.260963039004629,69,5,21,44,30,26,True,True,YouTube,C15,U03615,Active,0.3426,0.6512,0.6747300959155015,0.6747300959155015
CASCADE_INFO0698_01,INFO0698,46,46,367903.286761,102.19535743361111,4.2581398930671295,47,5,9,19,8,9,True,True,Facebook,C05,U08530,Regular,0.1739,0.1122,0.4501182945603263,0.4599034748768552
CASCADE_INFO0819_01,INFO0819,39,39,363789.016313,101.05250453138889,4.2105210221412035,40,5,11,25,6,17,True,True,YouTube,C15,U03615,Active,0.3426,0.6512,0.3859379852172376,0.39583383099203856
CASCADE_INFO0916_01,INFO0916,41,41,350122.959212,97.2563775588889,4.052349064953704,41,4,6,8,4,5,True,True,Instagram,C14,U09614,Regular,0.1084,0.0788,0.4215661844404438,0.4215661844404438
CASCADE_INFO0630_01,INFO0630,40,40,338420.895279,94.00580424416667,3.916908510173611,38,1,5,8,0,4,False,True,Facebook,C21,U04746,Regular,0.1966,0.1286,0.42550564107834987,0.4042303590244324
CASCADE_INFO0893_02,INFO0893,11,11,175590.115021,48.77503195027778,2.032292997928241,11,2,3,3,1,2,True,True,Instagram,C04,U07654,Regular,0.1172,0.1033,0.22552522387301796,0.22552522387301796
CASCADE_INFO0893_01,INFO0893,9,9,159773.076723,44.381410200833336,1.8492254250347222,10,1,5,2,0,4,False,True,Instagram,C04,U07654,Regular,0.1172,0.1033,0.2027876076779329,0.22531956408659212
CASCADE_INFO0740_02,INFO0740,18,18,247523.565469,68.7565459636111,2.8648560818171296,19,3,5,7,3,4,True,True,Instagram,C20,U05295,Regular,0.1526,0.28,0.26179325543092824,0.2763373251770909
CASCADE_INFO0740_01,INFO0740,15,15,258001.176766,71.66699354611112,2.986124731087963,16,5,4,9,6,3,True,True,Instagram,C20,U05295,Regular,0.1526,0.28,0.20930137093512763,0.22325479566413614
CASCADE_INFO0288_01,INFO0288,28,28,263977.571305,73.32710314027777,3.0552959641782405,29,3,6,6,3,5,True,True,X,C09,U03909,Regular,0.1386,0.325,0.3818506227695215,0.3954881450112901
CASCADE_INFO0555_01,INFO0555,9,9,178404.778059,49.55688279416667,2.064870116423611,10,2,5,3,1,4,True,True,YouTube,C11,U05136,Regular,0.138,0.266,0.18160948575763503,0.20178831750848336
CASCADE_INFO0893_03,INFO0893,29,29,235815.343298,65.50426202722223,2.7293442511342594,30,5,8,16,8,8,True,True,Instagram,C04,U07654,Regular,0.1172,0.1033,0.4427192842497515,0.45798546646526017
CASCADE_INFO0740_03,INFO0740,42,42,235367.386313,65.37982953138889,2.7241595638078704,43,5,10,25,9,13,True,True,Instagram,C20,U05295,Regular,0.1526,0.28,0.6423999619001114,0.6576951990882093
CASCADE_INFO0153_01,INFO0153,27,27,229977.689349,63.882691485833334,2.661778811909722,27,4,2,9,4,1,True,True,Reddit,C13,U04063,Regular,0.2887,0.2447,0.42264969386876156,0.42264969386876156
CASCADE_INFO0555_02,INFO0555,28,28,224809.111027,62.44697528527778,2.601957303553241,27,5,6,15,7,6,True,True,YouTube,C11,U05136,Regular,0.138,0.266,0.44838040388805117,0.43236681803490645
CASCADE_INFO0975_01,INFO0975,10,10,166748.9686,46.31915794444444,1.9299649143518518,11,3,2,6,4,1,True,True,Reddit,C06,U00481,Regular,0.1416,0.1143,0.21589338933998062,0.23748272827397868
CASCADE_INFO0975_02,INFO0975,12,12,183657.858925,51.016071923611115,2.1256696634837966,12,2,5,5,1,5,True,True,Reddit,C06,U00481,Regular,0.1416,0.1143,0.23521999141698313,0.23521999141698313
CASCADE_INFO0975_04,INFO0975,31,31,221257.820296,61.46050563777778,2.560854401574074,30,3,6,14,6,6,True,True,Reddit,C06,U00481,Regular,0.1416,0.1143,0.5043889515439539,0.48811834020382633
CASCADE_INFO0975_03,INFO0975,14,14,186104.615059,51.69572640527778,2.1539886002199076,14,1,3,3,0,2,False,True,Reddit,C06,U00481,Regular,0.1416,0.1143,0.27081542273426096,0.27081542273426096
CASCADE_INFO0274_02,INFO0274,12,12,179940.387365,49.983440934722225,2.0826433722800926,13,3,4,6,2,3,True,True,X,C21,U07721,Regular,0.2028,0.0822,0.24007950984550777,0.2600861356659667
CASCADE_INFO0274_03,INFO0274,33,33,190170.896876,52.825249132222226,2.201052047175926,32,3,6,15,3,5,True,True,X,C21,U07721,Regular,0.2028,0.0822,0.6247012658170453,0.60577092442865
CASCADE_INFO0896_01,INFO0896,24,24,181288.367037,50.357879732499995,2.0982449888541663,25,2,6,4,1,5,True,True,X,C10,U07785,Regular,0.1387,0.0885,0.47658877076412864,0.496446636212634
CASCADE_INFO0367_01,INFO0367,21,21,179199.195828,49.777554396666666,2.0740647665277776,21,1,5,9,0,5,False,True,Instagram,C09,U02709,Regular,0.2545,0.2551,0.42187689320080896,0.42187689320080896
CASCADE_INFO0274_01,INFO0274,9,9,143482.962238,39.856378399444445,1.6606824333101853,10,2,3,6,2,2,True,True,X,C21,U07721,Regular,0.2028,0.0822,0.2258107826506748,0.2509008696118609
CASCADE_INFO0540_01,INFO0540,12,12,130642.986872,36.289718575555554,1.5120716073148148,13,5,4,6,5,3,True,True,Instagram,C19,U04644,Regular,0.1647,0.0246,0.33067217027367907,0.3582281844631523
CASCADE_INFO0540_02,INFO0540,15,15,148562.589367,41.26738593527778,1.7194744139699074,14,2,3,6,2,3,True,True,Instagram,C19,U04644,Regular,0.1647,0.0246,0.36348316376339995,0.33925095284583995
CASCADE_INFO0556_01,INFO0556,9,9,114216.464009,31.726795558055557,1.3219498149189814,10,1,3,3,0,2,False,True,Instagram,C25,U02850,Active,0.5006,0.6315,0.2836718881215492,0.31519098680172136
CASCADE_INFO0505_02,INFO0505,56,56,153022.641306,42.506289251666665,1.7710953854861111,56,4,12,33,12,14,True,True,Instagram,C03,U09953,Regular,0.2145,0.3091,1.317452099110351,1.317452099110351
CASCADE_INFO0540_03,INFO0540,37,37,148426.37367,41.22954824166667,1.7178978434027778,38,4,10,15,5,10,True,True,Instagram,C19,U04644,Regular,0.1647,0.0246,0.897414635327188,0.9216690849306255
CASCADE_INFO0505_01,INFO0505,26,26,144015.431631,40.00428656416667,1.6668452735069446,27,4,6,9,5,7,True,True,Instagram,C03,U09953,Regular,0.2145,0.3091,0.6499303507961861,0.6749276719806548
CASCADE_INFO0724_02,INFO0724,48,48,140208.946226,38.94692950722222,1.6227887294675927,49,5,13,27,10,14,True,True,X,C19,U08694,Bridge,0.5729,0.3821,1.2324463213742947,1.2581222864029258
CASCADE_INFO0556_02,INFO0556,31,31,139321.247919,38.700346644166665,1.6125144435069443,32,4,6,14,5,6,True,True,Instagram,C25,U02850,Active,0.5006,0.6315,0.8010264167665448,0.8268659785977237
CASCADE_INFO0669_02,INFO0669,34,34,128087.216219,35.57978228305556,1.482490928460648,35,5,10,17,11,9,True,True,Reddit,C05,U05105,Regular,0.2237,0.0854,0.9555988771800914,0.9837047265089176
CASCADE_INFO0669_01,INFO0669,12,12,108390.478606,30.108466279444446,1.2545194283101853,13,1,5,3,0,4,False,True,Reddit,C05,U05105,Regular,0.2237,0.0854,0.3985589929631388,0.4317722423767337
CASCADE_INFO0724_01,INFO0724,19,19,119622.784126,33.22855114611111,1.3845229644212962,20,2,7,9,1,6,True,True,X,C19,U08694,Bridge,0.5729,0.3821,0.5717974255469053,0.6018920268914792
CASCADE_INFO0332_02,INFO0332,12,12,91494.705819,25.41519606083333,1.0589665025347221,13,2,3,3,1,2,True,True,Instagram,C13,U04613,Regular,0.0985,0.0909,0.47215846658341837,0.5115050054653699
CASCADE_INFO0332_03,INFO0332,38,38,98341.988622,27.317219061666666,1.1382174609027778,38,4,7,11,5,7,True,True,Instagram,C13,U04613,Regular,0.0985,0.0909,1.3910639993850662,1.3910639993850662
CASCADE_INFO0376_01,INFO0376,35,35,90995.931018,25.276647505,1.0531936460416667,35,3,7,10,3,6,True,True,Facebook,C24,U06374,Regular,0.0826,0.1857,1.3846772991978709,1.3846772991978709
CASCADE_INFO0680_01,INFO0680,50,50,90181.223204,25.050339778888887,1.0437641574537035,49,5,9,19,7,10,True,True,Instagram,C02,U09552,Influential,0.6768,0.7501,1.995980910491976,1.9560612922821363
CASCADE_INFO0332_01,INFO0332,10,10,71257.095218,19.793637560555556,0.8247348983564815,11,3,5,4,2,4,True,True,Instagram,C13,U04613,Regular,0.0985,0.0909,0.5052128477853833,0.5557341325639217
CASCADE_INFO0391_01,INFO0391,33,33,82023.348885,22.784263579166666,0.9493443157986111,32,3,4,7,2,4,True,True,Facebook,C07,U02257,Regular,0.1064,0.1515,1.4483680758580382,1.4044781341653703
CASCADE_INFO0727_01,INFO0727,31,31,73551.86404,20.431073344444446,0.8512947226851851,30,2,5,11,1,5,True,True,Facebook,C12,U03937,Active,0.3301,0.5473,1.5172966920227626,1.4683516374413832
