user_id,in_degree,out_degree,in_degree_centrality,out_degree_centrality,user_type,activity_score,influence_score,community_id
U09081,28,27,0.0028002800280028,0.0027002700270027003,Influential,0.9271,0.8928,C06
U04156,28,25,0.0028002800280028,0.0025002500250025004,Influential,0.8951,0.6934,C06
U00859,26,23,0.0026002600260026003,0.0023002300230023005,Influential,0.8943,0.7248,C09
U03591,25,22,0.0025002500250025004,0.0022002200220022,Influential,0.8459,0.8821,C16
U08082,25,26,0.0025002500250025004,0.0026002600260026003,Influential,0.96,0.7131,C07
U00452,24,23,0.0024002400240024004,0.0023002300230023005,Influential,0.6718,0.9717,C02
U09348,24,23,0.0024002400240024004,0.0023002300230023005,Influential,0.7699,0.8572,C23
U04243,24,22,0.0024002400240024004,0.0022002200220022,Influential,0.7936,0.8574,C18
U09412,23,21,0.0023002300230023005,0.0021002100210021,Influential,0.6414,0.8495,C12
U04204,23,21,0.0023002300230023005,0.0021002100210021,Influential,0.8713,0.8202,C04
U04955,23,20,0.0023002300230023005,0.002000200020002,Active,0.5937,0.4438,C05
U08043,23,25,0.0023002300230023005,0.0025002500250025004,Influential,0.8536,0.8207,C18
U03244,23,22,0.0023002300230023005,0.0022002200220022,Influential,0.958,0.8674,C19
U02070,22,18,0.0022002200220022,0.0018001800180018003,Influential,0.8482,0.8482,C20
U03692,22,21,0.0022002200220022,0.0021002100210021,Influential,0.9488,0.5194,C17
U07346,22,23,0.0022002200220022,0.0023002300230023005,Influential,0.7693,0.9653,C21
U02084,22,20,0.0022002200220022,0.002000200020002,Active,0.7997,0.5297,C09
U01835,21,19,0.0021002100210021,0.0019001900190019003,Influential,0.8534,0.9139,C10
U07241,21,18,0.0021002100210021,0.0018001800180018003,Bridge,0.5645,0.4996,C16
U02076,21,17,0.0021002100210021,0.0017001700170017002,Influential,0.6803,0.879,C01
U08341,21,20,0.0021002100210021,0.002000200020002,Influential,0.7673,0.7878,C16
U06136,21,21,0.0021002100210021,0.0021002100210021,Influential,0.8456,0.7605,C11
U00670,21,17,0.0021002100210021,0.0017001700170017002,Active,0.6218,0.4885,C20
U00652,21,23,0.0021002100210021,0.0023002300230023005,Active,0.7435,0.3415,C02
U08780,21,22,0.0021002100210021,0.0022002200220022,Influential,0.8165,0.8236,C05
U08920,21,18,0.0021002100210021,0.0018001800180018003,Influential,0.9325,0.8896,C20
U05988,21,22,0.0021002100210021,0.0022002200220022,Bridge,0.7681,0.7642,C13
U09187,21,18,0.0021002100210021,0.0018001800180018003,Influential,0.7369,0.821,C12
U04073,21,18,0.0021002100210021,0.0018001800180018003,Influential,0.7041,0.7862,C23
U04838,21,22,0.0021002100210021,0.0022002200220022,Influential,0.8523,0.8342,C13
U09224,21,18,0.0021002100210021,0.0018001800180018003,Influential,0.8614,0.8259,C24
U07109,20,18,0.002000200020002,0.0018001800180018003,Influential,0.8933,0.7443,C09
U07504,20,18,0.002000200020002,0.0018001800180018003,Active,0.5114,0.589,C04
U07686,20,16,0.002000200020002,0.0016001600160016002,Influential,0.9686,0.7086,C11
U06913,20,20,0.002000200020002,0.002000200020002,Influential,0.9862,0.7838,C13
U01385,20,19,0.002000200020002,0.0019001900190019003,Active,0.8088,0.3998,C10
U06663,20,19,0.002000200020002,0.0019001900190019003,Influential,0.9204,0.8589,C13
U01788,20,19,0.002000200020002,0.0019001900190019003,Influential,0.671,0.8388,C13
U00327,20,20,0.002000200020002,0.002000200020002,Influential,0.8427,0.7795,C02
U02966,20,20,0.002000200020002,0.002000200020002,Active,0.68,0.3513,C16
U00736,20,18,0.002000200020002,0.0018001800180018003,Influential,0.5755,0.6365,C11
U05731,20,18,0.002000200020002,0.0018001800180018003,Influential,0.4492,0.9577,C06
U05148,20,18,0.002000200020002,0.0018001800180018003,Bridge,0.5808,0.7555,C23
U05071,20,16,0.002000200020002,0.0016001600160016002,Influential,0.8656,0.9452,C21
U05998,20,19,0.002000200020002,0.0019001900190019003,Influential,0.8234,0.8939,C23
U03803,20,18,0.002000200020002,0.0018001800180018003,Influential,0.9598,0.9286,C03
U00505,20,19,0.002000200020002,0.0019001900190019003,Active,0.7555,0.4589,C05
U02879,20,21,0.002000200020002,0.0021002100210021,Influential,0.6907,0.8715,C04
U02622,20,19,0.002000200020002,0.0019001900190019003,Bridge,0.8021,0.6797,C22
U04988,20,16,0.002000200020002,0.0016001600160016002,Influential,0.9016,0.8796,C13
U06129,19,17,0.0019001900190019003,0.0017001700170017002,Influential,0.8226,0.8893,C04
U05218,19,21,0.0019001900190019003,0.0021002100210021,Influential,0.8486,0.7306,C18
U05960,19,21,0.0019001900190019003,0.0021002100210021,Influential,0.8601,0.8213,C10
U05979,19,17,0.0019001900190019003,0.0017001700170017002,Bridge,0.6209,0.7394,C04
U02130,19,19,0.0019001900190019003,0.0019001900190019003,Influential,0.9205,0.9119,C05
U05883,19,19,0.0019001900190019003,0.0019001900190019003,Bridge,0.6295,0.425,C08
U00477,19,19,0.0019001900190019003,0.0019001900190019003,Influential,0.9274,0.7339,C02
U02733,19,18,0.0019001900190019003,0.0018001800180018003,Influential,0.8572,0.8668,C08
U04220,19,18,0.0019001900190019003,0.0018001800180018003,Active,0.5485,0.4243,C20
U01314,19,18,0.0019001900190019003,0.0018001800180018003,Influential,0.8139,0.9098,C14
U00357,19,19,0.0019001900190019003,0.0019001900190019003,Influential,0.9463,0.6485,C07
U04847,19,19,0.0019001900190019003,0.0019001900190019003,Influential,0.8103,0.7346,C22
U09269,19,15,0.0019001900190019003,0.0015001500150015003,Influential,0.8342,0.8841,C19
U05552,19,19,0.0019001900190019003,0.0019001900190019003,Influential,0.9535,0.802,C02
U05194,19,17,0.0019001900190019003,0.0017001700170017002,Influential,0.5758,0.8012,C19
U05087,19,19,0.0019001900190019003,0.0019001900190019003,Influential,0.8077,0.8492,C12
U05577,19,16,0.0019001900190019003,0.0016001600160016002,Active,0.5955,0.5888,C02
U05573,19,18,0.0019001900190019003,0.0018001800180018003,Influential,0.8256,0.8993,C23
U03877,19,17,0.0019001900190019003,0.0017001700170017002,Influential,0.9134,0.6623,C02
U02352,19,16,0.0019001900190019003,0.0016001600160016002,Influential,0.815,0.9392,C02
U08066,19,17,0.0019001900190019003,0.0017001700170017002,Influential,0.8157,0.7601,C16
U06914,19,18,0.0019001900190019003,0.0018001800180018003,Influential,0.638,0.9257,C14
U01804,19,17,0.0019001900190019003,0.0017001700170017002,Bridge,0.8019,0.6044,C04
U00988,19,17,0.0019001900190019003,0.0017001700170017002,Active,0.5543,0.577,C13
U00830,19,18,0.0019001900190019003,0.0018001800180018003,Influential,0.8052,0.6651,C05
U06059,19,18,0.0019001900190019003,0.0018001800180018003,Influential,0.9246,0.8345,C09
U03494,19,20,0.0019001900190019003,0.002000200020002,Bridge,0.9534,0.8105,C19
U01422,19,17,0.0019001900190019003,0.0017001700170017002,Active,0.7124,0.461,C22
U06095,19,19,0.0019001900190019003,0.0019001900190019003,Influential,0.8249,0.8025,C20
U02744,18,16,0.0018001800180018003,0.0016001600160016002,Influential,0.8471,0.8261,C19
U02835,18,18,0.0018001800180018003,0.0018001800180018003,Active,0.8496,0.211,C10
U04342,18,19,0.0018001800180018003,0.0019001900190019003,Active,0.4355,0.5421,C17
U05555,18,14,0.0018001800180018003,0.0014001400140014,Influential,0.9734,0.7971,C05
U04582,18,14,0.0018001800180018003,0.0014001400140014,Influential,0.8009,0.7159,C07
U08332,18,18,0.0018001800180018003,0.0018001800180018003,Influential,0.7946,0.9129,C07
U05082,18,17,0.0018001800180018003,0.0017001700170017002,Active,0.7259,0.3038,C07
U06910,18,19,0.0018001800180018003,0.0019001900190019003,Influential,0.8836,0.5513,C10
U07810,18,14,0.0018001800180018003,0.0014001400140014,Influential,0.741,0.938,C10
U06753,18,15,0.0018001800180018003,0.0015001500150015003,Bridge,0.7912,0.7403,C03
U07812,18,16,0.0018001800180018003,0.0016001600160016002,Influential,0.8945,0.7118,C12
U00846,18,17,0.0018001800180018003,0.0017001700170017002,Influential,0.8925,0.9611,C21
U08073,18,18,0.0018001800180018003,0.0018001800180018003,Active,0.7745,0.5401,C23
U07233,18,17,0.0018001800180018003,0.0017001700170017002,Influential,0.9042,0.8456,C08
U07536,18,16,0.0018001800180018003,0.0016001600160016002,Influential,0.891,0.8516,C11
U03259,18,16,0.0018001800180018003,0.0016001600160016002,Bridge,0.9076,0.7002,C09
U01470,18,19,0.0018001800180018003,0.0019001900190019003,Influential,0.6833,0.7826,C20
U09868,18,17,0.0018001800180018003,0.0017001700170017002,Influential,0.6257,0.7416,C18
U01903,18,15,0.0018001800180018003,0.0015001500150015003,Influential,0.7079,0.9158,C03
U06025,18,19,0.0018001800180018003,0.0019001900190019003,Active,0.9169,0.6704,C25
U09763,18,17,0.0018001800180018003,0.0017001700170017002,Influential,0.8736,0.9498,C13
U09815,18,17,0.0018001800180018003,0.0017001700170017002,Influential,0.8179,0.619,C15
U03317,18,17,0.0018001800180018003,0.0017001700170017002,Influential,0.7778,0.7944,C17
U09925,18,18,0.0018001800180018003,0.0018001800180018003,Active,0.7912,0.2191,C25
U09934,18,18,0.0018001800180018003,0.0018001800180018003,Bridge,0.5372,0.5519,C09
U04187,18,18,0.0018001800180018003,0.0018001800180018003,Influential,0.8883,0.7599,C12
U09426,18,20,0.0018001800180018003,0.002000200020002,Influential,0.9067,0.687,C01
U04381,18,18,0.0018001800180018003,0.0018001800180018003,Influential,0.8162,0.9349,C06
U04329,18,15,0.0018001800180018003,0.0015001500150015003,Influential,0.7591,0.8634,C04
U00428,18,15,0.0018001800180018003,0.0015001500150015003,Influential,0.7862,0.9436,C03
U05049,18,16,0.0018001800180018003,0.0016001600160016002,Influential,0.835,0.9099,C24
U09544,18,16,0.0018001800180018003,0.0016001600160016002,Active,0.6968,0.4741,C19
U09578,18,13,0.0018001800180018003,0.0013001300130013002,Active,0.7623,0.3826,C03
U08859,18,16,0.0018001800180018003,0.0016001600160016002,Influential,0.6706,0.7991,C09
U02446,18,17,0.0018001800180018003,0.0017001700170017002,Influential,0.5596,0.8879,C21
U05559,18,18,0.0018001800180018003,0.0018001800180018003,Active,0.8385,0.5768,C09
U08735,18,16,0.0018001800180018003,0.0016001600160016002,Influential,0.9157,0.824,C10
U03826,18,20,0.0018001800180018003,0.002000200020002,Influential,0.7989,0.8004,C01
U03872,18,16,0.0018001800180018003,0.0016001600160016002,Active,0.8737,0.2438,C22
U00594,17,14,0.0017001700170017002,0.0014001400140014,Influential,0.8939,0.8832,C19
U03893,17,16,0.0017001700170017002,0.0016001600160016002,Active,0.5865,0.4928,C18
U02392,17,15,0.0017001700170017002,0.0015001500150015003,Active,0.7935,0.5402,C17
U00672,17,17,0.0017001700170017002,0.0017001700170017002,Active,0.6254,0.456,C22
U02164,17,15,0.0017001700170017002,0.0015001500150015003,Active,0.7492,0.2951,C14
U00775,17,15,0.0017001700170017002,0.0015001500150015003,Influential,0.9063,0.779,C25
U02232,17,18,0.0017001700170017002,0.0018001800180018003,Bridge,0.8549,0.68,C07
U08608,17,18,0.0017001700170017002,0.0018001800180018003,Influential,0.7407,0.8821,C08
U03065,17,19,0.0017001700170017002,0.0019001900190019003,Influential,0.8978,0.7431,C15
U09995,17,17,0.0017001700170017002,0.0017001700170017002,Influential,0.9012,0.8786,C20
U04333,17,15,0.0017001700170017002,0.0015001500150015003,Active,0.7037,0.4619,C08
U02891,17,14,0.0017001700170017002,0.0014001400140014,Influential,0.8688,0.8298,C16
U02699,17,16,0.0017001700170017002,0.0016001600160016002,Influential,0.9346,0.8333,C24
U04160,17,14,0.0017001700170017002,0.0014001400140014,Bridge,0.5708,0.7358,C10
U04385,17,16,0.0017001700170017002,0.0016001600160016002,Active,0.7033,0.6231,C10
U04410,17,21,0.0017001700170017002,0.0021002100210021,Influential,0.9463,0.914,C10
U07107,17,17,0.0017001700170017002,0.0017001700170017002,Bridge,0.6775,0.6611,C07
U07034,17,13,0.0017001700170017002,0.0013001300130013002,Active,0.7213,0.3135,C09
U07053,17,16,0.0017001700170017002,0.0016001600160016002,Influential,0.8563,0.8507,C03
U03208,17,17,0.0017001700170017002,0.0017001700170017002,Influential,0.552,0.8884,C08
U01663,17,15,0.0017001700170017002,0.0015001500150015003,Influential,0.7528,0.7178,C13
U08006,17,15,0.0017001700170017002,0.0015001500150015003,Influential,0.9049,0.8306,C06
U07930,17,17,0.0017001700170017002,0.0017001700170017002,Influential,0.78,0.7853,C05
U06718,17,16,0.0017001700170017002,0.0016001600160016002,Influential,0.9803,0.7833,C18
U08210,17,17,0.0017001700170017002,0.0017001700170017002,Bridge,0.5519,0.6203,C10
U08154,17,17,0.0017001700170017002,0.0017001700170017002,Active,0.6988,0.2548,C04
U06314,17,16,0.0017001700170017002,0.0016001600160016002,Influential,0.9507,0.8821,C14
U09911,17,16,0.0017001700170017002,0.0016001600160016002,Influential,0.8795,0.8921,C11
U07780,17,20,0.0017001700170017002,0.002000200020002,Influential,0.8275,0.9456,C05
U06929,17,19,0.0017001700170017002,0.0019001900190019003,Influential,0.7335,0.6524,C04
U07609,17,16,0.0017001700170017002,0.0016001600160016002,Influential,0.7554,0.8572,C09
U07068,17,15,0.0017001700170017002,0.0015001500150015003,Active,0.579,0.6422,C18
U01751,17,16,0.0017001700170017002,0.0016001600160016002,Influential,0.8804,0.8936,C01
U04591,17,15,0.0017001700170017002,0.0015001500150015003,Influential,0.604,0.9138,C16
U03022,17,16,0.0017001700170017002,0.0016001600160016002,Influential,0.7378,0.8483,C22
U03203,17,19,0.0017001700170017002,0.0019001900190019003,Influential,0.9626,0.8365,C03
U09704,17,15,0.0017001700170017002,0.0015001500150015003,Influential,0.8768,0.4447,C04
U06102,17,16,0.0017001700170017002,0.0016001600160016002,Influential,0.6815,0.7887,C02
U08328,17,17,0.0017001700170017002,0.0017001700170017002,Influential,0.7787,0.8351,C03
U06409,17,17,0.0017001700170017002,0.0017001700170017002,Influential,0.8179,0.8553,C09
U09455,17,16,0.0017001700170017002,0.0016001600160016002,Active,0.5745,0.3531,C05
U09909,16,17,0.0016001600160016002,0.0017001700170017002,Influential,0.9106,0.8041,C09
U07378,16,15,0.0016001600160016002,0.0015001500150015003,Influential,0.6938,0.6435,C03
U07658,16,15,0.0016001600160016002,0.0015001500150015003,Influential,0.6647,0.7697,C08
U07043,16,15,0.0016001600160016002,0.0015001500150015003,Bridge,0.5825,0.6082,C18
U07691,16,14,0.0016001600160016002,0.0014001400140014,Active,0.8258,0.3074,C16
U07803,16,17,0.0016001600160016002,0.0017001700170017002,Active,0.6577,0.2888,C03
U06942,16,16,0.0016001600160016002,0.0016001600160016002,Influential,0.6778,0.5308,C17
U08396,16,17,0.0016001600160016002,0.0017001700170017002,Influential,0.8672,0.8666,C21
U06046,16,17,0.0016001600160016002,0.0017001700170017002,Bridge,0.6841,0.8514,C21
U08297,16,14,0.0016001600160016002,0.0014001400140014,Influential,0.8962,0.8705,C22
U08298,16,13,0.0016001600160016002,0.0013001300130013002,Bridge,0.6967,0.7886,C23
U06097,16,16,0.0016001600160016002,0.0016001600160016002,Active,0.6808,0.4746,C22
U08220,16,16,0.0016001600160016002,0.0016001600160016002,Influential,0.8392,0.7919,C20
U06305,16,15,0.0016001600160016002,0.0015001500150015003,Influential,0.7275,0.8546,C05
U09718,16,20,0.0016001600160016002,0.002000200020002,Influential,0.6913,0.6772,C18
U08207,16,15,0.0016001600160016002,0.0015001500150015003,Influential,0.8075,0.7378,C07
U08129,16,16,0.0016001600160016002,0.0016001600160016002,Influential,0.6999,0.5208,C04
U08079,16,14,0.0016001600160016002,0.0014001400140014,Active,0.4952,0.498,C04
U01860,16,16,0.0016001600160016002,0.0016001600160016002,Influential,0.8821,0.9103,C10
U01817,16,15,0.0016001600160016002,0.0015001500150015003,Active,0.8338,0.1421,C17
U08050,16,15,0.0016001600160016002,0.0015001500150015003,Influential,0.693,0.5823,C25
U08067,16,18,0.0016001600160016002,0.0018001800180018003,Active,0.7458,0.5752,C17
U00970,16,15,0.0016001600160016002,0.0015001500150015003,Influential,0.7901,0.6015,C20
U07923,16,14,0.0016001600160016002,0.0014001400140014,Active,0.855,0.5097,C23
U01703,16,14,0.0016001600160016002,0.0014001400140014,Influential,0.7424,0.5851,C03
U09797,16,16,0.0016001600160016002,0.0016001600160016002,Active,0.6133,0.3829,C22
U07963,16,16,0.0016001600160016002,0.0016001600160016002,Influential,0.8203,0.9315,C13
U03584,16,15,0.0016001600160016002,0.0015001500150015003,Influential,0.9083,0.8978,C09
U01655,16,15,0.0016001600160016002,0.0015001500150015003,Active,0.788,0.3194,C05
U01393,16,13,0.0016001600160016002,0.0013001300130013002,Active,0.5658,0.3896,C18
U07571,16,15,0.0016001600160016002,0.0015001500150015003,Influential,0.7608,0.9588,C21
U03555,16,15,0.0016001600160016002,0.0015001500150015003,Active,0.778,0.3266,C05
U03556,16,15,0.0016001600160016002,0.0015001500150015003,Active,0.6883,0.6565,C06
U07622,16,15,0.0016001600160016002,0.0015001500150015003,Bridge,0.6705,0.5866,C22
U07625,16,16,0.0016001600160016002,0.0016001600160016002,Influential,0.9387,0.7871,C25
U08487,16,15,0.0016001600160016002,0.0015001500150015003,Influential,0.7539,0.7866,C12
U02083,16,16,0.0016001600160016002,0.0016001600160016002,Influential,0.8136,0.792,C08
U06006,16,15,0.0016001600160016002,0.0015001500150015003,Active,0.7226,0.4105,C06
U02061,16,16,0.0016001600160016002,0.0016001600160016002,Influential,0.847,0.839,C11
U05067,16,15,0.0016001600160016002,0.0015001500150015003,Active,0.8208,0.3725,C17
U08816,16,13,0.0016001600160016002,0.0013001300130013002,Influential,0.7636,0.9465,C16
U08805,16,16,0.0016001600160016002,0.0016001600160016002,Influential,0.4429,0.6794,C05
U05189,16,18,0.0016001600160016002,0.0018001800180018003,Bridge,0.7257,0.42,C14
U08752,16,18,0.0016001600160016002,0.0018001800180018003,Influential,0.8786,0.6754,C02
U05334,16,16,0.0016001600160016002,0.0016001600160016002,Influential,0.7899,0.7358,C09
U00195,16,16,0.0016001600160016002,0.0016001600160016002,Influential,0.8795,0.9309,C20
U00206,16,14,0.0016001600160016002,0.0014001400140014,Active,0.7486,0.4669,C06
U08722,16,15,0.0016001600160016002,0.0015001500150015003,Influential,0.9561,0.8334,C22
U05943,16,13,0.0016001600160016002,0.0013001300130013002,Influential,0.6186,0.8693,C18
U09655,16,16,0.0016001600160016002,0.0016001600160016002,Bridge,0.8471,0.6937,C05
U05945,16,14,0.0016001600160016002,0.0014001400140014,Influential,0.728,0.9027,C20
U08562,16,15,0.0016001600160016002,0.0015001500150015003,Active,0.8294,0.6642,C12
U08511,16,17,0.0016001600160016002,0.0017001700170017002,Influential,0.9651,0.8287,C11
U00783,16,16,0.0016001600160016002,0.0016001600160016002,Bridge,0.7455,0.8275,C08
U05747,16,16,0.0016001600160016002,0.0016001600160016002,Bridge,0.412,0.8088,C22
U09514,16,16,0.0016001600160016002,0.0016001600160016002,Active,0.5459,0.6309,C14
U09521,16,11,0.0016001600160016002,0.0011001100110011,Influential,0.7678,0.8514,C21
U04052,16,16,0.0016001600160016002,0.0016001600160016002,Influential,0.8618,0.7029,C02
U04496,16,16,0.0016001600160016002,0.0016001600160016002,Influential,0.9144,0.9043,C21
U09243,16,15,0.0016001600160016002,0.0015001500150015003,Influential,0.8366,0.7372,C18
U04530,16,16,0.0016001600160016002,0.0016001600160016002,Active,0.7764,0.6348,C05
U09236,16,17,0.0016001600160016002,0.0017001700170017002,Influential,0.6264,0.7067,C11
U02727,16,16,0.0016001600160016002,0.0016001600160016002,Influential,0.8845,0.6038,C02
U09194,16,15,0.0016001600160016002,0.0015001500150015003,Influential,0.581,0.9271,C19
U09041,16,15,0.0016001600160016002,0.0015001500150015003,Influential,0.9242,0.8091,C16
U08904,16,17,0.0016001600160016002,0.0017001700170017002,Influential,0.8562,0.8516,C04
U05015,16,14,0.0016001600160016002,0.0014001400140014,Active,0.7619,0.4284,C15
U09492,16,18,0.0016001600160016002,0.0018001800180018003,Influential,0.8825,0.9011,C17
U04360,16,15,0.0016001600160016002,0.0015001500150015003,Influential,0.8968,0.7101,C10
U02883,16,16,0.0016001600160016002,0.0016001600160016002,Influential,0.8411,0.7857,C08
U03393,16,16,0.0016001600160016002,0.0016001600160016002,Active,0.8667,0.5058,C18
U03462,15,13,0.0015001500150015003,0.0013001300130013002,Active,0.6236,0.4692,C12
U00044,15,13,0.0015001500150015003,0.0013001300130013002,Bridge,0.7036,0.5832,C19
U00614,15,15,0.0015001500150015003,0.0015001500150015003,Active,0.5139,0.4898,C14
U07388,15,15,0.0015001500150015003,0.0015001500150015003,Regular,0.6509,0.1865,C13
U03422,15,15,0.0015001500150015003,0.0015001500150015003,Active,0.7363,0.3872,C22
U07469,15,15,0.0015001500150015003,0.0015001500150015003,Bridge,0.6736,0.6297,C19
U04185,15,18,0.0015001500150015003,0.0018001800180018003,Active,0.6759,0.4817,C10
U05487,15,12,0.0015001500150015003,0.0012001200120012002,Active,0.5033,0.4551,C12
U03100,15,15,0.0015001500150015003,0.0015001500150015003,Influential,0.5508,0.9315,C25
U04197,15,11,0.0015001500150015003,0.0011001100110011,Influential,0.4894,0.6333,C22
U01515,15,15,0.0015001500150015003,0.0015001500150015003,Active,0.6256,0.6747,C15
U07703,15,15,0.0015001500150015003,0.0015001500150015003,Influential,0.8734,0.9044,C03
U00321,15,12,0.0015001500150015003,0.0012001200120012002,Influential,0.9355,0.8394,C21
U05190,15,14,0.0015001500150015003,0.0014001400140014,Influential,0.5738,0.7208,C15
U01276,15,13,0.0015001500150015003,0.0013001300130013002,Influential,0.9572,0.8499,C01
U05153,15,14,0.0015001500150015003,0.0014001400140014,Influential,0.8511,0.9244,C03
U08835,15,12,0.0015001500150015003,0.0012001200120012002,Influential,0.944,0.8715,C10
U09397,15,15,0.0015001500150015003,0.0015001500150015003,Active,0.5964,0.2353,C22
U04288,15,12,0.0015001500150015003,0.0012001200120012002,Bridge,0.639,0.764,C13
U07649,15,13,0.0015001500150015003,0.0013001300130013002,Active,0.7187,0.2591,C24
U07661,15,17,0.0015001500150015003,0.0017001700170017002,Active,0.8373,0.3884,C11
U07198,15,13,0.0015001500150015003,0.0013001300130013002,Influential,0.7318,0.8916,C23
U01576,15,15,0.0015001500150015003,0.0015001500150015003,Influential,0.595,0.6473,C01
U06998,15,15,0.0015001500150015003,0.0015001500150015003,Active,0.6641,0.4053,C23
U05797,15,16,0.0015001500150015003,0.0016001600160016002,Active,0.455,0.4874,C22
U02852,15,14,0.0015001500150015003,0.0014001400140014,Bridge,0.846,0.7264,C02
U06924,15,14,0.0015001500150015003,0.0014001400140014,Influential,0.9162,0.8038,C24
U08569,15,17,0.0015001500150015003,0.0017001700170017002,Bridge,0.3727,0.8353,C19
U07775,15,14,0.0015001500150015003,0.0014001400140014,Influential,0.9206,0.9705,C25
U03942,15,14,0.0015001500150015003,0.0014001400140014,Influential,0.7341,0.8573,C17
U04350,15,15,0.0015001500150015003,0.0015001500150015003,Active,0.6649,0.2587,C25
U00348,15,14,0.0015001500150015003,0.0014001400140014,Active,0.414,0.3086,C23
U08896,15,14,0.0015001500150015003,0.0014001400140014,Influential,0.5764,0.7061,C21
U05804,15,17,0.0015001500150015003,0.0017001700170017002,Active,0.7676,0.4972,C04
U08528,15,15,0.0015001500150015003,0.0015001500150015003,Influential,0.5865,0.7429,C03
U04070,15,13,0.0015001500150015003,0.0013001300130013002,Influential,0.9293,0.7367,C20
U05835,15,15,0.0015001500150015003,0.0015001500150015003,Active,0.4956,0.3636,C10
U03115,15,14,0.0015001500150015003,0.0014001400140014,Influential,0.4685,0.7705,C15
U07079,15,15,0.0015001500150015003,0.0015001500150015003,Active,0.5679,0.3708,C04
U07212,15,11,0.0015001500150015003,0.0011001100110011,Active,0.5921,0.2434,C12
U06199,15,16,0.0015001500150015003,0.0016001600160016002,Influential,0.7688,0.6841,C24
U01292,15,13,0.0015001500150015003,0.0013001300130013002,Active,0.8323,0.3241,C17
U05223,15,14,0.0015001500150015003,0.0014001400140014,Active,0.4864,0.3853,C23
U04119,15,15,0.0015001500150015003,0.0015001500150015003,Influential,0.944,0.9646,C19
U02381,15,13,0.0015001500150015003,0.0013001300130013002,Influential,0.7879,0.8782,C06
U08726,15,13,0.0015001500150015003,0.0013001300130013002,Influential,0.7385,0.7543,C01
U04014,15,16,0.0015001500150015003,0.0016001600160016002,Influential,0.8421,0.9616,C14
U06240,15,15,0.0015001500150015003,0.0015001500150015003,Active,0.7395,0.6744,C15
U02594,15,14,0.0015001500150015003,0.0014001400140014,Active,0.8289,0.6069,C19
U08025,15,14,0.0015001500150015003,0.0014001400140014,Bridge,0.8807,0.3898,C25
U06007,15,14,0.0015001500150015003,0.0014001400140014,Active,0.2799,0.6058,C07
U06110,15,16,0.0015001500150015003,0.0016001600160016002,Bridge,0.6727,0.6125,C10
U04683,15,13,0.0015001500150015003,0.0013001300130013002,Active,0.759,0.3459,C08
U00431,15,15,0.0015001500150015003,0.0015001500150015003,Active,0.5997,0.606,C06
U08482,15,15,0.0015001500150015003,0.0015001500150015003,Influential,0.5397,0.8211,C07
U03777,15,15,0.0015001500150015003,0.0015001500150015003,Bridge,0.6401,0.8172,C02
U09794,15,17,0.0015001500150015003,0.0017001700170017002,Influential,0.6664,0.8877,C19
U03605,15,14,0.0015001500150015003,0.0014001400140014,Bridge,0.7831,0.4101,C05
U06014,15,15,0.0015001500150015003,0.0015001500150015003,Influential,0.7276,0.9121,C14
U06011,15,14,0.0015001500150015003,0.0014001400140014,Active,0.8163,0.3354,C11
U06673,15,15,0.0015001500150015003,0.0015001500150015003,Active,0.7859,0.6624,C23
U07942,15,11,0.0015001500150015003,0.0011001100110011,Active,0.5481,0.6777,C17
U08393,15,14,0.0015001500150015003,0.0014001400140014,Active,0.8014,0.5085,C18
U06549,15,16,0.0015001500150015003,0.0016001600160016002,Influential,0.7984,0.9289,C24
U06482,15,15,0.0015001500150015003,0.0015001500150015003,Influential,0.6447,0.9465,C07
U06413,15,15,0.0015001500150015003,0.0015001500150015003,Influential,0.776,0.9121,C13
U07917,15,14,0.0015001500150015003,0.0014001400140014,Influential,0.908,0.9169,C17
U03581,15,14,0.0015001500150015003,0.0014001400140014,Active,0.6194,0.6583,C06
U02520,15,14,0.0015001500150015003,0.0014001400140014,Active,0.6648,0.6053,C20
U08460,15,15,0.0015001500150015003,0.0015001500150015003,Influential,0.8695,0.8643,C10
U08410,15,14,0.0015001500150015003,0.0014001400140014,Influential,0.8535,0.699,C10
U02149,15,11,0.0015001500150015003,0.0011001100110011,Influential,0.8554,0.7777,C24
U06810,15,14,0.0015001500150015003,0.0014001400140014,Bridge,0.7963,0.6301,C10
U00396,15,15,0.0015001500150015003,0.0015001500150015003,Influential,0.7898,0.5924,C21
U06761,15,12,0.0015001500150015003,0.0012001200120012002,Active,0.665,0.5642,C11
U08506,15,14,0.0015001500150015003,0.0014001400140014,Influential,0.5643,0.9142,C06
U00546,15,13,0.0015001500150015003,0.0013001300130013002,Influential,0.7518,0.6326,C21
U05063,15,14,0.0015001500150015003,0.0014001400140014,Active,0.8119,0.4928,C13
U01100,15,13,0.0015001500150015003,0.0013001300130013002,Influential,0.8331,0.8748,C25
U01146,15,15,0.0015001500150015003,0.0015001500150015003,Influential,0.8139,0.6392,C21
U07756,15,17,0.0015001500150015003,0.0017001700170017002,Active,0.3229,0.4616,C06
U09536,15,15,0.0015001500150015003,0.0015001500150015003,Influential,0.64,0.6909,C11
U04438,15,10,0.0015001500150015003,0.001000100010001,Active,0.6886,0.3976,C13
U02811,15,14,0.0015001500150015003,0.0014001400140014,Influential,0.7973,0.8645,C11
U06895,15,15,0.0015001500150015003,0.0015001500150015003,Influential,0.7247,0.9872,C20
U01626,15,13,0.0015001500150015003,0.0013001300130013002,Active,0.6985,0.3063,C01
U08236,15,14,0.0015001500150015003,0.0014001400140014,Influential,0.9243,0.8855,C11
U03699,15,14,0.0015001500150015003,0.0014001400140014,Active,0.8363,0.186,C24
U08078,15,15,0.0015001500150015003,0.0015001500150015003,Influential,0.76,0.9028,C03
U06352,15,14,0.0015001500150015003,0.0014001400140014,Active,0.9415,0.6149,C02
U06337,15,16,0.0015001500150015003,0.0016001600160016002,Influential,0.4716,0.838,C12
U03205,15,13,0.0015001500150015003,0.0013001300130013002,Influential,0.5947,0.7934,C05
U09056,15,16,0.0015001500150015003,0.0016001600160016002,Influential,0.8704,0.9825,C06
U00494,15,15,0.0015001500150015003,0.0015001500150015003,Influential,0.7289,0.9341,C19
U04829,15,14,0.0015001500150015003,0.0014001400140014,Influential,0.6664,0.8795,C04
U06382,15,14,0.0015001500150015003,0.0014001400140014,Active,0.8117,0.2411,C07
U06368,15,15,0.0015001500150015003,0.0015001500150015003,Influential,0.5201,0.8686,C18
U08342,15,14,0.0015001500150015003,0.0014001400140014,Active,0.8203,0.3892,C17
U09709,15,16,0.0015001500150015003,0.0016001600160016002,Influential,0.8028,0.8239,C09
U03649,15,16,0.0015001500150015003,0.0016001600160016002,Active,0.5188,0.6923,C24
U00923,15,15,0.0015001500150015003,0.0015001500150015003,Influential,0.7677,0.9488,C23
U09438,15,17,0.0015001500150015003,0.0017001700170017002,Influential,0.8422,0.8799,C13
U09013,15,16,0.0015001500150015003,0.0016001600160016002,Active,0.5211,0.377,C13
U07695,14,15,0.0014001400140014,0.0015001500150015003,Influential,0.9218,0.9646,C20
U07829,14,17,0.0014001400140014,0.0017001700170017002,Influential,0.7738,0.7409,C04
U03242,14,13,0.0014001400140014,0.0013001300130013002,Influential,0.7249,0.8861,C17
U00362,14,14,0.0014001400140014,0.0014001400140014,Active,0.7289,0.6322,C12
U06971,14,13,0.0014001400140014,0.0013001300130013002,Regular,0.3297,0.3802,C21
U01183,14,16,0.0014001400140014,0.0016001600160016002,Bridge,0.6053,0.3569,C08
U02828,14,12,0.0014001400140014,0.0012001200120012002,Active,0.6821,0.269,C03
U05700,14,12,0.0014001400140014,0.0012001200120012002,Influential,0.8001,0.9502,C25
U00712,14,16,0.0014001400140014,0.0016001600160016002,Bridge,0.71,0.5872,C12
U00776,14,13,0.0014001400140014,0.0013001300130013002,Active,0.7093,0.4361,C01
U09346,14,13,0.0014001400140014,0.0013001300130013002,Influential,0.789,0.668,C21
U07017,14,13,0.0014001400140014,0.0013001300130013002,Active,0.541,0.3666,C17
U06986,14,17,0.0014001400140014,0.0017001700170017002,Influential,0.9183,0.9066,C11
U04030,14,14,0.0014001400140014,0.0014001400140014,Influential,0.797,0.679,C05
U07581,14,15,0.0014001400140014,0.0015001500150015003,Active,0.5135,0.0906,C06
U01484,14,13,0.0014001400140014,0.0013001300130013002,Influential,0.8633,0.9394,C09
U05128,14,19,0.0014001400140014,0.0019001900190019003,Active,0.6998,0.4078,C03
U03415,14,18,0.0014001400140014,0.0018001800180018003,Regular,0.6489,0.3178,C15
U04174,14,16,0.0014001400140014,0.0016001600160016002,Bridge,0.7695,0.6567,C24
U03912,14,15,0.0014001400140014,0.0015001500150015003,Active,0.5917,0.4388,C12
U02407,14,15,0.0014001400140014,0.0015001500150015003,Active,0.8759,0.5477,C07
U07462,14,15,0.0014001400140014,0.0015001500150015003,Active,0.6862,0.2803,C12
U07377,14,11,0.0014001400140014,0.0011001100110011,Bridge,0.8532,0.3023,C02
U01411,14,13,0.0014001400140014,0.0013001300130013002,Active,0.7315,0.2247,C11
U05693,14,12,0.0014001400140014,0.0012001200120012002,Active,0.8796,0.3225,C18
U07234,14,14,0.0014001400140014,0.0014001400140014,Bridge,0.8399,0.4834,C09
U05475,14,12,0.0014001400140014,0.0012001200120012002,Influential,0.7674,0.8942,C25
U07263,14,13,0.0014001400140014,0.0013001300130013002,Influential,0.8863,0.7877,C13
U07558,14,13,0.0014001400140014,0.0013001300130013002,Active,0.7124,0.497,C08
U03055,14,12,0.0014001400140014,0.0012001200120012002,Influential,0.7952,0.9291,C05
U08891,14,16,0.0014001400140014,0.0016001600160016002,Influential,0.9056,0.8521,C16
U02866,14,11,0.0014001400140014,0.0011001100110011,Influential,0.9586,0.9064,C16
U09340,14,15,0.0014001400140014,0.0015001500150015003,Influential,0.9152,0.8831,C15
U01475,14,13,0.0014001400140014,0.0013001300130013002,Influential,0.9215,0.8647,C25
U03099,14,14,0.0014001400140014,0.0014001400140014,Active,0.6729,0.4177,C24
U04318,14,15,0.0014001400140014,0.0015001500150015003,Influential,0.8456,0.8168,C18
U01230,14,13,0.0014001400140014,0.0013001300130013002,Active,0.5373,0.6127,C05
U00316,14,17,0.0014001400140014,0.0017001700170017002,Influential,0.9071,0.6935,C16
U00673,14,13,0.0014001400140014,0.0013001300130013002,Active,0.4574,0.3268,C23
U04064,14,14,0.0014001400140014,0.0014001400140014,Active,0.6359,0.6322,C14
U09458,14,12,0.0014001400140014,0.0012001200120012002,Influential,0.7641,0.7567,C08
U00187,14,20,0.0014001400140014,0.002000200020002,Active,0.7357,0.2971,C12
U03521,14,14,0.0014001400140014,0.0014001400140014,Regular,0.6038,0.2824,C21
U07663,14,13,0.0014001400140014,0.0013001300130013002,Active,0.8409,0.4559,C13
U03506,14,12,0.0014001400140014,0.0012001200120012002,Regular,0.5757,0.1655,C06
U07094,14,16,0.0014001400140014,0.0016001600160016002,Bridge,0.6311,0.5767,C19
U08462,14,13,0.0014001400140014,0.0013001300130013002,Active,0.5832,0.2099,C12
U01007,14,16,0.0014001400140014,0.0016001600160016002,Influential,0.726,0.7498,C07
U00101,14,14,0.0014001400140014,0.0014001400140014,Influential,0.865,0.9433,C01
U02703,14,14,0.0014001400140014,0.0014001400140014,Influential,0.6675,0.8272,C03
U02719,14,13,0.0014001400140014,0.0013001300130013002,Influential,0.9216,0.6987,C19
U06584,14,11,0.0014001400140014,0.0011001100110011,Influential,0.5339,0.6748,C09
U02059,14,13,0.0014001400140014,0.0013001300130013002,Influential,0.7888,0.8881,C09
U06573,14,13,0.0014001400140014,0.0013001300130013002,Active,0.7464,0.6937,C23
U06565,14,15,0.0014001400140014,0.0015001500150015003,Influential,0.8865,0.8494,C15
U09225,14,13,0.0014001400140014,0.0013001300130013002,Influential,0.957,0.9225,C25
U07952,14,14,0.0014001400140014,0.0014001400140014,Active,0.6748,0.5078,C02
U09825,14,13,0.0014001400140014,0.0013001300130013002,Active,0.82,0.3983,C25
U05938,14,16,0.0014001400140014,0.0016001600160016002,Influential,0.8767,0.7482,C13
U03157,14,14,0.0014001400140014,0.0014001400140014,Influential,0.8885,0.8816,C07
U06852,14,15,0.0014001400140014,0.0015001500150015003,Influential,0.9832,0.9102,C02
U02530,14,17,0.0014001400140014,0.0017001700170017002,Influential,0.5499,0.8458,C05
U03781,14,14,0.0014001400140014,0.0014001400140014,Active,0.6887,0.4603,C06
U05868,14,12,0.0014001400140014,0.0012001200120012002,Influential,0.8153,0.7819,C18
U06749,14,11,0.0014001400140014,0.0011001100110011,Influential,0.5712,0.8834,C24
U05848,14,13,0.0014001400140014,0.0013001300130013002,Active,0.8918,0.18,C23
U05858,14,14,0.0014001400140014,0.0014001400140014,Influential,0.8321,0.8953,C08
U02791,14,14,0.0014001400140014,0.0014001400140014,Influential,0.6913,0.9555,C16
U03921,14,13,0.0014001400140014,0.0013001300130013002,Influential,0.8884,0.9317,C21
U04442,14,16,0.0014001400140014,0.0016001600160016002,Influential,0.7314,0.7694,C17
U01104,14,13,0.0014001400140014,0.0013001300130013002,Influential,0.9871,0.9538,C04
U03590,14,13,0.0014001400140014,0.0013001300130013002,Influential,0.7121,0.8864,C15
U07900,14,15,0.0014001400140014,0.0015001500150015003,Active,0.8043,0.5527,C25
U00844,14,15,0.0014001400140014,0.0015001500150015003,Influential,0.6303,0.8726,C19
U08366,14,12,0.0014001400140014,0.0012001200120012002,Influential,0.8678,0.8129,C16
U06050,14,13,0.0014001400140014,0.0013001300130013002,Bridge,0.8342,0.8152,C25
U06063,14,15,0.0014001400140014,0.0015001500150015003,Influential,0.7313,0.6874,C13
U04700,14,13,0.0014001400140014,0.0013001300130013002,Influential,0.7164,0.8858,C25
U06627,14,14,0.0014001400140014,0.0014001400140014,Active,0.7793,0.302,C02
U09036,14,14,0.0014001400140014,0.0014001400140014,Active,0.6355,0.6466,C11
U02601,14,12,0.0014001400140014,0.0012001200120012002,Active,0.8273,0.2298,C01
U09708,14,16,0.0014001400140014,0.0016001600160016002,Influential,0.7589,0.9235,C08
U09068,14,13,0.0014001400140014,0.0013001300130013002,Regular,0.3209,0.2314,C18
U08090,14,11,0.0014001400140014,0.0011001100110011,Bridge,0.643,0.6008,C15
U04752,14,13,0.0014001400140014,0.0013001300130013002,Influential,0.7576,0.8696,C02
U01805,14,15,0.0014001400140014,0.0015001500150015003,Influential,0.4741,0.862,C05
U09772,14,15,0.0014001400140014,0.0015001500150015003,Influential,0.9411,0.6881,C22
U06083,14,13,0.0014001400140014,0.0013001300130013002,Influential,0.809,0.8705,C08
U08315,14,12,0.0014001400140014,0.0012001200120012002,Influential,0.5893,0.7745,C15
U04938,14,12,0.0014001400140014,0.0012001200120012002,Active,0.6448,0.6523,C13
U02016,14,14,0.0014001400140014,0.0014001400140014,Active,0.8566,0.2369,C16
U09100,14,13,0.0014001400140014,0.0013001300130013002,Active,0.6135,0.28,C25
U06247,14,13,0.0014001400140014,0.0013001300130013002,Bridge,0.4976,0.7145,C22
U06118,14,12,0.0014001400140014,0.0012001200120012002,Active,0.3929,0.5506,C18
U03706,14,15,0.0014001400140014,0.0015001500150015003,Influential,0.7713,0.6636,C06
U00031,14,15,0.0014001400140014,0.0015001500150015003,Bridge,0.5658,0.755,C06
U09750,14,11,0.0014001400140014,0.0011001100110011,Influential,0.5686,0.7418,C25
U08190,14,12,0.0014001400140014,0.0012001200120012002,Influential,0.9586,0.753,C15
U01950,14,14,0.0014001400140014,0.0014001400140014,Influential,0.5562,0.739,C25
U03183,14,15,0.0014001400140014,0.0015001500150015003,Influential,0.7163,0.5373,C08
U09958,14,12,0.0014001400140014,0.0012001200120012002,Active,0.5672,0.5172,C08
U07345,14,12,0.0014001400140014,0.0012001200120012002,Influential,0.6567,0.9008,C20
U02967,14,14,0.0014001400140014,0.0014001400140014,Bridge,0.7872,0.7032,C17
U05472,14,13,0.0014001400140014,0.0013001300130013002,Influential,0.8417,0.8879,C22
U02310,14,13,0.0014001400140014,0.0013001300130013002,Active,0.6171,0.3118,C10
U02341,14,15,0.0014001400140014,0.0015001500150015003,Influential,0.5903,0.8418,C16
U05237,14,15,0.0014001400140014,0.0015001500150015003,Influential,0.8233,0.6968,C12
U08807,14,12,0.0014001400140014,0.0012001200120012002,Influential,0.8912,0.725,C07
U05395,14,12,0.0014001400140014,0.0012001200120012002,Bridge,0.5324,0.3812,C20
U08767,14,15,0.0014001400140014,0.0015001500150015003,Active,0.6559,0.5681,C17
U07417,14,11,0.0014001400140014,0.0011001100110011,Active,0.6915,0.4729,C17
U03392,13,15,0.0013001300130013002,0.0015001500150015003,Influential,0.9453,0.8537,C17
U02364,13,12,0.0013001300130013002,0.0012001200120012002,Active,0.5272,0.6617,C14
U08743,13,12,0.0013001300130013002,0.0012001200120012002,Influential,0.8695,0.4137,C18
U02430,13,13,0.0013001300130013002,0.0013001300130013002,Active,0.8285,0.2828,C05
U08815,13,13,0.0013001300130013002,0.0013001300130013002,Bridge,0.8195,0.6729,C15
U03087,13,12,0.0013001300130013002,0.0012001200120012002,Regular,0.619,0.1492,C12
U05363,13,15,0.0013001300130013002,0.0015001500150015003,Active,0.788,0.3451,C13
U07309,13,12,0.0013001300130013002,0.0012001200120012002,Active,0.4414,0.5091,C09
U01387,13,14,0.0013001300130013002,0.0014001400140014,Influential,0.8521,0.7427,C12
U02986,13,12,0.0013001300130013002,0.0012001200120012002,Active,0.8202,0.398,C11
U07499,13,13,0.0013001300130013002,0.0013001300130013002,Active,0.7253,0.3899,C24
U07519,13,12,0.0013001300130013002,0.0012001200120012002,Influential,0.8419,0.5666,C19
U03437,13,13,0.0013001300130013002,0.0013001300130013002,Influential,0.6058,0.9257,C12
U09919,13,11,0.0013001300130013002,0.0011001100110011,Active,0.768,0.7433,C19
U09131,13,12,0.0013001300130013002,0.0012001200120012002,Active,0.4428,0.2007,C06
U06179,13,12,0.0013001300130013002,0.0012001200120012002,Bridge,0.6491,0.6421,C04
U08181,13,14,0.0013001300130013002,0.0014001400140014,Active,0.7527,0.5189,C06
U08193,13,11,0.0013001300130013002,0.0011001100110011,Regular,0.4601,0.3611,C18
U01940,13,12,0.0013001300130013002,0.0012001200120012002,Active,0.8513,0.176,C15
U09538,13,12,0.0013001300130013002,0.0012001200120012002,Active,0.5901,0.4391,C13
U09079,13,13,0.0013001300130013002,0.0013001300130013002,Active,0.7099,0.3977,C04
U00472,13,12,0.0013001300130013002,0.0012001200120012002,Active,0.632,0.5392,C22
U06299,13,11,0.0013001300130013002,0.0011001100110011,Influential,0.7172,0.809,C24
U06123,13,15,0.0013001300130013002,0.0015001500150015003,Active,0.823,0.1815,C23
U01794,13,16,0.0013001300130013002,0.0016001600160016002,Active,0.7838,0.4259,C19
U08155,13,17,0.0013001300130013002,0.0017001700170017002,Active,0.6595,0.5951,C05
U06329,13,11,0.0013001300130013002,0.0011001100110011,Influential,0.6022,0.5917,C04
U01880,13,13,0.0013001300130013002,0.0013001300130013002,Active,0.6752,0.3806,C05
U03033,13,14,0.0013001300130013002,0.0014001400140014,Active,0.512,0.5462,C08
U03035,13,12,0.0013001300130013002,0.0012001200120012002,Active,0.602,0.2023,C10
U00226,13,15,0.0013001300130013002,0.0015001500150015003,Active,0.6271,0.2007,C01
U09727,13,14,0.0013001300130013002,0.0014001400140014,Active,0.7363,0.2888,C02
U02588,13,12,0.0013001300130013002,0.0012001200120012002,Active,0.7641,0.3506,C13
U02574,13,13,0.0013001300130013002,0.0013001300130013002,Active,0.6418,0.5354,C24
U00508,13,13,0.0013001300130013002,0.0013001300130013002,Active,0.6636,0.4102,C08
U08287,13,12,0.0013001300130013002,0.0012001200120012002,Active,0.5736,0.4839,C12
U06588,13,11,0.0013001300130013002,0.0011001100110011,Bridge,0.6311,0.491,C13
U09161,13,14,0.0013001300130013002,0.0014001400140014,Influential,0.6723,0.7893,C11
U02667,13,13,0.0013001300130013002,0.0013001300130013002,Influential,0.6293,0.7406,C17
U02669,13,13,0.0013001300130013002,0.0013001300130013002,Influential,0.9271,0.8198,C19
U03655,13,10,0.0013001300130013002,0.001000100010001,Influential,0.9555,0.7125,C05
U06412,13,11,0.0013001300130013002,0.0011001100110011,Influential,0.7729,0.7441,C12
U06417,13,13,0.0013001300130013002,0.0013001300130013002,Influential,0.8172,0.6964,C17
U06425,13,10,0.0013001300130013002,0.001000100010001,Influential,0.5533,0.9586,C25
U08061,13,11,0.0013001300130013002,0.0011001100110011,Active,0.5307,0.7013,C11
U01827,13,14,0.0013001300130013002,0.0014001400140014,Influential,0.8448,0.93,C02
U00108,13,14,0.0013001300130013002,0.0014001400140014,Influential,0.9005,0.934,C08
U04653,13,13,0.0013001300130013002,0.0013001300130013002,Active,0.6821,0.3331,C03
U04670,13,14,0.0013001300130013002,0.0014001400140014,Influential,0.8663,0.8874,C20
U04679,13,13,0.0013001300130013002,0.0013001300130013002,Active,0.7457,0.1165,C04
U08009,13,13,0.0013001300130013002,0.0013001300130013002,Regular,0.5969,0.3086,C09
U00869,13,12,0.0013001300130013002,0.0012001200120012002,Influential,0.9025,0.8727,C19
U09681,13,17,0.0013001300130013002,0.0017001700170017002,Influential,0.7982,0.8183,C06
U03724,13,13,0.0013001300130013002,0.0013001300130013002,Regular,0.4324,0.212,C24
U02550,13,10,0.0013001300130013002,0.001000100010001,Active,0.4374,0.3844,C25
U02558,13,13,0.0013001300130013002,0.0013001300130013002,Active,0.8079,0.4291,C08
U04974,13,11,0.0013001300130013002,0.0011001100110011,Active,0.8397,0.1245,C24
U04985,13,12,0.0013001300130013002,0.0012001200120012002,Influential,0.7939,0.8897,C10
U04990,13,11,0.0013001300130013002,0.0011001100110011,Influential,0.7525,0.8688,C15
U06854,13,13,0.0013001300130013002,0.0013001300130013002,Active,0.858,0.6841,C04
U04572,13,14,0.0013001300130013002,0.0014001400140014,Regular,0.5093,0.2267,C22
U02735,13,14,0.0013001300130013002,0.0014001400140014,Influential,0.7726,0.8782,C10
U00416,13,12,0.0013001300130013002,0.0012001200120012002,Active,0.4421,0.3216,C16
U04605,13,12,0.0013001300130013002,0.0012001200120012002,Influential,0.7763,0.8202,C05
U04629,13,15,0.0013001300130013002,0.0015001500150015003,Influential,0.799,0.9135,C04
U09785,13,13,0.0013001300130013002,0.0013001300130013002,Influential,0.981,0.604,C10
U09799,13,12,0.0013001300130013002,0.0012001200120012002,Active,0.6507,0.3153,C24
U02024,13,13,0.0013001300130013002,0.0013001300130013002,Active,0.52,0.5566,C24
U03802,13,12,0.0013001300130013002,0.0012001200120012002,Influential,0.7513,0.9697,C02
U09662,13,16,0.0013001300130013002,0.0016001600160016002,Influential,0.9389,0.7959,C12
U00165,13,13,0.0013001300130013002,0.0013001300130013002,Active,0.7989,0.4038,C15
U08947,13,11,0.0013001300130013002,0.0011001100110011,Regular,0.6065,0.1521,C22
U08958,13,14,0.0013001300130013002,0.0014001400140014,Active,0.754,0.2904,C08
U02513,13,13,0.0013001300130013002,0.0013001300130013002,Regular,0.3998,0.0704,C13
U05020,13,13,0.0013001300130013002,0.0013001300130013002,Bridge,0.7969,0.5403,C20
U00166,13,12,0.0013001300130013002,0.0012001200120012002,Active,0.6066,0.501,C16
U01727,13,14,0.0013001300130013002,0.0014001400140014,Influential,0.8312,0.8966,C02
U07910,13,13,0.0013001300130013002,0.0013001300130013002,Active,0.8803,0.385,C10
U06752,13,14,0.0013001300130013002,0.0014001400140014,Influential,0.7395,0.8506,C02
U01710,13,15,0.0013001300130013002,0.0015001500150015003,Bridge,0.4351,0.5378,C10
U01678,13,13,0.0013001300130013002,0.0013001300130013002,Influential,0.7608,0.6313,C03
U00389,13,13,0.0013001300130013002,0.0013001300130013002,Bridge,0.8604,0.6117,C14
U00394,13,16,0.0013001300130013002,0.0016001600160016002,Bridge,0.7542,0.6733,C19
U06842,13,14,0.0013001300130013002,0.0014001400140014,Active,0.5829,0.4446,C17
U05976,13,12,0.0013001300130013002,0.0012001200120012002,Active,0.622,0.6538,C01
U02137,13,10,0.0013001300130013002,0.001000100010001,Active,0.5526,0.4348,C12
U05873,13,12,0.0013001300130013002,0.0012001200120012002,Active,0.5313,0.3066,C23
U03923,13,14,0.0013001300130013002,0.0014001400140014,Active,0.6613,0.3663,C23
U08521,13,12,0.0013001300130013002,0.0012001200120012002,Bridge,0.8342,0.763,C21
U05924,13,11,0.0013001300130013002,0.0011001100110011,Regular,0.5579,0.1779,C24
U02103,13,11,0.0013001300130013002,0.0011001100110011,Influential,0.931,0.6676,C03
U06879,13,13,0.0013001300130013002,0.0013001300130013002,Influential,0.8846,0.4558,C04
U04444,13,11,0.0013001300130013002,0.0011001100110011,Active,0.6319,0.3145,C19
U04465,13,11,0.0013001300130013002,0.0011001100110011,Active,0.4735,0.4872,C15
U01624,13,12,0.0013001300130013002,0.0012001200120012002,Active,0.3915,0.5701,C24
U09813,13,10,0.0013001300130013002,0.001000100010001,Regular,0.3479,0.286,C13
U06923,13,14,0.0013001300130013002,0.0014001400140014,Influential,0.6597,0.7881,C23
U01605,13,12,0.0013001300130013002,0.0012001200120012002,Active,0.6125,0.49,C05
U09302,13,12,0.0013001300130013002,0.0012001200120012002,Influential,0.7187,0.8184,C02
U04411,13,13,0.0013001300130013002,0.0013001300130013002,Active,0.522,0.4554,C11
U06972,13,15,0.0013001300130013002,0.0015001500150015003,Active,0.7606,0.467,C22
U00771,13,11,0.0013001300130013002,0.0011001100110011,Active,0.5964,0.3593,C21
U00718,13,15,0.0013001300130013002,0.0015001500150015003,Active,0.5507,0.5104,C18
U08613,13,11,0.0013001300130013002,0.0011001100110011,Regular,0.229,0.2239,C13
U00574,13,11,0.0013001300130013002,0.0011001100110011,Active,0.7531,0.5279,C24
U05828,13,13,0.0013001300130013002,0.0013001300130013002,Active,0.6483,0.4764,C03
U08523,13,14,0.0013001300130013002,0.0014001400140014,Influential,0.7328,0.5582,C23
U03579,13,14,0.0013001300130013002,0.0014001400140014,Influential,0.9397,0.7907,C04
U07155,13,15,0.0013001300130013002,0.0015001500150015003,Bridge,0.7967,0.7027,C05
U04087,13,13,0.0013001300130013002,0.0013001300130013002,Active,0.3736,0.4864,C12
U04361,13,13,0.0013001300130013002,0.0013001300130013002,Influential,0.8971,0.6686,C11
U07073,13,12,0.0013001300130013002,0.0012001200120012002,Bridge,0.6414,0.6072,C23
U07693,13,12,0.0013001300130013002,0.0012001200120012002,Influential,0.9189,0.8434,C18
U07699,13,11,0.0013001300130013002,0.0011001100110011,Influential,0.8723,0.8262,C24
U07677,13,12,0.0013001300130013002,0.0012001200120012002,Active,0.8127,0.3312,C02
U09469,13,11,0.0013001300130013002,0.0011001100110011,Influential,0.7818,0.6743,C19
U03548,13,11,0.0013001300130013002,0.0011001100110011,Regular,0.3688,0.4876,C23
U02299,13,13,0.0013001300130013002,0.0013001300130013002,Bridge,0.8178,0.4536,C24
U08689,13,13,0.0013001300130013002,0.0013001300130013002,Active,0.6301,0.5618,C14
U08663,13,11,0.0013001300130013002,0.0011001100110011,Influential,0.9748,0.8451,C13
U05612,13,11,0.0013001300130013002,0.0011001100110011,Influential,0.8067,0.4691,C12
U05192,13,12,0.0013001300130013002,0.0012001200120012002,Active,0.7405,0.3792,C17
U02417,13,14,0.0013001300130013002,0.0014001400140014,Active,0.6126,0.4752,C17
U07534,13,14,0.0013001300130013002,0.0014001400140014,Active,0.5858,0.4209,C09
U00309,13,13,0.0013001300130013002,0.0013001300130013002,Active,0.604,0.5736,C09
U02906,13,14,0.0013001300130013002,0.0014001400140014,Influential,0.7779,0.7195,C06
U01471,13,13,0.0013001300130013002,0.0013001300130013002,Influential,0.7225,0.9236,C21
U07610,13,13,0.0013001300130013002,0.0013001300130013002,Active,0.1646,0.4213,C10
U01236,13,11,0.0013001300130013002,0.0011001100110011,Regular,0.3307,0.4689,C11
U01244,13,13,0.0013001300130013002,0.0013001300130013002,Active,0.7426,0.244,C19
U07232,13,11,0.0013001300130013002,0.0011001100110011,Active,0.5287,0.427,C07
U04152,13,13,0.0013001300130013002,0.0013001300130013002,Influential,0.9124,0.9364,C02
U04157,13,12,0.0013001300130013002,0.0012001200120012002,Active,0.5179,0.3021,C07
U04165,13,15,0.0013001300130013002,0.0015001500150015003,Influential,0.8976,0.6063,C15
U04259,13,12,0.0013001300130013002,0.0012001200120012002,Active,0.6095,0.4676,C09
U03403,13,13,0.0013001300130013002,0.0013001300130013002,Influential,0.6194,0.725,C03
U03433,13,14,0.0013001300130013002,0.0014001400140014,Influential,0.9101,0.9886,C08
U00015,13,11,0.0013001300130013002,0.0011001100110011,Active,0.5183,0.3667,C15
U07398,13,12,0.0013001300130013002,0.0012001200120012002,Influential,0.9682,0.6413,C23
U07400,13,13,0.0013001300130013002,0.0013001300130013002,Active,0.7712,0.5058,C25
U09935,13,14,0.0013001300130013002,0.0014001400140014,Active,0.4512,0.3778,C10
U07413,13,12,0.0013001300130013002,0.0012001200120012002,Influential,0.6281,0.9356,C13
U07434,12,16,0.0012001200120012002,0.0016001600160016002,Active,0.6623,0.5615,C09
U09942,12,11,0.0012001200120012002,0.0011001100110011,Active,0.5886,0.2176,C17
U09950,12,14,0.0012001200120012002,0.0014001400140014,Active,0.6784,0.6292,C25
U09959,12,12,0.0012001200120012002,0.0012001200120012002,Bridge,0.6421,0.4552,C09
U01377,12,11,0.0012001200120012002,0.0011001100110011,Active,0.7486,0.2181,C02
U07283,12,12,0.0012001200120012002,0.0012001200120012002,Active,0.782,0.1852,C08
U08791,12,12,0.0012001200120012002,0.0012001200120012002,Active,0.7968,0.1754,C16
U08782,12,12,0.0012001200120012002,0.0012001200120012002,Active,0.5489,0.5458,C07
U02404,12,15,0.0012001200120012002,0.0015001500150015003,Active,0.5424,0.6935,C04
U03905,12,10,0.0012001200120012002,0.001000100010001,Active,0.5122,0.2177,C05
U02928,12,12,0.0012001200120012002,0.0012001200120012002,Influential,0.3983,0.7645,C03
U04241,12,11,0.0012001200120012002,0.0011001100110011,Active,0.7018,0.3331,C16
U00292,12,11,0.0012001200120012002,0.0011001100110011,Active,0.5064,0.4932,C17
U04212,12,12,0.0012001200120012002,0.0012001200120012002,Influential,0.8419,0.8119,C12
U01263,12,12,0.0012001200120012002,0.0012001200120012002,Regular,0.2888,0.2713,C13
U01249,12,10,0.0012001200120012002,0.001000100010001,Active,0.7534,0.5301,C24
U07560,12,13,0.0012001200120012002,0.0013001300130013002,Influential,0.8849,0.6167,C10
U07559,12,13,0.0012001200120012002,0.0013001300130013002,Active,0.6381,0.5311,C09
U07573,12,11,0.0012001200120012002,0.0011001100110011,Active,0.7608,0.3903,C23
U07200,12,11,0.0012001200120012002,0.0011001100110011,Influential,0.6475,0.8157,C25
U01220,12,10,0.0012001200120012002,0.001000100010001,Active,0.6717,0.561,C20
U01218,12,11,0.0012001200120012002,0.0011001100110011,Active,0.4764,0.2076,C18
U07193,12,11,0.0012001200120012002,0.0011001100110011,Influential,0.9637,0.9304,C18
U02892,12,12,0.0012001200120012002,0.0012001200120012002,Influential,0.8337,0.7534,C17
U05397,12,12,0.0012001200120012002,0.0012001200120012002,Active,0.4668,0.4056,C22
U00625,12,11,0.0012001200120012002,0.0011001100110011,Active,0.7687,0.4618,C25
U08750,12,12,0.0012001200120012002,0.0012001200120012002,Influential,0.8475,0.9089,C25
U07169,12,12,0.0012001200120012002,0.0012001200120012002,Active,0.493,0.595,C19
U01486,12,17,0.0012001200120012002,0.0017001700170017002,Influential,0.899,0.6491,C11
U01482,12,12,0.0012001200120012002,0.0012001200120012002,Influential,0.839,0.757,C07
U01474,12,13,0.0012001200120012002,0.0013001300130013002,Influential,0.7089,0.8966,C24
U07133,12,12,0.0012001200120012002,0.0012001200120012002,Active,0.5644,0.5575,C08
U09894,12,14,0.0012001200120012002,0.0014001400140014,Active,0.7291,0.4119,C19
U09838,12,11,0.0012001200120012002,0.0011001100110011,Active,0.566,0.4562,C13
U04059,12,12,0.0012001200120012002,0.0012001200120012002,Influential,0.8878,0.9493,C09
U00333,12,11,0.0012001200120012002,0.0011001100110011,Active,0.7635,0.1687,C08
U00332,12,13,0.0012001200120012002,0.0013001300130013002,Bridge,0.8207,0.5383,C07
U05474,12,10,0.0012001200120012002,0.001000100010001,Influential,0.7714,0.9367,C24
U00647,12,12,0.0012001200120012002,0.0012001200120012002,Influential,0.8517,0.9196,C22
U05414,12,12,0.0012001200120012002,0.0012001200120012002,Active,0.7218,0.2348,C14
U03077,12,11,0.0012001200120012002,0.0011001100110011,Influential,0.8764,0.6508,C02
U07671,12,12,0.0012001200120012002,0.0012001200120012002,Active,0.6919,0.5306,C21
U07082,12,11,0.0012001200120012002,0.0011001100110011,Active,0.8254,0.4784,C07
U07069,12,10,0.0012001200120012002,0.001000100010001,Influential,0.7927,0.9243,C19
U07067,12,11,0.0012001200120012002,0.0011001100110011,Influential,0.729,0.7181,C17
U07062,12,14,0.0012001200120012002,0.0014001400140014,Active,0.4701,0.6512,C12
U04364,12,11,0.0012001200120012002,0.0011001100110011,Active,0.5975,0.5049,C14
U04362,12,12,0.0012001200120012002,0.0012001200120012002,Influential,0.933,0.9595,C12
U04349,12,12,0.0012001200120012002,0.0012001200120012002,Influential,0.8923,0.7686,C24
U04075,12,12,0.0012001200120012002,0.0012001200120012002,Active,0.4101,0.355,C25
U07035,12,12,0.0012001200120012002,0.0012001200120012002,Active,0.6541,0.3511,C10
U01577,12,10,0.0012001200120012002,0.001000100010001,Active,0.4749,0.3092,C02
U07008,12,10,0.0012001200120012002,0.001000100010001,Active,0.6836,0.5805,C08
U04037,12,14,0.0012001200120012002,0.0014001400140014,Influential,0.8366,0.8327,C12
U05586,12,13,0.0012001200120012002,0.0013001300130013002,Influential,0.7402,0.5908,C11
U00680,12,11,0.0012001200120012002,0.0011001100110011,Active,0.6443,0.5507,C05
U02276,12,11,0.0012001200120012002,0.0011001100110011,Influential,0.8578,0.8193,C01
U05531,12,13,0.0012001200120012002,0.0013001300130013002,Active,0.5681,0.2853,C06
U05519,12,13,0.0012001200120012002,0.0013001300130013002,Influential,0.7174,0.8634,C19
U05515,12,12,0.0012001200120012002,0.0012001200120012002,Active,0.6697,0.276,C15
U02854,12,12,0.0012001200120012002,0.0012001200120012002,Active,0.4173,0.3449,C04
U06932,12,10,0.0012001200120012002,0.001000100010001,Active,0.5676,0.3587,C07
U06927,12,13,0.0012001200120012002,0.0013001300130013002,Active,0.5104,0.3821,C02
U00091,12,14,0.0012001200120012002,0.0014001400140014,Active,0.765,0.2468,C16
U03246,12,12,0.0012001200120012002,0.0012001200120012002,Influential,0.746,0.8874,C21
U07816,12,13,0.0012001200120012002,0.0013001300130013002,Influential,0.8714,0.9633,C16
U04459,12,11,0.0012001200120012002,0.0011001100110011,Active,0.6809,0.5375,C09
U02804,12,11,0.0012001200120012002,0.0011001100110011,Active,0.4931,0.5945,C04
U03119,12,10,0.0012001200120012002,0.001000100010001,Active,0.776,0.4608,C19
U05683,12,14,0.0012001200120012002,0.0014001400140014,Active,0.7134,0.5127,C08
U08633,12,10,0.0012001200120012002,0.001000100010001,Active,0.7395,0.5977,C08
U04054,12,12,0.0012001200120012002,0.0012001200120012002,Regular,0.3829,0.2389,C04
U00243,12,13,0.0012001200120012002,0.0013001300130013002,Active,0.5075,0.4813,C18
U09526,12,11,0.0012001200120012002,0.0011001100110011,Influential,0.6989,0.8624,C01
U01633,12,10,0.0012001200120012002,0.001000100010001,Active,0.5655,0.1931,C08
U06837,12,10,0.0012001200120012002,0.001000100010001,Active,0.7071,0.2375,C12
U06835,12,11,0.0012001200120012002,0.0011001100110011,Influential,0.6728,0.7007,C10
U02752,12,12,0.0012001200120012002,0.0012001200120012002,Active,0.5634,0.3011,C02
U02739,12,12,0.0012001200120012002,0.0012001200120012002,Active,0.835,0.3977,C14
U00391,12,12,0.0012001200120012002,0.0012001200120012002,Active,0.6522,0.4805,C16
U04513,12,12,0.0012001200120012002,0.0012001200120012002,Active,0.6967,0.3615,C13
U04498,12,12,0.0012001200120012002,0.0012001200120012002,Active,0.8035,0.3678,C23
U06834,12,11,0.0012001200120012002,0.0011001100110011,Active,0.592,0.529,C09
U06721,12,10,0.0012001200120012002,0.001000100010001,Influential,0.6147,0.901,C21
U08854,12,12,0.0012001200120012002,0.0012001200120012002,Active,0.2811,0.4748,C04
U02440,12,13,0.0012001200120012002,0.0013001300130013002,Active,0.7285,0.3747,C15
U05171,12,10,0.0012001200120012002,0.001000100010001,Active,0.5746,0.3179,C21
U03859,12,12,0.0012001200120012002,0.0012001200120012002,Active,0.6464,0.1677,C09
U00179,12,13,0.0012001200120012002,0.0013001300130013002,Influential,0.8409,0.8406,C04
U00177,12,11,0.0012001200120012002,0.0011001100110011,Influential,0.8873,0.9005,C02
U00111,12,12,0.0012001200120012002,0.0012001200120012002,Influential,0.5605,0.904,C11
U09802,12,12,0.0012001200120012002,0.0012001200120012002,Influential,0.8739,0.7965,C02
U07946,12,11,0.0012001200120012002,0.0011001100110011,Bridge,0.7502,0.7238,C21
U02729,12,11,0.0012001200120012002,0.0011001100110011,Active,0.5902,0.3962,C04
U04571,12,12,0.0012001200120012002,0.0012001200120012002,Regular,0.4982,0.4381,C21
U06655,12,13,0.0012001200120012002,0.0013001300130013002,Active,0.5621,0.5894,C05
U01028,12,12,0.0012001200120012002,0.0012001200120012002,Bridge,0.7529,0.5623,C03
U06611,12,13,0.0012001200120012002,0.0013001300130013002,Influential,0.7815,0.7104,C11
U06585,12,12,0.0012001200120012002,0.0012001200120012002,Regular,0.2491,0.4268,C10
U01013,12,11,0.0012001200120012002,0.0011001100110011,Active,0.689,0.4825,C13
U08019,12,14,0.0012001200120012002,0.0014001400140014,Influential,0.8747,0.9091,C19
U06570,12,11,0.0012001200120012002,0.0011001100110011,Active,0.3511,0.6279,C20
U08560,12,10,0.0012001200120012002,0.001000100010001,Active,0.8225,0.3737,C10
U05753,12,10,0.0012001200120012002,0.001000100010001,Active,0.4771,0.5672,C03
U03863,12,12,0.0012001200120012002,0.0012001200120012002,Active,0.7597,0.5152,C13
U04648,12,11,0.0012001200120012002,0.0011001100110011,Regular,0.2739,0.2301,C23
U00429,12,12,0.0012001200120012002,0.0012001200120012002,Active,0.5674,0.4174,C04
U09179,12,11,0.0012001200120012002,0.0011001100110011,Influential,0.7223,0.8464,C04
U08035,12,13,0.0012001200120012002,0.0013001300130013002,Regular,0.5723,0.3263,C10
U01798,12,11,0.0012001200120012002,0.0011001100110011,Active,0.616,0.2904,C23
U01793,12,12,0.0012001200120012002,0.0012001200120012002,Influential,0.8351,0.9595,C18
U09157,12,11,0.0012001200120012002,0.0011001100110011,Influential,0.7277,0.9478,C07
U09156,12,10,0.0012001200120012002,0.001000100010001,Active,0.6275,0.2457,C06
U09151,12,12,0.0012001200120012002,0.0012001200120012002,Active,0.7303,0.2464,C01
U03216,12,13,0.0012001200120012002,0.0013001300130013002,Active,0.4731,0.1511,C16
U00966,12,12,0.0012001200120012002,0.0012001200120012002,Active,0.6974,0.4717,C16
U01862,12,12,0.0012001200120012002,0.0012001200120012002,Influential,0.7612,0.7888,C12
U06396,12,11,0.0012001200120012002,0.0011001100110011,Influential,0.7482,0.7056,C21
U05077,12,11,0.0012001200120012002,0.0011001100110011,Influential,0.9226,0.9013,C02
U02486,12,12,0.0012001200120012002,0.0012001200120012002,Influential,0.5346,0.9725,C11
U03960,12,12,0.0012001200120012002,0.0012001200120012002,Regular,0.2678,0.2834,C10
U03958,12,10,0.0012001200120012002,0.001000100010001,Influential,0.854,0.6319,C08
U09582,12,12,0.0012001200120012002,0.0012001200120012002,Active,0.472,0.3866,C07
U02179,12,11,0.0012001200120012002,0.0011001100110011,Influential,0.9016,0.8077,C04
U00735,12,12,0.0012001200120012002,0.0012001200120012002,Active,0.5385,0.536,C10
U00732,12,12,0.0012001200120012002,0.0012001200120012002,Active,0.6614,0.4691,C07
U03983,12,11,0.0012001200120012002,0.0011001100110011,Influential,0.8418,0.88,C08
U04729,12,12,0.0012001200120012002,0.0012001200120012002,Active,0.3919,0.6237,C04
U06377,12,14,0.0012001200120012002,0.0014001400140014,Influential,0.8158,0.7504,C02
U01898,12,12,0.0012001200120012002,0.0012001200120012002,Active,0.7241,0.4049,C23
U08147,12,13,0.0012001200120012002,0.0013001300130013002,Active,0.258,0.6462,C22
U06255,12,12,0.0012001200120012002,0.0012001200120012002,Active,0.6074,0.7065,C05
U08930,12,10,0.0012001200120012002,0.001000100010001,Active,0.5486,0.1878,C05
U05822,12,12,0.0012001200120012002,0.0012001200120012002,Active,0.6706,0.3677,C22
U00470,12,10,0.0012001200120012002,0.001000100010001,Active,0.474,0.3903,C20
U00465,12,12,0.0012001200120012002,0.0012001200120012002,Active,0.6488,0.2052,C15
U09542,12,12,0.0012001200120012002,0.0012001200120012002,Influential,0.6821,0.8523,C17
U08177,12,10,0.0012001200120012002,0.001000100010001,Regular,0.2698,0.3124,C02
U08170,12,11,0.0012001200120012002,0.0011001100110011,Active,0.6179,0.322,C20
U06213,12,12,0.0012001200120012002,0.0012001200120012002,Active,0.6621,0.4748,C13
U00912,12,13,0.0012001200120012002,0.0013001300130013002,Active,0.696,0.5024,C12
U06176,12,12,0.0012001200120012002,0.0012001200120012002,Influential,0.8729,0.9309,C01
U03713,12,11,0.0012001200120012002,0.0011001100110011,Influential,0.9173,0.7901,C13
U02578,12,11,0.0012001200120012002,0.0011001100110011,Influential,0.7516,0.9523,C03
U04865,12,10,0.0012001200120012002,0.001000100010001,Active,0.4828,0.3245,C15
U04846,12,10,0.0012001200120012002,0.001000100010001,Active,0.6995,0.3336,C21
U04836,12,11,0.0012001200120012002,0.0011001100110011,Active,0.3699,0.5994,C11
U04828,12,11,0.0012001200120012002,0.0011001100110011,Active,0.618,0.4255,C03
U02621,12,11,0.0012001200120012002,0.0011001100110011,Influential,0.7943,0.8544,C21
U03682,12,13,0.0012001200120012002,0.0013001300130013002,Active,0.529,0.6383,C07
U06161,12,11,0.0012001200120012002,0.0011001100110011,Active,0.7793,0.5658,C11
U06152,12,13,0.0012001200120012002,0.0013001300130013002,Influential,0.4501,0.819,C02
U05931,12,11,0.0012001200120012002,0.0011001100110011,Bridge,0.7707,0.459,C06
U05918,12,10,0.0012001200120012002,0.001000100010001,Active,0.4638,0.1486,C18
U00891,12,11,0.0012001200120012002,0.0011001100110011,Bridge,0.6474,0.7822,C16
U06103,12,13,0.0012001200120012002,0.0013001300130013002,Influential,0.8736,0.8285,C03
U06090,12,11,0.0012001200120012002,0.0011001100110011,Influential,0.8113,0.8331,C15
U08280,12,15,0.0012001200120012002,0.0015001500150015003,Active,0.5803,0.3553,C05
U08276,12,12,0.0012001200120012002,0.0012001200120012002,Active,0.3609,0.4868,C01
U08262,12,12,0.0012001200120012002,0.0012001200120012002,Active,0.5902,0.471,C12
U02545,12,12,0.0012001200120012002,0.0012001200120012002,Influential,0.7142,0.4724,C20
U09034,12,10,0.0012001200120012002,0.001000100010001,Influential,0.7469,0.9413,C09
U04918,12,12,0.0012001200120012002,0.0012001200120012002,Active,0.787,0.4076,C18
U00860,12,11,0.0012001200120012002,0.0011001100110011,Active,0.7744,0.2997,C10
U08329,12,10,0.0012001200120012002,0.001000100010001,Regular,0.3404,0.1929,C04
U05026,12,13,0.0012001200120012002,0.0013001300130013002,Bridge,0.7197,0.6841,C01
U05011,12,11,0.0012001200120012002,0.0011001100110011,Influential,0.7044,0.9346,C11
U02516,12,12,0.0012001200120012002,0.0012001200120012002,Active,0.5528,0.6402,C16
U05004,12,12,0.0012001200120012002,0.0012001200120012002,Influential,0.8754,0.8421,C04
U02013,12,13,0.0012001200120012002,0.0013001300130013002,Active,0.438,0.6527,C13
U02008,12,11,0.0012001200120012002,0.0011001100110011,Active,0.6579,0.4323,C08
U06068,12,11,0.0012001200120012002,0.0011001100110011,Bridge,0.873,0.7131,C18
U08368,12,10,0.0012001200120012002,0.001000100010001,Active,0.4202,0.6289,C18
U08356,12,11,0.0012001200120012002,0.0011001100110011,Active,0.4823,0.1766,C06
U03761,12,13,0.0012001200120012002,0.0013001300130013002,Regular,0.5311,0.0835,C11
U03735,12,12,0.0012001200120012002,0.0012001200120012002,Active,0.5773,0.4226,C10
U03731,12,12,0.0012001200120012002,0.0012001200120012002,Influential,0.7212,0.6636,C06
U02539,12,12,0.0012001200120012002,0.0012001200120012002,Influential,0.9091,0.7561,C14
U00528,12,12,0.0012001200120012002,0.0012001200120012002,Influential,0.7145,0.7655,C03
U03154,12,11,0.0012001200120012002,0.0011001100110011,Active,0.4764,0.5712,C04
U09731,12,12,0.0012001200120012002,0.0012001200120012002,Active,0.5903,0.387,C06
U02068,12,12,0.0012001200120012002,0.0012001200120012002,Influential,0.5672,0.8712,C18
U05959,12,11,0.0012001200120012002,0.0011001100110011,Active,0.8364,0.412,C09
U05947,12,11,0.0012001200120012002,0.0011001100110011,Influential,0.7331,0.8908,C22
U06042,12,13,0.0012001200120012002,0.0013001300130013002,Influential,0.9041,0.899,C17
U08414,12,13,0.0012001200120012002,0.0013001300130013002,Influential,0.852,0.738,C14
U00049,12,12,0.0012001200120012002,0.0012001200120012002,Bridge,0.7459,0.3923,C24
U09903,12,11,0.0012001200120012002,0.0011001100110011,Active,0.5108,0.5021,C03
U01293,12,12,0.0012001200120012002,0.0012001200120012002,Bridge,0.8237,0.8527,C18
U02969,12,12,0.0012001200120012002,0.0012001200120012002,Influential,0.5515,0.8317,C19
U09448,12,11,0.0012001200120012002,0.0011001100110011,Bridge,0.5027,0.6113,C23
U01311,12,12,0.0012001200120012002,0.0012001200120012002,Influential,0.9092,0.6666,C11
U01358,12,11,0.0012001200120012002,0.0011001100110011,Active,0.6379,0.642,C08
U07368,12,10,0.0012001200120012002,0.001000100010001,Influential,0.9776,0.833,C18
U03479,12,12,0.0012001200120012002,0.0012001200120012002,Active,0.6685,0.3334,C04
U03474,12,9,0.0012001200120012002,0.0009000900090009002,Active,0.7823,0.2657,C24
U03362,12,11,0.0012001200120012002,0.0011001100110011,Regular,0.3127,0.5732,C12
U07460,12,11,0.0012001200120012002,0.0011001100110011,Active,0.774,0.5036,C10
U00013,11,11,0.0011001100110011,0.0011001100110011,Influential,0.738,0.8369,C13
U07276,11,10,0.0011001100110011,0.001000100010001,Active,0.7121,0.3888,C01
U05356,11,13,0.0011001100110011,0.0013001300130013002,Active,0.2838,0.283,C06
U05339,11,11,0.0011001100110011,0.0011001100110011,Influential,0.9333,0.869,C14
U03902,11,13,0.0011001100110011,0.0013001300130013002,Influential,0.8375,0.8644,C02
U00196,11,11,0.0011001100110011,0.0011001100110011,Active,0.3578,0.483,C21
U09613,11,11,0.0011001100110011,0.0011001100110011,Active,0.3605,0.4895,C13
U09606,11,12,0.0011001100110011,0.0012001200120012002,Influential,0.835,0.4676,C06
U07406,11,12,0.0011001100110011,0.0012001200120012002,Bridge,0.8085,0.4392,C06
U09392,11,10,0.0011001100110011,0.001000100010001,Active,0.5662,0.4087,C17
U04215,11,10,0.0011001100110011,0.001000100010001,Influential,0.8566,0.9841,C15
U06045,11,13,0.0011001100110011,0.0013001300130013002,Regular,0.4544,0.1145,C20
U02038,11,12,0.0011001100110011,0.0012001200120012002,Influential,0.6165,0.961,C13
U00818,11,10,0.0011001100110011,0.001000100010001,Influential,0.585,0.9179,C18
U08394,11,10,0.0011001100110011,0.001000100010001,Regular,0.3306,0.0394,C19
U05973,11,11,0.0011001100110011,0.0011001100110011,Bridge,0.7092,0.663,C23
U02074,11,10,0.0011001100110011,0.001000100010001,Bridge,0.6815,0.5987,C24
U03330,11,10,0.0011001100110011,0.001000100010001,Active,0.5254,0.478,C05
U05949,11,12,0.0011001100110011,0.0012001200120012002,Influential,0.8852,0.5979,C24
U03827,11,10,0.0011001100110011,0.001000100010001,Regular,0.2422,0.4072,C02
U09668,11,9,0.0011001100110011,0.0009000900090009002,Active,0.4029,0.2743,C18
U00174,11,10,0.0011001100110011,0.001000100010001,Influential,0.4309,0.8088,C24
U02497,11,12,0.0011001100110011,0.0012001200120012002,Influential,0.8988,0.826,C22
U07270,11,12,0.0011001100110011,0.0012001200120012002,Influential,0.8507,0.8764,C20
U07268,11,12,0.0011001100110011,0.0012001200120012002,Active,0.802,0.3869,C18
U07262,11,12,0.0011001100110011,0.0012001200120012002,Active,0.5356,0.2889,C12
U07577,11,14,0.0011001100110011,0.0014001400140014,Influential,0.6059,0.9729,C02
U07211,11,10,0.0011001100110011,0.001000100010001,Active,0.489,0.1956,C11
U07191,11,11,0.0011001100110011,0.0011001100110011,Regular,0.3641,0.1031,C16
U01466,11,11,0.0011001100110011,0.0011001100110011,Active,0.6132,0.1928,C16
U07182,11,11,0.0011001100110011,0.0011001100110011,Active,0.7912,0.4635,C07
U02889,11,10,0.0011001100110011,0.001000100010001,Bridge,0.5747,0.7663,C14
U04320,11,10,0.0011001100110011,0.001000100010001,Active,0.7578,0.1748,C20
U03876,11,9,0.0011001100110011,0.0009000900090009002,Active,0.7438,0.5978,C01
U08809,11,11,0.0011001100110011,0.0011001100110011,Active,0.5667,0.5528,C09
U05204,11,9,0.0011001100110011,0.0009000900090009002,Bridge,0.1577,0.8302,C04
U08762,11,9,0.0011001100110011,0.0009000900090009002,Active,0.5826,0.3587,C12
U08754,11,10,0.0011001100110011,0.001000100010001,Active,0.595,0.2894,C04
U02365,11,11,0.0011001100110011,0.0011001100110011,Regular,0.2976,0.2109,C15
U02902,11,10,0.0011001100110011,0.001000100010001,Active,0.6749,0.4959,C02
U06066,11,11,0.0011001100110011,0.0011001100110011,Bridge,0.8233,0.4877,C16
U03141,11,14,0.0011001100110011,0.0014001400140014,Bridge,0.4519,0.6125,C16
U08999,11,8,0.0011001100110011,0.0008000800080008001,Active,0.6344,0.3531,C24
U00524,11,12,0.0011001100110011,0.0012001200120012002,Regular,0.4124,0.1822,C24
U00522,11,9,0.0011001100110011,0.0009000900090009002,Active,0.8516,0.4329,C22
U03714,11,10,0.0011001100110011,0.001000100010001,Active,0.5585,0.3849,C14
U09841,11,12,0.0011001100110011,0.0012001200120012002,Active,0.5571,0.3132,C16
U00261,11,11,0.0011001100110011,0.0011001100110011,Bridge,0.4353,0.3779,C11
U09465,11,8,0.0011001100110011,0.0008000800080008001,Regular,0.3492,0.3197,C15
U04337,11,11,0.0011001100110011,0.0011001100110011,Active,0.4517,0.3328,C12
U09380,11,10,0.0011001100110011,0.001000100010001,Regular,0.564,0.4213,C05
U09374,11,11,0.0011001100110011,0.0011001100110011,Active,0.8475,0.5969,C24
U03535,11,10,0.0011001100110011,0.001000100010001,Active,0.4235,0.2926,C10
U05025,11,7,0.0011001100110011,0.0007000700070007,Active,0.7764,0.416,C25
U02522,11,13,0.0011001100110011,0.0013001300130013002,Active,0.3055,0.5363,C22
U04998,11,12,0.0011001100110011,0.0012001200120012002,Active,0.9174,0.5859,C23
U00162,11,11,0.0011001100110011,0.0011001100110011,Active,0.8297,0.3195,C12
U03790,11,12,0.0011001100110011,0.0012001200120012002,Active,0.7205,0.2135,C15
U00781,11,11,0.0011001100110011,0.0011001100110011,Regular,0.0726,0.3774,C06
U05496,11,9,0.0011001100110011,0.0009000900090009002,Active,0.5536,0.2531,C21
U05463,11,12,0.0011001100110011,0.0012001200120012002,Active,0.5228,0.7038,C13
U08738,11,12,0.0011001100110011,0.0012001200120012002,Active,0.602,0.3194,C13
U00651,11,10,0.0011001100110011,0.001000100010001,Active,0.3025,0.6069,C01
U05430,11,13,0.0011001100110011,0.0013001300130013002,Active,0.4074,0.4388,C05
U09593,11,12,0.0011001100110011,0.0012001200120012002,Regular,0.228,0.2003,C18
U07058,11,11,0.0011001100110011,0.0011001100110011,Active,0.7734,0.3107,C08
U09347,11,11,0.0011001100110011,0.0011001100110011,Regular,0.4747,0.2497,C22
U09344,11,11,0.0011001100110011,0.0011001100110011,Active,0.5128,0.333,C19
U04091,11,10,0.0011001100110011,0.001000100010001,Active,0.6661,0.6856,C16
U01560,11,9,0.0011001100110011,0.0009000900090009002,Influential,0.8714,0.8427,C10
U07010,11,13,0.0011001100110011,0.0013001300130013002,Active,0.3935,0.2614,C10
U01163,11,12,0.0011001100110011,0.0012001200120012002,Bridge,0.6809,0.6877,C13
U01974,11,11,0.0011001100110011,0.0011001100110011,Active,0.6488,0.3318,C24
U06143,11,11,0.0011001100110011,0.0011001100110011,Influential,0.948,0.5855,C18
U02000,11,9,0.0011001100110011,0.0009000900090009002,Active,0.6415,0.4338,C25
U08288,11,11,0.0011001100110011,0.0011001100110011,Active,0.6002,0.4501,C13
U00498,11,9,0.0011001100110011,0.0009000900090009002,Influential,0.8824,0.9592,C23
U01156,11,11,0.0011001100110011,0.0011001100110011,Influential,0.3609,0.7824,C06
U07753,11,9,0.0011001100110011,0.0009000900090009002,Active,0.7699,0.489,C03
U07749,11,10,0.0011001100110011,0.001000100010001,Influential,0.8117,0.6279,C24
U01600,11,12,0.0011001100110011,0.0012001200120012002,Influential,0.9208,0.9453,C25
U01599,11,10,0.0011001100110011,0.001000100010001,Regular,0.6558,0.0706,C24
U06975,11,10,0.0011001100110011,0.001000100010001,Active,0.58,0.532,C25
U06965,11,13,0.0011001100110011,0.0013001300130013002,Active,0.622,0.4877,C15
U05929,11,11,0.0011001100110011,0.0011001100110011,Active,0.4053,0.5868,C04
U05923,11,12,0.0011001100110011,0.0012001200120012002,Influential,0.9722,0.9679,C23
U05887,11,17,0.0011001100110011,0.0017001700170017002,Active,0.5889,0.477,C12
U08518,11,10,0.0011001100110011,0.001000100010001,Active,0.6212,0.3167,C18
U00768,11,10,0.0011001100110011,0.001000100010001,Active,0.3902,0.5397,C18
U09560,11,9,0.0011001100110011,0.0009000900090009002,Influential,0.8242,0.8754,C10
U03936,11,11,0.0011001100110011,0.0011001100110011,Active,0.3826,0.3752,C11
U00888,11,8,0.0011001100110011,0.0008000800080008001,Influential,0.6667,0.9844,C13
U08243,11,12,0.0011001100110011,0.0012001200120012002,Active,0.6941,0.4304,C18
U01135,11,11,0.0011001100110011,0.0011001100110011,Influential,0.916,0.703,C10
U05620,11,13,0.0011001100110011,0.0013001300130013002,Bridge,0.45,0.7236,C20
U08687,11,11,0.0011001100110011,0.0011001100110011,Influential,0.8185,0.8199,C12
U02303,11,10,0.0011001100110011,0.001000100010001,Regular,0.4998,0.119,C03
U04026,11,10,0.0011001100110011,0.001000100010001,Active,0.521,0.185,C01
U04025,11,8,0.0011001100110011,0.0008000800080008001,Regular,0.5574,0.1714,C25
U06186,11,13,0.0011001100110011,0.0013001300130013002,Active,0.5631,0.5218,C11
U01960,11,9,0.0011001100110011,0.0009000900090009002,Active,0.6598,0.5082,C10
U04837,11,10,0.0011001100110011,0.001000100010001,Active,0.6253,0.482,C12
U03187,11,13,0.0011001100110011,0.0013001300130013002,Influential,0.5388,0.9269,C12
U06147,11,10,0.0011001100110011,0.001000100010001,Regular,0.4017,0.1695,C22
U08479,11,11,0.0011001100110011,0.0011001100110011,Influential,0.9872,0.8152,C04
U06935,11,11,0.0011001100110011,0.0011001100110011,Influential,0.7396,0.6063,C10
U06934,11,9,0.0011001100110011,0.0009000900090009002,Regular,0.3415,0.1358,C09
U00094,11,13,0.0011001100110011,0.0013001300130013002,Active,0.7366,0.2195,C19
U00086,11,10,0.0011001100110011,0.001000100010001,Influential,0.875,0.8751,C11
U03589,11,12,0.0011001100110011,0.0012001200120012002,Active,0.5757,0.5522,C14
U07817,11,10,0.0011001100110011,0.001000100010001,Active,0.6216,0.1357,C17
U07809,11,11,0.0011001100110011,0.0011001100110011,Active,0.6656,0.3068,C09
U06912,11,9,0.0011001100110011,0.0009000900090009002,Active,0.6635,0.3554,C12
U01637,11,11,0.0011001100110011,0.0011001100110011,Regular,0.2096,0.2103,C12
U09284,11,11,0.0011001100110011,0.0011001100110011,Regular,0.6105,0.1012,C09
U02236,11,8,0.0011001100110011,0.0008000800080008001,Bridge,0.781,0.4661,C11
U02226,11,11,0.0011001100110011,0.0011001100110011,Active,0.6823,0.4232,C01
U05664,11,10,0.0011001100110011,0.001000100010001,Regular,0.1573,0.4979,C14
U05650,11,10,0.0011001100110011,0.001000100010001,Active,0.6697,0.4574,C25
U05642,11,11,0.0011001100110011,0.0011001100110011,Bridge,0.6107,0.5899,C17
U00698,11,11,0.0011001100110011,0.0011001100110011,Active,0.3218,0.3437,C23
U08627,11,11,0.0011001100110011,0.0011001100110011,Influential,0.492,0.7123,C02
U00564,11,12,0.0011001100110011,0.0012001200120012002,Influential,0.7354,0.8106,C14
U09088,11,10,0.0011001100110011,0.001000100010001,Influential,0.9263,0.6475,C13
U02628,11,11,0.0011001100110011,0.0011001100110011,Active,0.4761,0.3547,C03
U04770,11,10,0.0011001100110011,0.001000100010001,Active,0.7882,0.2749,C20
U06233,11,13,0.0011001100110011,0.0013001300130013002,Active,0.6063,0.2188,C08
U09530,11,9,0.0011001100110011,0.0009000900090009002,Active,0.585,0.5639,C05
U04038,11,12,0.0011001100110011,0.0012001200120012002,Active,0.4948,0.4516,C13
U06860,11,11,0.0011001100110011,0.0011001100110011,Regular,0.5391,0.0712,C10
U01097,11,11,0.0011001100110011,0.0011001100110011,Influential,0.9545,0.9305,C22
U07853,11,11,0.0011001100110011,0.0011001100110011,Regular,0.2723,0.2196,C03
U07849,11,10,0.0011001100110011,0.001000100010001,Active,0.5351,0.4341,C24
U07838,11,9,0.0011001100110011,0.0009000900090009002,Active,0.1614,0.4604,C13
U04567,11,11,0.0011001100110011,0.0011001100110011,Active,0.7492,0.4914,C17
U04563,11,10,0.0011001100110011,0.001000100010001,Regular,0.144,0.3315,C13
U06262,11,11,0.0011001100110011,0.0011001100110011,Active,0.5505,0.3966,C12
U03920,11,13,0.0011001100110011,0.0013001300130013002,Active,0.5486,0.3699,C20
U05062,11,11,0.0011001100110011,0.0011001100110011,Active,0.6325,0.3148,C12
U08906,11,10,0.0011001100110011,0.001000100010001,Regular,0.4359,0.1865,C06
U02500,11,11,0.0011001100110011,0.0011001100110011,Bridge,0.6543,0.5659,C25
U02152,11,12,0.0011001100110011,0.0012001200120012002,Influential,0.5945,0.9427,C02
U04492,11,12,0.0011001100110011,0.0012001200120012002,Influential,0.8294,0.9017,C17
U01075,11,12,0.0011001100110011,0.0012001200120012002,Active,0.8553,0.3839,C25
U07862,11,10,0.0011001100110011,0.001000100010001,Influential,0.8393,0.6336,C12
U01686,11,9,0.0011001100110011,0.0009000900090009002,Bridge,0.4037,0.4667,C11
U06777,11,12,0.0011001100110011,0.0012001200120012002,Influential,0.9311,0.7762,C02
U01072,11,11,0.0011001100110011,0.0011001100110011,Bridge,0.6467,0.6481,C22
U07892,11,11,0.0011001100110011,0.0011001100110011,Active,0.7854,0.3854,C17
U04723,11,9,0.0011001100110011,0.0009000900090009002,Bridge,0.7683,0.6322,C23
U04718,11,10,0.0011001100110011,0.001000100010001,Bridge,0.642,0.5188,C18
U06395,11,12,0.0011001100110011,0.0012001200120012002,Influential,0.5568,0.7438,C20
U06360,11,11,0.0011001100110011,0.0011001100110011,Regular,0.3261,0.2207,C10
U00947,11,11,0.0011001100110011,0.0011001100110011,Active,0.4545,0.3,C22
U08112,11,9,0.0011001100110011,0.0009000900090009002,Bridge,0.6276,0.7256,C12
U06349,11,11,0.0011001100110011,0.0011001100110011,Active,0.6678,0.464,C24
U00929,11,11,0.0011001100110011,0.0011001100110011,Active,0.593,0.6821,C04
U01722,11,11,0.0011001100110011,0.0011001100110011,Influential,0.7386,0.8901,C22
U03202,11,11,0.0011001100110011,0.0011001100110011,Active,0.7397,0.4942,C02
U08844,11,10,0.0011001100110011,0.001000100010001,Regular,0.51,0.0683,C19
U05150,11,12,0.0011001100110011,0.0012001200120012002,Active,0.5622,0.2825,C25
U05139,11,10,0.0011001100110011,0.001000100010001,Active,0.5654,0.4876,C14
U09806,11,10,0.0011001100110011,0.001000100010001,Active,0.5814,0.3802,C06
U00562,11,12,0.0011001100110011,0.0012001200120012002,Active,0.3502,0.5688,C12
U05075,11,10,0.0011001100110011,0.001000100010001,Influential,0.5882,0.8982,C25
U05786,11,10,0.0011001100110011,0.001000100010001,Active,0.6823,0.3677,C11
U03991,11,10,0.0011001100110011,0.001000100010001,Bridge,0.7408,0.7327,C16
U03986,11,14,0.0011001100110011,0.0014001400140014,Active,0.6177,0.5643,C11
U03978,11,12,0.0011001100110011,0.0012001200120012002,Active,0.74,0.2105,C03
U03977,11,13,0.0011001100110011,0.0013001300130013002,Active,0.6232,0.3278,C02
U04743,11,10,0.0011001100110011,0.001000100010001,Influential,0.8847,0.9676,C18
U04741,11,11,0.0011001100110011,0.0011001100110011,Active,0.414,0.7906,C16
U04581,11,9,0.0011001100110011,0.0009000900090009002,Active,0.7168,0.5896,C06
U02724,11,15,0.0011001100110011,0.0015001500150015003,Active,0.5813,0.4083,C24
U01734,11,11,0.0011001100110011,0.0011001100110011,Influential,0.9152,0.8922,C09
U01745,11,12,0.0011001100110011,0.0012001200120012002,Active,0.7719,0.2988,C20
U01027,11,12,0.0011001100110011,0.0012001200120012002,Influential,0.5493,0.79,C02
U07988,11,11,0.0011001100110011,0.0011001100110011,Influential,0.7583,0.8404,C13
U06608,11,11,0.0011001100110011,0.0011001100110011,Regular,0.3755,0.3287,C08
U08004,11,11,0.0011001100110011,0.0011001100110011,Active,0.5846,0.5339,C04
U02673,11,10,0.0011001100110011,0.001000100010001,Bridge,0.407,0.7358,C23
U09122,11,9,0.0011001100110011,0.0009000900090009002,Influential,0.5895,0.7612,C22
U09120,11,10,0.0011001100110011,0.001000100010001,Active,0.7791,0.5246,C20
U09105,11,12,0.0011001100110011,0.0012001200120012002,Active,0.4922,0.4453,C05
U04714,11,13,0.0011001100110011,0.0013001300130013002,Active,0.7304,0.5903,C14
U04691,11,11,0.0011001100110011,0.0011001100110011,Active,0.4854,0.3135,C16
U02684,11,10,0.0011001100110011,0.001000100010001,Active,0.4318,0.4542,C09
U09747,11,11,0.0011001100110011,0.0011001100110011,Active,0.6179,0.601,C22
U08076,11,11,0.0011001100110011,0.0011001100110011,Regular,0.5059,0.0717,C01
U02200,11,10,0.0011001100110011,0.001000100010001,Active,0.7834,0.6732,C25
U02219,11,12,0.0011001100110011,0.0012001200120012002,Influential,0.8724,0.7528,C19
U02212,11,14,0.0011001100110011,0.0014001400140014,Active,0.6374,0.1125,C12
U05695,11,11,0.0011001100110011,0.0011001100110011,Regular,0.5143,0.1548,C20
U05688,11,8,0.0011001100110011,0.0008000800080008001,Regular,0.4947,0.0451,C13
U09195,11,15,0.0011001100110011,0.0015001500150015003,Regular,0.3811,0.1268,C20
U06553,11,11,0.0011001100110011,0.0011001100110011,Active,0.5043,0.7043,C03
U08045,11,12,0.0011001100110011,0.0012001200120012002,Influential,0.8526,0.8762,C20
U06539,11,10,0.0011001100110011,0.001000100010001,Active,0.6667,0.224,C14
U06533,11,10,0.0011001100110011,0.001000100010001,Active,0.6746,0.4279,C08
U01812,11,9,0.0011001100110011,0.0009000900090009002,Active,0.5608,0.4669,C12
U01856,11,10,0.0011001100110011,0.001000100010001,Active,0.612,0.5981,C06
U06430,11,12,0.0011001100110011,0.0012001200120012002,Influential,0.603,0.8745,C05
U03185,11,9,0.0011001100110011,0.0009000900090009002,Active,0.6278,0.1398,C10
U07442,11,10,0.0011001100110011,0.001000100010001,Bridge,0.5716,0.5176,C17
U03416,11,9,0.0011001100110011,0.0009000900090009002,Active,0.5057,0.2157,C16
U03371,11,10,0.0011001100110011,0.001000100010001,Active,0.62,0.7114,C21
U03364,11,12,0.0011001100110011,0.0012001200120012002,Influential,0.8608,0.77,C14
U01391,11,11,0.0011001100110011,0.0011001100110011,Influential,0.8608,0.8603,C16
U01405,11,10,0.0011001100110011,0.001000100010001,Active,0.9152,0.4995,C05
U01365,11,11,0.0011001100110011,0.0011001100110011,Influential,0.7603,0.8632,C15
U04116,11,11,0.0011001100110011,0.0011001100110011,Influential,0.6049,0.8897,C16
U09441,11,11,0.0011001100110011,0.0011001100110011,Active,0.6433,0.2248,C16
U07493,11,14,0.0011001100110011,0.0014001400140014,Active,0.5158,0.5087,C18
U01357,11,10,0.0011001100110011,0.001000100010001,Active,0.6299,0.4958,C07
U03291,11,10,0.0011001100110011,0.001000100010001,Bridge,0.7134,0.7721,C16
U03495,11,11,0.0011001100110011,0.0011001100110011,Active,0.6255,0.3683,C20
U03307,11,11,0.0011001100110011,0.0011001100110011,Influential,0.8571,0.5435,C07
U09979,10,9,0.001000100010001,0.0009000900090009002,Active,0.5318,0.4387,C04
U01316,10,10,0.001000100010001,0.001000100010001,Active,0.4886,0.1367,C16
U07468,10,8,0.001000100010001,0.0008000800080008001,Active,0.5354,0.1545,C18
U09996,10,8,0.001000100010001,0.0008000800080008001,Active,0.7322,0.5383,C21
U00278,10,9,0.001000100010001,0.0009000900090009002,Active,0.6089,0.2342,C03
U04105,10,10,0.001000100010001,0.001000100010001,Active,0.7191,0.5511,C05
U07505,10,11,0.001000100010001,0.0011001100110011,Active,0.5849,0.4143,C05
U07357,10,10,0.001000100010001,0.001000100010001,Active,0.5386,0.4508,C07
U07359,10,10,0.001000100010001,0.001000100010001,Active,0.725,0.4895,C09
U01409,10,10,0.001000100010001,0.001000100010001,Bridge,0.7057,0.6816,C09
U03456,10,9,0.001000100010001,0.0009000900090009002,Active,0.788,0.5353,C06
U00155,10,9,0.001000100010001,0.0009000900090009002,Active,0.7378,0.2018,C05
U09692,10,10,0.001000100010001,0.001000100010001,Regular,0.5822,0.0808,C17
U02069,10,10,0.001000100010001,0.001000100010001,Active,0.7254,0.3949,C19
U05962,10,9,0.001000100010001,0.0009000900090009002,Active,0.7448,0.578,C12
U00793,10,9,0.001000100010001,0.0009000900090009002,Regular,0.402,0.4571,C18
U00786,10,9,0.001000100010001,0.0009000900090009002,Influential,0.3783,0.8998,C11
U00785,10,10,0.001000100010001,0.001000100010001,Active,0.5922,0.3438,C10
U02090,10,13,0.001000100010001,0.0013001300130013002,Regular,0.3697,0.3572,C15
U09670,10,10,0.001000100010001,0.001000100010001,Active,0.36,0.5234,C20
U05038,10,10,0.001000100010001,0.001000100010001,Influential,0.9649,0.7082,C13
U09730,10,11,0.001000100010001,0.0011001100110011,Active,0.5287,0.3423,C05
U04151,10,10,0.001000100010001,0.001000100010001,Active,0.3134,0.4292,C01
U02960,10,10,0.001000100010001,0.001000100010001,Influential,0.9358,0.8194,C10
U07271,10,9,0.001000100010001,0.0009000900090009002,Active,0.4764,0.5512,C21
U01258,10,9,0.001000100010001,0.0009000900090009002,Influential,0.7702,0.8248,C08
U00119,10,9,0.001000100010001,0.0009000900090009002,Active,0.3432,0.3286,C19
U09736,10,9,0.001000100010001,0.0009000900090009002,Influential,0.9748,0.66,C11
U03209,10,11,0.001000100010001,0.0011001100110011,Active,0.7341,0.2837,C09
U00974,10,9,0.001000100010001,0.0009000900090009002,Bridge,0.5789,0.4075,C24
U06403,10,9,0.001000100010001,0.0009000900090009002,Active,0.8153,0.2282,C03
U06401,10,8,0.001000100010001,0.0008000800080008001,Bridge,0.7979,0.5394,C01
U04680,10,9,0.001000100010001,0.0009000900090009002,Regular,0.3173,0.0537,C05
U05758,10,10,0.001000100010001,0.001000100010001,Influential,0.683,0.8268,C08
U05756,10,9,0.001000100010001,0.0009000900090009002,Regular,0.5013,0.2041,C06
U00717,10,10,0.001000100010001,0.001000100010001,Active,0.5393,0.3328,C17
U08605,10,11,0.001000100010001,0.0011001100110011,Influential,0.6232,0.8879,C05
U08589,10,10,0.001000100010001,0.001000100010001,Active,0.4319,0.8482,C14
U05690,10,10,0.001000100010001,0.001000100010001,Regular,0.3044,0.1976,C15
U03096,10,10,0.001000100010001,0.001000100010001,Active,0.5851,0.0273,C21
U03867,10,13,0.001000100010001,0.0013001300130013002,Active,0.7782,0.3322,C17
U09200,10,11,0.001000100010001,0.0011001100110011,Active,0.3159,0.2964,C25
U02731,10,10,0.001000100010001,0.001000100010001,Active,0.4535,0.4277,C06
U02726,10,8,0.001000100010001,0.0008000800080008001,Influential,0.8634,0.879,C01
U07925,10,10,0.001000100010001,0.001000100010001,Influential,0.9736,0.8702,C25
U06688,10,10,0.001000100010001,0.001000100010001,Active,0.7709,0.4155,C13
U06659,10,9,0.001000100010001,0.0009000900090009002,Active,0.5043,0.2021,C09
U06637,10,8,0.001000100010001,0.0008000800080008001,Active,0.3588,0.4974,C12
U01037,10,9,0.001000100010001,0.0009000900090009002,Active,0.564,0.5201,C12
U07966,10,10,0.001000100010001,0.001000100010001,Regular,0.332,0.2279,C16
U06599,10,11,0.001000100010001,0.0011001100110011,Active,0.6254,0.3694,C24
U08034,10,8,0.001000100010001,0.0008000800080008001,Influential,0.916,0.9708,C09
U01019,10,10,0.001000100010001,0.001000100010001,Active,0.8298,0.1718,C19
U01018,10,11,0.001000100010001,0.0011001100110011,Active,0.5027,0.3098,C18
U04682,10,9,0.001000100010001,0.0009000900090009002,Regular,0.3582,0.0718,C07
U04681,10,11,0.001000100010001,0.0011001100110011,Influential,0.7104,0.8666,C06
U04699,10,10,0.001000100010001,0.001000100010001,Active,0.6589,0.1899,C24
U00128,10,10,0.001000100010001,0.001000100010001,Bridge,0.7507,0.6149,C03
U03039,10,10,0.001000100010001,0.001000100010001,Active,0.5135,0.4391,C14
U08892,10,10,0.001000100010001,0.001000100010001,Active,0.6895,0.1312,C17
U00223,10,10,0.001000100010001,0.001000100010001,Active,0.5035,0.2078,C23
U09571,10,12,0.001000100010001,0.0012001200120012002,Active,0.5919,0.5188,C21
U05777,10,9,0.001000100010001,0.0009000900090009002,Active,0.6353,0.2285,C02
U08579,10,9,0.001000100010001,0.0009000900090009002,Regular,0.5098,0.0589,C04
U02641,10,9,0.001000100010001,0.0009000900090009002,Bridge,0.7184,0.689,C16
U03217,10,10,0.001000100010001,0.001000100010001,Active,0.4135,0.5036,C17
U06712,10,10,0.001000100010001,0.001000100010001,Active,0.7347,0.2455,C12
U06706,10,9,0.001000100010001,0.0009000900090009002,Active,0.6824,0.554,C06
U06691,10,10,0.001000100010001,0.001000100010001,Regular,0.2936,0.1309,C16
U01053,10,15,0.001000100010001,0.0015001500150015003,Active,0.8135,0.4318,C03
U04623,10,9,0.001000100010001,0.0009000900090009002,Active,0.7185,0.211,C23
U04617,10,9,0.001000100010001,0.0009000900090009002,Active,0.3099,0.6377,C17
U00409,10,10,0.001000100010001,0.001000100010001,Active,0.4791,0.3823,C09
U04577,10,10,0.001000100010001,0.001000100010001,Bridge,0.6146,0.4343,C02
U06318,10,10,0.001000100010001,0.001000100010001,Active,0.5075,0.2394,C18
U08148,10,10,0.001000100010001,0.001000100010001,Regular,0.2406,0.2335,C23
U08143,10,10,0.001000100010001,0.001000100010001,Active,0.5965,0.4639,C18
U08137,10,10,0.001000100010001,0.001000100010001,Regular,0.2523,0.2285,C12
U08132,10,11,0.001000100010001,0.0011001100110011,Regular,0.4428,0.2051,C07
U06311,10,10,0.001000100010001,0.001000100010001,Regular,0.3802,0.0892,C11
U03621,10,9,0.001000100010001,0.0009000900090009002,Influential,0.9499,0.6193,C21
U08831,10,10,0.001000100010001,0.001000100010001,Bridge,0.7716,0.4674,C06
U02437,10,10,0.001000100010001,0.001000100010001,Regular,0.4581,0.2725,C12
U02436,10,10,0.001000100010001,0.001000100010001,Active,0.676,0.2329,C11
U05161,10,9,0.001000100010001,0.0009000900090009002,Active,0.6318,0.3062,C11
U03848,10,12,0.001000100010001,0.0012001200120012002,Bridge,0.6652,0.4119,C23
U03841,10,11,0.001000100010001,0.0011001100110011,Regular,0.3526,0.1778,C16
U09631,10,10,0.001000100010001,0.001000100010001,Active,0.4261,0.441,C06
U03617,10,9,0.001000100010001,0.0009000900090009002,Active,0.6275,0.3148,C17
U03226,10,9,0.001000100010001,0.0009000900090009002,Active,0.431,0.5369,C01
U08912,10,9,0.001000100010001,0.0009000900090009002,Active,0.5611,0.6162,C12
U02135,10,11,0.001000100010001,0.0011001100110011,Active,0.4071,0.4155,C10
U05833,10,10,0.001000100010001,0.001000100010001,Influential,0.6242,0.969,C08
U08553,10,8,0.001000100010001,0.0008000800080008001,Active,0.5562,0.4144,C03
U08524,10,11,0.001000100010001,0.0011001100110011,Active,0.5386,0.4739,C24
U04512,10,10,0.001000100010001,0.001000100010001,Active,0.6641,0.3413,C12
U06826,10,10,0.001000100010001,0.001000100010001,Influential,0.885,0.6979,C01
U06820,10,11,0.001000100010001,0.0011001100110011,Active,0.5581,0.3909,C20
U06815,10,9,0.001000100010001,0.0009000900090009002,Active,0.7803,0.5612,C15
U06814,10,10,0.001000100010001,0.001000100010001,Influential,0.8297,0.6358,C14
U07883,10,10,0.001000100010001,0.001000100010001,Regular,0.3432,0.1953,C08
U01705,10,9,0.001000100010001,0.0009000900090009002,Active,0.3557,0.5687,C05
U06730,10,10,0.001000100010001,0.001000100010001,Regular,0.3471,0.101,C05
U07921,10,10,0.001000100010001,0.001000100010001,Influential,0.8204,0.5379,C21
U06389,10,11,0.001000100010001,0.0011001100110011,Active,0.4591,0.3683,C14
U06378,10,12,0.001000100010001,0.0012001200120012002,Active,0.7243,0.3295,C03
U01942,10,9,0.001000100010001,0.0009000900090009002,Active,0.6332,0.4225,C17
U06223,10,10,0.001000100010001,0.001000100010001,Active,0.7052,0.4191,C23
U06209,10,11,0.001000100010001,0.0011001100110011,Active,0.711,0.2004,C09
U06194,10,9,0.001000100010001,0.0009000900090009002,Regular,0.4705,0.2865,C19
U09497,10,15,0.001000100010001,0.0015001500150015003,Active,0.7534,0.2831,C22
U06865,10,11,0.001000100010001,0.0011001100110011,Active,0.4124,0.6553,C15
U07857,10,10,0.001000100010001,0.001000100010001,Regular,0.4262,0.114,C07
U09237,10,9,0.001000100010001,0.0009000900090009002,Active,0.6462,0.604,C12
U02764,10,12,0.001000100010001,0.0012001200120012002,Regular,0.5381,0.1285,C14
U02759,10,11,0.001000100010001,0.0011001100110011,Active,0.842,0.5122,C09
U04534,10,12,0.001000100010001,0.0012001200120012002,Regular,0.3799,0.2037,C09
U01906,10,12,0.001000100010001,0.0012001200120012002,Regular,0.537,0.339,C06
U06282,10,10,0.001000100010001,0.001000100010001,Active,0.2894,0.2806,C07
U03925,10,12,0.001000100010001,0.0012001200120012002,Active,0.5437,0.2705,C25
U08938,10,9,0.001000100010001,0.0009000900090009002,Active,0.3143,0.2801,C13
U08932,10,10,0.001000100010001,0.001000100010001,Regular,0.3985,0.2058,C07
U03601,10,8,0.001000100010001,0.0008000800080008001,Influential,0.7361,0.8417,C01
U07828,10,10,0.001000100010001,0.001000100010001,Active,0.7282,0.2242,C03
U01627,10,10,0.001000100010001,0.001000100010001,Bridge,0.5564,0.7124,C02
U03832,10,10,0.001000100010001,0.001000100010001,Active,0.512,0.3581,C07
U05648,10,10,0.001000100010001,0.001000100010001,Active,0.6403,0.1122,C23
U05638,10,10,0.001000100010001,0.001000100010001,Influential,0.5191,0.7903,C13
U02252,10,11,0.001000100010001,0.0011001100110011,Active,0.5064,0.415,C02
U05632,10,9,0.001000100010001,0.0009000900090009002,Active,0.7729,0.7088,C07
U05630,10,9,0.001000100010001,0.0009000900090009002,Influential,0.948,0.4294,C05
U00471,10,9,0.001000100010001,0.0009000900090009002,Active,0.5067,0.4137,C21
U04767,10,10,0.001000100010001,0.001000100010001,Active,0.5991,0.3277,C17
U04013,10,9,0.001000100010001,0.0009000900090009002,Bridge,0.776,0.7151,C13
U09546,10,10,0.001000100010001,0.001000100010001,Active,0.69,0.1753,C21
U00227,10,9,0.001000100010001,0.0009000900090009002,Regular,0.2474,0.3965,C02
U08167,10,13,0.001000100010001,0.0013001300130013002,Active,0.7513,0.1333,C17
U01949,10,11,0.001000100010001,0.0011001100110011,Influential,0.8391,0.818,C24
U06190,10,9,0.001000100010001,0.0009000900090009002,Active,0.7592,0.3324,C15
U08209,10,16,0.001000100010001,0.0016001600160016002,Active,0.4629,0.524,C09
U06182,10,10,0.001000100010001,0.001000100010001,Regular,0.3515,0.161,C07
U06178,10,9,0.001000100010001,0.0009000900090009002,Active,0.5444,0.5553,C03
U00136,10,11,0.001000100010001,0.0011001100110011,Active,0.6411,0.2915,C11
U09712,10,10,0.001000100010001,0.001000100010001,Active,0.6065,0.4687,C12
U04826,10,11,0.001000100010001,0.0011001100110011,Active,0.6753,0.1055,C01
U04816,10,9,0.001000100010001,0.0009000900090009002,Bridge,0.4152,0.6415,C16
U03176,10,10,0.001000100010001,0.001000100010001,Regular,0.4779,0.1327,C01
U03704,10,13,0.001000100010001,0.0013001300130013002,Bridge,0.6198,0.7533,C04
U00363,10,10,0.001000100010001,0.001000100010001,Influential,0.8809,0.8229,C13
U04369,10,14,0.001000100010001,0.0014001400140014,Active,0.6988,0.0927,C19
U02859,10,12,0.001000100010001,0.0012001200120012002,Bridge,0.4994,0.5386,C09
U07783,10,10,0.001000100010001,0.001000100010001,Active,0.4618,0.5941,C08
U00084,10,9,0.001000100010001,0.0009000900090009002,Regular,0.1127,0.41,C09
U09811,10,8,0.001000100010001,0.0008000800080008001,Active,0.5263,0.1996,C11
U08471,10,10,0.001000100010001,0.001000100010001,Active,0.7041,0.4151,C21
U05932,10,9,0.001000100010001,0.0009000900090009002,Active,0.5633,0.5858,C07
U05909,10,10,0.001000100010001,0.001000100010001,Regular,0.2563,0.3258,C09
U05901,10,9,0.001000100010001,0.0009000900090009002,Active,0.613,0.3709,C01
U09552,10,10,0.001000100010001,0.001000100010001,Influential,0.7501,0.6768,C02
U00890,10,9,0.001000100010001,0.0009000900090009002,Regular,0.2847,0.5058,C15
U02269,10,11,0.001000100010001,0.0011001100110011,Active,0.6996,0.5254,C19
U05575,10,10,0.001000100010001,0.001000100010001,Regular,0.3332,0.3792,C25
U05526,10,7,0.001000100010001,0.0007000700070007,Active,0.5301,0.2736,C01
U00657,10,10,0.001000100010001,0.001000100010001,Influential,0.8539,0.7049,C07
U08685,10,11,0.001000100010001,0.0011001100110011,Bridge,0.8347,0.7545,C10
U02301,10,10,0.001000100010001,0.001000100010001,Active,0.5294,0.0992,C01
U05520,10,9,0.001000100010001,0.0009000900090009002,Active,0.7838,0.2804,C20
U04405,10,8,0.001000100010001,0.0008000800080008001,Active,0.7399,0.3397,C05
U09304,10,9,0.001000100010001,0.0009000900090009002,Active,0.644,0.3054,C04
U09298,10,10,0.001000100010001,0.001000100010001,Active,0.5761,0.3487,C23
U09016,10,9,0.001000100010001,0.0009000900090009002,Active,0.6259,0.3274,C16
U09007,10,10,0.001000100010001,0.001000100010001,Active,0.5101,0.3921,C07
U02576,10,8,0.001000100010001,0.0008000800080008001,Active,0.678,0.3296,C01
U04925,10,8,0.001000100010001,0.0008000800080008001,Regular,0.4757,0.3283,C25
U04914,10,9,0.001000100010001,0.0009000900090009002,Active,0.507,0.1867,C14
U08319,10,9,0.001000100010001,0.0009000900090009002,Active,0.4155,0.4161,C19
U07715,10,9,0.001000100010001,0.0009000900090009002,Active,0.8464,0.3785,C15
U01582,10,9,0.001000100010001,0.0009000900090009002,Active,0.659,0.5016,C07
U01580,10,7,0.001000100010001,0.0007000700070007,Active,0.619,0.2772,C05
U01575,10,10,0.001000100010001,0.001000100010001,Active,0.6193,0.295,C25
U01571,10,10,0.001000100010001,0.001000100010001,Active,0.6592,0.4228,C21
U07005,10,11,0.001000100010001,0.0011001100110011,Active,0.6207,0.4054,C05
U01138,10,9,0.001000100010001,0.0009000900090009002,Influential,0.8663,0.8052,C13
U01597,10,10,0.001000100010001,0.001000100010001,Active,0.718,0.3964,C22
U06952,10,10,0.001000100010001,0.001000100010001,Bridge,0.3581,0.6336,C02
U08473,10,10,0.001000100010001,0.001000100010001,Active,0.4371,0.4996,C23
U07687,10,11,0.001000100010001,0.0011001100110011,Active,0.2966,0.382,C12
U01200,10,11,0.001000100010001,0.0011001100110011,Active,0.5321,0.1901,C25
U01505,10,10,0.001000100010001,0.001000100010001,Influential,0.8022,0.8761,C05
U07098,10,9,0.001000100010001,0.0009000900090009002,Active,0.5401,0.3778,C23
U07086,10,12,0.001000100010001,0.0012001200120012002,Regular,0.245,0.3447,C11
U01181,10,10,0.001000100010001,0.001000100010001,Active,0.8127,0.2148,C06
U01178,10,11,0.001000100010001,0.0011001100110011,Regular,0.5894,0.1184,C03
U07070,10,10,0.001000100010001,0.001000100010001,Bridge,0.4988,0.6219,C20
U04079,10,11,0.001000100010001,0.0011001100110011,Influential,0.6646,0.9025,C04
U00264,10,9,0.001000100010001,0.0009000900090009002,Influential,0.8394,0.8351,C14
U07037,10,7,0.001000100010001,0.0007000700070007,Influential,0.9257,0.7891,C12
U08225,10,8,0.001000100010001,0.0008000800080008001,Active,0.5974,0.5206,C25
U06144,10,10,0.001000100010001,0.001000100010001,Active,0.5515,0.428,C19
U08273,10,10,0.001000100010001,0.001000100010001,Regular,0.4844,0.1501,C23
U04951,10,9,0.001000100010001,0.0009000900090009002,Regular,0.1738,0.527,C01
U09025,10,10,0.001000100010001,0.001000100010001,Regular,0.3418,0.254,C25
U05030,10,10,0.001000100010001,0.001000100010001,Regular,0.2774,0.3535,C05
U04997,10,9,0.001000100010001,0.0009000900090009002,Regular,0.2696,0.2577,C22
U03810,10,10,0.001000100010001,0.001000100010001,Active,0.6464,0.5778,C10
U03788,10,11,0.001000100010001,0.0011001100110011,Active,0.4449,0.25,C13
U05942,10,9,0.001000100010001,0.0009000900090009002,Active,0.6109,0.7693,C17
U08480,10,10,0.001000100010001,0.001000100010001,Bridge,0.5147,0.4483,C05
U02006,10,8,0.001000100010001,0.0008000800080008001,Regular,0.24,0.4112,C06
U02003,10,8,0.001000100010001,0.0008000800080008001,Active,0.7213,0.5026,C03
U07121,10,9,0.001000100010001,0.0009000900090009002,Active,0.427,0.6877,C21
U07114,10,10,0.001000100010001,0.001000100010001,Active,0.5825,0.4579,C14
U05504,10,10,0.001000100010001,0.001000100010001,Active,0.4721,0.3229,C04
U05500,10,10,0.001000100010001,0.001000100010001,Regular,0.2389,0.3823,C25
U05470,10,10,0.001000100010001,0.001000100010001,Active,0.6826,0.4155,C20
U00649,10,9,0.001000100010001,0.0009000900090009002,Influential,0.6982,0.6089,C24
U08714,10,10,0.001000100010001,0.001000100010001,Active,0.8626,0.4757,C14
U09601,10,11,0.001000100010001,0.0011001100110011,Influential,0.5417,0.7454,C01
U09002,10,9,0.001000100010001,0.0009000900090009002,Active,0.6492,0.3624,C02
U09000,10,10,0.001000100010001,0.001000100010001,Active,0.5078,0.4364,C25
U00525,10,12,0.001000100010001,0.0012001200120012002,Influential,0.9282,0.8158,C25
U00521,10,10,0.001000100010001,0.001000100010001,Active,0.485,0.3871,C21
U03722,10,11,0.001000100010001,0.0011001100110011,Active,0.6402,0.3,C22
U09393,10,11,0.001000100010001,0.0011001100110011,Active,0.5403,0.3408,C18
U07158,10,11,0.001000100010001,0.0011001100110011,Influential,0.8994,0.9155,C08
U03560,10,8,0.001000100010001,0.0008000800080008001,Active,0.5479,0.2423,C10
U03542,10,10,0.001000100010001,0.001000100010001,Active,0.6594,0.5628,C17
U04067,10,9,0.001000100010001,0.0009000900090009002,Active,0.6288,0.254,C17
U02997,10,10,0.001000100010001,0.001000100010001,Active,0.6937,0.5409,C22
U04334,10,9,0.001000100010001,0.0009000900090009002,Active,0.2936,0.2727,C09
U03278,10,12,0.001000100010001,0.0012001200120012002,Influential,0.7317,0.9273,C03
U03268,10,10,0.001000100010001,0.001000100010001,Regular,0.4968,0.1887,C18
U08294,10,9,0.001000100010001,0.0009000900090009002,Influential,0.8486,0.8884,C19
U06086,10,11,0.001000100010001,0.0011001100110011,Bridge,0.5779,0.703,C11
U02910,10,11,0.001000100010001,0.0011001100110011,Regular,0.2463,0.2675,C10
U03076,10,9,0.001000100010001,0.0009000900090009002,Influential,0.8654,0.9325,C01
U05236,10,10,0.001000100010001,0.001000100010001,Active,0.7096,0.1883,C11
U05213,10,10,0.001000100010001,0.001000100010001,Active,0.4767,0.4,C13
U05210,10,8,0.001000100010001,0.0008000800080008001,Active,0.6362,0.6425,C10
U00636,10,10,0.001000100010001,0.001000100010001,Regular,0.3004,0.289,C11
U00628,10,10,0.001000100010001,0.001000100010001,Active,0.5178,0.3303,C03
U08746,10,9,0.001000100010001,0.0009000900090009002,Influential,0.737,0.6175,C21
U02908,10,9,0.001000100010001,0.0009000900090009002,Regular,0.3947,0.1374,C08
U04286,10,10,0.001000100010001,0.001000100010001,Active,0.5011,0.7203,C11
U09404,10,8,0.001000100010001,0.0008000800080008001,Active,0.7627,0.2233,C04
U02001,10,11,0.001000100010001,0.0011001100110011,Regular,0.1528,0.1795,C01
U06061,10,11,0.001000100010001,0.0011001100110011,Active,0.5864,0.2119,C11
U08372,10,11,0.001000100010001,0.0011001100110011,Regular,0.176,0.2756,C22
U03756,10,10,0.001000100010001,0.001000100010001,Active,0.3707,0.3408,C06
U02541,10,10,0.001000100010001,0.001000100010001,Active,0.716,0.3668,C16
U01257,10,10,0.001000100010001,0.001000100010001,Influential,0.665,0.9375,C07
U07555,10,9,0.001000100010001,0.0009000900090009002,Active,0.7362,0.3438,C05
U07229,10,11,0.001000100010001,0.0011001100110011,Active,0.735,0.3604,C04
U07224,10,10,0.001000100010001,0.001000100010001,Bridge,0.5126,0.3957,C24
U07591,10,9,0.001000100010001,0.0009000900090009002,Influential,0.7122,0.7127,C16
U07585,10,8,0.001000100010001,0.0008000800080008001,Active,0.657,0.3447,C10
U01234,10,10,0.001000100010001,0.001000100010001,Bridge,0.8732,0.3734,C09
U07579,10,9,0.001000100010001,0.0009000900090009002,Influential,0.7069,0.5588,C04
U01446,10,9,0.001000100010001,0.0009000900090009002,Influential,0.6509,0.873,C21
U01445,10,10,0.001000100010001,0.001000100010001,Active,0.6609,0.4399,C20
U01444,10,10,0.001000100010001,0.001000100010001,Bridge,0.7479,0.559,C19
U07613,10,10,0.001000100010001,0.001000100010001,Regular,0.2548,0.2222,C13
U01227,10,9,0.001000100010001,0.0009000900090009002,Active,0.6342,0.4316,C02
U01462,10,10,0.001000100010001,0.001000100010001,Regular,0.4204,0.0409,C12
U07660,10,11,0.001000100010001,0.0011001100110011,Regular,0.6527,0.4026,C10
U02882,10,8,0.001000100010001,0.0008000800080008001,Active,0.8457,0.1318,C07
U07539,10,10,0.001000100010001,0.001000100010001,Active,0.8274,0.5083,C14
U07445,10,10,0.001000100010001,0.001000100010001,Active,0.5797,0.4859,C20
U05347,10,11,0.001000100010001,0.0011001100110011,Active,0.6752,0.3823,C22
U05300,10,8,0.001000100010001,0.0008000800080008001,Influential,0.6946,0.9257,C25
U05268,10,10,0.001000100010001,0.001000100010001,Influential,0.7155,0.9309,C18
U05251,10,7,0.001000100010001,0.0007000700070007,Active,0.7027,0.5243,C01
U00039,10,9,0.001000100010001,0.0009000900090009002,Active,0.6445,0.5714,C14
U04195,10,10,0.001000100010001,0.001000100010001,Influential,0.4511,0.6327,C20
U02044,10,9,0.001000100010001,0.0009000900090009002,Influential,0.5533,0.5998,C19
U00817,10,11,0.001000100010001,0.0011001100110011,Active,0.4166,0.4643,C17
U02053,10,9,0.001000100010001,0.0009000900090009002,Active,0.512,0.3636,C03
U00815,10,13,0.001000100010001,0.0013001300130013002,Regular,0.458,0.2849,C15
U08429,10,9,0.001000100010001,0.0009000900090009002,Regular,0.2857,0.2621,C04
U08428,10,9,0.001000100010001,0.0009000900090009002,Bridge,0.761,0.5754,C03
U08401,10,10,0.001000100010001,0.001000100010001,Regular,0.5192,0.2142,C01
U03459,10,11,0.001000100010001,0.0011001100110011,Influential,0.8416,0.8733,C09
U06550,10,9,0.001000100010001,0.0009000900090009002,Active,0.6645,0.4806,C25
U08044,10,9,0.001000100010001,0.0009000900090009002,Active,0.6057,0.315,C19
U08040,10,10,0.001000100010001,0.001000100010001,Influential,0.5411,0.8177,C15
U08038,10,9,0.001000100010001,0.0009000900090009002,Active,0.6059,0.2993,C13
U06506,10,9,0.001000100010001,0.0009000900090009002,Active,0.7087,0.4856,C06
U06498,10,9,0.001000100010001,0.0009000900090009002,Active,0.4135,0.3722,C23
U03665,10,12,0.001000100010001,0.0012001200120012002,Influential,0.8406,0.8335,C15
U09124,10,10,0.001000100010001,0.001000100010001,Influential,0.6321,0.9825,C24
U00019,10,9,0.001000100010001,0.0009000900090009002,Active,0.5889,0.6585,C19
U01330,10,10,0.001000100010001,0.001000100010001,Regular,0.228,0.4243,C05
U04099,10,8,0.001000100010001,0.0008000800080008001,Active,0.8249,0.2118,C24
U09956,10,11,0.001000100010001,0.0011001100110011,Active,0.5173,0.3011,C06
U01383,10,14,0.001000100010001,0.0014001400140014,Bridge,0.6878,0.6872,C08
U01399,10,10,0.001000100010001,0.001000100010001,Regular,0.5395,0.2006,C24
U01394,10,10,0.001000100010001,0.001000100010001,Active,0.4425,0.389,C19
U07301,10,10,0.001000100010001,0.001000100010001,Active,0.682,0.3983,C01
U05895,9,8,0.0009000900090009002,0.0008000800080008001,Regular,0.5217,0.0584,C20
U05893,9,9,0.0009000900090009002,0.0009000900090009002,Influential,0.9447,0.9323,C18
U07438,9,10,0.0009000900090009002,0.001000100010001,Regular,0.3933,0.1414,C13
U02121,9,9,0.0009000900090009002,0.0009000900090009002,Bridge,0.8075,0.764,C21
U05916,9,9,0.0009000900090009002,0.0009000900090009002,Influential,0.7268,0.7347,C16
U08504,9,8,0.0009000900090009002,0.0008000800080008001,Regular,0.3103,0.1097,C04
U08512,9,10,0.0009000900090009002,0.001000100010001,Influential,0.6864,0.6104,C12
U00762,9,8,0.0009000900090009002,0.0008000800080008001,Active,0.2202,0.5414,C12
U01337,9,8,0.0009000900090009002,0.0008000800080008001,Active,0.7961,0.4477,C12
U08529,9,10,0.0009000900090009002,0.001000100010001,Regular,0.2278,0.2531,C04
U08540,9,11,0.0009000900090009002,0.0011001100110011,Influential,0.7602,0.7508,C15
U00743,9,8,0.0009000900090009002,0.0008000800080008001,Regular,0.291,0.2527,C18
U05829,9,9,0.0009000900090009002,0.0009000900090009002,Influential,0.8267,0.8701,C04
U02145,9,8,0.0009000900090009002,0.0008000800080008001,Regular,0.328,0.2539,C20
U07470,9,8,0.0009000900090009002,0.0008000800080008001,Regular,0.2431,0.3017,C20
U03477,9,9,0.0009000900090009002,0.0009000900090009002,Regular,0.4108,0.1419,C02
U03492,9,10,0.0009000900090009002,0.001000100010001,Active,0.5844,0.3197,C17
U07480,9,8,0.0009000900090009002,0.0008000800080008001,Active,0.4082,0.3301,C05
U07488,9,9,0.0009000900090009002,0.0009000900090009002,Regular,0.0718,0.3291,C13
U01300,9,9,0.0009000900090009002,0.0009000900090009002,Active,0.4129,0.3664,C25
U08463,9,9,0.0009000900090009002,0.0009000900090009002,Active,0.8177,0.2305,C13
U02189,9,9,0.0009000900090009002,0.0009000900090009002,Active,0.8867,0.2767,C14
U02190,9,9,0.0009000900090009002,0.0009000900090009002,Regular,0.5537,0.3902,C15
U05811,9,8,0.0009000900090009002,0.0008000800080008001,Active,0.8044,0.1699,C11
U01370,9,8,0.0009000900090009002,0.0008000800080008001,Regular,0.3261,0.1742,C20
U03531,9,9,0.0009000900090009002,0.0009000900090009002,Regular,0.493,0.1346,C06
U03533,9,8,0.0009000900090009002,0.0008000800080008001,Active,0.5309,0.1975,C08
U00063,9,7,0.0009000900090009002,0.0007000700070007,Regular,0.3477,0.2364,C13
U03450,9,8,0.0009000900090009002,0.0008000800080008001,Active,0.6362,0.3496,C25
U07363,9,6,0.0009000900090009002,0.0006000600060006001,Active,0.5069,0.3381,C13
U07385,9,10,0.0009000900090009002,0.001000100010001,Active,0.6505,0.6431,C10
U02058,9,9,0.0009000900090009002,0.0009000900090009002,Active,0.5574,0.3511,C08
U02062,9,8,0.0009000900090009002,0.0008000800080008001,Regular,0.2424,0.1914,C12
U06002,9,8,0.0009000900090009002,0.0008000800080008001,Regular,0.3166,0.2724,C02
U02207,9,9,0.0009000900090009002,0.0009000900090009002,Active,0.3409,0.4582,C07
U08377,9,8,0.0009000900090009002,0.0008000800080008001,Active,0.6612,0.4443,C02
U00827,9,9,0.0009000900090009002,0.0009000900090009002,Active,0.6318,0.6272,C02
U02237,9,10,0.0009000900090009002,0.001000100010001,Active,0.7664,0.44,C12
U02224,9,9,0.0009000900090009002,0.0009000900090009002,Regular,0.5971,0.2822,C24
U06021,9,9,0.0009000900090009002,0.0009000900090009002,Active,0.5956,0.3443,C21
U03551,9,8,0.0009000900090009002,0.0008000800080008001,Active,0.5683,0.28,C01
U03572,9,9,0.0009000900090009002,0.0009000900090009002,Active,0.5694,0.1925,C22
U03493,9,8,0.0009000900090009002,0.0008000800080008001,Bridge,0.7696,0.6688,C18
U03498,9,11,0.0009000900090009002,0.0011001100110011,Active,0.4286,0.405,C23
U03502,9,8,0.0009000900090009002,0.0008000800080008001,Active,0.3783,0.1892,C02
U03504,9,10,0.0009000900090009002,0.001000100010001,Active,0.6578,0.3949,C04
U07513,9,11,0.0009000900090009002,0.0011001100110011,Active,0.6016,0.2702,C13
U01296,9,9,0.0009000900090009002,0.0009000900090009002,Active,0.5611,0.1674,C21
U06032,9,10,0.0009000900090009002,0.001000100010001,Influential,0.7021,0.711,C07
U06039,9,9,0.0009000900090009002,0.0009000900090009002,Active,0.602,0.5511,C14
U06041,9,8,0.0009000900090009002,0.0008000800080008001,Regular,0.3318,0.4264,C16
U06043,9,9,0.0009000900090009002,0.0009000900090009002,Influential,0.8289,0.805,C18
U00705,9,7,0.0009000900090009002,0.0007000700070007,Regular,0.5171,0.1191,C05
U00710,9,8,0.0009000900090009002,0.0008000800080008001,Influential,0.6849,0.9004,C10
U05608,9,9,0.0009000900090009002,0.0009000900090009002,Regular,0.5966,0.0857,C08
U05611,9,12,0.0009000900090009002,0.0012001200120012002,Active,0.6229,0.1924,C11
U02246,9,13,0.0009000900090009002,0.0013001300130013002,Active,0.3994,0.3223,C21
U06057,9,9,0.0009000900090009002,0.0009000900090009002,Active,0.705,0.2066,C07
U08309,9,10,0.0009000900090009002,0.001000100010001,Active,0.4523,0.4645,C09
U07294,9,9,0.0009000900090009002,0.0009000900090009002,Active,0.3418,0.3876,C19
U03607,9,9,0.0009000900090009002,0.0009000900090009002,Regular,0.5253,0.0338,C07
U03534,9,9,0.0009000900090009002,0.0009000900090009002,Active,0.3269,0.2372,C09
U03273,9,7,0.0009000900090009002,0.0007000700070007,Influential,0.6821,0.6382,C23
U03545,9,8,0.0009000900090009002,0.0008000800080008001,Active,0.5619,0.4184,C20
U09852,9,9,0.0009000900090009002,0.0009000900090009002,Active,0.7546,0.1211,C02
U07340,9,8,0.0009000900090009002,0.0008000800080008001,Regular,0.2726,0.3856,C15
U07344,9,10,0.0009000900090009002,0.001000100010001,Active,0.7961,0.3844,C19
U08637,9,9,0.0009000900090009002,0.0009000900090009002,Active,0.7333,0.3337,C12
U00699,9,8,0.0009000900090009002,0.0008000800080008001,Active,0.7883,0.2783,C24
U00704,9,7,0.0009000900090009002,0.0007000700070007,Active,0.4146,0.1246,C04
U05658,9,9,0.0009000900090009002,0.0009000900090009002,Active,0.8558,0.3716,C08
U08660,9,8,0.0009000900090009002,0.0008000800080008001,Active,0.5366,0.2442,C10
U08669,9,9,0.0009000900090009002,0.0009000900090009002,Influential,0.8327,0.7626,C19
U00683,9,10,0.0009000900090009002,0.001000100010001,Active,0.2931,0.3665,C08
U07261,9,8,0.0009000900090009002,0.0008000800080008001,Active,0.3842,0.633,C11
U01420,9,9,0.0009000900090009002,0.0009000900090009002,Active,0.7846,0.2588,C20
U03578,9,9,0.0009000900090009002,0.0009000900090009002,Active,0.5499,0.3215,C03
U03236,9,9,0.0009000900090009002,0.0009000900090009002,Active,0.6124,0.6093,C11
U07528,9,9,0.0009000900090009002,0.0009000900090009002,Active,0.5701,0.0471,C03
U07549,9,9,0.0009000900090009002,0.0009000900090009002,Active,0.6748,0.569,C24
U01273,9,9,0.0009000900090009002,0.0009000900090009002,Influential,0.9501,0.895,C23
U07288,9,9,0.0009000900090009002,0.0009000900090009002,Regular,0.2849,0.3208,C13
U05557,9,9,0.0009000900090009002,0.0009000900090009002,Influential,0.5815,0.8678,C07
U02260,9,9,0.0009000900090009002,0.0009000900090009002,Active,0.546,0.4707,C10
U05607,9,9,0.0009000900090009002,0.0009000900090009002,Influential,0.8274,0.7079,C07
U05479,9,9,0.0009000900090009002,0.0009000900090009002,Influential,0.7682,0.89,C04
U05486,9,8,0.0009000900090009002,0.0008000800080008001,Regular,0.4634,0.2374,C11
U08695,9,8,0.0009000900090009002,0.0008000800080008001,Influential,0.9904,0.4886,C20
U01992,9,9,0.0009000900090009002,0.0009000900090009002,Active,0.6536,0.2789,C17
U01996,9,10,0.0009000900090009002,0.001000100010001,Active,0.804,0.3541,C21
U03177,9,11,0.0009000900090009002,0.0011001100110011,Influential,0.6709,0.8131,C02
U03180,9,8,0.0009000900090009002,0.0008000800080008001,Active,0.6382,0.4015,C05
U09719,9,9,0.0009000900090009002,0.0009000900090009002,Influential,0.7986,0.9302,C19
U03220,9,8,0.0009000900090009002,0.0008000800080008001,Influential,0.7413,0.9339,C20
U03231,9,9,0.0009000900090009002,0.0009000900090009002,Regular,0.3277,0.0848,C06
U09777,9,8,0.0009000900090009002,0.0008000800080008001,Regular,0.4393,0.2754,C02
U09779,9,9,0.0009000900090009002,0.0009000900090009002,Active,0.2685,0.2678,C04
U09783,9,9,0.0009000900090009002,0.0009000900090009002,Regular,0.5229,0.0986,C08
U03619,9,9,0.0009000900090009002,0.0009000900090009002,Active,0.6095,0.4674,C19
U03204,9,10,0.0009000900090009002,0.001000100010001,Active,0.3358,0.3015,C04
U01977,9,8,0.0009000900090009002,0.0008000800080008001,Active,0.6045,0.1118,C02
U01983,9,6,0.0009000900090009002,0.0006000600060006001,Regular,0.4241,0.3391,C08
U08241,9,9,0.0009000900090009002,0.0009000900090009002,Regular,0.0523,0.3421,C16
U08705,9,9,0.0009000900090009002,0.0009000900090009002,Active,0.5834,0.544,C05
U05535,9,10,0.0009000900090009002,0.001000100010001,Active,0.6728,0.3902,C10
U05443,9,8,0.0009000900090009002,0.0008000800080008001,Active,0.5987,0.4471,C18
U08737,9,8,0.0009000900090009002,0.0008000800080008001,Active,0.7865,0.2547,C12
U05464,9,9,0.0009000900090009002,0.0009000900090009002,Regular,0.3384,0.2752,C14
U05467,9,8,0.0009000900090009002,0.0008000800080008001,Regular,0.221,0.2424,C17
U08256,9,8,0.0009000900090009002,0.0008000800080008001,Active,0.4469,0.2579,C06
U07604,9,8,0.0009000900090009002,0.0008000800080008001,Active,0.5526,0.4004,C04
U07605,9,8,0.0009000900090009002,0.0008000800080008001,Active,0.6288,0.4582,C05
U07199,9,7,0.0009000900090009002,0.0007000700070007,Influential,0.7495,0.884,C24
U01448,9,10,0.0009000900090009002,0.001000100010001,Active,0.7816,0.3992,C23
U09760,9,9,0.0009000900090009002,0.0009000900090009002,Active,0.636,0.2352,C10
U03660,9,10,0.0009000900090009002,0.001000100010001,Regular,0.4104,0.1012,C10
U07592,9,9,0.0009000900090009002,0.0009000900090009002,Active,0.4167,0.6813,C17
U07239,9,10,0.0009000900090009002,0.001000100010001,Active,0.4708,0.383,C14
U01437,9,8,0.0009000900090009002,0.0008000800080008001,Bridge,0.4417,0.5539,C12
U07599,9,9,0.0009000900090009002,0.0009000900090009002,Influential,0.4598,0.8425,C24
U03138,9,9,0.0009000900090009002,0.0009000900090009002,Active,0.2314,0.368,C13
U03147,9,9,0.0009000900090009002,0.0009000900090009002,Active,0.6269,0.1955,C22
U00133,9,9,0.0009000900090009002,0.0009000900090009002,Active,0.5649,0.318,C08
U09680,9,7,0.0009000900090009002,0.0007000700070007,Active,0.6957,0.5074,C05
U09691,9,12,0.0009000900090009002,0.0012001200120012002,Bridge,0.6775,0.7555,C16
U00158,9,9,0.0009000900090009002,0.0009000900090009002,Active,0.6468,0.4292,C08
U08258,9,9,0.0009000900090009002,0.0009000900090009002,Active,0.4098,0.6031,C08
U06167,9,8,0.0009000900090009002,0.0008000800080008001,Active,0.5146,0.0992,C17
U06183,9,9,0.0009000900090009002,0.0009000900090009002,Active,0.8248,0.2287,C08
U00907,9,8,0.0009000900090009002,0.0008000800080008001,Active,0.5406,0.1552,C07
U00910,9,9,0.0009000900090009002,0.0009000900090009002,Active,0.6212,0.3797,C10
U01946,9,8,0.0009000900090009002,0.0008000800080008001,Active,0.4658,0.2939,C21
U05434,9,8,0.0009000900090009002,0.0008000800080008001,Regular,0.136,0.4117,C09
U05335,9,8,0.0009000900090009002,0.0008000800080008001,Active,0.6579,0.3765,C10
U05358,9,8,0.0009000900090009002,0.0008000800080008001,Active,0.7546,0.2952,C08
U00917,9,7,0.0009000900090009002,0.0007000700070007,Influential,0.6287,0.774,C17
U07223,9,12,0.0009000900090009002,0.0012001200120012002,Active,0.5155,0.2984,C23
U03730,9,9,0.0009000900090009002,0.0009000900090009002,Active,0.5731,0.3143,C05
U03765,9,11,0.0009000900090009002,0.0011001100110011,Active,0.5562,0.3236,C15
U03771,9,9,0.0009000900090009002,0.0009000900090009002,Influential,0.899,0.8295,C21
U01210,9,9,0.0009000900090009002,0.0009000900090009002,Bridge,0.5242,0.5103,C10
U06235,9,8,0.0009000900090009002,0.0008000800080008001,Regular,0.1304,0.628,C10
U01923,9,8,0.0009000900090009002,0.0008000800080008001,Regular,0.3366,0.1752,C23
U00629,9,9,0.0009000900090009002,0.0009000900090009002,Active,0.6303,0.257,C04
U02395,9,9,0.0009000900090009002,0.0009000900090009002,Active,0.5081,0.5026,C20
U02398,9,9,0.0009000900090009002,0.0009000900090009002,Bridge,0.8226,0.6766,C23
U05304,9,9,0.0009000900090009002,0.0009000900090009002,Regular,0.3837,0.2579,C04
U05306,9,9,0.0009000900090009002,0.0009000900090009002,Active,0.8434,0.3863,C06
U05319,9,8,0.0009000900090009002,0.0008000800080008001,Active,0.7853,0.234,C19
U08778,9,10,0.0009000900090009002,0.001000100010001,Influential,0.688,0.7418,C03
U05266,9,9,0.0009000900090009002,0.0009000900090009002,Active,0.5817,0.2882,C16
U01198,9,9,0.0009000900090009002,0.0009000900090009002,Regular,0.4508,0.1714,C23
U07685,9,9,0.0009000900090009002,0.0009000900090009002,Active,0.6331,0.6039,C10
U07118,9,9,0.0009000900090009002,0.0009000900090009002,Regular,0.3312,0.098,C18
U07127,9,8,0.0009000900090009002,0.0008000800080008001,Regular,0.1413,0.1949,C02
U03789,9,7,0.0009000900090009002,0.0007000700070007,Active,0.7809,0.2482,C14
U03812,9,8,0.0009000900090009002,0.0008000800080008001,Regular,0.1493,0.3191,C12
U09674,9,9,0.0009000900090009002,0.0009000900090009002,Influential,0.9654,0.7407,C24
U03106,9,10,0.0009000900090009002,0.001000100010001,Regular,0.2565,0.287,C06
U07156,9,9,0.0009000900090009002,0.0009000900090009002,Active,0.4624,0.4172,C06
U08144,9,8,0.0009000900090009002,0.0008000800080008001,Regular,0.2535,0.3615,C19
U06326,9,9,0.0009000900090009002,0.0009000900090009002,Active,0.5272,0.3431,C01
U01895,9,9,0.0009000900090009002,0.0009000900090009002,Active,0.7907,0.3385,C20
U08075,9,10,0.0009000900090009002,0.001000100010001,Active,0.456,0.1472,C25
U08861,9,8,0.0009000900090009002,0.0008000800080008001,Active,0.8343,0.2494,C11
U05195,9,9,0.0009000900090009002,0.0009000900090009002,Active,0.4701,0.3394,C20
U09565,9,9,0.0009000900090009002,0.0009000900090009002,Active,0.7579,0.3189,C15
U03952,9,8,0.0009000900090009002,0.0008000800080008001,Regular,0.1489,0.3483,C02
U03962,9,10,0.0009000900090009002,0.001000100010001,Influential,0.7191,0.9599,C12
U00178,9,7,0.0009000900090009002,0.0007000700070007,Influential,0.9533,0.6049,C03
U03849,9,9,0.0009000900090009002,0.0009000900090009002,Bridge,0.7519,0.4659,C24
U03888,9,9,0.0009000900090009002,0.0009000900090009002,Influential,0.7642,0.9133,C13
U03081,9,9,0.0009000900090009002,0.0009000900090009002,Regular,0.3103,0.2498,C06
U00601,9,9,0.0009000900090009002,0.0009000900090009002,Active,0.7939,0.234,C01
U08825,9,9,0.0009000900090009002,0.0009000900090009002,Influential,0.9876,0.8756,C25
U05122,9,9,0.0009000900090009002,0.0009000900090009002,Active,0.618,0.2059,C22
U02464,9,7,0.0009000900090009002,0.0007000700070007,Active,0.6356,0.297,C14
U05163,9,7,0.0009000900090009002,0.0007000700070007,Bridge,0.889,0.5787,C13
U05175,9,8,0.0009000900090009002,0.0008000800080008001,Influential,0.7482,0.9837,C25
U08832,9,8,0.0009000900090009002,0.0008000800080008001,Regular,0.655,0.184,C07
U06380,9,9,0.0009000900090009002,0.0009000900090009002,Active,0.4403,0.4224,C05
U06381,9,8,0.0009000900090009002,0.0008000800080008001,Active,0.6153,0.3485,C06
U06385,9,8,0.0009000900090009002,0.0008000800080008001,Active,0.4443,0.5662,C10
U06394,9,9,0.0009000900090009002,0.0009000900090009002,Regular,0.1754,0.3257,C19
U06397,9,10,0.0009000900090009002,0.001000100010001,Active,0.5533,0.3022,C22
U01864,9,8,0.0009000900090009002,0.0008000800080008001,Active,0.6869,0.4583,C14
U05072,9,8,0.0009000900090009002,0.0008000800080008001,Regular,0.2879,0.2301,C22
U08897,9,9,0.0009000900090009002,0.0009000900090009002,Active,0.5855,0.2391,C22
U02470,9,8,0.0009000900090009002,0.0008000800080008001,Active,0.6704,0.3681,C20
U00972,9,8,0.0009000900090009002,0.0008000800080008001,Active,0.625,0.5621,C22
U01535,9,9,0.0009000900090009002,0.0009000900090009002,Influential,0.6418,0.5262,C10
U07077,9,9,0.0009000900090009002,0.0009000900090009002,Active,0.6476,0.1782,C02
U03024,9,10,0.0009000900090009002,0.001000100010001,Active,0.642,0.5528,C24
U09620,9,8,0.0009000900090009002,0.0008000800080008001,Active,0.5391,0.7723,C20
U03067,9,9,0.0009000900090009002,0.0009000900090009002,Active,0.7755,0.2116,C17
U07091,9,9,0.0009000900090009002,0.0009000900090009002,Active,0.549,0.1661,C16
U06411,9,10,0.0009000900090009002,0.001000100010001,Active,0.6429,0.3303,C11
U06414,9,11,0.0009000900090009002,0.0011001100110011,Influential,0.8543,0.8367,C14
U08051,9,9,0.0009000900090009002,0.0009000900090009002,Regular,0.1316,0.3793,C01
U05111,9,8,0.0009000900090009002,0.0008000800080008001,Active,0.535,0.3434,C11
U08976,9,8,0.0009000900090009002,0.0008000800080008001,Active,0.6202,0.3083,C01
U00987,9,9,0.0009000900090009002,0.0009000900090009002,Active,0.4924,0.4358,C12
U07047,9,9,0.0009000900090009002,0.0009000900090009002,Influential,0.904,0.7827,C22
U03965,9,9,0.0009000900090009002,0.0009000900090009002,Active,0.6357,0.2067,C15
U03050,9,8,0.0009000900090009002,0.0008000800080008001,Active,0.3705,0.6151,C25
U01547,9,8,0.0009000900090009002,0.0008000800080008001,Active,0.7948,0.1061,C22
U04939,9,8,0.0009000900090009002,0.0008000800080008001,Active,0.4929,0.3135,C14
U02556,9,9,0.0009000900090009002,0.0009000900090009002,Regular,0.5747,0.3264,C06
U06485,9,11,0.0009000900090009002,0.0011001100110011,Active,0.6182,0.6915,C10
U01822,9,8,0.0009000900090009002,0.0008000800080008001,Active,0.3046,0.1194,C22
U08987,9,10,0.0009000900090009002,0.001000100010001,Regular,0.3143,0.423,C12
U08988,9,8,0.0009000900090009002,0.0008000800080008001,Active,0.8497,0.2296,C13
U04910,9,8,0.0009000900090009002,0.0008000800080008001,Regular,0.2763,0.3145,C10
U02568,9,9,0.0009000900090009002,0.0009000900090009002,Regular,0.4485,0.167,C18
U04930,9,8,0.0009000900090009002,0.0008000800080008001,Regular,0.5935,0.0468,C05
U09005,9,9,0.0009000900090009002,0.0009000900090009002,Active,0.4225,0.4624,C05
U09012,9,11,0.0009000900090009002,0.0011001100110011,Influential,0.8635,0.7976,C12
U01164,9,8,0.0009000900090009002,0.0008000800080008001,Regular,0.1684,0.2207,C14
U01167,9,9,0.0009000900090009002,0.0009000900090009002,Regular,0.2632,0.1262,C17
U07009,9,9,0.0009000900090009002,0.0009000900090009002,Regular,0.2043,0.2615,C09
U07014,9,9,0.0009000900090009002,0.0009000900090009002,Active,0.7716,0.1631,C14
U04131,9,9,0.0009000900090009002,0.0009000900090009002,Regular,0.433,0.2544,C06
U04057,9,9,0.0009000900090009002,0.0009000900090009002,Active,0.6076,0.4998,C07
U03006,9,10,0.0009000900090009002,0.001000100010001,Active,0.3504,0.2659,C06
U04069,9,9,0.0009000900090009002,0.0009000900090009002,Regular,0.4444,0.1479,C19
U09453,9,9,0.0009000900090009002,0.0009000900090009002,Active,0.6629,0.3818,C03
U09462,9,9,0.0009000900090009002,0.0009000900090009002,Active,0.4869,0.2271,C12
U06522,9,9,0.0009000900090009002,0.0009000900090009002,Active,0.4678,0.3147,C22
U08036,9,10,0.0009000900090009002,0.001000100010001,Active,0.3998,0.3674,C11
U00500,9,8,0.0009000900090009002,0.0008000800080008001,Influential,0.6934,0.5462,C25
U04815,9,9,0.0009000900090009002,0.0009000900090009002,Active,0.6967,0.2583,C15
U04825,9,7,0.0009000900090009002,0.0007000700070007,Active,0.3491,0.4009,C25
U09042,9,9,0.0009000900090009002,0.0009000900090009002,Active,0.7309,0.226,C17
U09048,9,7,0.0009000900090009002,0.0007000700070007,Active,0.6871,0.3417,C23
U09418,9,10,0.0009000900090009002,0.001000100010001,Active,0.6643,0.207,C18
U01152,9,10,0.0009000900090009002,0.001000100010001,Regular,0.5876,0.2152,C02
U07002,9,9,0.0009000900090009002,0.0009000900090009002,Bridge,0.6633,0.7381,C02
U01570,9,8,0.0009000900090009002,0.0008000800080008001,Active,0.686,0.446,C20
U09423,9,9,0.0009000900090009002,0.0009000900090009002,Active,0.9653,0.3573,C23
U04089,9,8,0.0009000900090009002,0.0008000800080008001,Bridge,0.6752,0.2708,C14
U02991,9,9,0.0009000900090009002,0.0009000900090009002,Bridge,0.4985,0.7711,C16
U04097,9,9,0.0009000900090009002,0.0009000900090009002,Regular,0.3456,0.1836,C22
U09432,9,9,0.0009000900090009002,0.0009000900090009002,Active,0.5916,0.4372,C07
U09450,9,8,0.0009000900090009002,0.0008000800080008001,Active,0.6417,0.2645,C25
U07710,9,10,0.0009000900090009002,0.001000100010001,Influential,0.7263,0.8813,C10
U00482,9,7,0.0009000900090009002,0.0007000700070007,Active,0.7421,0.1328,C07
U04869,9,9,0.0009000900090009002,0.0009000900090009002,Regular,0.2535,0.3108,C19
U04734,9,8,0.0009000900090009002,0.0008000800080008001,Active,0.6624,0.3861,C09
U04278,9,10,0.0009000900090009002,0.001000100010001,Active,0.628,0.2407,C03
U07793,9,9,0.0009000900090009002,0.0009000900090009002,Regular,0.3681,0.1304,C18
U06954,9,10,0.0009000900090009002,0.001000100010001,Bridge,0.4488,0.5996,C04
U04287,9,7,0.0009000900090009002,0.0007000700070007,Regular,0.4033,0.1646,C12
U04141,9,10,0.0009000900090009002,0.001000100010001,Active,0.7367,0.3412,C16
U04148,9,10,0.0009000900090009002,0.001000100010001,Active,0.6375,0.2869,C23
U04202,9,7,0.0009000900090009002,0.0007000700070007,Regular,0.1981,0.1769,C02
U02944,9,7,0.0009000900090009002,0.0007000700070007,Influential,0.4619,0.769,C19
U00474,9,9,0.0009000900090009002,0.0009000900090009002,Influential,0.6457,0.9297,C24
U00475,9,9,0.0009000900090009002,0.0009000900090009002,Influential,0.8233,0.8649,C25
U04690,9,10,0.0009000900090009002,0.001000100010001,Influential,0.6905,0.7057,C15
U01748,9,9,0.0009000900090009002,0.0009000900090009002,Active,0.4702,0.5104,C23
U00438,9,10,0.0009000900090009002,0.001000100010001,Active,0.5503,0.3313,C13
U00443,9,11,0.0009000900090009002,0.0011001100110011,Active,0.7605,0.2018,C18
U06928,9,10,0.0009000900090009002,0.001000100010001,Active,0.6903,0.2114,C03
U06941,9,8,0.0009000900090009002,0.0008000800080008001,Active,0.7111,0.4497,C16
U07762,9,8,0.0009000900090009002,0.0008000800080008001,Active,0.8724,0.1035,C12
U07778,9,8,0.0009000900090009002,0.0008000800080008001,Active,0.5561,0.345,C03
U04227,9,7,0.0009000900090009002,0.0007000700070007,Active,0.8319,0.3758,C02
U04264,9,9,0.0009000900090009002,0.0009000900090009002,Active,0.7135,0.514,C14
U09391,9,7,0.0009000900090009002,0.0007000700070007,Regular,0.4615,0.2184,C16
U09400,9,12,0.0009000900090009002,0.0012001200120012002,Active,0.4493,0.4593,C25
U09173,9,9,0.0009000900090009002,0.0009000900090009002,Active,0.3781,0.7064,C23
U09174,9,8,0.0009000900090009002,0.0008000800080008001,Active,0.5744,0.3307,C24
U04730,9,7,0.0009000900090009002,0.0007000700070007,Active,0.6321,0.3185,C05
U04640,9,8,0.0009000900090009002,0.0008000800080008001,Regular,0.3805,0.272,C15
U06687,9,10,0.0009000900090009002,0.001000100010001,Influential,0.9671,0.8303,C12
U09197,9,10,0.0009000900090009002,0.001000100010001,Active,0.6408,0.6188,C22
U00423,9,9,0.0009000900090009002,0.0009000900090009002,Active,0.7685,0.293,C23
U04661,9,8,0.0009000900090009002,0.0008000800080008001,Active,0.5496,0.1661,C11
U04673,9,9,0.0009000900090009002,0.0009000900090009002,Active,0.7106,0.3188,C23
U09210,9,8,0.0009000900090009002,0.0008000800080008001,Active,0.7243,0.409,C10
U09222,9,8,0.0009000900090009002,0.0008000800080008001,Regular,0.4963,0.2568,C22
U01044,9,9,0.0009000900090009002,0.0009000900090009002,Regular,0.386,0.1824,C19
U09288,9,9,0.0009000900090009002,0.0009000900090009002,Regular,0.3386,0.2163,C13
U04326,9,9,0.0009000900090009002,0.0009000900090009002,Active,0.6582,0.4084,C01
U09362,9,8,0.0009000900090009002,0.0008000800080008001,Active,0.8156,0.394,C12
U06697,9,9,0.0009000900090009002,0.0009000900090009002,Active,0.7616,0.213,C22
U06701,9,9,0.0009000900090009002,0.0009000900090009002,Active,0.5297,0.5796,C01
U09232,9,8,0.0009000900090009002,0.0008000800080008001,Active,0.6487,0.1394,C07
U04499,9,8,0.0009000900090009002,0.0008000800080008001,Active,0.6025,0.6514,C24
U02776,9,11,0.0009000900090009002,0.0011001100110011,Active,0.5956,0.2477,C01
U04522,9,7,0.0009000900090009002,0.0007000700070007,Influential,0.9277,0.685,C22
U07902,9,10,0.0009000900090009002,0.001000100010001,Active,0.6421,0.4037,C02
U09238,9,8,0.0009000900090009002,0.0008000800080008001,Regular,0.0458,0.3446,C13
U04545,9,9,0.0009000900090009002,0.0009000900090009002,Active,0.5025,0.3492,C20
U02787,9,8,0.0009000900090009002,0.0008000800080008001,Active,0.3584,0.2903,C12
U04486,9,9,0.0009000900090009002,0.0009000900090009002,Active,0.638,0.1732,C11
U06869,9,9,0.0009000900090009002,0.0009000900090009002,Regular,0.2545,0.3163,C19
U06873,9,9,0.0009000900090009002,0.0009000900090009002,Active,0.7517,0.4374,C23
U06878,9,8,0.0009000900090009002,0.0008000800080008001,Regular,0.2163,0.2347,C03
U04400,9,9,0.0009000900090009002,0.0009000900090009002,Active,0.666,0.3924,C25
U04408,9,9,0.0009000900090009002,0.0009000900090009002,Influential,0.8082,0.8885,C08
U00335,9,10,0.0009000900090009002,0.001000100010001,Regular,0.1896,0.1518,C10
U02869,9,9,0.0009000900090009002,0.0009000900090009002,Regular,0.353,0.0871,C19
U09309,9,8,0.0009000900090009002,0.0008000800080008001,Active,0.5909,0.3233,C09
U06893,9,9,0.0009000900090009002,0.0009000900090009002,Active,0.5683,0.5339,C18
U07811,9,8,0.0009000900090009002,0.0008000800080008001,Influential,0.5935,0.7219,C11
U04495,9,11,0.0009000900090009002,0.0011001100110011,Active,0.7676,0.5836,C20
U06763,9,11,0.0009000900090009002,0.0011001100110011,Active,0.6481,0.2665,C13
U06765,9,9,0.0009000900090009002,0.0009000900090009002,Active,0.6043,0.4183,C15
U06846,9,9,0.0009000900090009002,0.0009000900090009002,Active,0.5986,0.3872,C21
U01653,9,9,0.0009000900090009002,0.0009000900090009002,Active,0.5796,0.2848,C03
U07868,9,8,0.0009000900090009002,0.0008000800080008001,Active,0.5535,0.3418,C18
U01083,9,8,0.0009000900090009002,0.0008000800080008001,Active,0.7772,0.4323,C08
U06812,9,8,0.0009000900090009002,0.0008000800080008001,Regular,0.3113,0.1233,C12
U01669,9,8,0.0009000900090009002,0.0008000800080008001,Regular,0.4246,0.3956,C19
U00367,9,9,0.0009000900090009002,0.0009000900090009002,Active,0.3463,0.3918,C17
U04390,9,9,0.0009000900090009002,0.0009000900090009002,Influential,0.7967,0.766,C15
U00374,9,6,0.0009000900090009002,0.0006000600060006001,Active,0.4991,0.5275,C24
U00384,9,10,0.0009000900090009002,0.001000100010001,Regular,0.3084,0.1303,C09
U04464,9,9,0.0009000900090009002,0.0009000900090009002,Active,0.7904,0.4829,C14
U02829,9,8,0.0009000900090009002,0.0008000800080008001,Regular,0.3372,0.1292,C04
U04435,9,9,0.0009000900090009002,0.0009000900090009002,Active,0.7903,0.2314,C10
U04448,9,10,0.0009000900090009002,0.001000100010001,Active,0.6214,0.3865,C23
U02815,9,12,0.0009000900090009002,0.0012001200120012002,Regular,0.0723,0.3575,C15
U04456,9,10,0.0009000900090009002,0.001000100010001,Regular,0.3882,0.0829,C06
U03367,9,9,0.0009000900090009002,0.0009000900090009002,Active,0.5499,0.5473,C17
U09952,9,9,0.0009000900090009002,0.0009000900090009002,Active,0.7002,0.4649,C02
U07435,9,9,0.0009000900090009002,0.0009000900090009002,Active,0.492,0.2675,C10
U08405,9,10,0.0009000900090009002,0.001000100010001,Influential,0.6706,0.8384,C05
U05853,9,8,0.0009000900090009002,0.0008000800080008001,Influential,0.3698,0.9833,C03
U08475,9,7,0.0009000900090009002,0.0007000700070007,Active,0.6996,0.2884,C25
U05944,9,9,0.0009000900090009002,0.0009000900090009002,Active,0.4203,0.4864,C19
U07490,9,8,0.0009000900090009002,0.0008000800080008001,Active,0.8551,0.5201,C15
U07397,9,7,0.0009000900090009002,0.0007000700070007,Active,0.4114,0.2842,C22
U07404,9,10,0.0009000900090009002,0.001000100010001,Active,0.7649,0.3855,C04
U09898,9,9,0.0009000900090009002,0.0009000900090009002,Regular,0.1522,0.0687,C23
U09904,9,9,0.0009000900090009002,0.0009000900090009002,Active,0.6915,0.5139,C04
U01333,9,9,0.0009000900090009002,0.0009000900090009002,Active,0.5337,0.4879,C08
U03443,9,9,0.0009000900090009002,0.0009000900090009002,Regular,0.093,0.1782,C18
U03442,9,7,0.0009000900090009002,0.0007000700070007,Regular,0.5226,0.0784,C17
U03432,9,7,0.0009000900090009002,0.0007000700070007,Regular,0.2247,0.2476,C07
U09941,9,9,0.0009000900090009002,0.0009000900090009002,Regular,0.2871,0.2724,C16
U00020,8,9,0.0008000800080008001,0.0009000900090009002,Active,0.5137,0.1725,C20
U00047,8,8,0.0008000800080008001,0.0008000800080008001,Active,0.4954,0.3296,C22
U09938,8,8,0.0008000800080008001,0.0008000800080008001,Regular,0.1949,0.2409,C13
U03413,8,7,0.0008000800080008001,0.0007000700070007,Active,0.5277,0.3473,C13
U03414,8,8,0.0008000800080008001,0.0008000800080008001,Active,0.6467,0.2499,C14
U03445,8,7,0.0008000800080008001,0.0007000700070007,Active,0.4484,0.6755,C20
U07489,8,8,0.0008000800080008001,0.0008000800080008001,Active,0.4885,0.363,C14
U05869,8,8,0.0008000800080008001,0.0008000800080008001,Active,0.7381,0.5283,C19
U07390,8,8,0.0008000800080008001,0.0008000800080008001,Regular,0.1899,0.2493,C15
U03298,8,8,0.0008000800080008001,0.0008000800080008001,Influential,0.8274,0.7619,C23
U03300,8,6,0.0008000800080008001,0.0006000600060006001,Regular,0.2365,0.1497,C25
U03301,8,8,0.0008000800080008001,0.0008000800080008001,Active,0.4997,0.6144,C01
U01341,8,9,0.0008000800080008001,0.0009000900090009002,Active,0.5048,0.2652,C16
U07456,8,8,0.0008000800080008001,0.0008000800080008001,Active,0.3545,0.5902,C06
U01322,8,8,0.0008000800080008001,0.0008000800080008001,Active,0.4119,0.4932,C22
U00016,8,8,0.0008000800080008001,0.0008000800080008001,Active,0.4329,0.3024,C16
U09993,8,7,0.0008000800080008001,0.0007000700070007,Active,0.4055,0.447,C18
U01306,8,9,0.0008000800080008001,0.0009000900090009002,Regular,0.3551,0.189,C06
U08441,8,7,0.0008000800080008001,0.0007000700070007,Active,0.5031,0.3325,C16
U08443,8,9,0.0008000800080008001,0.0009000900090009002,Active,0.497,0.6902,C18
U08449,8,9,0.0008000800080008001,0.0009000900090009002,Active,0.5057,0.348,C24
U08458,8,9,0.0008000800080008001,0.0009000900090009002,Active,0.4141,0.389,C08
U00789,8,8,0.0008000800080008001,0.0008000800080008001,Active,0.4007,0.1001,C14
U00800,8,9,0.0008000800080008001,0.0009000900090009002,Regular,0.4363,0.0507,C25
U06824,8,8,0.0008000800080008001,0.0008000800080008001,Regular,0.4511,0.029,C24
U06845,8,7,0.0008000800080008001,0.0007000700070007,Regular,0.1634,0.3776,C20
U07867,8,7,0.0008000800080008001,0.0007000700070007,Active,0.4917,0.289,C17
U07881,8,7,0.0008000800080008001,0.0007000700070007,Regular,0.3997,0.4808,C06
U09278,8,8,0.0008000800080008001,0.0008000800080008001,Active,0.4128,0.3468,C03
U06801,8,7,0.0008000800080008001,0.0007000700070007,Regular,0.1774,0.339,C01
U06813,8,8,0.0008000800080008001,0.0008000800080008001,Active,0.6769,0.3278,C13
U01672,8,8,0.0008000800080008001,0.0008000800080008001,Active,0.4751,0.224,C22
U01675,8,8,0.0008000800080008001,0.0008000800080008001,Active,0.4582,0.4948,C25
U06822,8,7,0.0008000800080008001,0.0007000700070007,Regular,0.3331,0.0964,C22
U09295,8,7,0.0008000800080008001,0.0007000700070007,Influential,0.6195,0.8588,C20
U00368,8,8,0.0008000800080008001,0.0008000800080008001,Regular,0.3546,0.2233,C18
U04371,8,8,0.0008000800080008001,0.0008000800080008001,Active,0.7976,0.2377,C21
U04372,8,8,0.0008000800080008001,0.0008000800080008001,Active,0.9208,0.1814,C22
U04383,8,7,0.0008000800080008001,0.0007000700070007,Active,0.4136,0.4643,C08
U07845,8,6,0.0008000800080008001,0.0006000600060006001,Active,0.8657,0.1887,C20
U04480,8,8,0.0008000800080008001,0.0008000800080008001,Active,0.8173,0.222,C05
U02789,8,8,0.0008000800080008001,0.0008000800080008001,Active,0.4454,0.5221,C14
U02795,8,8,0.0008000800080008001,0.0008000800080008001,Regular,0.1959,0.2636,C20
U04483,8,8,0.0008000800080008001,0.0008000800080008001,Active,0.1922,0.4137,C08
U04487,8,8,0.0008000800080008001,0.0008000800080008001,Regular,0.1962,0.2424,C12
U04489,8,8,0.0008000800080008001,0.0008000800080008001,Influential,0.7389,0.928,C14
U07858,8,8,0.0008000800080008001,0.0008000800080008001,Regular,0.3414,0.19,C08
U04404,8,8,0.0008000800080008001,0.0008000800080008001,Active,0.5379,0.3523,C04
U00328,8,8,0.0008000800080008001,0.0008000800080008001,Active,0.8222,0.2732,C03
U02880,8,13,0.0008000800080008001,0.0013001300130013002,Active,0.6994,0.5146,C05
U01621,8,9,0.0008000800080008001,0.0009000900090009002,Active,0.7292,0.7824,C21
U01623,8,8,0.0008000800080008001,0.0008000800080008001,Active,0.7876,0.1026,C23
U01708,8,7,0.0008000800080008001,0.0007000700070007,Active,0.6566,0.343,C08
U06754,8,6,0.0008000800080008001,0.0006000600060006001,Regular,0.2361,0.1703,C04
U06760,8,8,0.0008000800080008001,0.0008000800080008001,Active,0.6146,0.5123,C10
U01684,8,8,0.0008000800080008001,0.0008000800080008001,Active,0.6058,0.4814,C09
U06920,8,8,0.0008000800080008001,0.0008000800080008001,Active,0.6374,0.5323,C20
U06715,8,7,0.0008000800080008001,0.0007000700070007,Active,0.7534,0.34,C15
U01725,8,9,0.0008000800080008001,0.0009000900090009002,Active,0.6211,0.3252,C25
U00408,8,7,0.0008000800080008001,0.0007000700070007,Regular,0.3569,0.1455,C08
U04606,8,8,0.0008000800080008001,0.0008000800080008001,Bridge,0.724,0.5943,C06
U01689,8,8,0.0008000800080008001,0.0008000800080008001,Regular,0.2389,0.0743,C14
U01695,8,8,0.0008000800080008001,0.0008000800080008001,Active,0.545,0.2938,C20
U02769,8,8,0.0008000800080008001,0.0008000800080008001,Regular,0.2695,0.2106,C19
U02780,8,8,0.0008000800080008001,0.0008000800080008001,Active,0.7428,0.1492,C05
U04525,8,9,0.0008000800080008001,0.0009000900090009002,Active,0.6108,0.4663,C25
U04531,8,8,0.0008000800080008001,0.0008000800080008001,Active,0.5914,0.4351,C06
U04533,8,7,0.0008000800080008001,0.0007000700070007,Active,0.5331,0.4248,C08
U01070,8,6,0.0008000800080008001,0.0006000600060006001,Regular,0.1728,0.364,C20
U06741,8,8,0.0008000800080008001,0.0008000800080008001,Active,0.5371,0.3007,C16
U00395,8,9,0.0008000800080008001,0.0009000900090009002,Regular,0.2436,0.2407,C20
U04479,8,9,0.0008000800080008001,0.0009000900090009002,Active,0.6566,0.3155,C04
U04564,8,7,0.0008000800080008001,0.0007000700070007,Active,0.3484,0.4367,C14
U04589,8,8,0.0008000800080008001,0.0008000800080008001,Regular,0.2391,0.1498,C14
U07955,8,7,0.0008000800080008001,0.0007000700070007,Active,0.6893,0.2226,C05
U06690,8,7,0.0008000800080008001,0.0007000700070007,Regular,0.0976,0.2799,C15
U09357,8,8,0.0008000800080008001,0.0008000800080008001,Regular,0.4318,0.0992,C07
U00337,8,8,0.0008000800080008001,0.0008000800080008001,Bridge,0.4872,0.6823,C12
U00352,8,8,0.0008000800080008001,0.0008000800080008001,Active,0.6287,0.4315,C02
U02853,8,12,0.0008000800080008001,0.0012001200120012002,Active,0.2546,0.451,C03
U02863,8,8,0.0008000800080008001,0.0008000800080008001,Active,0.7334,0.2104,C13
U09292,8,7,0.0008000800080008001,0.0007000700070007,Active,0.4176,0.5123,C17
U02905,8,7,0.0008000800080008001,0.0007000700070007,Active,0.3923,0.5155,C05
U04297,8,7,0.0008000800080008001,0.0007000700070007,Regular,0.6112,0.1675,C22
U04324,8,9,0.0008000800080008001,0.0009000900090009002,Active,0.8086,0.3631,C24
U07822,8,8,0.0008000800080008001,0.0008000800080008001,Regular,0.3623,0.004,C22
U07827,8,8,0.0008000800080008001,0.0008000800080008001,Active,0.6092,0.0903,C02
U07831,8,7,0.0008000800080008001,0.0007000700070007,Active,0.4915,0.234,C06
U04704,8,7,0.0008000800080008001,0.0007000700070007,Regular,0.3367,0.2749,C04
U04715,8,7,0.0008000800080008001,0.0007000700070007,Active,0.2245,0.576,C15
U09106,8,7,0.0008000800080008001,0.0007000700070007,Regular,0.2012,0.3707,C06
U09128,8,7,0.0008000800080008001,0.0007000700070007,Regular,0.4236,0.1996,C03
U04610,8,8,0.0008000800080008001,0.0008000800080008001,Influential,0.7012,0.6641,C10
U04618,8,7,0.0008000800080008001,0.0007000700070007,Active,0.7771,0.0824,C18
U04627,8,7,0.0008000800080008001,0.0007000700070007,Active,0.435,0.4685,C02
U02709,8,9,0.0008000800080008001,0.0009000900090009002,Regular,0.2551,0.2545,C09
U01759,8,8,0.0008000800080008001,0.0008000800080008001,Regular,0.312,0.1551,C09
U07934,8,8,0.0008000800080008001,0.0008000800080008001,Active,0.7204,0.3957,C09
U09196,8,8,0.0008000800080008001,0.0008000800080008001,Active,0.6393,0.2857,C21
U04649,8,8,0.0008000800080008001,0.0008000800080008001,Regular,0.3583,0.3147,C24
U04650,8,6,0.0008000800080008001,0.0006000600060006001,Active,0.7255,0.4761,C25
U04665,8,8,0.0008000800080008001,0.0008000800080008001,Regular,0.5591,0.0492,C15
U04550,8,8,0.0008000800080008001,0.0008000800080008001,Bridge,0.4214,0.5542,C25
U02746,8,8,0.0008000800080008001,0.0008000800080008001,Active,0.709,0.3738,C21
U07965,8,8,0.0008000800080008001,0.0008000800080008001,Regular,0.2681,0.2747,C15
U00479,8,8,0.0008000800080008001,0.0008000800080008001,Regular,0.2048,0.3336,C04
U00480,8,8,0.0008000800080008001,0.0008000800080008001,Regular,0.2046,0.3339,C05
U04675,8,8,0.0008000800080008001,0.0008000800080008001,Regular,0.4409,0.0157,C25
U02686,8,9,0.0008000800080008001,0.0009000900090009002,Influential,0.7968,0.6241,C11
U09163,8,8,0.0008000800080008001,0.0008000800080008001,Active,0.7441,0.4112,C13
U06636,8,10,0.0008000800080008001,0.001000100010001,Influential,0.801,0.6016,C11
U01749,8,8,0.0008000800080008001,0.0008000800080008001,Active,0.6057,0.372,C24
U06926,8,7,0.0008000800080008001,0.0007000700070007,Active,0.7756,0.1406,C01
U07764,8,9,0.0008000800080008001,0.0009000900090009002,Regular,0.3355,0.1741,C14
U00323,8,9,0.0008000800080008001,0.0009000900090009002,Active,0.4087,0.4539,C23
U04223,8,8,0.0008000800080008001,0.0008000800080008001,Regular,0.2578,0.4907,C23
U04226,8,8,0.0008000800080008001,0.0008000800080008001,Active,0.5226,0.5344,C01
U09385,8,8,0.0008000800080008001,0.0008000800080008001,Active,0.3952,0.2605,C10
U09398,8,7,0.0008000800080008001,0.0007000700070007,Active,0.4336,0.3003,C23
U09403,8,8,0.0008000800080008001,0.0008000800080008001,Regular,0.3086,0.2013,C03
U04769,8,7,0.0008000800080008001,0.0007000700070007,Regular,0.2904,0.0584,C19
U04772,8,8,0.0008000800080008001,0.0008000800080008001,Active,0.5913,0.1021,C22
U02629,8,7,0.0008000800080008001,0.0007000700070007,Active,0.6055,0.4257,C04
U02637,8,8,0.0008000800080008001,0.0008000800080008001,Bridge,0.4418,0.3899,C12
U08033,8,8,0.0008000800080008001,0.0008000800080008001,Influential,0.7549,0.777,C08
U01769,8,6,0.0008000800080008001,0.0006000600060006001,Active,0.6701,0.7568,C19
U07781,8,7,0.0008000800080008001,0.0007000700070007,Active,0.6181,0.1639,C06
U01131,8,8,0.0008000800080008001,0.0008000800080008001,Influential,0.9275,0.7318,C06
U07795,8,8,0.0008000800080008001,0.0008000800080008001,Active,0.6937,0.1455,C20
U04139,8,7,0.0008000800080008001,0.0007000700070007,Active,0.7452,0.4676,C14
U04159,8,12,0.0008000800080008001,0.0012001200120012002,Regular,0.1891,0.223,C09
U04193,8,6,0.0008000800080008001,0.0006000600060006001,Regular,0.4802,0.0588,C18
U04207,8,8,0.0008000800080008001,0.0008000800080008001,Bridge,0.4958,0.5543,C07
U09406,8,7,0.0008000800080008001,0.0007000700070007,Regular,0.2011,0.1677,C06
U01774,8,8,0.0008000800080008001,0.0008000800080008001,Regular,0.3786,0.1706,C24
U06618,8,8,0.0008000800080008001,0.0008000800080008001,Influential,0.6373,0.7936,C18
U04843,8,8,0.0008000800080008001,0.0008000800080008001,Regular,0.3518,0.1018,C18
U09039,8,8,0.0008000800080008001,0.0008000800080008001,Active,0.5318,0.4964,C14
U01008,8,9,0.0008000800080008001,0.0009000900090009002,Active,0.4945,0.4796,C08
U01787,8,7,0.0008000800080008001,0.0007000700070007,Regular,0.3684,0.1487,C12
U07755,8,8,0.0008000800080008001,0.0008000800080008001,Regular,0.3098,0.3513,C05
U04213,8,7,0.0008000800080008001,0.0007000700070007,Regular,0.414,0.1744,C13
U09478,8,8,0.0008000800080008001,0.0008000800080008001,Active,0.4949,0.2393,C03
U09451,8,8,0.0008000800080008001,0.0008000800080008001,Active,0.7096,0.348,C01
U09452,8,7,0.0008000800080008001,0.0007000700070007,Active,0.76,0.3945,C02
U06579,8,8,0.0008000800080008001,0.0008000800080008001,Active,0.7437,0.534,C04
U08005,8,8,0.0008000800080008001,0.0008000800080008001,Active,0.6517,0.5749,C05
U00487,8,6,0.0008000800080008001,0.0006000600060006001,Active,0.4712,0.5854,C12
U04867,8,7,0.0008000800080008001,0.0007000700070007,Regular,0.1824,0.3836,C17
U04872,8,8,0.0008000800080008001,0.0008000800080008001,Regular,0.4171,0.2047,C22
U04735,8,8,0.0008000800080008001,0.0008000800080008001,Regular,0.2482,0.4293,C10
U02652,8,6,0.0008000800080008001,0.0006000600060006001,Influential,0.8857,0.9374,C02
U02542,8,8,0.0008000800080008001,0.0008000800080008001,Active,0.474,0.2935,C17
U04890,8,7,0.0008000800080008001,0.0007000700070007,Active,0.393,0.5179,C15
U04897,8,7,0.0008000800080008001,0.0007000700070007,Regular,0.1859,0.1535,C22
U04903,8,7,0.0008000800080008001,0.0007000700070007,Bridge,0.7749,0.6349,C03
U06521,8,8,0.0008000800080008001,0.0008000800080008001,Active,0.5856,0.2336,C21
U07733,8,8,0.0008000800080008001,0.0008000800080008001,Active,0.5325,0.5599,C08
U02974,8,8,0.0008000800080008001,0.0008000800080008001,Regular,0.3905,0.1437,C24
U09490,8,8,0.0008000800080008001,0.0008000800080008001,Influential,0.5907,0.7744,C15
U09534,8,6,0.0008000800080008001,0.0006000600060006001,Regular,0.3022,0.1738,C09
U04062,8,9,0.0008000800080008001,0.0009000900090009002,Active,0.7084,0.5011,C12
U02999,8,8,0.0008000800080008001,0.0008000800080008001,Active,0.6503,0.4714,C24
U06534,8,6,0.0008000800080008001,0.0006000600060006001,Influential,0.7822,0.8996,C09
U01797,8,7,0.0008000800080008001,0.0007000700070007,Regular,0.3413,0.0699,C22
U09035,8,7,0.0008000800080008001,0.0007000700070007,Regular,0.1714,0.2639,C10
U04932,8,9,0.0008000800080008001,0.0009000900090009002,Regular,0.3921,0.0646,C07
U09089,8,8,0.0008000800080008001,0.0008000800080008001,Regular,0.2728,0.2104,C14
U05001,8,9,0.0008000800080008001,0.0009000900090009002,Influential,0.888,0.8623,C01
U02526,8,6,0.0008000800080008001,0.0006000600060006001,Active,0.6968,0.2208,C01
U05014,8,9,0.0008000800080008001,0.0009000900090009002,Active,0.5331,0.3794,C14
U02498,8,8,0.0008000800080008001,0.0008000800080008001,Regular,0.08,0.1622,C23
U02506,8,8,0.0008000800080008001,0.0008000800080008001,Regular,0.2416,0.1901,C06
U05041,8,8,0.0008000800080008001,0.0008000800080008001,Regular,0.2744,0.1703,C16
U00556,8,8,0.0008000800080008001,0.0008000800080008001,Regular,0.2009,0.3834,C06
U04937,8,9,0.0008000800080008001,0.0009000900090009002,Regular,0.158,0.2311,C12
U04946,8,6,0.0008000800080008001,0.0006000600060006001,Influential,0.667,0.6843,C21
U04954,8,8,0.0008000800080008001,0.0008000800080008001,Active,0.5315,0.5479,C04
U06478,8,6,0.0008000800080008001,0.0006000600060006001,Active,0.5835,0.6044,C03
U01833,8,9,0.0008000800080008001,0.0009000900090009002,Active,0.4261,0.392,C08
U06508,8,9,0.0008000800080008001,0.0009000900090009002,Active,0.4135,0.1651,C08
U01815,8,8,0.0008000800080008001,0.0008000800080008001,Active,0.4438,0.5175,C15
U09001,8,7,0.0008000800080008001,0.0007000700070007,Regular,0.2059,0.4078,C01
U02535,8,10,0.0008000800080008001,0.001000100010001,Active,0.4394,0.2957,C10
U08979,8,9,0.0008000800080008001,0.0009000900090009002,Active,0.4553,0.3432,C04
U08059,8,7,0.0008000800080008001,0.0007000700070007,Regular,0.2905,0.1534,C09
U06455,8,8,0.0008000800080008001,0.0008000800080008001,Active,0.5196,0.3243,C05
U06458,8,7,0.0008000800080008001,0.0007000700070007,Regular,0.3577,0.1675,C08
U07031,8,7,0.0008000800080008001,0.0007000700070007,Regular,0.6024,0.2015,C06
U01556,8,7,0.0008000800080008001,0.0007000700070007,Active,0.6751,0.5216,C06
U07051,8,8,0.0008000800080008001,0.0008000800080008001,Active,0.6582,0.4283,C01
U07056,8,8,0.0008000800080008001,0.0008000800080008001,Active,0.7007,0.2376,C06
U01546,8,9,0.0008000800080008001,0.0009000900090009002,Bridge,0.6605,0.8242,C21
U09476,8,8,0.0008000800080008001,0.0008000800080008001,Active,0.4414,0.2691,C01
U03046,8,8,0.0008000800080008001,0.0008000800080008001,Regular,0.3511,0.2749,C21
U03971,8,8,0.0008000800080008001,0.0008000800080008001,Regular,0.2972,0.2594,C21
U03989,8,8,0.0008000800080008001,0.0008000800080008001,Active,0.5175,0.2886,C14
U03034,8,8,0.0008000800080008001,0.0008000800080008001,Regular,0.4304,0.1994,C09
U04009,8,7,0.0008000800080008001,0.0007000700070007,Active,0.6442,0.2862,C09
U00229,8,10,0.0008000800080008001,0.001000100010001,Active,0.7443,0.133,C04
U07059,8,8,0.0008000800080008001,0.0008000800080008001,Influential,0.6251,0.7776,C09
U07060,8,8,0.0008000800080008001,0.0008000800080008001,Regular,0.2523,0.2137,C10
U01522,8,7,0.0008000800080008001,0.0007000700070007,Regular,0.3374,0.1947,C22
U07692,8,7,0.0008000800080008001,0.0007000700070007,Influential,0.5803,0.8647,C17
U03904,8,9,0.0008000800080008001,0.0009000900090009002,Active,0.6383,0.5585,C04
U03910,8,7,0.0008000800080008001,0.0007000700070007,Regular,0.1751,0.3926,C10
U03911,8,9,0.0008000800080008001,0.0009000900090009002,Active,0.6872,0.2822,C11
U03918,8,8,0.0008000800080008001,0.0008000800080008001,Active,0.6812,0.1798,C18
U07083,8,9,0.0008000800080008001,0.0009000900090009002,Active,0.7349,0.1914,C08
U01507,8,8,0.0008000800080008001,0.0008000800080008001,Active,0.7236,0.3836,C07
U06410,8,9,0.0008000800080008001,0.0009000900090009002,Regular,0.2788,0.1861,C10
U05116,8,8,0.0008000800080008001,0.0008000800080008001,Active,0.472,0.5467,C16
U05119,8,8,0.0008000800080008001,0.0008000800080008001,Regular,0.4168,0.2088,C19
U02543,8,7,0.0008000800080008001,0.0007000700070007,Regular,0.3052,0.1013,C18
U08941,8,7,0.0008000800080008001,0.0007000700070007,Regular,0.3164,0.2125,C16
U08966,8,7,0.0008000800080008001,0.0007000700070007,Active,0.3311,0.5369,C16
U09587,8,9,0.0008000800080008001,0.0009000900090009002,Active,0.5153,0.2888,C12
U08105,8,9,0.0008000800080008001,0.0009000900090009002,Active,0.6235,0.5259,C05
U08108,8,10,0.0008000800080008001,0.001000100010001,Bridge,0.5376,0.6709,C08
U06364,8,7,0.0008000800080008001,0.0007000700070007,Active,0.8432,0.4279,C14
U08812,8,6,0.0008000800080008001,0.0006000600060006001,Regular,0.2177,0.179,C12
U05246,8,8,0.0008000800080008001,0.0008000800080008001,Active,0.3539,0.2635,C21
U02450,8,7,0.0008000800080008001,0.0007000700070007,Regular,0.4573,0.1355,C25
U02454,8,8,0.0008000800080008001,0.0008000800080008001,Regular,0.2599,0.2315,C04
U05170,8,8,0.0008000800080008001,0.0008000800080008001,Influential,0.9412,0.8447,C20
U08839,8,8,0.0008000800080008001,0.0008000800080008001,Active,0.488,0.4923,C14
U01867,8,9,0.0008000800080008001,0.0009000900090009002,Active,0.7034,0.131,C17
U08934,8,7,0.0008000800080008001,0.0007000700070007,Influential,0.6939,0.9896,C09
U05068,8,8,0.0008000800080008001,0.0008000800080008001,Regular,0.2073,0.2428,C18
U00568,8,9,0.0008000800080008001,0.0009000900090009002,Active,0.5913,0.3347,C18
U08901,8,6,0.0008000800080008001,0.0006000600060006001,Active,0.6587,0.1995,C01
U00969,8,8,0.0008000800080008001,0.0008000800080008001,Influential,0.4869,0.7089,C19
U08086,8,8,0.0008000800080008001,0.0008000800080008001,Regular,0.1548,0.3669,C11
U05273,8,9,0.0008000800080008001,0.0009000900090009002,Active,0.7114,0.1414,C23
U00964,8,10,0.0008000800080008001,0.001000100010001,Active,0.5792,0.1979,C14
U08847,8,7,0.0008000800080008001,0.0007000700070007,Active,0.4219,0.2569,C22
U08851,8,8,0.0008000800080008001,0.0008000800080008001,Regular,0.4916,0.2272,C01
U02422,8,6,0.0008000800080008001,0.0006000600060006001,Bridge,0.5257,0.6834,C22
U02428,8,7,0.0008000800080008001,0.0007000700070007,Active,0.4191,0.5134,C03
U08808,8,8,0.0008000800080008001,0.0008000800080008001,Regular,0.3264,0.0944,C08
U01509,8,8,0.0008000800080008001,0.0008000800080008001,Regular,0.2231,0.4706,C09
U07670,8,10,0.0008000800080008001,0.001000100010001,Active,0.5435,0.4098,C20
U03945,8,8,0.0008000800080008001,0.0008000800080008001,Active,0.6295,0.6031,C20
U03964,8,8,0.0008000800080008001,0.0008000800080008001,Regular,0.1895,0.3022,C14
U00181,8,9,0.0008000800080008001,0.0009000900090009002,Active,0.4644,0.4806,C06
U03858,8,8,0.0008000800080008001,0.0008000800080008001,Active,0.6319,0.3307,C08
U03897,8,8,0.0008000800080008001,0.0008000800080008001,Regular,0.1061,0.1923,C22
U03901,8,9,0.0008000800080008001,0.0009000900090009002,Regular,0.1931,0.2284,C01
U05255,8,8,0.0008000800080008001,0.0008000800080008001,Regular,0.3829,0.3317,C05
U05260,8,8,0.0008000800080008001,0.0008000800080008001,Active,0.4088,0.3421,C10
U02403,8,9,0.0008000800080008001,0.0009000900090009002,Active,0.5299,0.4286,C03
U08784,8,7,0.0008000800080008001,0.0007000700070007,Bridge,0.6632,0.5733,C09
U00609,8,9,0.0008000800080008001,0.0009000900090009002,Active,0.5865,0.0523,C09
U08802,8,8,0.0008000800080008001,0.0008000800080008001,Active,0.8484,0.2675,C02
U05270,8,8,0.0008000800080008001,0.0008000800080008001,Regular,0.3912,0.2796,C20
U01189,8,7,0.0008000800080008001,0.0007000700070007,Regular,0.2815,0.1012,C14
U07123,8,8,0.0008000800080008001,0.0008000800080008001,Regular,0.177,0.1595,C23
U01497,8,8,0.0008000800080008001,0.0008000800080008001,Active,0.6764,0.3689,C22
U03135,8,8,0.0008000800080008001,0.0008000800080008001,Active,0.6764,0.4367,C10
U00167,8,8,0.0008000800080008001,0.0008000800080008001,Active,0.6294,0.4598,C17
U03835,8,7,0.0008000800080008001,0.0007000700070007,Regular,0.5273,0.2644,C10
U03837,8,8,0.0008000800080008001,0.0008000800080008001,Regular,0.2861,0.4809,C12
U01896,8,7,0.0008000800080008001,0.0007000700070007,Influential,0.7818,0.66,C21
U06343,8,8,0.0008000800080008001,0.0008000800080008001,Active,0.7067,0.7148,C18
U01205,8,9,0.0008000800080008001,0.0009000900090009002,Regular,0.2811,0.2654,C05
U06241,8,8,0.0008000800080008001,0.0008000800080008001,Regular,0.4332,0.4987,C16
U08753,8,8,0.0008000800080008001,0.0008000800080008001,Active,0.7572,0.4512,C03
U00640,8,8,0.0008000800080008001,0.0008000800080008001,Active,0.7111,0.2446,C15
U05382,8,7,0.0008000800080008001,0.0007000700070007,Bridge,0.7353,0.2933,C07
U05275,8,8,0.0008000800080008001,0.0008000800080008001,Active,0.5537,0.1873,C25
U05321,8,9,0.0008000800080008001,0.0009000900090009002,Regular,0.4334,0.272,C21
U01928,8,8,0.0008000800080008001,0.0008000800080008001,Regular,0.5044,0.297,C03
U01931,8,7,0.0008000800080008001,0.0007000700070007,Active,0.6176,0.2094,C06
U01933,8,8,0.0008000800080008001,0.0008000800080008001,Active,0.4105,0.3242,C08
U06270,8,8,0.0008000800080008001,0.0008000800080008001,Regular,0.1834,0.2823,C20
U06309,8,10,0.0008000800080008001,0.001000100010001,Bridge,0.7565,0.7385,C09
U08134,8,8,0.0008000800080008001,0.0008000800080008001,Active,0.3228,0.6036,C09
U02382,8,7,0.0008000800080008001,0.0007000700070007,Active,0.5227,0.4319,C07
U02383,8,8,0.0008000800080008001,0.0008000800080008001,Active,0.4589,0.3984,C08
U02384,8,8,0.0008000800080008001,0.0008000800080008001,Active,0.6977,0.4186,C09
U05342,8,8,0.0008000800080008001,0.0008000800080008001,Regular,0.3362,0.2984,C17
U05348,8,8,0.0008000800080008001,0.0008000800080008001,Regular,0.3343,0.1716,C23
U05372,8,8,0.0008000800080008001,0.0008000800080008001,Active,0.5911,0.1887,C22
U05373,8,8,0.0008000800080008001,0.0008000800080008001,Influential,0.8295,0.5564,C23
U00913,8,8,0.0008000800080008001,0.0008000800080008001,Active,0.6935,0.498,C13
U00916,8,10,0.0008000800080008001,0.001000100010001,Regular,0.349,0.2101,C16
U07628,8,8,0.0008000800080008001,0.0008000800080008001,Influential,0.9496,0.8884,C03
U03118,8,8,0.0008000800080008001,0.0008000800080008001,Active,0.7545,0.2344,C18
U09624,8,8,0.0008000800080008001,0.0008000800080008001,Active,0.6801,0.313,C24
U09632,8,8,0.0008000800080008001,0.0008000800080008001,Active,0.6534,0.5933,C07
U09642,8,8,0.0008000800080008001,0.0008000800080008001,Influential,0.3766,0.872,C17
U09643,8,9,0.0008000800080008001,0.0009000900090009002,Influential,0.8531,0.8437,C18
U09645,8,9,0.0008000800080008001,0.0009000900090009002,Regular,0.1843,0.426,C20
U07218,8,8,0.0008000800080008001,0.0008000800080008001,Bridge,0.7816,0.5138,C18
U03153,8,8,0.0008000800080008001,0.0008000800080008001,Regular,0.1763,0.5068,C03
U03156,8,12,0.0008000800080008001,0.0012001200120012002,Active,0.4594,0.2105,C06
U06165,8,9,0.0008000800080008001,0.0009000900090009002,Influential,0.7217,0.8077,C15
U06171,8,9,0.0008000800080008001,0.0009000900090009002,Active,0.4379,0.4488,C21
U06173,8,11,0.0008000800080008001,0.0011001100110011,Regular,0.2016,0.362,C23
U01959,8,6,0.0008000800080008001,0.0006000600060006001,Regular,0.2535,0.3088,C09
U05383,8,8,0.0008000800080008001,0.0008000800080008001,Regular,0.1505,0.364,C08
U05384,8,6,0.0008000800080008001,0.0006000600060006001,Active,0.5491,0.1628,C09
U05393,8,7,0.0008000800080008001,0.0007000700070007,Influential,0.4922,0.7418,C18
U05402,8,8,0.0008000800080008001,0.0008000800080008001,Regular,0.2184,0.3401,C02
U08206,8,8,0.0008000800080008001,0.0008000800080008001,Regular,0.1247,0.2389,C06
U00909,8,8,0.0008000800080008001,0.0008000800080008001,Regular,0.4261,0.0755,C09
U08163,8,8,0.0008000800080008001,0.0008000800080008001,Regular,0.2945,0.079,C13
U08172,8,7,0.0008000800080008001,0.0007000700070007,Regular,0.3496,0.1696,C22
U02350,8,8,0.0008000800080008001,0.0008000800080008001,Active,0.5774,0.4724,C25
U05413,8,9,0.0008000800080008001,0.0009000900090009002,Regular,0.4787,0.2123,C13
U05421,8,8,0.0008000800080008001,0.0008000800080008001,Regular,0.4919,0.3083,C21
U05426,8,8,0.0008000800080008001,0.0008000800080008001,Influential,0.7986,0.9015,C01
U01223,8,6,0.0008000800080008001,0.0006000600060006001,Active,0.5967,0.3513,C23
U07210,8,11,0.0008000800080008001,0.0011001100110011,Active,0.5721,0.2665,C10
U01454,8,10,0.0008000800080008001,0.001000100010001,Active,0.6996,0.165,C04
U07523,8,7,0.0008000800080008001,0.0007000700070007,Active,0.5672,0.3357,C23
U09758,8,8,0.0008000800080008001,0.0008000800080008001,Regular,0.0857,0.2966,C08
U01246,8,7,0.0008000800080008001,0.0007000700070007,Influential,0.9594,0.6758,C21
U03680,8,8,0.0008000800080008001,0.0008000800080008001,Active,0.5221,0.2748,C05
U01468,8,8,0.0008000800080008001,0.0008000800080008001,Active,0.1821,0.537,C18
U01472,8,8,0.0008000800080008001,0.0008000800080008001,Regular,0.3475,0.318,C22
U07195,8,8,0.0008000800080008001,0.0008000800080008001,Regular,0.3044,0.1809,C20
U03775,8,5,0.0008000800080008001,0.0005000500050005,Active,0.3058,0.3741,C25
U09726,8,8,0.0008000800080008001,0.0008000800080008001,Regular,0.1008,0.3012,C01
U09676,8,7,0.0008000800080008001,0.0007000700070007,Influential,0.7112,0.8124,C01
U09695,8,6,0.0008000800080008001,0.0006000600060006001,Active,0.3306,0.2631,C20
U00152,8,7,0.0008000800080008001,0.0007000700070007,Active,0.6394,0.3882,C02
U03725,8,8,0.0008000800080008001,0.0008000800080008001,Active,0.5019,0.2183,C25
U05477,8,8,0.0008000800080008001,0.0008000800080008001,Active,0.7909,0.3726,C02
U05495,8,8,0.0008000800080008001,0.0008000800080008001,Active,0.7653,0.448,C20
U08696,8,8,0.0008000800080008001,0.0008000800080008001,Regular,0.2405,0.1688,C21
U08699,8,8,0.0008000800080008001,0.0008000800080008001,Active,0.5563,0.3478,C24
U03196,8,8,0.0008000800080008001,0.0008000800080008001,Regular,0.5877,0.1169,C21
U03684,8,10,0.0008000800080008001,0.001000100010001,Regular,0.1433,0.2336,C09
U03702,8,8,0.0008000800080008001,0.0008000800080008001,Active,0.5619,0.3555,C02
U03175,8,7,0.0008000800080008001,0.0007000700070007,Active,0.5449,0.4359,C25
U03223,8,8,0.0008000800080008001,0.0008000800080008001,Active,0.4647,0.3481,C23
U09796,8,9,0.0008000800080008001,0.0009000900090009002,Active,0.7346,0.3953,C21
U06111,8,9,0.0008000800080008001,0.0009000900090009002,Regular,0.3575,0.074,C11
U08224,8,8,0.0008000800080008001,0.0008000800080008001,Active,0.6664,0.2255,C24
U05446,8,6,0.0008000800080008001,0.0006000600060006001,Active,0.7058,0.3341,C21
U02327,8,8,0.0008000800080008001,0.0008000800080008001,Active,0.6445,0.2722,C02
U08732,8,8,0.0008000800080008001,0.0008000800080008001,Bridge,0.7259,0.4097,C07
U05459,8,8,0.0008000800080008001,0.0008000800080008001,Regular,0.1504,0.3365,C09
U08653,8,8,0.0008000800080008001,0.0008000800080008001,Regular,0.3501,0.1559,C03
U08659,8,7,0.0008000800080008001,0.0007000700070007,Active,0.4813,0.4574,C09
U08664,8,9,0.0008000800080008001,0.0009000900090009002,Regular,0.1906,0.126,C14
U00674,8,7,0.0008000800080008001,0.0007000700070007,Influential,0.9354,0.9489,C24
U03206,8,7,0.0008000800080008001,0.0007000700070007,Active,0.4249,0.4579,C06
U07556,8,8,0.0008000800080008001,0.0008000800080008001,Regular,0.3081,0.2214,C06
U07565,8,7,0.0008000800080008001,0.0007000700070007,Influential,0.6404,0.7192,C15
U01251,8,6,0.0008000800080008001,0.0006000600060006001,Active,0.5155,0.4513,C01
U01417,8,8,0.0008000800080008001,0.0008000800080008001,Regular,0.5743,0.3067,C17
U09817,8,8,0.0008000800080008001,0.0008000800080008001,Active,0.553,0.5063,C17
U00083,8,8,0.0008000800080008001,0.0008000800080008001,Active,0.6889,0.1833,C08
U01270,8,8,0.0008000800080008001,0.0008000800080008001,Active,0.6134,0.3292,C20
U08264,8,8,0.0008000800080008001,0.0008000800080008001,Active,0.6681,0.3296,C14
U08268,8,6,0.0008000800080008001,0.0006000600060006001,Regular,0.1162,0.1763,C18
U01987,8,8,0.0008000800080008001,0.0008000800080008001,Bridge,0.6514,0.5744,C12
U05599,8,8,0.0008000800080008001,0.0008000800080008001,Regular,0.2704,0.0904,C24
U08343,8,9,0.0008000800080008001,0.0009000900090009002,Regular,0.1713,0.4348,C18
U08363,8,7,0.0008000800080008001,0.0007000700070007,Active,0.3609,0.2857,C13
U08634,8,8,0.0008000800080008001,0.0008000800080008001,Regular,0.2271,0.2487,C09
U07303,8,8,0.0008000800080008001,0.0008000800080008001,Influential,0.8702,0.6587,C03
U00088,8,9,0.0008000800080008001,0.0009000900090009002,Active,0.7498,0.2611,C13
U09833,8,8,0.0008000800080008001,0.0008000800080008001,Active,0.7468,0.3997,C08
U03611,8,8,0.0008000800080008001,0.0008000800080008001,Active,0.3216,0.5721,C11
U03615,8,13,0.0008000800080008001,0.0013001300130013002,Active,0.6512,0.3426,C15
U09836,8,8,0.0008000800080008001,0.0008000800080008001,Active,0.6889,0.2281,C11
U07308,8,7,0.0008000800080008001,0.0007000700070007,Regular,0.4122,0.0623,C08
U01400,8,7,0.0008000800080008001,0.0007000700070007,Influential,0.6649,0.794,C25
U00689,8,6,0.0008000800080008001,0.0006000600060006001,Regular,0.5351,0.0906,C14
U00694,8,7,0.0008000800080008001,0.0007000700070007,Active,0.5117,0.219,C19
U02234,8,7,0.0008000800080008001,0.0007000700070007,Regular,0.0734,0.2143,C09
U05542,8,8,0.0008000800080008001,0.0008000800080008001,Regular,0.3856,0.2535,C17
U05554,8,8,0.0008000800080008001,0.0008000800080008001,Bridge,0.4733,0.3844,C04
U02209,8,8,0.0008000800080008001,0.0008000800080008001,Active,0.5398,0.2347,C09
U02211,8,11,0.0008000800080008001,0.0011001100110011,Active,0.3803,0.2042,C11
U06019,8,7,0.0008000800080008001,0.0007000700070007,Regular,0.4732,0.1422,C19
U06022,8,9,0.0008000800080008001,0.0009000900090009002,Active,0.619,0.2568,C22
U06024,8,9,0.0008000800080008001,0.0009000900090009002,Active,0.3459,0.5099,C24
U06028,8,8,0.0008000800080008001,0.0008000800080008001,Regular,0.1445,0.2272,C03
U09872,8,6,0.0008000800080008001,0.0006000600060006001,Active,0.6044,0.5368,C22
U00065,8,8,0.0008000800080008001,0.0008000800080008001,Active,0.6406,0.5755,C15
U09893,8,8,0.0008000800080008001,0.0008000800080008001,Influential,0.6348,0.8782,C18
U03552,8,8,0.0008000800080008001,0.0008000800080008001,Influential,0.9499,0.8354,C02
U03253,8,7,0.0008000800080008001,0.0007000700070007,Regular,0.4108,0.3412,C03
U03285,8,8,0.0008000800080008001,0.0008000800080008001,Active,0.6509,0.4749,C10
U01295,8,8,0.0008000800080008001,0.0008000800080008001,Regular,0.3191,0.1614,C20
U01363,8,8,0.0008000800080008001,0.0008000800080008001,Active,0.47,0.3683,C13
U02028,8,8,0.0008000800080008001,0.0008000800080008001,Regular,0.199,0.2171,C03
U05617,8,9,0.0008000800080008001,0.0009000900090009002,Influential,0.7111,0.6593,C17
U08418,8,8,0.0008000800080008001,0.0008000800080008001,Active,0.7366,0.3958,C18
U00801,8,9,0.0008000800080008001,0.0009000900090009002,Influential,0.6599,0.7385,C01
U06001,8,8,0.0008000800080008001,0.0008000800080008001,Active,0.5401,0.1855,C01
U08611,8,8,0.0008000800080008001,0.0008000800080008001,Active,0.5198,0.7714,C11
U08616,8,9,0.0008000800080008001,0.0009000900090009002,Regular,0.2501,0.2419,C16
U05728,8,6,0.0008000800080008001,0.0006000600060006001,Regular,0.1493,0.0557,C03
U02195,8,7,0.0008000800080008001,0.0007000700070007,Regular,0.4198,0.1976,C20
U02206,8,7,0.0008000800080008001,0.0007000700070007,Influential,0.6361,0.9158,C06
U06008,8,8,0.0008000800080008001,0.0008000800080008001,Regular,0.5035,0.2365,C08
U08384,8,8,0.0008000800080008001,0.0008000800080008001,Active,0.7505,0.3457,C09
U02036,8,8,0.0008000800080008001,0.0008000800080008001,Influential,0.8226,0.7409,C11
U02037,8,9,0.0008000800080008001,0.0009000900090009002,Regular,0.3855,0.1684,C12
U08559,8,6,0.0008000800080008001,0.0006000600060006001,Active,0.3751,0.273,C09
U08566,8,7,0.0008000800080008001,0.0007000700070007,Influential,0.6241,0.9245,C16
U08574,8,9,0.0008000800080008001,0.0009000900090009002,Influential,0.7085,0.6175,C24
U05769,8,9,0.0008000800080008001,0.0009000900090009002,Influential,0.6521,0.9377,C19
U05771,8,6,0.0008000800080008001,0.0006000600060006001,Active,0.352,0.4731,C21
U05778,8,8,0.0008000800080008001,0.0008000800080008001,Active,0.5476,0.5611,C03
U02177,8,8,0.0008000800080008001,0.0008000800080008001,Active,0.2292,0.3778,C02
U05817,8,8,0.0008000800080008001,0.0008000800080008001,Active,0.6392,0.2072,C17
U05824,8,7,0.0008000800080008001,0.0007000700070007,Active,0.5524,0.4289,C24
U02163,8,9,0.0008000800080008001,0.0009000900090009002,Regular,0.335,0.0658,C13
U01367,8,8,0.0008000800080008001,0.0008000800080008001,Active,0.6712,0.3644,C17
U03286,8,8,0.0008000800080008001,0.0008000800080008001,Active,0.6175,0.4474,C11
U03290,8,7,0.0008000800080008001,0.0007000700070007,Active,0.6503,0.4238,C15
U03515,8,8,0.0008000800080008001,0.0008000800080008001,Regular,0.2972,0.094,C15
U09917,8,9,0.0008000800080008001,0.0009000900090009002,Active,0.5537,0.3475,C17
U00058,8,8,0.0008000800080008001,0.0008000800080008001,Active,0.7763,0.4519,C08
U01375,8,8,0.0008000800080008001,0.0008000800080008001,Regular,0.2673,0.3425,C25
U07374,8,7,0.0008000800080008001,0.0007000700070007,Active,0.7755,0.2986,C24
U07389,8,8,0.0008000800080008001,0.0008000800080008001,Regular,0.345,0.218,C14
U08411,8,8,0.0008000800080008001,0.0008000800080008001,Regular,0.3912,0.3547,C11
U05864,8,8,0.0008000800080008001,0.0008000800080008001,Active,0.6284,0.2259,C14
U00004,8,8,0.0008000800080008001,0.0008000800080008001,Active,0.7257,0.2811,C04
U02123,8,8,0.0008000800080008001,0.0008000800080008001,Active,0.5465,0.3202,C23
U00037,8,9,0.0008000800080008001,0.0009000900090009002,Active,0.4776,0.3401,C12
U05917,8,8,0.0008000800080008001,0.0008000800080008001,Active,0.5772,0.5491,C17
U05928,8,8,0.0008000800080008001,0.0008000800080008001,Bridge,0.461,0.5278,C03
U05936,8,8,0.0008000800080008001,0.0008000800080008001,Regular,0.2957,0.2909,C11
U02097,8,7,0.0008000800080008001,0.0007000700070007,Active,0.7484,0.4342,C22
U03374,8,8,0.0008000800080008001,0.0008000800080008001,Regular,0.3753,0.3711,C24
U08509,8,8,0.0008000800080008001,0.0008000800080008001,Active,0.3307,0.3679,C09
U00760,8,7,0.0008000800080008001,0.0007000700070007,Regular,0.2113,0.2567,C10
U05880,8,9,0.0008000800080008001,0.0009000900090009002,Regular,0.4216,0.0918,C05
U06004,8,7,0.0008000800080008001,0.0007000700070007,Active,0.5974,0.4679,C04
U02173,8,7,0.0008000800080008001,0.0007000700070007,Regular,0.4593,0.1312,C23
U08542,8,8,0.0008000800080008001,0.0008000800080008001,Regular,0.4235,0.2844,C17
U00747,8,8,0.0008000800080008001,0.0008000800080008001,Bridge,0.4329,0.8541,C22
U01096,8,9,0.0008000800080008001,0.0009000900090009002,Active,0.5406,0.4405,C21
U00378,8,8,0.0008000800080008001,0.0008000800080008001,Bridge,0.7197,0.6796,C03
U00381,8,8,0.0008000800080008001,0.0008000800080008001,Active,0.5219,0.6185,C06
U00382,8,8,0.0008000800080008001,0.0008000800080008001,Active,0.7375,0.306,C07
U04477,8,8,0.0008000800080008001,0.0008000800080008001,Active,0.4328,0.2955,C02
U04422,8,7,0.0008000800080008001,0.0007000700070007,Regular,0.4093,0.1666,C22
U02825,8,9,0.0008000800080008001,0.0009000900090009002,Active,0.6785,0.2512,C25
U02832,8,7,0.0008000800080008001,0.0007000700070007,Regular,0.2832,0.3067,C07
U04437,8,8,0.0008000800080008001,0.0008000800080008001,Regular,0.4312,0.3196,C12
U03387,8,7,0.0008000800080008001,0.0007000700070007,Regular,0.458,0.2101,C12
U03409,8,7,0.0008000800080008001,0.0007000700070007,Active,0.4923,0.5801,C09
U09998,8,8,0.0008000800080008001,0.0008000800080008001,Regular,0.395,0.2815,C23
U10000,8,10,0.0008000800080008001,0.001000100010001,Active,0.4075,0.5296,C25
U02146,8,7,0.0008000800080008001,0.0007000700070007,Regular,0.2274,0.1729,C21
U02151,8,7,0.0008000800080008001,0.0007000700070007,Active,0.6746,0.3396,C01
U02157,8,8,0.0008000800080008001,0.0008000800080008001,Active,0.7265,0.3132,C07
U09983,7,6,0.0007000700070007,0.0006000600060006001,Active,0.5604,0.5581,C08
U09972,7,6,0.0007000700070007,0.0006000600060006001,Regular,0.2605,0.2551,C22
U00033,7,7,0.0007000700070007,0.0007000700070007,Active,0.2556,0.4063,C08
U07477,7,7,0.0007000700070007,0.0007000700070007,Active,0.566,0.4292,C02
U07479,7,7,0.0007000700070007,0.0007000700070007,Regular,0.3491,0.1769,C04
U07393,7,8,0.0007000700070007,0.0008000800080008001,Regular,0.2871,0.1936,C18
U01331,7,6,0.0007000700070007,0.0006000600060006001,Regular,0.1648,0.2361,C06
U00056,7,7,0.0007000700070007,0.0007000700070007,Active,0.2487,0.4772,C06
U00061,7,10,0.0007000700070007,0.001000100010001,Active,0.6117,0.5797,C11
U03454,7,7,0.0007000700070007,0.0007000700070007,Regular,0.3835,0.1276,C04
U00759,7,7,0.0007000700070007,0.0007000700070007,Regular,0.299,0.1429,C09
U00763,7,7,0.0007000700070007,0.0007000700070007,Regular,0.4994,0.0999,C13
U05890,7,6,0.0007000700070007,0.0006000600060006001,Regular,0.2913,0.2685,C15
U00011,7,8,0.0007000700070007,0.0008000800080008001,Active,0.4899,0.4616,C11
U03372,7,6,0.0007000700070007,0.0006000600060006001,Regular,0.5009,0.3602,C22
U03379,7,6,0.0007000700070007,0.0006000600060006001,Active,0.5594,0.4279,C04
U07384,7,7,0.0007000700070007,0.0007000700070007,Active,0.4769,0.2391,C09
U07391,7,8,0.0007000700070007,0.0008000800080008001,Active,0.4804,0.4222,C16
U07472,7,7,0.0007000700070007,0.0007000700070007,Regular,0.3919,0.074,C22
U03464,7,6,0.0007000700070007,0.0006000600060006001,Regular,0.2813,0.2457,C14
U03305,7,7,0.0007000700070007,0.0007000700070007,Regular,0.4855,0.0651,C05
U03487,7,8,0.0007000700070007,0.0008000800080008001,Bridge,0.6868,0.6686,C12
U07511,7,7,0.0007000700070007,0.0007000700070007,Active,0.468,0.2725,C11
U01281,7,8,0.0007000700070007,0.0008000800080008001,Regular,0.3083,0.082,C06
U00774,7,6,0.0007000700070007,0.0006000600060006001,Active,0.6846,0.201,C24
U02082,7,6,0.0007000700070007,0.0006000600060006001,Active,0.4528,0.3785,C07
U08440,7,7,0.0007000700070007,0.0007000700070007,Regular,0.2641,0.1505,C15
U05877,7,8,0.0007000700070007,0.0008000800080008001,Active,0.4676,0.6378,C02
U08495,7,7,0.0007000700070007,0.0007000700070007,Active,0.5875,0.3075,C20
U08498,7,7,0.0007000700070007,0.0007000700070007,Active,0.6104,0.4969,C23
U01288,7,7,0.0007000700070007,0.0007000700070007,Regular,0.07,0.3831,C13
U07355,7,7,0.0007000700070007,0.0007000700070007,Regular,0.2744,0.0943,C05
U03507,7,7,0.0007000700070007,0.0007000700070007,Regular,0.2702,0.094,C07
U03516,7,5,0.0007000700070007,0.0005000500050005,Active,0.5111,0.4182,C16
U01407,7,7,0.0007000700070007,0.0007000700070007,Regular,0.127,0.1271,C07
U07322,7,7,0.0007000700070007,0.0007000700070007,Regular,0.5481,0.1353,C22
U07337,7,8,0.0007000700070007,0.0008000800080008001,Influential,0.796,0.8254,C12
U01386,7,6,0.0007000700070007,0.0006000600060006001,Regular,0.226,0.1936,C11
U00067,7,8,0.0007000700070007,0.0008000800080008001,Active,0.7199,0.2686,C17
U00076,7,6,0.0007000700070007,0.0006000600060006001,Bridge,0.7801,0.4532,C01
U09889,7,5,0.0007000700070007,0.0005000500050005,Regular,0.6404,0.2105,C14
U05982,7,7,0.0007000700070007,0.0007000700070007,Active,0.4194,0.5207,C07
U02155,7,7,0.0007000700070007,0.0007000700070007,Active,0.6204,0.3773,C05
U05844,7,6,0.0007000700070007,0.0006000600060006001,Active,0.899,0.1035,C19
U05851,7,7,0.0007000700070007,0.0007000700070007,Active,0.6067,0.5148,C01
U02110,7,7,0.0007000700070007,0.0007000700070007,Regular,0.1751,0.224,C10
U02112,7,6,0.0007000700070007,0.0006000600060006001,Regular,0.1643,0.3135,C12
U00769,7,7,0.0007000700070007,0.0007000700070007,Active,0.1498,0.5192,C19
U03550,7,6,0.0007000700070007,0.0006000600060006001,Regular,0.4764,0.1563,C25
U03553,7,7,0.0007000700070007,0.0007000700070007,Regular,0.318,0.4978,C03
U03258,7,7,0.0007000700070007,0.0007000700070007,Active,0.7264,0.2527,C08
U03237,7,7,0.0007000700070007,0.0007000700070007,Regular,0.3387,0.219,C12
U03238,7,7,0.0007000700070007,0.0007000700070007,Regular,0.1216,0.1582,C13
U03239,7,6,0.0007000700070007,0.0006000600060006001,Active,0.6796,0.3117,C14
U09824,7,8,0.0007000700070007,0.0008000800080008001,Active,0.4111,0.3626,C24
U08531,7,8,0.0007000700070007,0.0008000800080008001,Active,0.6297,0.3283,C06
U08555,7,6,0.0007000700070007,0.0006000600060006001,Active,0.7032,0.3639,C05
U08558,7,7,0.0007000700070007,0.0007000700070007,Regular,0.3202,0.2352,C08
U05836,7,7,0.0007000700070007,0.0007000700070007,Active,0.467,0.3409,C11
U08451,7,6,0.0007000700070007,0.0006000600060006001,Active,0.4248,0.2008,C01
U07535,7,7,0.0007000700070007,0.0007000700070007,Bridge,0.3374,0.5899,C10
U03227,7,6,0.0007000700070007,0.0006000600060006001,Regular,0.35,0.3034,C02
U09776,7,7,0.0007000700070007,0.0007000700070007,Active,0.6938,0.2841,C01
U09786,7,9,0.0007000700070007,0.0009000900090009002,Active,0.781,0.2998,C11
U03641,7,7,0.0007000700070007,0.0007000700070007,Regular,0.3173,0.2389,C16
U07567,7,6,0.0007000700070007,0.0006000600060006001,Regular,0.2526,0.1318,C17
U01260,7,7,0.0007000700070007,0.0007000700070007,Active,0.3797,0.5145,C10
U07265,7,7,0.0007000700070007,0.0007000700070007,Active,0.5662,0.4424,C15
U07277,7,7,0.0007000700070007,0.0007000700070007,Active,0.4144,0.5844,C02
U05805,7,7,0.0007000700070007,0.0007000700070007,Active,0.4924,0.2234,C05
U08420,7,7,0.0007000700070007,0.0007000700070007,Active,0.6128,0.5166,C20
U08426,7,7,0.0007000700070007,0.0007000700070007,Regular,0.2362,0.3106,C01
U00809,7,8,0.0007000700070007,0.0008000800080008001,Regular,0.5858,0.1243,C09
U09751,7,7,0.0007000700070007,0.0007000700070007,Active,0.6414,0.4135,C01
U00126,7,7,0.0007000700070007,0.0007000700070007,Regular,0.0992,0.3907,C01
U09769,7,7,0.0007000700070007,0.0007000700070007,Active,0.652,0.3666,C19
U09775,7,7,0.0007000700070007,0.0007000700070007,Active,0.6199,0.3459,C25
U03662,7,7,0.0007000700070007,0.0007000700070007,Regular,0.4786,0.2794,C12
U03674,7,7,0.0007000700070007,0.0007000700070007,Regular,0.2904,0.1582,C24
U01233,7,7,0.0007000700070007,0.0007000700070007,Active,0.6535,0.3429,C08
U01245,7,7,0.0007000700070007,0.0007000700070007,Regular,0.3196,0.1838,C20
U07596,7,6,0.0007000700070007,0.0006000600060006001,Active,0.5718,0.2625,C21
U07235,7,7,0.0007000700070007,0.0007000700070007,Active,0.5447,0.3669,C10
U07245,7,8,0.0007000700070007,0.0008000800080008001,Active,0.7488,0.3661,C20
U01429,7,7,0.0007000700070007,0.0007000700070007,Active,0.8284,0.6579,C04
U03200,7,7,0.0007000700070007,0.0007000700070007,Active,0.2017,0.1079,C25
U03689,7,7,0.0007000700070007,0.0007000700070007,Regular,0.2922,0.3501,C14
U08391,7,6,0.0007000700070007,0.0006000600060006001,Active,0.4044,0.3044,C16
U00823,7,7,0.0007000700070007,0.0007000700070007,Regular,0.3099,0.2762,C23
U00828,7,7,0.0007000700070007,0.0007000700070007,Regular,0.4832,0.0374,C03
U06016,7,6,0.0007000700070007,0.0006000600060006001,Regular,0.3852,0.3771,C16
U08568,7,7,0.0007000700070007,0.0007000700070007,Bridge,0.6645,0.3703,C18
U08575,7,8,0.0007000700070007,0.0008000800080008001,Regular,0.5796,0.4254,C25
U08576,7,7,0.0007000700070007,0.0007000700070007,Active,0.6171,0.3201,C01
U00727,7,7,0.0007000700070007,0.0007000700070007,Regular,0.1573,0.309,C02
U08581,7,7,0.0007000700070007,0.0007000700070007,Regular,0.2113,0.2853,C06
U09694,7,6,0.0007000700070007,0.0006000600060006001,Active,0.2383,0.4919,C19
U00151,7,9,0.0007000700070007,0.0009000900090009002,Active,0.4752,0.1107,C01
U00159,7,6,0.0007000700070007,0.0006000600060006001,Regular,0.4548,0.3434,C09
U09698,7,7,0.0007000700070007,0.0007000700070007,Active,0.6754,0.3051,C23
U09700,7,7,0.0007000700070007,0.0007000700070007,Active,0.653,0.5103,C25
U01222,7,7,0.0007000700070007,0.0007000700070007,Regular,0.2223,0.1066,C22
U01229,7,6,0.0007000700070007,0.0006000600060006001,Bridge,0.8115,0.6235,C04
U07201,7,7,0.0007000700070007,0.0007000700070007,Regular,0.3261,0.0444,C01
U06031,7,7,0.0007000700070007,0.0007000700070007,Active,0.5074,0.2119,C06
U06048,7,6,0.0007000700070007,0.0006000600060006001,Regular,0.2784,0.387,C23
U02023,7,7,0.0007000700070007,0.0007000700070007,Regular,0.2704,0.2211,C23
U00708,7,6,0.0007000700070007,0.0006000600060006001,Regular,0.4937,0.1069,C08
U05708,7,6,0.0007000700070007,0.0006000600060006001,Active,0.8176,0.4441,C08
U05709,7,7,0.0007000700070007,0.0007000700070007,Active,0.317,0.5617,C09
U05748,7,7,0.0007000700070007,0.0007000700070007,Active,0.3862,0.483,C23
U07217,7,7,0.0007000700070007,0.0007000700070007,Regular,0.184,0.2275,C17
U03158,7,7,0.0007000700070007,0.0007000700070007,Regular,0.5526,0.1945,C08
U03732,7,7,0.0007000700070007,0.0007000700070007,Bridge,0.5863,0.8077,C07
U03743,7,7,0.0007000700070007,0.0007000700070007,Active,0.2361,0.6109,C18
U03744,7,7,0.0007000700070007,0.0007000700070007,Active,0.7168,0.3656,C19
U03749,7,6,0.0007000700070007,0.0006000600060006001,Regular,0.3262,0.0793,C24
U07183,7,6,0.0007000700070007,0.0006000600060006001,Regular,0.3929,0.3421,C08
U00695,7,7,0.0007000700070007,0.0007000700070007,Regular,0.1732,0.2929,C20
U05651,7,15,0.0007000700070007,0.0015001500150015003,Regular,0.4949,0.0148,C01
U02231,7,7,0.0007000700070007,0.0007000700070007,Regular,0.2626,0.1192,C06
U05692,7,7,0.0007000700070007,0.0007000700070007,Active,0.8205,0.0756,C17
U02213,7,7,0.0007000700070007,0.0007000700070007,Active,0.7203,0.2131,C13
U08602,7,7,0.0007000700070007,0.0007000700070007,Regular,0.3093,0.2149,C02
U08607,7,5,0.0007000700070007,0.0005000500050005,Active,0.8004,0.2411,C07
U06023,7,6,0.0007000700070007,0.0006000600060006001,Regular,0.2288,0.1824,C23
U01469,7,7,0.0007000700070007,0.0007000700070007,Active,0.6077,0.3543,C19
U03137,7,5,0.0007000700070007,0.0005000500050005,Regular,0.264,0.3037,C12
U03779,7,6,0.0007000700070007,0.0006000600060006001,Active,0.635,0.252,C04
U03797,7,5,0.0007000700070007,0.0005000500050005,Active,0.8508,0.137,C22
U03798,7,8,0.0007000700070007,0.0008000800080008001,Regular,0.4113,0.3795,C23
U03123,7,7,0.0007000700070007,0.0007000700070007,Regular,0.3371,0.2874,C23
U09657,7,7,0.0007000700070007,0.0007000700070007,Bridge,0.8247,0.6612,C07
U00837,7,7,0.0007000700070007,0.0007000700070007,Active,0.5061,0.2651,C12
U00845,7,6,0.0007000700070007,0.0006000600060006001,Active,0.4771,0.4019,C20
U02004,7,7,0.0007000700070007,0.0007000700070007,Active,0.3939,0.2191,C04
U08311,7,7,0.0007000700070007,0.0007000700070007,Regular,0.1078,0.2285,C11
U08323,7,6,0.0007000700070007,0.0006000600060006001,Active,0.4918,0.4079,C23
U00854,7,6,0.0007000700070007,0.0006000600060006001,Active,0.7881,0.3933,C04
U00691,7,6,0.0007000700070007,0.0006000600060006001,Influential,0.8852,0.9251,C16
U00163,7,8,0.0007000700070007,0.0008000800080008001,Regular,0.3451,0.3703,C13
U09673,7,5,0.0007000700070007,0.0005000500050005,Regular,0.2188,0.2933,C23
U03825,7,6,0.0007000700070007,0.0006000600060006001,Regular,0.1832,0.0998,C25
U03830,7,7,0.0007000700070007,0.0007000700070007,Regular,0.3269,0.2899,C05
U03839,7,7,0.0007000700070007,0.0007000700070007,Active,0.5295,0.4026,C14
U03107,7,10,0.0007000700070007,0.001000100010001,Regular,0.3189,0.1103,C07
U01498,7,8,0.0007000700070007,0.0008000800080008001,Active,0.6816,0.266,C23
U01501,7,7,0.0007000700070007,0.0007000700070007,Active,0.368,0.1546,C01
U00873,7,6,0.0007000700070007,0.0006000600060006001,Influential,0.9594,0.8035,C23
U06087,7,7,0.0007000700070007,0.0007000700070007,Regular,0.1847,0.1116,C12
U01988,7,6,0.0007000700070007,0.0006000600060006001,Regular,0.2218,0.1257,C13
U05614,7,7,0.0007000700070007,0.0007000700070007,Regular,0.1675,0.2044,C14
U05629,7,7,0.0007000700070007,0.0007000700070007,Active,0.4736,0.3585,C04
U07179,7,7,0.0007000700070007,0.0007000700070007,Regular,0.5476,0.2001,C04
U07620,7,6,0.0007000700070007,0.0006000600060006001,Regular,0.2136,0.2506,C20
U07646,7,6,0.0007000700070007,0.0006000600060006001,Regular,0.1983,0.3469,C21
U03089,7,6,0.0007000700070007,0.0006000600060006001,Regular,0.2426,0.1033,C14
U03875,7,6,0.0007000700070007,0.0006000600060006001,Regular,0.1942,0.0651,C25
U03882,7,6,0.0007000700070007,0.0006000600060006001,Active,0.3641,0.5894,C07
U03883,7,7,0.0007000700070007,0.0007000700070007,Active,0.612,0.2691,C08
U03080,7,6,0.0007000700070007,0.0006000600060006001,Active,0.6847,0.2238,C05
U03085,7,7,0.0007000700070007,0.0007000700070007,Regular,0.1954,0.2349,C10
U01194,7,7,0.0007000700070007,0.0007000700070007,Active,0.5025,0.5551,C19
U07684,7,8,0.0007000700070007,0.0008000800080008001,Active,0.85,0.3107,C09
U07136,7,7,0.0007000700070007,0.0007000700070007,Influential,0.8914,0.7615,C11
U08652,7,5,0.0007000700070007,0.0005000500050005,Active,0.6633,0.4921,C02
U08656,7,5,0.0007000700070007,0.0005000500050005,Regular,0.3899,0.1769,C06
U05572,7,7,0.0007000700070007,0.0007000700070007,Regular,0.2076,0.5501,C22
U05581,7,6,0.0007000700070007,0.0006000600060006001,Regular,0.2786,0.1856,C06
U08277,7,7,0.0007000700070007,0.0007000700070007,Active,0.4014,0.4094,C02
U08283,7,7,0.0007000700070007,0.0007000700070007,Regular,0.3234,0.2384,C08
U00867,7,6,0.0007000700070007,0.0006000600060006001,Active,0.6867,0.478,C17
U07147,7,7,0.0007000700070007,0.0007000700070007,Active,0.5223,0.5627,C22
U01494,7,8,0.0007000700070007,0.0008000800080008001,Regular,0.3032,0.144,C19
U09615,7,7,0.0007000700070007,0.0007000700070007,Regular,0.3586,0.1002,C15
U00203,7,7,0.0007000700070007,0.0007000700070007,Active,0.6321,0.4203,C03
U00204,7,7,0.0007000700070007,0.0007000700070007,Regular,0.1679,0.2764,C04
U09558,7,6,0.0007000700070007,0.0006000600060006001,Influential,0.7358,0.8392,C08
U07701,7,6,0.0007000700070007,0.0006000600060006001,Regular,0.1688,0.1224,C01
U07705,7,6,0.0007000700070007,0.0006000600060006001,Regular,0.3892,0.1582,C05
U06138,7,7,0.0007000700070007,0.0007000700070007,Regular,0.2075,0.2579,C13
U01969,7,7,0.0007000700070007,0.0007000700070007,Regular,0.254,0.3695,C19
U01980,7,6,0.0007000700070007,0.0006000600060006001,Regular,0.2441,0.4295,C05
U08227,7,6,0.0007000700070007,0.0006000600060006001,Regular,0.1103,0.4079,C02
U00668,7,7,0.0007000700070007,0.0007000700070007,Regular,0.5494,0.0175,C18
U05549,7,8,0.0007000700070007,0.0008000800080008001,Active,0.7439,0.3727,C24
U02277,7,7,0.0007000700070007,0.0007000700070007,Regular,0.2308,0.1379,C02
U02281,7,7,0.0007000700070007,0.0007000700070007,Active,0.2011,0.3481,C06
U02282,7,7,0.0007000700070007,0.0007000700070007,Regular,0.1815,0.2138,C07
U07706,7,7,0.0007000700070007,0.0007000700070007,Active,0.5395,0.5165,C06
U07088,7,7,0.0007000700070007,0.0007000700070007,Regular,0.2017,0.232,C13
U07106,7,8,0.0007000700070007,0.0008000800080008001,Regular,0.47,0.2695,C06
U09580,7,7,0.0007000700070007,0.0007000700070007,Active,0.483,0.4534,C05
U03051,7,7,0.0007000700070007,0.0007000700070007,Influential,0.9255,0.766,C01
U03976,7,7,0.0007000700070007,0.0007000700070007,Active,0.4613,0.3127,C01
U03985,7,8,0.0007000700070007,0.0008000800080008001,Regular,0.4696,0.1119,C10
U03032,7,7,0.0007000700070007,0.0007000700070007,Active,0.5134,0.3479,C07
U07065,7,7,0.0007000700070007,0.0007000700070007,Active,0.9013,0.1584,C15
U01523,7,7,0.0007000700070007,0.0007000700070007,Regular,0.0774,0.2631,C23
U06160,7,6,0.0007000700070007,0.0006000600060006001,Regular,0.3679,0.1327,C10
U02291,7,10,0.0007000700070007,0.001000100010001,Active,0.813,0.5857,C16
U08684,7,7,0.0007000700070007,0.0007000700070007,Regular,0.1346,0.1658,C09
U08702,7,7,0.0007000700070007,0.0007000700070007,Regular,0.2296,0.4906,C02
U01990,7,7,0.0007000700070007,0.0007000700070007,Active,0.504,0.1694,C15
U01534,7,8,0.0007000700070007,0.0008000800080008001,Regular,0.3381,0.2834,C09
U07694,7,7,0.0007000700070007,0.0007000700070007,Influential,0.7,0.5824,C19
U01170,7,6,0.0007000700070007,0.0006000600060006001,Active,0.5632,0.3108,C20
U09539,7,7,0.0007000700070007,0.0007000700070007,Active,0.7656,0.3159,C14
U09541,7,7,0.0007000700070007,0.0007000700070007,Active,0.4269,0.4212,C16
U09543,7,7,0.0007000700070007,0.0007000700070007,Influential,0.6469,0.9905,C18
U09550,7,7,0.0007000700070007,0.0007000700070007,Regular,0.1215,0.2352,C25
U04017,7,7,0.0007000700070007,0.0007000700070007,Bridge,0.4284,0.6875,C17
U04018,7,9,0.0007000700070007,0.0009000900090009002,Influential,0.6107,0.5462,C18
U04039,7,7,0.0007000700070007,0.0007000700070007,Active,0.5105,0.1775,C14
U04042,7,7,0.0007000700070007,0.0007000700070007,Active,0.4142,0.1152,C17
U03010,7,8,0.0007000700070007,0.0008000800080008001,Regular,0.4201,0.3578,C10
U08712,7,7,0.0007000700070007,0.0007000700070007,Regular,0.0899,0.2588,C12
U08715,7,7,0.0007000700070007,0.0007000700070007,Influential,0.4532,0.5137,C15
U08731,7,8,0.0007000700070007,0.0008000800080008001,Regular,0.2894,0.1376,C06
U05469,7,7,0.0007000700070007,0.0007000700070007,Active,0.397,0.3404,C19
U02320,7,6,0.0007000700070007,0.0006000600060006001,Active,0.2807,0.2526,C20
U08254,7,6,0.0007000700070007,0.0006000600060006001,Regular,0.3951,0.3365,C04
U00892,7,7,0.0007000700070007,0.0007000700070007,Influential,0.6279,0.8105,C17
U00893,7,6,0.0007000700070007,0.0006000600060006001,Regular,0.2824,0.2247,C18
U08259,7,7,0.0007000700070007,0.0007000700070007,Regular,0.0939,0.3024,C09
U09487,7,8,0.0007000700070007,0.0008000800080008001,Regular,0.2426,0.2743,C12
U09504,7,6,0.0007000700070007,0.0006000600060006001,Active,0.5893,0.6773,C04
U00250,7,8,0.0007000700070007,0.0008000800080008001,Regular,0.2844,0.2433,C25
U02993,7,7,0.0007000700070007,0.0007000700070007,Regular,0.2864,0.1666,C18
U03007,7,7,0.0007000700070007,0.0007000700070007,Active,0.7877,0.444,C07
U04068,7,7,0.0007000700070007,0.0007000700070007,Active,0.5749,0.1195,C18
U07024,7,6,0.0007000700070007,0.0006000600060006001,Active,0.5238,0.2234,C24
U07040,7,7,0.0007000700070007,0.0007000700070007,Bridge,0.5555,0.4719,C15
U08211,7,7,0.0007000700070007,0.0007000700070007,Regular,0.3839,0.3069,C11
U06203,7,8,0.0007000700070007,0.0008000800080008001,Active,0.3415,0.2626,C03
U06218,7,7,0.0007000700070007,0.0007000700070007,Regular,0.1175,0.141,C18
U06222,7,8,0.0007000700070007,0.0008000800080008001,Regular,0.0474,0.4098,C22
U08173,7,7,0.0007000700070007,0.0007000700070007,Regular,0.129,0.1977,C23
U05432,7,9,0.0007000700070007,0.0009000900090009002,Active,0.619,0.5869,C07
U05435,7,6,0.0007000700070007,0.0006000600060006001,Regular,0.446,0.2277,C10
U07048,7,6,0.0007000700070007,0.0006000600060006001,Regular,0.3308,0.056,C23
U01537,7,8,0.0007000700070007,0.0008000800080008001,Active,0.4102,0.262,C12
U01543,7,7,0.0007000700070007,0.0007000700070007,Active,0.4994,0.278,C18
U04077,7,6,0.0007000700070007,0.0006000600060006001,Regular,0.1901,0.0222,C02
U04080,7,9,0.0007000700070007,0.0009000900090009002,Regular,0.2359,0.4536,C05
U04083,7,7,0.0007000700070007,0.0007000700070007,Regular,0.3465,0.0812,C08
U00928,7,7,0.0007000700070007,0.0007000700070007,Active,0.4106,0.2262,C03
U06228,7,7,0.0007000700070007,0.0007000700070007,Regular,0.3777,0.1735,C03
U02355,7,7,0.0007000700070007,0.0007000700070007,Regular,0.1749,0.33,C05
U00633,7,8,0.0007000700070007,0.0008000800080008001,Regular,0.1207,0.3625,C08
U09433,7,8,0.0007000700070007,0.0008000800080008001,Regular,0.345,0.1849,C08
U00280,7,6,0.0007000700070007,0.0006000600060006001,Active,0.5747,0.381,C05
U00287,7,9,0.0007000700070007,0.0009000900090009002,Active,0.5945,0.3816,C12
U04102,7,7,0.0007000700070007,0.0007000700070007,Active,0.4639,0.3284,C02
U04106,7,10,0.0007000700070007,0.001000100010001,Regular,0.1115,0.363,C06
U07728,7,7,0.0007000700070007,0.0007000700070007,Active,0.3894,0.5708,C03
U01154,7,8,0.0007000700070007,0.0008000800080008001,Bridge,0.525,0.511,C04
U01165,7,4,0.0007000700070007,0.00040004000400040005,Influential,0.6427,0.8569,C15
U07731,7,5,0.0007000700070007,0.0005000500050005,Regular,0.3728,0.0243,C06
U07021,7,7,0.0007000700070007,0.0007000700070007,Regular,0.3968,0.0678,C21
U04115,7,8,0.0007000700070007,0.0008000800080008001,Influential,0.8162,0.6327,C15
U04126,7,5,0.0007000700070007,0.0005000500050005,Active,0.7017,0.4317,C01
U02962,7,7,0.0007000700070007,0.0007000700070007,Active,0.5117,0.599,C12
U04134,7,8,0.0007000700070007,0.0008000800080008001,Regular,0.0986,0.2918,C09
U04135,7,7,0.0007000700070007,0.0007000700070007,Regular,0.1408,0.1399,C10
U02951,7,8,0.0007000700070007,0.0008000800080008001,Active,0.6542,0.2103,C01
U01911,7,6,0.0007000700070007,0.0006000600060006001,Influential,0.8263,0.7004,C11
U06313,7,7,0.0007000700070007,0.0007000700070007,Active,0.5549,0.1544,C13
U08130,7,7,0.0007000700070007,0.0007000700070007,Active,0.4729,0.197,C05
U08135,7,6,0.0007000700070007,0.0006000600060006001,Regular,0.2215,0.2904,C10
U05331,7,7,0.0007000700070007,0.0007000700070007,Regular,0.3212,0.2597,C06
U05354,7,7,0.0007000700070007,0.0007000700070007,Active,0.5867,0.413,C04
U05360,7,7,0.0007000700070007,0.0007000700070007,Active,0.7443,0.2707,C10
U05376,7,9,0.0007000700070007,0.0009000900090009002,Active,0.4977,0.5634,C01
U00915,7,7,0.0007000700070007,0.0007000700070007,Active,0.3933,0.5132,C15
U00918,7,8,0.0007000700070007,0.0008000800080008001,Influential,0.8339,0.7366,C18
U06340,7,5,0.0007000700070007,0.0005000500050005,Active,0.7221,0.2151,C15
U05279,7,7,0.0007000700070007,0.0007000700070007,Active,0.6155,0.2674,C04
U05290,7,13,0.0007000700070007,0.0013001300130013002,Regular,0.1829,0.0726,C15
U02400,7,6,0.0007000700070007,0.0006000600060006001,Active,0.5742,0.5303,C25
U05312,7,7,0.0007000700070007,0.0007000700070007,Regular,0.4525,0.3882,C12
U02952,7,7,0.0007000700070007,0.0007000700070007,Regular,0.262,0.1988,C02
U04153,7,7,0.0007000700070007,0.0007000700070007,Regular,0.2014,0.1729,C03
U04189,7,6,0.0007000700070007,0.0006000600060006001,Regular,0.2395,0.186,C14
U09410,7,7,0.0007000700070007,0.0007000700070007,Regular,0.3543,0.2718,C10
U09420,7,7,0.0007000700070007,0.0007000700070007,Regular,0.2503,0.2142,C20
U07754,7,5,0.0007000700070007,0.0005000500050005,Active,0.6568,0.4393,C04
U07757,7,7,0.0007000700070007,0.0007000700070007,Regular,0.3693,0.237,C07
U07760,7,6,0.0007000700070007,0.0006000600060006001,Influential,0.5061,0.8196,C10
U06994,7,7,0.0007000700070007,0.0007000700070007,Regular,0.1572,0.3109,C19
U09422,7,7,0.0007000700070007,0.0007000700070007,Regular,0.4302,0.2259,C22
U00293,7,7,0.0007000700070007,0.0007000700070007,Active,0.692,0.2435,C18
U09427,7,5,0.0007000700070007,0.0005000500050005,Active,0.4705,0.3971,C02
U04216,7,6,0.0007000700070007,0.0006000600060006001,Regular,0.3169,0.1352,C16
U04237,7,7,0.0007000700070007,0.0007000700070007,Active,0.6848,0.4664,C12
U04244,7,8,0.0007000700070007,0.0008000800080008001,Active,0.5483,0.3966,C19
U04249,7,7,0.0007000700070007,0.0007000700070007,Active,0.7212,0.3256,C24
U00616,7,7,0.0007000700070007,0.0007000700070007,Regular,0.2675,0.2291,C16
U05269,7,7,0.0007000700070007,0.0007000700070007,Regular,0.1878,0.2436,C19
U00936,7,7,0.0007000700070007,0.0007000700070007,Active,0.4924,0.38,C11
U00942,7,7,0.0007000700070007,0.0007000700070007,Active,0.652,0.3256,C17
U08157,7,7,0.0007000700070007,0.0007000700070007,Regular,0.2468,0.1121,C07
U09384,7,7,0.0007000700070007,0.0007000700070007,Active,0.4995,0.3159,C09
U01134,7,7,0.0007000700070007,0.0007000700070007,Active,0.661,0.4456,C09
U07799,7,9,0.0007000700070007,0.0009000900090009002,Active,0.3585,0.5117,C24
U06973,7,7,0.0007000700070007,0.0007000700070007,Regular,0.2094,0.2331,C23
U01591,7,6,0.0007000700070007,0.0006000600060006001,Regular,0.1965,0.1133,C16
U07739,7,7,0.0007000700070007,0.0007000700070007,Active,0.4635,0.4661,C14
U07744,7,6,0.0007000700070007,0.0006000600060006001,Regular,0.3694,0.1581,C19
U04283,7,7,0.0007000700070007,0.0007000700070007,Active,0.3593,0.2328,C08
U02898,7,9,0.0007000700070007,0.0009000900090009002,Regular,0.2681,0.192,C23
U04291,7,9,0.0007000700070007,0.0009000900090009002,Bridge,0.8486,0.3539,C16
U04296,7,7,0.0007000700070007,0.0007000700070007,Regular,0.0804,0.1723,C21
U09370,7,7,0.0007000700070007,0.0007000700070007,Active,0.6228,0.158,C20
U09372,7,7,0.0007000700070007,0.0007000700070007,Active,0.448,0.3236,C22
U01107,7,8,0.0007000700070007,0.0008000800080008001,Active,0.6198,0.2129,C07
U06367,7,7,0.0007000700070007,0.0007000700070007,Regular,0.2561,0.1089,C17
U06371,7,7,0.0007000700070007,0.0007000700070007,Bridge,0.7977,0.6606,C21
U00605,7,6,0.0007000700070007,0.0006000600060006001,Regular,0.3424,0.2249,C05
U08829,7,7,0.0007000700070007,0.0007000700070007,Active,0.5041,0.0968,C04
U05214,7,6,0.0007000700070007,0.0006000600060006001,Active,0.5918,0.3657,C14
U05247,7,5,0.0007000700070007,0.0005000500050005,Active,0.4742,0.2406,C22
U01109,7,7,0.0007000700070007,0.0007000700070007,Regular,0.171,0.0539,C09
U06916,7,6,0.0007000700070007,0.0006000600060006001,Active,0.6326,0.1527,C16
U01609,7,6,0.0007000700070007,0.0006000600060006001,Regular,0.5499,0.1863,C09
U07772,7,7,0.0007000700070007,0.0007000700070007,Active,0.6914,0.5858,C22
U00324,7,6,0.0007000700070007,0.0006000600060006001,Active,0.4151,0.3327,C24
U00334,7,7,0.0007000700070007,0.0007000700070007,Active,0.3642,0.56,C09
U09381,7,8,0.0007000700070007,0.0008000800080008001,Bridge,0.703,0.6297,C06
U04336,7,7,0.0007000700070007,0.0007000700070007,Influential,0.6876,0.9288,C11
U04338,7,7,0.0007000700070007,0.0007000700070007,Active,0.5622,0.4076,C13
U04343,7,7,0.0007000700070007,0.0007000700070007,Regular,0.1527,0.483,C18
U02871,7,7,0.0007000700070007,0.0007000700070007,Regular,0.4504,0.0634,C21
U06889,7,7,0.0007000700070007,0.0007000700070007,Regular,0.2362,0.0834,C14
U08856,7,7,0.0007000700070007,0.0007000700070007,Active,0.5072,0.575,C06
U08860,7,7,0.0007000700070007,0.0007000700070007,Regular,0.3799,0.2026,C10
U02420,7,7,0.0007000700070007,0.0007000700070007,Regular,0.3444,0.1199,C20
U02424,7,7,0.0007000700070007,0.0007000700070007,Bridge,0.8083,0.438,C24
U05201,7,7,0.0007000700070007,0.0007000700070007,Regular,0.4323,0.2202,C01
U08811,7,4,0.0007000700070007,0.00040004000400040005,Active,0.5278,0.371,C11
U08100,7,8,0.0007000700070007,0.0008000800080008001,Active,0.3631,0.3077,C25
U08104,7,6,0.0007000700070007,0.0006000600060006001,Active,0.3025,0.354,C04
U05157,7,7,0.0007000700070007,0.0007000700070007,Active,0.7057,0.2771,C07
U05164,7,7,0.0007000700070007,0.0007000700070007,Active,0.6265,0.4324,C14
U08833,7,5,0.0007000700070007,0.0005000500050005,Regular,0.2952,0.2125,C08
U06388,7,7,0.0007000700070007,0.0007000700070007,Active,0.5315,0.4534,C13
U06407,7,6,0.0007000700070007,0.0006000600060006001,Regular,0.3435,0.3231,C07
U06897,7,7,0.0007000700070007,0.0007000700070007,Active,0.4518,0.3674,C22
U06898,7,12,0.0007000700070007,0.0012001200120012002,Regular,0.3372,0.1889,C23
U06907,7,7,0.0007000700070007,0.0007000700070007,Active,0.5634,0.4381,C07
U01620,7,7,0.0007000700070007,0.0007000700070007,Regular,0.2013,0.0802,C20
U07804,7,7,0.0007000700070007,0.0007000700070007,Active,0.4496,0.4541,C04
U09349,7,7,0.0007000700070007,0.0007000700070007,Regular,0.2131,0.2196,C24
U04355,7,8,0.0007000700070007,0.0008000800080008001,Regular,0.3855,0.0728,C05
U04359,7,6,0.0007000700070007,0.0006000600060006001,Active,0.6359,0.3313,C09
U02849,7,10,0.0007000700070007,0.001000100010001,Regular,0.1459,0.2077,C24
U09287,7,6,0.0007000700070007,0.0006000600060006001,Regular,0.2668,0.2135,C12
U00358,7,7,0.0007000700070007,0.0007000700070007,Regular,0.3012,0.3837,C08
U09303,7,6,0.0007000700070007,0.0006000600060006001,Regular,0.3138,0.1044,C03
U05112,7,7,0.0007000700070007,0.0007000700070007,Regular,0.2744,0.063,C12
U05113,7,7,0.0007000700070007,0.0007000700070007,Regular,0.3604,0.0794,C13
U05118,7,7,0.0007000700070007,0.0007000700070007,Regular,0.6125,0.2719,C18
U05127,7,7,0.0007000700070007,0.0007000700070007,Regular,0.2017,0.3413,C02
U06864,7,7,0.0007000700070007,0.0007000700070007,Regular,0.4242,0.1475,C14
U01638,7,7,0.0007000700070007,0.0007000700070007,Active,0.4378,0.4501,C13
U04399,7,7,0.0007000700070007,0.0007000700070007,Regular,0.3672,0.2886,C24
U02844,7,6,0.0007000700070007,0.0006000600060006001,Regular,0.374,0.2987,C19
U04429,7,6,0.0007000700070007,0.0006000600060006001,Regular,0.0733,0.3386,C04
U02821,7,7,0.0007000700070007,0.0007000700070007,Regular,0.5526,0.0844,C21
U02830,7,6,0.0007000700070007,0.0006000600060006001,Active,0.2007,0.4683,C05
U04446,7,7,0.0007000700070007,0.0007000700070007,Active,0.4401,0.4602,C21
U02813,7,7,0.0007000700070007,0.0007000700070007,Regular,0.244,0.3152,C13
U02816,7,7,0.0007000700070007,0.0007000700070007,Active,0.6925,0.2206,C16
U09267,7,10,0.0007000700070007,0.001000100010001,Regular,0.1431,0.1097,C17
U08867,7,6,0.0007000700070007,0.0006000600060006001,Regular,0.5369,0.0446,C17
U08874,7,7,0.0007000700070007,0.0007000700070007,Active,0.476,0.4696,C24
U05094,7,6,0.0007000700070007,0.0006000600060006001,Regular,0.3509,0.2602,C19
U05097,7,7,0.0007000700070007,0.0007000700070007,Regular,0.4475,0.3469,C22
U05100,7,7,0.0007000700070007,0.0007000700070007,Regular,0.3883,0.0533,C25
U02480,7,8,0.0007000700070007,0.0008000800080008001,Influential,0.7168,0.8506,C05
U08084,7,7,0.0007000700070007,0.0007000700070007,Regular,0.1057,0.2575,C09
U06420,7,6,0.0007000700070007,0.0006000600060006001,Regular,0.3688,0.126,C20
U07870,7,7,0.0007000700070007,0.0007000700070007,Active,0.3348,0.4129,C20
U01086,7,7,0.0007000700070007,0.0007000700070007,Active,0.5242,0.4156,C11
U06787,7,8,0.0007000700070007,0.0008000800080008001,Regular,0.2803,0.1932,C12
U00372,7,7,0.0007000700070007,0.0007000700070007,Regular,0.4291,0.2289,C22
U00377,7,6,0.0007000700070007,0.0006000600060006001,Regular,0.3332,0.1132,C02
U00379,7,9,0.0007000700070007,0.0009000900090009002,Regular,0.2952,0.2837,C04
U09281,7,7,0.0007000700070007,0.0007000700070007,Regular,0.3903,0.1293,C06
U08924,7,8,0.0007000700070007,0.0008000800080008001,Regular,0.1663,0.1335,C24
U08927,7,7,0.0007000700070007,0.0007000700070007,Regular,0.2701,0.3762,C02
U00552,7,8,0.0007000700070007,0.0008000800080008001,Regular,0.1974,0.2665,C02
U05056,7,7,0.0007000700070007,0.0007000700070007,Active,0.7565,0.1621,C06
U05060,7,7,0.0007000700070007,0.0007000700070007,Regular,0.3209,0.062,C10
U05066,7,7,0.0007000700070007,0.0007000700070007,Regular,0.4277,0.2413,C16
U02483,7,7,0.0007000700070007,0.0007000700070007,Regular,0.1256,0.1756,C08
U08862,7,11,0.0007000700070007,0.0011001100110011,Regular,0.1999,0.2706,C12
U09285,7,6,0.0007000700070007,0.0006000600060006001,Active,0.6712,0.2825,C10
U04475,7,7,0.0007000700070007,0.0007000700070007,Regular,0.2511,0.2157,C25
U04493,7,7,0.0007000700070007,0.0007000700070007,Regular,0.176,0.3823,C18
U04497,7,6,0.0007000700070007,0.0006000600060006001,Regular,0.3185,0.0632,C22
U01681,7,7,0.0007000700070007,0.0007000700070007,Active,0.5827,0.3986,C06
U01688,7,7,0.0007000700070007,0.0007000700070007,Regular,0.2641,0.2774,C13
U01692,7,7,0.0007000700070007,0.0007000700070007,Regular,0.1807,0.4443,C17
U08063,7,7,0.0007000700070007,0.0007000700070007,Regular,0.245,0.2327,C13
U08064,7,6,0.0007000700070007,0.0006000600060006001,Active,0.4868,0.563,C14
U00989,7,4,0.0007000700070007,0.00040004000400040005,Active,0.4613,0.1293,C14
U00990,7,7,0.0007000700070007,0.0007000700070007,Regular,0.5222,0.131,C15
U06451,7,8,0.0007000700070007,0.0008000800080008001,Bridge,0.5673,0.5218,C01
U06452,7,7,0.0007000700070007,0.0007000700070007,Regular,0.2825,0.3582,C02
U02515,7,6,0.0007000700070007,0.0006000600060006001,Regular,0.0727,0.1493,C15
U05013,7,7,0.0007000700070007,0.0007000700070007,Active,0.7145,0.1757,C13
U05024,7,6,0.0007000700070007,0.0006000600060006001,Active,0.3361,0.4062,C24
U06786,7,7,0.0007000700070007,0.0007000700070007,Regular,0.0909,0.3666,C11
U02774,7,7,0.0007000700070007,0.0007000700070007,Active,0.177,0.4733,C24
U04536,7,10,0.0007000700070007,0.001000100010001,Active,0.4161,0.4014,C11
U04538,7,6,0.0007000700070007,0.0006000600060006001,Active,0.3446,0.2203,C13
U04540,7,7,0.0007000700070007,0.0007000700070007,Active,0.3817,0.6079,C15
U06729,7,7,0.0007000700070007,0.0007000700070007,Active,0.6186,0.2555,C04
U07903,7,5,0.0007000700070007,0.0005000500050005,Regular,0.323,0.0469,C03
U01058,7,7,0.0007000700070007,0.0007000700070007,Regular,0.1919,0.2167,C08
U04979,7,7,0.0007000700070007,0.0007000700070007,Regular,0.1352,0.3223,C04
U02529,7,7,0.0007000700070007,0.0007000700070007,Active,0.3629,0.2292,C04
U02537,7,7,0.0007000700070007,0.0007000700070007,Regular,0.3801,0.2009,C12
U08940,7,5,0.0007000700070007,0.0005000500050005,Active,0.3797,0.1944,C15
U08945,7,8,0.0007000700070007,0.0008000800080008001,Regular,0.3133,0.084,C20
U08950,7,7,0.0007000700070007,0.0007000700070007,Regular,0.3223,0.13,C25
U08953,7,7,0.0007000700070007,0.0007000700070007,Bridge,0.8266,0.3639,C03
U08973,7,6,0.0007000700070007,0.0006000600060006001,Regular,0.3871,0.4461,C23
U04999,7,7,0.0007000700070007,0.0007000700070007,Regular,0.3344,0.3167,C24
U08055,7,7,0.0007000700070007,0.0007000700070007,Regular,0.0299,0.2757,C05
U06735,7,8,0.0007000700070007,0.0008000800080008001,Active,0.826,0.615,C10
U06736,7,7,0.0007000700070007,0.0007000700070007,Active,0.3528,0.1916,C11
U06744,7,7,0.0007000700070007,0.0007000700070007,Regular,0.4343,0.0805,C19
U01697,7,7,0.0007000700070007,0.0007000700070007,Regular,0.2544,0.0741,C22
U02765,7,5,0.0007000700070007,0.0005000500050005,Active,0.4632,0.4176,C15
U09245,7,7,0.0007000700070007,0.0007000700070007,Active,0.3996,0.2414,C20
U09254,7,6,0.0007000700070007,0.0006000600060006001,Regular,0.423,0.161,C04
U09255,7,7,0.0007000700070007,0.0007000700070007,Regular,0.3439,0.1665,C05
U09261,7,7,0.0007000700070007,0.0007000700070007,Regular,0.1182,0.297,C11
U00399,7,7,0.0007000700070007,0.0007000700070007,Regular,0.1754,0.2056,C24
U04547,7,6,0.0007000700070007,0.0006000600060006001,Active,0.6116,0.4502,C22
U01831,7,7,0.0007000700070007,0.0007000700070007,Active,0.6307,0.1473,C06
U06481,7,7,0.0007000700070007,0.0007000700070007,Regular,0.2014,0.2975,C06
U06483,7,7,0.0007000700070007,0.0007000700070007,Active,0.6573,0.4185,C08
U06501,7,7,0.0007000700070007,0.0007000700070007,Regular,0.1257,0.411,C01
U01810,7,7,0.0007000700070007,0.0007000700070007,Active,0.4753,0.2402,C10
U08992,7,7,0.0007000700070007,0.0007000700070007,Regular,0.2458,0.1173,C17
U02750,7,7,0.0007000700070007,0.0007000700070007,Active,0.7495,0.236,C25
U04574,7,7,0.0007000700070007,0.0007000700070007,Active,0.4255,0.3459,C24
U02734,7,7,0.0007000700070007,0.0007000700070007,Regular,0.143,0.213,C09
U04586,7,6,0.0007000700070007,0.0006000600060006001,Influential,0.8502,0.609,C11
U09221,7,7,0.0007000700070007,0.0007000700070007,Active,0.4072,0.421,C21
U09227,7,6,0.0007000700070007,0.0006000600060006001,Regular,0.2453,0.0508,C02
U07938,7,7,0.0007000700070007,0.0007000700070007,Regular,0.3033,0.1492,C13
U08037,7,7,0.0007000700070007,0.0007000700070007,Regular,0.4731,0.2234,C12
U09024,7,6,0.0007000700070007,0.0006000600060006001,Regular,0.1649,0.1669,C24
U00512,7,7,0.0007000700070007,0.0007000700070007,Active,0.4749,0.4629,C12
U09026,7,8,0.0007000700070007,0.0008000800080008001,Regular,0.385,0.2485,C01
U04934,7,8,0.0007000700070007,0.0008000800080008001,Regular,0.3595,0.1242,C09
U04953,7,6,0.0007000700070007,0.0006000600060006001,Active,0.5986,0.2547,C03
U02555,7,7,0.0007000700070007,0.0007000700070007,Regular,0.4409,0.2983,C05
U06477,7,7,0.0007000700070007,0.0007000700070007,Regular,0.3462,0.1375,C02
U01829,7,7,0.0007000700070007,0.0007000700070007,Regular,0.3829,0.1175,C04
U01056,7,7,0.0007000700070007,0.0007000700070007,Regular,0.3231,0.1795,C06
U07957,7,7,0.0007000700070007,0.0007000700070007,Active,0.8087,0.1988,C07
U07960,7,8,0.0007000700070007,0.0008000800080008001,Active,0.5002,0.3345,C10
U06702,7,6,0.0007000700070007,0.0006000600060006001,Regular,0.4015,0.1708,C02
U01724,7,7,0.0007000700070007,0.0007000700070007,Active,0.5682,0.1533,C24
U00407,7,7,0.0007000700070007,0.0007000700070007,Regular,0.1827,0.3501,C07
U04632,7,7,0.0007000700070007,0.0007000700070007,Active,0.4461,0.4436,C07
U02715,7,8,0.0007000700070007,0.0008000800080008001,Regular,0.4851,0.2898,C15
U06643,7,7,0.0007000700070007,0.0007000700070007,Active,0.522,0.5277,C18
U04894,7,7,0.0007000700070007,0.0007000700070007,Regular,0.061,0.437,C19
U02580,7,9,0.0007000700070007,0.0009000900090009002,Active,0.6205,0.256,C05
U04901,7,8,0.0007000700070007,0.0008000800080008001,Regular,0.3483,0.362,C01
U04912,7,7,0.0007000700070007,0.0007000700070007,Active,0.5567,0.4006,C12
U04929,7,8,0.0007000700070007,0.0008000800080008001,Active,0.784,0.291,C04
U01795,7,6,0.0007000700070007,0.0006000600060006001,Influential,0.626,0.5529,C20
U06650,7,7,0.0007000700070007,0.0007000700070007,Regular,0.1716,0.2877,C25
U06656,7,7,0.0007000700070007,0.0007000700070007,Active,0.4618,0.2753,C06
U06670,7,7,0.0007000700070007,0.0007000700070007,Regular,0.4561,0.1085,C20
U01729,7,7,0.0007000700070007,0.0007000700070007,Active,0.4608,0.2865,C04
U01733,7,7,0.0007000700070007,0.0007000700070007,Influential,0.8252,0.8826,C08
U01741,7,7,0.0007000700070007,0.0007000700070007,Regular,0.1457,0.3043,C16
U00418,7,7,0.0007000700070007,0.0007000700070007,Active,0.3968,0.5236,C18
U09204,7,7,0.0007000700070007,0.0007000700070007,Regular,0.1658,0.3936,C04
U06562,7,7,0.0007000700070007,0.0007000700070007,Active,0.3992,0.2481,C12
U06575,7,6,0.0007000700070007,0.0006000600060006001,Active,0.5866,0.3639,C25
U01781,7,7,0.0007000700070007,0.0007000700070007,Active,0.605,0.1175,C06
U01786,7,7,0.0007000700070007,0.0007000700070007,Influential,0.9325,0.6051,C11
U08008,7,6,0.0007000700070007,0.0006000600060006001,Regular,0.3139,0.0633,C08
U09065,7,7,0.0007000700070007,0.0007000700070007,Active,0.4123,0.4645,C15
U09067,7,7,0.0007000700070007,0.0007000700070007,Active,0.6626,0.3167,C17
U00495,7,9,0.0007000700070007,0.0009000900090009002,Active,0.5122,0.7865,C20
U04884,7,7,0.0007000700070007,0.0007000700070007,Regular,0.3028,0.3008,C09
U04655,7,6,0.0007000700070007,0.0006000600060006001,Regular,0.6456,0.4505,C05
U02691,7,7,0.0007000700070007,0.0007000700070007,Regular,0.3212,0.3237,C16
U02695,7,7,0.0007000700070007,0.0007000700070007,Active,0.3705,0.3777,C20
U02698,7,7,0.0007000700070007,0.0007000700070007,Active,0.5372,0.3478,C23
U02702,7,5,0.0007000700070007,0.0005000500050005,Active,0.3599,0.3035,C02
U04663,7,7,0.0007000700070007,0.0007000700070007,Regular,0.4155,0.6222,C13
U09145,7,7,0.0007000700070007,0.0007000700070007,Regular,0.1722,0.0091,C20
U09148,7,10,0.0007000700070007,0.001000100010001,Active,0.6116,0.2516,C23
U07981,7,9,0.0007000700070007,0.0009000900090009002,Active,0.6273,0.3036,C06
U02620,7,8,0.0007000700070007,0.0008000800080008001,Active,0.3109,0.3201,C20
U04817,7,7,0.0007000700070007,0.0007000700070007,Regular,0.2226,0.1783,C17
U04824,7,7,0.0007000700070007,0.0007000700070007,Regular,0.3534,0.0632,C24
U02602,7,8,0.0007000700070007,0.0008000800080008001,Active,0.554,0.5237,C02
U04852,7,8,0.0007000700070007,0.0008000800080008001,Active,0.5041,0.1423,C02
U09061,7,7,0.0007000700070007,0.0007000700070007,Active,0.5948,0.5205,C11
U00993,7,8,0.0007000700070007,0.0008000800080008001,Regular,0.182,0.2479,C18
U01006,7,6,0.0007000700070007,0.0006000600060006001,Regular,0.5468,0.2005,C06
U07986,7,6,0.0007000700070007,0.0006000600060006001,Active,0.5342,0.156,C11
U07991,7,7,0.0007000700070007,0.0007000700070007,Active,0.6619,0.527,C16
U07995,7,7,0.0007000700070007,0.0007000700070007,Regular,0.3135,0.1685,C20
U07999,7,7,0.0007000700070007,0.0007000700070007,Regular,0.2593,0.0879,C24
U06620,7,7,0.0007000700070007,0.0007000700070007,Regular,0.1056,0.2415,C20
U06629,7,7,0.0007000700070007,0.0007000700070007,Regular,0.3221,0.3016,C04
U06635,7,7,0.0007000700070007,0.0007000700070007,Active,0.6132,0.463,C10
U06638,7,7,0.0007000700070007,0.0007000700070007,Bridge,0.39,0.5471,C13
U01747,7,6,0.0007000700070007,0.0006000600060006001,Regular,0.0445,0.3714,C22
U00448,7,7,0.0007000700070007,0.0007000700070007,Regular,0.1488,0.4561,C23
U04693,7,7,0.0007000700070007,0.0007000700070007,Regular,0.1221,0.2634,C18
U02660,7,5,0.0007000700070007,0.0005000500050005,Active,0.2901,0.3017,C10
U01771,7,7,0.0007000700070007,0.0007000700070007,Influential,0.8029,0.6741,C21
U09096,7,7,0.0007000700070007,0.0007000700070007,Active,0.5945,0.3619,C21
U02610,7,6,0.0007000700070007,0.0006000600060006001,Active,0.6293,0.4323,C10
U02613,7,8,0.0007000700070007,0.0008000800080008001,Active,0.5723,0.3247,C13
U02614,7,8,0.0007000700070007,0.0008000800080008001,Active,0.671,0.355,C14
U02617,7,7,0.0007000700070007,0.0007000700070007,Regular,0.411,0.2467,C17
U02662,7,7,0.0007000700070007,0.0007000700070007,Active,0.525,0.2999,C12
U02666,7,7,0.0007000700070007,0.0007000700070007,Active,0.704,0.2162,C16
U02670,7,8,0.0007000700070007,0.0008000800080008001,Active,0.4332,0.3175,C20
U04705,7,6,0.0007000700070007,0.0006000600060006001,Active,0.5405,0.2146,C05
U04717,7,7,0.0007000700070007,0.0007000700070007,Active,0.5056,0.4402,C17
U09103,7,6,0.0007000700070007,0.0006000600060006001,Regular,0.3228,0.114,C03
U09115,7,7,0.0007000700070007,0.0007000700070007,Influential,0.7614,0.9169,C15
U00451,7,6,0.0007000700070007,0.0006000600060006001,Bridge,0.6208,0.6597,C01
U09121,7,7,0.0007000700070007,0.0007000700070007,Regular,0.4236,0.0957,C21
U04750,7,7,0.0007000700070007,0.0007000700070007,Regular,0.233,0.0707,C25
U04764,7,7,0.0007000700070007,0.0007000700070007,Active,0.6371,0.3498,C14
U04773,7,7,0.0007000700070007,0.0007000700070007,Active,0.8824,0.5406,C23
U04783,7,7,0.0007000700070007,0.0007000700070007,Regular,0.3548,0.0709,C08
U08021,7,6,0.0007000700070007,0.0006000600060006001,Active,0.5058,0.3122,C21
U08030,7,6,0.0007000700070007,0.0006000600060006001,Regular,0.2783,0.0793,C05
U06582,7,7,0.0007000700070007,0.0007000700070007,Influential,0.8957,0.7451,C07
U09945,7,7,0.0007000700070007,0.0007000700070007,Regular,0.3867,0.2622,C20
U03321,7,8,0.0007000700070007,0.0008000800080008001,Active,0.5772,0.2982,C21
U01334,7,7,0.0007000700070007,0.0007000700070007,Regular,0.2554,0.0683,C09
U07426,7,7,0.0007000700070007,0.0007000700070007,Active,0.4543,0.4243,C01
U07436,7,7,0.0007000700070007,0.0007000700070007,Regular,0.2358,0.5254,C11
U07459,7,7,0.0007000700070007,0.0007000700070007,Active,0.5184,0.4016,C09
U07474,7,7,0.0007000700070007,0.0007000700070007,Regular,0.1267,0.3315,C24
U07476,7,8,0.0007000700070007,0.0008000800080008001,Regular,0.4355,0.1344,C01
U03381,7,7,0.0007000700070007,0.0007000700070007,Regular,0.2615,0.1093,C06
U03329,7,11,0.0007000700070007,0.0011001100110011,Active,0.729,0.3615,C04
U09994,7,7,0.0007000700070007,0.0007000700070007,Regular,0.2253,0.0998,C19
U09954,7,7,0.0007000700070007,0.0007000700070007,Regular,0.3583,0.0921,C04
U09965,7,7,0.0007000700070007,0.0007000700070007,Active,0.379,0.1815,C15
U09966,7,8,0.0007000700070007,0.0008000800080008001,Regular,0.361,0.267,C16
U00001,6,6,0.0006000600060006001,0.0006000600060006001,Regular,0.2472,0.1337,C01
U09961,6,6,0.0006000600060006001,0.0006000600060006001,Regular,0.2498,0.2292,C11
U03366,6,6,0.0006000600060006001,0.0006000600060006001,Active,0.4634,0.3606,C16
U03365,6,6,0.0006000600060006001,0.0006000600060006001,Regular,0.2958,0.1987,C15
U03350,6,6,0.0006000600060006001,0.0006000600060006001,Active,0.5917,0.3235,C25
U05912,6,6,0.0006000600060006001,0.0006000600060006001,Regular,0.4115,0.1439,C12
U05927,6,5,0.0006000600060006001,0.0005000500050005,Regular,0.4645,0.1608,C02
U02104,6,7,0.0006000600060006001,0.0007000700070007,Regular,0.074,0.3817,C04
U02107,6,6,0.0006000600060006001,0.0006000600060006001,Regular,0.3713,0.2845,C07
U00009,6,6,0.0006000600060006001,0.0006000600060006001,Regular,0.0898,0.2083,C09
U00012,6,5,0.0006000600060006001,0.0005000500050005,Regular,0.1119,0.1689,C12
U01376,6,6,0.0006000600060006001,0.0006000600060006001,Regular,0.2191,0.068,C01
U07361,6,6,0.0006000600060006001,0.0006000600060006001,Regular,0.422,0.3914,C11
U07364,6,6,0.0006000600060006001,0.0006000600060006001,Active,0.507,0.3737,C14
U01352,6,4,0.0006000600060006001,0.00040004000400040005,Active,0.8192,0.4531,C02
U01354,6,6,0.0006000600060006001,0.0006000600060006001,Active,0.7028,0.2855,C04
U03458,6,6,0.0006000600060006001,0.0006000600060006001,Regular,0.2528,0.108,C08
U03460,6,5,0.0006000600060006001,0.0005000500050005,Regular,0.3557,0.1396,C10
U03497,6,7,0.0006000600060006001,0.0007000700070007,Regular,0.1302,0.2954,C22
U00773,6,6,0.0006000600060006001,0.0006000600060006001,Regular,0.1641,0.2794,C23
U02085,6,6,0.0006000600060006001,0.0006000600060006001,Regular,0.1686,0.1791,C10
U09098,6,6,0.0006000600060006001,0.0006000600060006001,Regular,0.1971,0.2624,C23
U04802,6,5,0.0006000600060006001,0.0005000500050005,Regular,0.4124,0.2685,C02
U04803,6,5,0.0006000600060006001,0.0005000500050005,Regular,0.5053,0.1432,C03
U02672,6,4,0.0006000600060006001,0.00040004000400040005,Regular,0.3159,0.2189,C22
U09107,6,5,0.0006000600060006001,0.0005000500050005,Regular,0.1979,0.206,C07
U09116,6,6,0.0006000600060006001,0.0006000600060006001,Active,0.5382,0.4081,C16
U00450,6,6,0.0006000600060006001,0.0006000600060006001,Regular,0.1104,0.314,C25
U00459,6,6,0.0006000600060006001,0.0006000600060006001,Regular,0.424,0.0821,C09
U09125,6,5,0.0006000600060006001,0.0005000500050005,Active,0.4869,0.1419,C25
U04724,6,6,0.0006000600060006001,0.0006000600060006001,Regular,0.3792,0.2946,C24
U02643,6,6,0.0006000600060006001,0.0006000600060006001,Regular,0.5295,0.1927,C18
U02645,6,6,0.0006000600060006001,0.0006000600060006001,Regular,0.3051,0.2187,C20
U02656,6,5,0.0006000600060006001,0.0005000500050005,Bridge,0.5631,0.4763,C06
U04777,6,6,0.0006000600060006001,0.0006000600060006001,Active,0.5995,0.2021,C02
U04784,6,6,0.0006000600060006001,0.0006000600060006001,Regular,0.3456,0.113,C09
U04798,6,5,0.0006000600060006001,0.0005000500050005,Active,0.6048,0.211,C23
U02599,6,6,0.0006000600060006001,0.0006000600060006001,Regular,0.0868,0.3517,C24
U02600,6,5,0.0006000600060006001,0.0005000500050005,Active,0.5023,0.2782,C25
U09063,6,7,0.0006000600060006001,0.0007000700070007,Active,0.4374,0.2776,C13
U00998,6,5,0.0006000600060006001,0.0005000500050005,Active,0.4943,0.243,C23
U06560,6,6,0.0006000600060006001,0.0006000600060006001,Regular,0.1406,0.3407,C10
U08000,6,6,0.0006000600060006001,0.0006000600060006001,Regular,0.2334,0.2103,C25
U01031,6,6,0.0006000600060006001,0.0006000600060006001,Regular,0.1775,0.3574,C06
U01034,6,6,0.0006000600060006001,0.0006000600060006001,Regular,0.3321,0.0546,C09
U09172,6,6,0.0006000600060006001,0.0006000600060006001,Active,0.4005,0.6077,C22
U06590,6,7,0.0006000600060006001,0.0007000700070007,Active,0.7426,0.1423,C15
U06594,6,5,0.0006000600060006001,0.0005000500050005,Active,0.6645,0.4311,C19
U06598,6,6,0.0006000600060006001,0.0006000600060006001,Active,0.2516,0.3802,C23
U01775,6,9,0.0006000600060006001,0.0009000900090009002,Active,0.6522,0.1809,C25
U06619,6,6,0.0006000600060006001,0.0006000600060006001,Regular,0.2253,0.3781,C19
U07969,6,6,0.0006000600060006001,0.0006000600060006001,Regular,0.4828,0.096,C19
U02640,6,6,0.0006000600060006001,0.0006000600060006001,Regular,0.2889,0.3953,C15
U06578,6,6,0.0006000600060006001,0.0006000600060006001,Regular,0.0882,0.223,C03
U08001,6,5,0.0006000600060006001,0.0005000500050005,Bridge,0.8528,0.6586,C01
U09066,6,6,0.0006000600060006001,0.0006000600060006001,Regular,0.2773,0.1495,C16
U04861,6,6,0.0006000600060006001,0.0006000600060006001,Regular,0.4358,0.0973,C11
U04862,6,6,0.0006000600060006001,0.0006000600060006001,Regular,0.2726,0.42,C12
U04864,6,6,0.0006000600060006001,0.0006000600060006001,Regular,0.3142,0.2721,C14
U04647,6,5,0.0006000600060006001,0.0005000500050005,Active,0.5821,0.4072,C22
U04652,6,6,0.0006000600060006001,0.0006000600060006001,Active,0.6119,0.1824,C02
U04671,6,6,0.0006000600060006001,0.0006000600060006001,Regular,0.3439,0.1604,C21
U02678,6,6,0.0006000600060006001,0.0006000600060006001,Active,0.3913,0.4026,C03
U02688,6,6,0.0006000600060006001,0.0006000600060006001,Active,0.6249,0.5459,C13
U09146,6,6,0.0006000600060006001,0.0006000600060006001,Regular,0.2544,0.2282,C21
U09167,6,6,0.0006000600060006001,0.0006000600060006001,Regular,0.3887,0.2348,C17
U02624,6,5,0.0006000600060006001,0.0005000500050005,Bridge,0.7319,0.5965,C24
U04827,6,5,0.0006000600060006001,0.0005000500050005,Regular,0.2788,0.1629,C02
U04840,6,6,0.0006000600060006001,0.0006000600060006001,Active,0.2797,0.2791,C15
U04905,6,6,0.0006000600060006001,0.0006000600060006001,Regular,0.3272,0.1042,C05
U04913,6,12,0.0006000600060006001,0.0012001200120012002,Active,0.5153,0.4145,C13
U02562,6,6,0.0006000600060006001,0.0006000600060006001,Regular,0.3216,0.3287,C12
U06518,6,5,0.0006000600060006001,0.0005000500050005,Active,0.6206,0.2854,C18
U06528,6,5,0.0006000600060006001,0.0005000500050005,Regular,0.3766,0.1672,C03
U06531,6,7,0.0006000600060006001,0.0007000700070007,Active,0.59,0.2559,C06
U06538,6,6,0.0006000600060006001,0.0006000600060006001,Regular,0.4311,0.3317,C13
U06653,6,6,0.0006000600060006001,0.0006000600060006001,Active,0.4127,0.3935,C03
U06661,6,6,0.0006000600060006001,0.0006000600060006001,Active,0.4421,0.2655,C11
U06666,6,8,0.0006000600060006001,0.0008000800080008001,Regular,0.4182,0.153,C16
U01730,6,6,0.0006000600060006001,0.0006000600060006001,Regular,0.3112,0.1721,C05
U07931,6,6,0.0006000600060006001,0.0006000600060006001,Active,0.7596,0.4338,C06
U00424,6,6,0.0006000600060006001,0.0006000600060006001,Regular,0.4679,0.0882,C24
U09201,6,6,0.0006000600060006001,0.0006000600060006001,Influential,0.8477,0.8723,C01
U04642,6,7,0.0006000600060006001,0.0007000700070007,Regular,0.2487,0.2753,C17
U06567,6,6,0.0006000600060006001,0.0006000600060006001,Bridge,0.2564,0.5732,C17
U01808,6,6,0.0006000600060006001,0.0006000600060006001,Regular,0.2952,0.1175,C08
U06548,6,6,0.0006000600060006001,0.0006000600060006001,Regular,0.3689,0.1405,C23
U08046,6,6,0.0006000600060006001,0.0006000600060006001,Active,0.7002,0.2889,C21
U08047,6,6,0.0006000600060006001,0.0006000600060006001,Regular,0.1665,0.1187,C22
U09015,6,6,0.0006000600060006001,0.0006000600060006001,Regular,0.1333,0.1771,C15
U04952,6,6,0.0006000600060006001,0.0006000600060006001,Bridge,0.7749,0.3835,C02
U01721,6,4,0.0006000600060006001,0.00040004000400040005,Regular,0.1836,0.1462,C21
U00410,6,6,0.0006000600060006001,0.0006000600060006001,Active,0.5567,0.5818,C10
U09233,6,5,0.0006000600060006001,0.0005000500050005,Regular,0.212,0.5176,C08
U04601,6,7,0.0006000600060006001,0.0007000700070007,Regular,0.2501,0.2663,C01
U04612,6,6,0.0006000600060006001,0.0006000600060006001,Regular,0.4576,0.1571,C12
U09177,6,6,0.0006000600060006001,0.0006000600060006001,Regular,0.105,0.5591,C02
U01757,6,5,0.0006000600060006001,0.0005000500050005,Regular,0.2867,0.157,C07
U02579,6,6,0.0006000600060006001,0.0006000600060006001,Regular,0.5174,0.0217,C04
U02592,6,6,0.0006000600060006001,0.0006000600060006001,Regular,0.3083,0.1742,C17
U04904,6,6,0.0006000600060006001,0.0006000600060006001,Regular,0.2416,0.1901,C04
U00523,6,5,0.0006000600060006001,0.0005000500050005,Active,0.4496,0.2929,C23
U00526,6,5,0.0006000600060006001,0.0005000500050005,Active,0.6017,0.4392,C01
U09004,6,6,0.0006000600060006001,0.0006000600060006001,Influential,0.7736,0.6766,C04
U04963,6,7,0.0006000600060006001,0.0007000700070007,Regular,0.4393,0.141,C13
U04964,6,6,0.0006000600060006001,0.0006000600060006001,Regular,0.4313,0.0853,C14
U04970,6,6,0.0006000600060006001,0.0006000600060006001,Active,0.4841,0.536,C20
U04552,6,10,0.0006000600060006001,0.001000100010001,Regular,0.3712,0.0808,C02
U04555,6,8,0.0006000600060006001,0.0008000800080008001,Regular,0.5201,0.1355,C05
U02742,6,6,0.0006000600060006001,0.0006000600060006001,Regular,0.1316,0.2002,C17
U02749,6,6,0.0006000600060006001,0.0006000600060006001,Active,0.5247,0.4318,C24
U02751,6,6,0.0006000600060006001,0.0006000600060006001,Regular,0.2607,0.1066,C01
U09209,6,6,0.0006000600060006001,0.0006000600060006001,Active,0.6241,0.1543,C09
U09211,6,6,0.0006000600060006001,0.0006000600060006001,Active,0.8266,0.1711,C11
U07935,6,7,0.0006000600060006001,0.0007000700070007,Regular,0.1053,0.2632,C10
U01055,6,5,0.0006000600060006001,0.0005000500050005,Regular,0.1931,0.2383,C05
U01801,6,5,0.0006000600060006001,0.0005000500050005,Regular,0.164,0.1619,C01
U07906,6,6,0.0006000600060006001,0.0006000600060006001,Regular,0.3657,0.3666,C06
U08964,6,6,0.0006000600060006001,0.0006000600060006001,Active,0.4305,0.3554,C14
U00540,6,6,0.0006000600060006001,0.0006000600060006001,Active,0.721,0.1375,C15
U08978,6,7,0.0006000600060006001,0.0007000700070007,Regular,0.0966,0.3306,C03
U08981,6,7,0.0006000600060006001,0.0007000700070007,Active,0.5208,0.3966,C06
U08983,6,6,0.0006000600060006001,0.0006000600060006001,Regular,0.2956,0.2001,C08
U08056,6,5,0.0006000600060006001,0.0005000500050005,Regular,0.2211,0.1263,C06
U01066,6,4,0.0006000600060006001,0.00040004000400040005,Active,0.4682,0.4308,C16
U06734,6,6,0.0006000600060006001,0.0006000600060006001,Regular,0.0769,0.3341,C09
U09253,6,6,0.0006000600060006001,0.0006000600060006001,Regular,0.3422,0.256,C03
U09257,6,6,0.0006000600060006001,0.0006000600060006001,Bridge,0.9023,0.713,C07
U00387,6,5,0.0006000600060006001,0.0005000500050005,Regular,0.3168,0.1393,C12
U06497,6,6,0.0006000600060006001,0.0006000600060006001,Regular,0.4303,0.1045,C22
U06507,6,5,0.0006000600060006001,0.0005000500050005,Regular,0.0838,0.3328,C07
U06509,6,7,0.0006000600060006001,0.0007000700070007,Regular,0.0838,0.3133,C09
U00518,6,6,0.0006000600060006001,0.0006000600060006001,Regular,0.5903,0.2206,C18
U06772,6,6,0.0006000600060006001,0.0006000600060006001,Regular,0.2275,0.2884,C22
U01690,6,6,0.0006000600060006001,0.0006000600060006001,Regular,0.1854,0.4874,C15
U00983,6,5,0.0006000600060006001,0.0005000500050005,Regular,0.3586,0.1521,C08
U08065,6,7,0.0006000600060006001,0.0007000700070007,Active,0.5678,0.1938,C15
U06446,6,7,0.0006000600060006001,0.0007000700070007,Active,0.2788,0.3195,C21
U06463,6,7,0.0006000600060006001,0.0007000700070007,Active,0.2727,0.369,C13
U02518,6,6,0.0006000600060006001,0.0006000600060006001,Regular,0.4042,0.1466,C18
U05032,6,6,0.0006000600060006001,0.0006000600060006001,Regular,0.1296,0.0425,C07
U02502,6,5,0.0006000600060006001,0.0005000500050005,Regular,0.2259,0.0517,C02
U04521,6,6,0.0006000600060006001,0.0006000600060006001,Regular,0.3096,0.4119,C21
U04537,6,6,0.0006000600060006001,0.0006000600060006001,Regular,0.1048,0.0951,C12
U04539,6,6,0.0006000600060006001,0.0006000600060006001,Active,0.3573,0.4274,C14
U04542,6,5,0.0006000600060006001,0.0005000500050005,Regular,0.4625,0.4183,C17
U07889,6,5,0.0006000600060006001,0.0005000500050005,Regular,0.2196,0.4016,C14
U07891,6,4,0.0006000600060006001,0.00040004000400040005,Regular,0.2639,0.0336,C16
U07898,6,6,0.0006000600060006001,0.0006000600060006001,Active,0.5381,0.5022,C23
U09273,6,7,0.0006000600060006001,0.0007000700070007,Regular,0.2314,0.4801,C23
U02505,6,7,0.0006000600060006001,0.0007000700070007,Influential,0.5833,0.7926,C05
U05048,6,7,0.0006000600060006001,0.0007000700070007,Active,0.5523,0.4291,C23
U00547,6,6,0.0006000600060006001,0.0006000600060006001,Active,0.6186,0.2443,C22
U00554,6,6,0.0006000600060006001,0.0006000600060006001,Active,0.5069,0.3989,C04
U08937,6,7,0.0006000600060006001,0.0007000700070007,Active,0.6818,0.4599,C12
U05069,6,6,0.0006000600060006001,0.0006000600060006001,Regular,0.1577,0.2162,C19
U02484,6,6,0.0006000600060006001,0.0006000600060006001,Active,0.6665,0.2164,C09
U05074,6,5,0.0006000600060006001,0.0005000500050005,Regular,0.1551,0.6238,C24
U04467,6,6,0.0006000600060006001,0.0006000600060006001,Regular,0.2073,0.1953,C17
U02793,6,6,0.0006000600060006001,0.0006000600060006001,Active,0.6942,0.3134,C18
U02797,6,5,0.0006000600060006001,0.0005000500050005,Regular,0.3416,0.0643,C22
U02798,6,6,0.0006000600060006001,0.0006000600060006001,Influential,0.366,0.9855,C23
U04488,6,7,0.0006000600060006001,0.0007000700070007,Regular,0.2793,0.319,C13
U01711,6,11,0.0006000600060006001,0.0011001100110011,Regular,0.2819,0.1827,C11
U06770,6,5,0.0006000600060006001,0.0005000500050005,Regular,0.409,0.1779,C20
U08878,6,5,0.0006000600060006001,0.0005000500050005,Regular,0.0395,0.1928,C03
U08884,6,7,0.0006000600060006001,0.0007000700070007,Active,0.5631,0.2434,C09
U00561,6,6,0.0006000600060006001,0.0006000600060006001,Active,0.797,0.5261,C11
U00571,6,5,0.0006000600060006001,0.0005000500050005,Active,0.7955,0.4839,C21
U05102,6,6,0.0006000600060006001,0.0006000600060006001,Regular,0.1357,0.2053,C02
U02478,6,6,0.0006000600060006001,0.0006000600060006001,Active,0.5252,0.1932,C03
U00975,6,5,0.0006000600060006001,0.0005000500050005,Active,0.6797,0.5285,C25
U01846,6,6,0.0006000600060006001,0.0006000600060006001,Regular,0.2013,0.3486,C21
U07860,6,6,0.0006000600060006001,0.0006000600060006001,Active,0.5491,0.2752,C10
U07864,6,6,0.0006000600060006001,0.0006000600060006001,Regular,0.355,0.3365,C14
U07874,6,6,0.0006000600060006001,0.0006000600060006001,Active,0.5955,0.4665,C24
U07882,6,7,0.0006000600060006001,0.0007000700070007,Regular,0.2236,0.2869,C07
U01078,6,6,0.0006000600060006001,0.0006000600060006001,Regular,0.2923,0.1135,C03
U01080,6,4,0.0006000600060006001,0.00040004000400040005,Regular,0.143,0.2946,C05
U06793,6,6,0.0006000600060006001,0.0006000600060006001,Regular,0.1092,0.1428,C18
U06795,6,8,0.0006000600060006001,0.0008000800080008001,Regular,0.3357,0.1711,C20
U04420,6,6,0.0006000600060006001,0.0006000600060006001,Regular,0.2144,0.3762,C20
U04427,6,6,0.0006000600060006001,0.0006000600060006001,Bridge,0.919,0.2493,C02
U02822,6,5,0.0006000600060006001,0.0005000500050005,Regular,0.2209,0.1931,C22
U02823,6,6,0.0006000600060006001,0.0006000600060006001,Regular,0.1936,0.0459,C23
U02826,6,6,0.0006000600060006001,0.0006000600060006001,Regular,0.298,0.2223,C01
U04434,6,7,0.0006000600060006001,0.0007000700070007,Regular,0.37,0.2613,C09
U02806,6,6,0.0006000600060006001,0.0006000600060006001,Regular,0.1248,0.1858,C06
U02807,6,6,0.0006000600060006001,0.0006000600060006001,Regular,0.4045,0.3842,C07
U04451,6,6,0.0006000600060006001,0.0006000600060006001,Regular,0.1862,0.3399,C01
U09266,6,12,0.0006000600060006001,0.0012001200120012002,Active,0.3063,0.4293,C16
U06816,6,6,0.0006000600060006001,0.0006000600060006001,Active,0.5739,0.5852,C16
U01680,6,5,0.0006000600060006001,0.0005000500050005,Active,0.6186,0.2105,C05
U06832,6,9,0.0006000600060006001,0.0009000900090009002,Regular,0.2942,0.2915,C07
U01659,6,6,0.0006000600060006001,0.0006000600060006001,Regular,0.3211,0.0568,C09
U07841,6,6,0.0006000600060006001,0.0006000600060006001,Active,0.5727,0.5599,C16
U07859,6,5,0.0006000600060006001,0.0005000500050005,Active,0.5113,0.2238,C09
U06435,6,5,0.0006000600060006001,0.0005000500050005,Regular,0.2183,0.2496,C10
U06437,6,6,0.0006000600060006001,0.0006000600060006001,Regular,0.1572,0.1981,C12
U06441,6,6,0.0006000600060006001,0.0006000600060006001,Regular,0.3876,0.2174,C16
U06444,6,10,0.0006000600060006001,0.001000100010001,Active,0.5246,0.4053,C19
U08052,6,3,0.0006000600060006001,0.00030003000300030005,Regular,0.3048,0.0717,C02
U05107,6,6,0.0006000600060006001,0.0006000600060006001,Regular,0.2414,0.1257,C07
U05108,6,6,0.0006000600060006001,0.0006000600060006001,Active,0.6695,0.3107,C08
U05123,6,6,0.0006000600060006001,0.0006000600060006001,Bridge,0.4941,0.4829,C23
U05135,6,6,0.0006000600060006001,0.0006000600060006001,Active,0.3081,0.4946,C10
U02451,6,6,0.0006000600060006001,0.0006000600060006001,Regular,0.2233,0.0441,C01
U02458,6,6,0.0006000600060006001,0.0006000600060006001,Regular,0.2857,0.1953,C08
U01103,6,6,0.0006000600060006001,0.0006000600060006001,Regular,0.0515,0.49,C03
U06863,6,5,0.0006000600060006001,0.0005000500050005,Regular,0.2861,0.2641,C13
U06883,6,6,0.0006000600060006001,0.0006000600060006001,Regular,0.2226,0.1811,C08
U06886,6,6,0.0006000600060006001,0.0006000600060006001,Regular,0.3869,0.1284,C11
U04412,6,6,0.0006000600060006001,0.0006000600060006001,Regular,0.576,0.2128,C12
U09313,6,5,0.0006000600060006001,0.0005000500050005,Active,0.5803,0.1905,C13
U09328,6,6,0.0006000600060006001,0.0006000600060006001,Influential,0.6505,0.7709,C03
U09337,6,9,0.0006000600060006001,0.0009000900090009002,Regular,0.2821,0.2554,C12
U09341,6,6,0.0006000600060006001,0.0006000600060006001,Active,0.5971,0.3292,C16
U09355,6,5,0.0006000600060006001,0.0005000500050005,Regular,0.3201,0.3994,C05
U04366,6,6,0.0006000600060006001,0.0006000600060006001,Regular,0.1697,0.1953,C16
U02850,6,8,0.0006000600060006001,0.0008000800080008001,Active,0.6315,0.5006,C25
U02851,6,6,0.0006000600060006001,0.0006000600060006001,Active,0.406,0.4589,C01
U09296,6,4,0.0006000600060006001,0.00040004000400040005,Active,0.7447,0.121,C21
U09306,6,6,0.0006000600060006001,0.0006000600060006001,Active,0.3628,0.3591,C06
U04394,6,6,0.0006000600060006001,0.0006000600060006001,Regular,0.3244,0.2596,C19
U07843,6,5,0.0006000600060006001,0.0005000500050005,Active,0.5817,0.2529,C18
U07847,6,7,0.0006000600060006001,0.0007000700070007,Active,0.7335,0.2079,C22
U07851,6,6,0.0006000600060006001,0.0006000600060006001,Influential,0.758,0.754,C01
U01099,6,6,0.0006000600060006001,0.0006000600060006001,Regular,0.1337,0.2246,C24
U01847,6,6,0.0006000600060006001,0.0006000600060006001,Regular,0.4057,0.1217,C22
U02459,6,6,0.0006000600060006001,0.0006000600060006001,Active,0.7392,0.1155,C09
U02460,6,6,0.0006000600060006001,0.0006000600060006001,Regular,0.4069,0.0111,C10
U05138,6,6,0.0006000600060006001,0.0006000600060006001,Regular,0.3592,0.2308,C13
U05156,6,7,0.0006000600060006001,0.0007000700070007,Bridge,0.7692,0.5547,C06
U02442,6,6,0.0006000600060006001,0.0006000600060006001,Regular,0.1906,0.1293,C17
U02444,6,4,0.0006000600060006001,0.00040004000400040005,Regular,0.4165,0.2142,C19
U08834,6,5,0.0006000600060006001,0.0005000500050005,Active,0.5011,0.6197,C09
U06376,6,5,0.0006000600060006001,0.0005000500050005,Regular,0.2326,0.0817,C01
U01887,6,6,0.0006000600060006001,0.0006000600060006001,Regular,0.1845,0.2644,C12
U01872,6,5,0.0006000600060006001,0.0005000500050005,Active,0.4843,0.0824,C22
U08070,6,6,0.0006000600060006001,0.0006000600060006001,Regular,0.3991,0.0558,C20
U06896,6,7,0.0006000600060006001,0.0007000700070007,Regular,0.3548,0.2669,C21
U06906,6,5,0.0006000600060006001,0.0005000500050005,Regular,0.2979,0.0712,C06
U01618,6,5,0.0006000600060006001,0.0005000500050005,Regular,0.4301,0.1935,C18
U01625,6,6,0.0006000600060006001,0.0006000600060006001,Regular,0.3942,0.0469,C25
U07815,6,6,0.0006000600060006001,0.0006000600060006001,Active,0.3571,0.2903,C15
U08823,6,5,0.0006000600060006001,0.0005000500050005,Regular,0.3943,0.0942,C23
U08830,6,6,0.0006000600060006001,0.0006000600060006001,Bridge,0.8672,0.2602,C05
U05238,6,6,0.0006000600060006001,0.0006000600060006001,Regular,0.3508,0.176,C13
U05240,6,6,0.0006000600060006001,0.0006000600060006001,Regular,0.3826,0.1444,C15
U00322,6,6,0.0006000600060006001,0.0006000600060006001,Regular,0.2761,0.3001,C22
U02870,6,6,0.0006000600060006001,0.0006000600060006001,Active,0.4057,0.1178,C20
U02872,6,5,0.0006000600060006001,0.0005000500050005,Active,0.6139,0.1839,C22
U06891,6,6,0.0006000600060006001,0.0006000600060006001,Regular,0.2814,0.1728,C16
U00961,6,5,0.0006000600060006001,0.0005000500050005,Active,0.2052,0.2248,C11
U08840,6,6,0.0006000600060006001,0.0006000600060006001,Active,0.644,0.3361,C15
U08848,6,6,0.0006000600060006001,0.0006000600060006001,Active,0.5937,0.5419,C23
U02429,6,6,0.0006000600060006001,0.0006000600060006001,Regular,0.3185,0.2417,C04
U08091,6,6,0.0006000600060006001,0.0006000600060006001,Active,0.464,0.3843,C16
U08092,6,5,0.0006000600060006001,0.0005000500050005,Regular,0.1333,0.3005,C17
U08095,6,6,0.0006000600060006001,0.0006000600060006001,Regular,0.2282,0.2279,C20
U08111,6,6,0.0006000600060006001,0.0006000600060006001,Active,0.395,0.4011,C11
U07784,6,6,0.0006000600060006001,0.0006000600060006001,Regular,0.2426,0.2463,C09
U06948,6,4,0.0006000600060006001,0.00040004000400040005,Active,0.535,0.447,C23
U06951,6,7,0.0006000600060006001,0.0007000700070007,Active,0.2209,0.3722,C01
U06957,6,6,0.0006000600060006001,0.0006000600060006001,Regular,0.2823,0.5027,C07
U06977,6,6,0.0006000600060006001,0.0006000600060006001,Regular,0.3123,0.0539,C02
U02900,6,6,0.0006000600060006001,0.0006000600060006001,Regular,0.3925,0.0322,C25
U04304,6,6,0.0006000600060006001,0.0006000600060006001,Active,0.5937,0.4559,C04
U02887,6,6,0.0006000600060006001,0.0006000600060006001,Regular,0.3186,0.3551,C12
U02894,6,6,0.0006000600060006001,0.0006000600060006001,Regular,0.4294,0.0372,C19
U07821,6,6,0.0006000600060006001,0.0006000600060006001,Regular,0.1489,0.1811,C21
U08122,6,6,0.0006000600060006001,0.0006000600060006001,Regular,0.2079,0.1488,C22
U08125,6,6,0.0006000600060006001,0.0006000600060006001,Active,0.4108,0.3176,C25
U00959,6,6,0.0006000600060006001,0.0006000600060006001,Regular,0.0855,0.3072,C09
U06354,6,6,0.0006000600060006001,0.0006000600060006001,Regular,0.5555,0.33,C04
U06370,6,6,0.0006000600060006001,0.0006000600060006001,Regular,0.2102,0.3643,C20
U00608,6,6,0.0006000600060006001,0.0006000600060006001,Active,0.4926,0.1881,C08
U08796,6,6,0.0006000600060006001,0.0006000600060006001,Regular,0.1635,0.2523,C21
U08797,6,6,0.0006000600060006001,0.0006000600060006001,Regular,0.1439,0.1345,C22
U00611,6,6,0.0006000600060006001,0.0006000600060006001,Regular,0.1653,0.2075,C11
U00613,6,6,0.0006000600060006001,0.0006000600060006001,Active,0.4864,0.2738,C13
U00622,6,6,0.0006000600060006001,0.0006000600060006001,Regular,0.1732,0.2152,C22
U00943,6,6,0.0006000600060006001,0.0006000600060006001,Regular,0.1891,0.152,C18
U06333,6,6,0.0006000600060006001,0.0006000600060006001,Regular,0.2891,0.2924,C08
U06336,6,6,0.0006000600060006001,0.0006000600060006001,Regular,0.1787,0.1213,C11
U09382,6,6,0.0006000600060006001,0.0006000600060006001,Regular,0.115,0.1783,C07
U09388,6,6,0.0006000600060006001,0.0006000600060006001,Regular,0.3491,0.2401,C13
U00315,6,5,0.0006000600060006001,0.0005000500050005,Regular,0.1094,0.5074,C15
U09401,6,5,0.0006000600060006001,0.0005000500050005,Regular,0.2688,0.1109,C01
U04272,6,7,0.0006000600060006001,0.0007000700070007,Active,0.7057,0.2213,C22
U04274,6,5,0.0006000600060006001,0.0005000500050005,Regular,0.2807,0.4399,C24
U04277,6,5,0.0006000600060006001,0.0005000500050005,Regular,0.5482,0.1355,C02
U04280,6,4,0.0006000600060006001,0.00040004000400040005,Active,0.6444,0.1571,C05
U09419,6,6,0.0006000600060006001,0.0006000600060006001,Active,0.6214,0.4321,C19
U07746,6,6,0.0006000600060006001,0.0006000600060006001,Regular,0.3888,0.3835,C21
U01149,6,6,0.0006000600060006001,0.0006000600060006001,Active,0.5493,0.5634,C24
U01151,6,5,0.0006000600060006001,0.0005000500050005,Regular,0.4205,0.0542,C01
U07761,6,6,0.0006000600060006001,0.0006000600060006001,Active,0.7892,0.3369,C11
U06979,6,5,0.0006000600060006001,0.0005000500050005,Regular,0.3507,0.1753,C04
U07000,6,6,0.0006000600060006001,0.0006000600060006001,Active,0.5384,0.4137,C25
U07001,6,8,0.0006000600060006001,0.0008000800080008001,Regular,0.2721,0.0331,C01
U07708,6,6,0.0006000600060006001,0.0006000600060006001,Regular,0.4258,0.0707,C08
U00290,6,6,0.0006000600060006001,0.0006000600060006001,Regular,0.1798,0.283,C15
U00296,6,5,0.0006000600060006001,0.0005000500050005,Active,0.7494,0.4221,C21
U09431,6,6,0.0006000600060006001,0.0006000600060006001,Active,0.5201,0.4626,C06
U04224,6,7,0.0006000600060006001,0.0007000700070007,Active,0.5946,0.1294,C24
U05257,6,10,0.0006000600060006001,0.001000100010001,Regular,0.3609,0.3955,C07
U08775,6,6,0.0006000600060006001,0.0006000600060006001,Active,0.3577,0.2845,C25
U08777,6,6,0.0006000600060006001,0.0006000600060006001,Regular,0.2993,0.2813,C02
U05352,6,6,0.0006000600060006001,0.0006000600060006001,Active,0.6251,0.2721,C02
U00919,6,6,0.0006000600060006001,0.0006000600060006001,Regular,0.1337,0.2008,C19
U01891,6,6,0.0006000600060006001,0.0006000600060006001,Active,0.4702,0.1936,C16
U01897,6,6,0.0006000600060006001,0.0006000600060006001,Regular,0.1432,0.2296,C22
U01904,6,6,0.0006000600060006001,0.0006000600060006001,Active,0.5843,0.0787,C04
U05272,6,5,0.0006000600060006001,0.0005000500050005,Regular,0.1138,0.1526,C22
U05291,6,6,0.0006000600060006001,0.0006000600060006001,Active,0.4304,0.3853,C16
U05315,6,6,0.0006000600060006001,0.0006000600060006001,Active,0.8816,0.242,C15
U02374,6,7,0.0006000600060006001,0.0007000700070007,Regular,0.2528,0.1838,C24
U01930,6,6,0.0006000600060006001,0.0006000600060006001,Regular,0.1031,0.2663,C05
U06265,6,5,0.0006000600060006001,0.0005000500050005,Regular,0.2104,0.3664,C15
U06273,6,6,0.0006000600060006001,0.0006000600060006001,Regular,0.2846,0.125,C23
U01910,6,7,0.0006000600060006001,0.0007000700070007,Active,0.3498,0.4795,C10
U04171,6,6,0.0006000600060006001,0.0006000600060006001,Regular,0.5476,0.3569,C21
U04178,6,6,0.0006000600060006001,0.0006000600060006001,Regular,0.225,0.4946,C03
U09408,6,6,0.0006000600060006001,0.0006000600060006001,Regular,0.2965,0.2755,C08
U09443,6,5,0.0006000600060006001,0.0005000500050005,Regular,0.3791,0.2411,C18
U09446,6,6,0.0006000600060006001,0.0006000600060006001,Active,0.5571,0.5267,C21
U07711,6,6,0.0006000600060006001,0.0006000600060006001,Regular,0.314,0.158,C11
U01153,6,6,0.0006000600060006001,0.0006000600060006001,Active,0.315,0.3675,C03
U01159,6,6,0.0006000600060006001,0.0006000600060006001,Regular,0.2779,0.1695,C09
U01168,6,6,0.0006000600060006001,0.0006000600060006001,Regular,0.5933,0.0933,C18
U07011,6,10,0.0006000600060006001,0.001000100010001,Regular,0.3183,0.0617,C11
U04107,6,6,0.0006000600060006001,0.0006000600060006001,Regular,0.1898,0.1015,C07
U02970,6,6,0.0006000600060006001,0.0006000600060006001,Active,0.7193,0.1425,C20
U04138,6,6,0.0006000600060006001,0.0006000600060006001,Active,0.4624,0.3459,C13
U04143,6,6,0.0006000600060006001,0.0006000600060006001,Regular,0.4578,0.2366,C18
U02948,6,6,0.0006000600060006001,0.0006000600060006001,Active,0.5898,0.4583,C23
U06307,6,7,0.0006000600060006001,0.0007000700070007,Influential,0.6318,0.7619,C07
U06317,6,6,0.0006000600060006001,0.0006000600060006001,Active,0.4025,0.1671,C17
U05329,6,6,0.0006000600060006001,0.0006000600060006001,Regular,0.3747,0.2257,C04
U05340,6,6,0.0006000600060006001,0.0006000600060006001,Regular,0.3115,0.3808,C15
U08178,6,7,0.0006000600060006001,0.0007000700070007,Active,0.5732,0.3305,C03
U06239,6,5,0.0006000600060006001,0.0005000500050005,Regular,0.2203,0.3152,C14
U06243,6,8,0.0006000600060006001,0.0008000800080008001,Active,0.5554,0.2524,C18
U06249,6,6,0.0006000600060006001,0.0006000600060006001,Active,0.3787,0.4552,C24
U06252,6,6,0.0006000600060006001,0.0006000600060006001,Regular,0.1091,0.3925,C02
U02359,6,6,0.0006000600060006001,0.0006000600060006001,Regular,0.1307,0.2627,C09
U00638,6,6,0.0006000600060006001,0.0006000600060006001,Regular,0.2156,0.1483,C13
U08770,6,6,0.0006000600060006001,0.0006000600060006001,Active,0.6635,0.1853,C20
U05389,6,5,0.0006000600060006001,0.0005000500050005,Regular,0.3826,0.4136,C14
U05392,6,6,0.0006000600060006001,0.0006000600060006001,Regular,0.2407,0.1291,C17
U05398,6,5,0.0006000600060006001,0.0005000500050005,Active,0.4446,0.4617,C23
U08185,6,6,0.0006000600060006001,0.0006000600060006001,Regular,0.4931,0.3219,C10
U02992,6,4,0.0006000600060006001,0.00040004000400040005,Active,0.4393,0.3135,C17
U09434,6,5,0.0006000600060006001,0.0005000500050005,Active,0.3628,0.1678,C09
U00273,6,6,0.0006000600060006001,0.0006000600060006001,Regular,0.1545,0.1804,C23
U00283,6,7,0.0006000600060006001,0.0007000700070007,Active,0.5196,0.219,C08
U05408,6,5,0.0006000600060006001,0.0005000500050005,Active,0.7093,0.5204,C08
U02339,6,6,0.0006000600060006001,0.0006000600060006001,Regular,0.2527,0.2494,C14
U02340,6,6,0.0006000600060006001,0.0006000600060006001,Active,0.5974,0.4327,C15
U05415,6,6,0.0006000600060006001,0.0006000600060006001,Active,0.5682,0.2878,C15
U05429,6,6,0.0006000600060006001,0.0006000600060006001,Active,0.385,0.4557,C04
U05438,6,6,0.0006000600060006001,0.0006000600060006001,Regular,0.349,0.0145,C13
U07054,6,6,0.0006000600060006001,0.0006000600060006001,Regular,0.2473,0.0122,C04
U09464,6,11,0.0006000600060006001,0.0011001100110011,Active,0.3866,0.2819,C14
U09471,6,4,0.0006000600060006001,0.00040004000400040005,Regular,0.1315,0.3376,C21
U00257,6,6,0.0006000600060006001,0.0006000600060006001,Active,0.3932,0.6929,C07
U00270,6,6,0.0006000600060006001,0.0006000600060006001,Active,0.4977,0.4937,C20
U00271,6,5,0.0006000600060006001,0.0005000500050005,Active,0.7697,0.2804,C21
U09474,6,6,0.0006000600060006001,0.0006000600060006001,Regular,0.25,0.2102,C24
U04092,6,5,0.0006000600060006001,0.0005000500050005,Regular,0.2682,0.2038,C17
U04093,6,6,0.0006000600060006001,0.0006000600060006001,Active,0.4994,0.4293,C18
U02984,6,6,0.0006000600060006001,0.0006000600060006001,Regular,0.3633,0.2378,C09
U08710,6,5,0.0006000600060006001,0.0005000500050005,Active,0.6991,0.5977,C10
U00643,6,7,0.0006000600060006001,0.0007000700070007,Active,0.4559,0.2754,C18
U05465,6,6,0.0006000600060006001,0.0006000600060006001,Regular,0.2839,0.1618,C15
U02314,6,6,0.0006000600060006001,0.0006000600060006001,Active,0.3783,0.2095,C14
U00895,6,6,0.0006000600060006001,0.0006000600060006001,Regular,0.2372,0.2208,C20
U04049,6,6,0.0006000600060006001,0.0006000600060006001,Active,0.3407,0.3585,C24
U09485,6,6,0.0006000600060006001,0.0006000600060006001,Regular,0.1626,0.0746,C10
U09506,6,5,0.0006000600060006001,0.0005000500050005,Regular,0.3605,0.1914,C06
U09533,6,6,0.0006000600060006001,0.0006000600060006001,Active,0.6999,0.1688,C08
U01553,6,6,0.0006000600060006001,0.0006000600060006001,Regular,0.2209,0.35,C03
U01564,6,6,0.0006000600060006001,0.0006000600060006001,Regular,0.4605,0.0682,C14
U07045,6,6,0.0006000600060006001,0.0006000600060006001,Regular,0.4413,0.1111,C20
U07046,6,5,0.0006000600060006001,0.0005000500050005,Regular,0.2186,0.2501,C21
U00905,6,6,0.0006000600060006001,0.0006000600060006001,Regular,0.0181,0.4034,C05
U06226,6,6,0.0006000600060006001,0.0006000600060006001,Influential,0.7528,0.739,C01
U08160,6,5,0.0006000600060006001,0.0005000500050005,Regular,0.2023,0.2326,C10
U08182,6,5,0.0006000600060006001,0.0005000500050005,Active,0.6136,0.4575,C07
U05513,6,5,0.0006000600060006001,0.0005000500050005,Regular,0.0744,0.2478,C13
U05516,6,8,0.0006000600060006001,0.0008000800080008001,Regular,0.2733,0.3241,C16
U02297,6,6,0.0006000600060006001,0.0006000600060006001,Active,0.4146,0.6329,C22
U05522,6,6,0.0006000600060006001,0.0006000600060006001,Regular,0.3012,0.3047,C22
U08679,6,6,0.0006000600060006001,0.0006000600060006001,Active,0.4852,0.4439,C04
U08701,6,6,0.0006000600060006001,0.0006000600060006001,Active,0.496,0.164,C01
U01993,6,6,0.0006000600060006001,0.0006000600060006001,Regular,0.4655,0.2057,C18
U06127,6,6,0.0006000600060006001,0.0006000600060006001,Active,0.2188,0.5089,C02
U06130,6,6,0.0006000600060006001,0.0006000600060006001,Active,0.4503,0.4778,C05
U07690,6,6,0.0006000600060006001,0.0006000600060006001,Active,0.4879,0.6994,C15
U00240,6,6,0.0006000600060006001,0.0006000600060006001,Active,0.8054,0.2896,C15
U09545,6,6,0.0006000600060006001,0.0006000600060006001,Active,0.7616,0.3347,C20
U04024,6,6,0.0006000600060006001,0.0006000600060006001,Regular,0.2632,0.11,C24
U05445,6,7,0.0006000600060006001,0.0007000700070007,Regular,0.2422,0.3553,C20
U02332,6,5,0.0006000600060006001,0.0005000500050005,Regular,0.1849,0.2016,C07
U09566,6,6,0.0006000600060006001,0.0006000600060006001,Regular,0.2922,0.2819,C16
U09575,6,5,0.0006000600060006001,0.0005000500050005,Regular,0.426,0.2313,C25
U09581,6,6,0.0006000600060006001,0.0006000600060006001,Active,0.7107,0.5426,C06
U09585,6,6,0.0006000600060006001,0.0006000600060006001,Regular,0.1821,0.2432,C10
U03049,6,7,0.0006000600060006001,0.0007000700070007,Regular,0.4615,0.231,C24
U03056,6,6,0.0006000600060006001,0.0006000600060006001,Regular,0.314,0.0797,C06
U03973,6,7,0.0006000600060006001,0.0007000700070007,Regular,0.2846,0.1599,C23
U03981,6,6,0.0006000600060006001,0.0006000600060006001,Regular,0.2756,0.1335,C06
U04004,6,6,0.0006000600060006001,0.0006000600060006001,Regular,0.1667,0.2921,C04
U00225,6,6,0.0006000600060006001,0.0006000600060006001,Active,0.5833,0.2305,C25
U00232,6,6,0.0006000600060006001,0.0006000600060006001,Regular,0.3347,0.2807,C07
U00236,6,6,0.0006000600060006001,0.0006000600060006001,Regular,0.3532,0.2924,C11
U01549,6,6,0.0006000600060006001,0.0006000600060006001,Regular,0.2068,0.1917,C24
U07063,6,6,0.0006000600060006001,0.0006000600060006001,Regular,0.2393,0.1378,C13
U01533,6,5,0.0006000600060006001,0.0005000500050005,Regular,0.2183,0.1005,C08
U01956,6,6,0.0006000600060006001,0.0006000600060006001,Regular,0.3787,0.3757,C06
U09559,6,6,0.0006000600060006001,0.0006000600060006001,Active,0.4346,0.3533,C09
U01179,6,6,0.0006000600060006001,0.0006000600060006001,Regular,0.3665,0.2492,C04
U01978,6,5,0.0006000600060006001,0.0005000500050005,Regular,0.2688,0.0913,C03
U00669,6,5,0.0006000600060006001,0.0005000500050005,Regular,0.1531,0.3319,C19
U05523,6,5,0.0006000600060006001,0.0005000500050005,Regular,0.2612,0.1895,C23
U05544,6,7,0.0006000600060006001,0.0007000700070007,Regular,0.3034,0.3345,C19
U05547,6,6,0.0006000600060006001,0.0006000600060006001,Regular,0.3222,0.2332,C22
U05548,6,6,0.0006000600060006001,0.0006000600060006001,Active,0.6922,0.3082,C23
U08649,6,5,0.0006000600060006001,0.0005000500050005,Active,0.486,0.2209,C24
U07097,6,6,0.0006000600060006001,0.0006000600060006001,Regular,0.3317,0.1161,C22
U01511,6,6,0.0006000600060006001,0.0006000600060006001,Influential,0.8558,0.7703,C11
U01512,6,5,0.0006000600060006001,0.0005000500050005,Active,0.4913,0.2254,C12
U07665,6,6,0.0006000600060006001,0.0006000600060006001,Active,0.6063,0.2852,C15
U07678,6,6,0.0006000600060006001,0.0006000600060006001,Regular,0.0711,0.4447,C03
U09562,6,5,0.0006000600060006001,0.0005000500050005,Regular,0.0916,0.3281,C12
U09563,6,6,0.0006000600060006001,0.0006000600060006001,Regular,0.2411,0.2117,C13
U07144,6,6,0.0006000600060006001,0.0006000600060006001,Regular,0.2092,0.2078,C19
U08654,6,6,0.0006000600060006001,0.0006000600060006001,Regular,0.311,0.5205,C04
U00679,6,5,0.0006000600060006001,0.0005000500050005,Regular,0.1673,0.228,C04
U00682,6,9,0.0006000600060006001,0.0009000900090009002,Active,0.5065,0.2213,C07
U05585,6,6,0.0006000600060006001,0.0006000600060006001,Regular,0.3525,0.445,C10
U05589,6,6,0.0006000600060006001,0.0006000600060006001,Regular,0.5131,0.0806,C14
U00863,6,9,0.0006000600060006001,0.0009000900090009002,Active,0.408,0.5913,C13
U08338,6,6,0.0006000600060006001,0.0006000600060006001,Regular,0.5331,0.4638,C13
U08270,6,5,0.0006000600060006001,0.0005000500050005,Regular,0.4125,0.3759,C20
U08284,6,6,0.0006000600060006001,0.0006000600060006001,Regular,0.31,0.0566,C09
U01493,6,5,0.0006000600060006001,0.0005000500050005,Regular,0.1685,0.2234,C18
U09611,6,6,0.0006000600060006001,0.0006000600060006001,Regular,0.2109,0.1853,C11
U00193,6,5,0.0006000600060006001,0.0005000500050005,Regular,0.2915,0.0881,C18
U00197,6,6,0.0006000600060006001,0.0006000600060006001,Regular,0.5073,0.2054,C22
U03930,6,7,0.0006000600060006001,0.0007000700070007,Active,0.7762,0.7874,C05
U03059,6,6,0.0006000600060006001,0.0006000600060006001,Regular,0.148,0.2025,C09
U07173,6,6,0.0006000600060006001,0.0006000600060006001,Active,0.2986,0.5859,C23
U07616,6,5,0.0006000600060006001,0.0005000500050005,Active,0.522,0.3017,C16
U07639,6,6,0.0006000600060006001,0.0006000600060006001,Active,0.6327,0.1421,C14
U09622,6,6,0.0006000600060006001,0.0006000600060006001,Regular,0.4448,0.163,C22
U09628,6,6,0.0006000600060006001,0.0006000600060006001,Regular,0.2148,0.3311,C03
U09630,6,11,0.0006000600060006001,0.0011001100110011,Active,0.4017,0.2858,C05
U09646,6,6,0.0006000600060006001,0.0006000600060006001,Regular,0.4095,0.0786,C21
U00182,6,5,0.0006000600060006001,0.0005000500050005,Regular,0.2198,0.1755,C07
U03847,6,5,0.0006000600060006001,0.0005000500050005,Regular,0.2175,0.2596,C22
U03856,6,6,0.0006000600060006001,0.0006000600060006001,Active,0.6963,0.141,C06
U03865,6,4,0.0006000600060006001,0.00040004000400040005,Regular,0.2787,0.0672,C15
U03095,6,5,0.0006000600060006001,0.0005000500050005,Active,0.5196,0.2625,C20
U03088,6,5,0.0006000600060006001,0.0005000500050005,Regular,0.3361,0.3267,C13
U09609,6,5,0.0006000600060006001,0.0005000500050005,Regular,0.1733,0.2686,C09
U01192,6,5,0.0006000600060006001,0.0005000500050005,Active,0.693,0.0948,C17
U01193,6,7,0.0006000600060006001,0.0007000700070007,Regular,0.0333,0.5507,C18
U07153,6,6,0.0006000600060006001,0.0006000600060006001,Regular,0.1672,0.144,C03
U07163,6,6,0.0006000600060006001,0.0006000600060006001,Active,0.2192,0.2095,C13
U08291,6,6,0.0006000600060006001,0.0006000600060006001,Regular,0.3763,0.2137,C16
U06093,6,6,0.0006000600060006001,0.0006000600060006001,Regular,0.1947,0.2529,C18
U06096,6,6,0.0006000600060006001,0.0006000600060006001,Regular,0.075,0.2481,C21
U05593,6,6,0.0006000600060006001,0.0006000600060006001,Regular,0.3097,0.1852,C18
U05601,6,6,0.0006000600060006001,0.0006000600060006001,Regular,0.2959,0.2009,C01
U05602,6,5,0.0006000600060006001,0.0005000500050005,Active,0.7442,0.2597,C02
U05610,6,6,0.0006000600060006001,0.0006000600060006001,Regular,0.0761,0.2397,C10
U05619,6,5,0.0006000600060006001,0.0005000500050005,Regular,0.165,0.1884,C19
U05626,6,6,0.0006000600060006001,0.0006000600060006001,Regular,0.4323,0.0829,C01
U08617,6,4,0.0006000600060006001,0.00040004000400040005,Regular,0.0952,0.211,C17
U08362,6,6,0.0006000600060006001,0.0006000600060006001,Active,0.5224,0.2458,C12
U07165,6,6,0.0006000600060006001,0.0006000600060006001,Regular,0.1904,0.3138,C15
U01480,6,7,0.0006000600060006001,0.0007000700070007,Regular,0.3351,0.219,C05
U01488,6,6,0.0006000600060006001,0.0006000600060006001,Regular,0.2966,0.2568,C13
U09660,6,7,0.0006000600060006001,0.0007000700070007,Active,0.7361,0.1845,C10
U00833,6,5,0.0006000600060006001,0.0005000500050005,Regular,0.4659,0.2921,C08
U00834,6,6,0.0006000600060006001,0.0006000600060006001,Regular,0.0495,0.3459,C09
U00839,6,5,0.0006000600060006001,0.0005000500050005,Regular,0.4362,0.1549,C14
U02002,6,7,0.0006000600060006001,0.0007000700070007,Regular,0.2772,0.1667,C02
U02010,6,6,0.0006000600060006001,0.0006000600060006001,Active,0.5864,0.2966,C10
U08624,6,6,0.0006000600060006001,0.0006000600060006001,Regular,0.2674,0.2662,C24
U08630,6,5,0.0006000600060006001,0.0005000500050005,Active,0.6302,0.3481,C05
U08631,6,6,0.0006000600060006001,0.0006000600060006001,Active,0.2941,0.2558,C06
U08639,6,6,0.0006000600060006001,0.0006000600060006001,Active,0.4614,0.3474,C14
U09664,6,5,0.0006000600060006001,0.0005000500050005,Active,0.8025,0.2858,C14
U09669,6,5,0.0006000600060006001,0.0005000500050005,Regular,0.2591,0.1594,C19
U03822,6,6,0.0006000600060006001,0.0006000600060006001,Influential,0.8032,0.7534,C22
U03833,6,6,0.0006000600060006001,0.0006000600060006001,Regular,0.1304,0.3517,C08
U03117,6,6,0.0006000600060006001,0.0006000600060006001,Active,0.2125,0.2991,C17
U01499,6,5,0.0006000600060006001,0.0005000500050005,Regular,0.21,0.0965,C24
U05665,6,6,0.0006000600060006001,0.0006000600060006001,Regular,0.3434,0.0771,C15
U05669,6,6,0.0006000600060006001,0.0006000600060006001,Influential,0.7808,0.9185,C19
U05672,6,6,0.0006000600060006001,0.0006000600060006001,Active,0.525,0.3792,C22
U05676,6,5,0.0006000600060006001,0.0005000500050005,Regular,0.235,0.2397,C01
U05678,6,6,0.0006000600060006001,0.0006000600060006001,Active,0.5852,0.2812,C03
U05704,6,7,0.0006000600060006001,0.0007000700070007,Regular,0.2308,0.2079,C04
U05706,6,5,0.0006000600060006001,0.0005000500050005,Regular,0.2674,0.0144,C06
U08590,6,5,0.0006000600060006001,0.0005000500050005,Active,0.5756,0.5093,C15
U01457,6,7,0.0006000600060006001,0.0007000700070007,Regular,0.3237,0.2257,C07
U01459,6,6,0.0006000600060006001,0.0006000600060006001,Active,0.4627,0.0933,C09
U01465,6,9,0.0006000600060006001,0.0009000900090009002,Regular,0.1091,0.536,C15
U07189,6,5,0.0006000600060006001,0.0005000500050005,Regular,0.1896,0.2835,C14
U07597,6,8,0.0006000600060006001,0.0008000800080008001,Active,0.2952,0.4988,C22
U03152,6,5,0.0006000600060006001,0.0005000500050005,Active,0.6395,0.3118,C02
U03124,6,5,0.0006000600060006001,0.0005000500050005,Active,0.5573,0.5447,C24
U03814,6,6,0.0006000600060006001,0.0006000600060006001,Regular,0.4037,0.4857,C14
U00716,6,6,0.0006000600060006001,0.0006000600060006001,Active,0.5423,0.3713,C16
U05736,6,6,0.0006000600060006001,0.0006000600060006001,Regular,0.1438,0.2672,C11
U05738,6,5,0.0006000600060006001,0.0005000500050005,Active,0.6899,0.2954,C13
U05768,6,5,0.0006000600060006001,0.0005000500050005,Active,0.2706,0.2837,C18
U08382,6,6,0.0006000600060006001,0.0006000600060006001,Regular,0.4367,0.33,C07
U08389,6,6,0.0006000600060006001,0.0006000600060006001,Active,0.4504,0.4003,C14
U08390,6,6,0.0006000600060006001,0.0006000600060006001,Active,0.7219,0.1706,C15
U03155,6,7,0.0006000600060006001,0.0007000700070007,Regular,0.1458,0.2767,C05
U03162,6,6,0.0006000600060006001,0.0006000600060006001,Regular,0.1109,0.1967,C12
U03163,6,6,0.0006000600060006001,0.0006000600060006001,Regular,0.2607,0.1025,C13
U03733,6,8,0.0006000600060006001,0.0008000800080008001,Active,0.6816,0.476,C08
U03769,6,5,0.0006000600060006001,0.0005000500050005,Active,0.3648,0.3686,C19
U03772,6,6,0.0006000600060006001,0.0006000600060006001,Regular,0.3917,0.438,C22
U01206,6,4,0.0006000600060006001,0.00040004000400040005,Regular,0.318,0.1248,C06
U01216,6,6,0.0006000600060006001,0.0006000600060006001,Regular,0.2947,0.0956,C16
U07655,6,6,0.0006000600060006001,0.0006000600060006001,Regular,0.2713,0.2004,C05
U02043,6,5,0.0006000600060006001,0.0005000500050005,Regular,0.3688,0.0609,C18
U06017,6,9,0.0006000600060006001,0.0009000900090009002,Regular,0.2471,0.2387,C17
U00729,6,6,0.0006000600060006001,0.0006000600060006001,Regular,0.246,0.3486,C04
U05772,6,5,0.0006000600060006001,0.0005000500050005,Regular,0.2786,0.1636,C22
U05788,6,6,0.0006000600060006001,0.0006000600060006001,Active,0.2501,0.2338,C13
U05791,6,7,0.0006000600060006001,0.0007000700070007,Regular,0.2352,0.2857,C16
U09717,6,5,0.0006000600060006001,0.0005000500050005,Regular,0.1597,0.1191,C17
U00131,6,7,0.0006000600060006001,0.0007000700070007,Active,0.4858,0.5661,C06
U00134,6,7,0.0006000600060006001,0.0007000700070007,Regular,0.1461,0.2136,C09
U09696,6,5,0.0006000600060006001,0.0005000500050005,Active,0.4178,0.3787,C21
U09697,6,6,0.0006000600060006001,0.0006000600060006001,Regular,0.3242,0.0168,C22
U01226,6,5,0.0006000600060006001,0.0005000500050005,Active,0.5071,0.363,C01
U07612,6,9,0.0006000600060006001,0.0009000900090009002,Regular,0.1984,0.1641,C12
U01451,6,4,0.0006000600060006001,0.00040004000400040005,Active,0.5389,0.3886,C01
U02018,6,6,0.0006000600060006001,0.0006000600060006001,Regular,0.1197,0.2943,C18
U06055,6,7,0.0006000600060006001,0.0007000700070007,Regular,0.229,0.1369,C05
U00124,6,5,0.0006000600060006001,0.0005000500050005,Regular,0.1702,0.3986,C24
U03657,6,6,0.0006000600060006001,0.0006000600060006001,Regular,0.1392,0.2371,C07
U03664,6,6,0.0006000600060006001,0.0006000600060006001,Regular,0.082,0.4732,C14
U03670,6,6,0.0006000600060006001,0.0006000600060006001,Active,0.603,0.2443,C20
U03676,6,6,0.0006000600060006001,0.0006000600060006001,Regular,0.4541,0.3577,C01
U03677,6,5,0.0006000600060006001,0.0005000500050005,Regular,0.4709,0.026,C02
U01237,6,6,0.0006000600060006001,0.0006000600060006001,Regular,0.3311,0.1343,C12
U01247,6,6,0.0006000600060006001,0.0006000600060006001,Active,0.3308,0.3961,C22
U07226,6,6,0.0006000600060006001,0.0006000600060006001,Regular,0.3962,0.2279,C01
U07227,6,4,0.0006000600060006001,0.00040004000400040005,Regular,0.2375,0.306,C02
U01435,6,6,0.0006000600060006001,0.0006000600060006001,Regular,0.2554,0.2518,C10
U07251,6,6,0.0006000600060006001,0.0006000600060006001,Active,0.6809,0.2801,C01
U03686,6,5,0.0006000600060006001,0.0005000500050005,Regular,0.095,0.1402,C11
U03700,6,6,0.0006000600060006001,0.0006000600060006001,Regular,0.2124,0.4794,C25
U09714,6,6,0.0006000600060006001,0.0006000600060006001,Active,0.5148,0.4692,C14
U08392,6,6,0.0006000600060006001,0.0006000600060006001,Active,0.2963,0.2984,C17
U07267,6,5,0.0006000600060006001,0.0005000500050005,Regular,0.3655,0.1172,C17
U02181,6,6,0.0006000600060006001,0.0006000600060006001,Regular,0.3833,0.2876,C06
U02185,6,6,0.0006000600060006001,0.0006000600060006001,Regular,0.4368,0.1265,C10
U02191,6,6,0.0006000600060006001,0.0006000600060006001,Active,0.6873,0.2264,C16
U05793,6,6,0.0006000600060006001,0.0006000600060006001,Active,0.5169,0.4055,C18
U05808,6,8,0.0006000600060006001,0.0008000800080008001,Active,0.3801,0.347,C08
U05809,6,6,0.0006000600060006001,0.0006000600060006001,Regular,0.3809,0.1675,C09
U05810,6,5,0.0006000600060006001,0.0005000500050005,Regular,0.3735,0.2626,C10
U05818,6,6,0.0006000600060006001,0.0006000600060006001,Regular,0.322,0.1645,C18
U02168,6,6,0.0006000600060006001,0.0006000600060006001,Regular,0.453,0.0232,C18
U08422,6,6,0.0006000600060006001,0.0006000600060006001,Active,0.5822,0.3165,C22
U08437,6,6,0.0006000600060006001,0.0006000600060006001,Active,0.7071,0.2055,C12
U05984,6,5,0.0006000600060006001,0.0005000500050005,Active,0.6051,0.3412,C09
U01423,6,6,0.0006000600060006001,0.0006000600060006001,Regular,0.1333,0.2174,C23
U07281,6,5,0.0006000600060006001,0.0005000500050005,Active,0.4709,0.5405,C06
U09748,6,6,0.0006000600060006001,0.0006000600060006001,Regular,0.2884,0.2653,C23
U07304,6,8,0.0006000600060006001,0.0008000800080008001,Active,0.517,0.3927,C04
U09831,6,6,0.0006000600060006001,0.0006000600060006001,Active,0.5504,0.5745,C06
U03612,6,5,0.0006000600060006001,0.0005000500050005,Active,0.5554,0.0657,C12
U03613,6,7,0.0006000600060006001,0.0007000700070007,Active,0.5232,0.2594,C13
U03616,6,6,0.0006000600060006001,0.0006000600060006001,Regular,0.1777,0.3224,C16
U03218,6,6,0.0006000600060006001,0.0006000600060006001,Regular,0.3486,0.2991,C18
U03225,6,5,0.0006000600060006001,0.0005000500050005,Regular,0.376,0.0868,C25
U09792,6,8,0.0006000600060006001,0.0008000800080008001,Regular,0.2102,0.141,C17
U03626,6,12,0.0006000600060006001,0.0012001200120012002,Regular,0.2472,0.2061,C01
U03627,6,5,0.0006000600060006001,0.0005000500050005,Regular,0.2364,0.2364,C02
U03633,6,5,0.0006000600060006001,0.0005000500050005,Regular,0.3711,0.1879,C08
U03638,6,6,0.0006000600060006001,0.0006000600060006001,Regular,0.2748,0.1201,C13
U03207,6,4,0.0006000600060006001,0.00040004000400040005,Regular,0.1311,0.2914,C07
U09733,6,10,0.0006000600060006001,0.001000100010001,Regular,0.4717,0.072,C08
U07563,6,5,0.0006000600060006001,0.0005000500050005,Regular,0.0779,0.382,C13
U01261,6,6,0.0006000600060006001,0.0006000600060006001,Regular,0.3186,0.1066,C11
U02055,6,6,0.0006000600060006001,0.0006000600060006001,Regular,0.1036,0.2012,C05
U08536,6,5,0.0006000600060006001,0.0005000500050005,Regular,0.3458,0.2165,C11
U00738,6,8,0.0006000600060006001,0.0008000800080008001,Regular,0.3487,0.0726,C13
U00739,6,5,0.0006000600060006001,0.0005000500050005,Active,0.494,0.3022,C14
U00752,6,7,0.0006000600060006001,0.0007000700070007,Regular,0.2932,0.0449,C02
U08457,6,6,0.0006000600060006001,0.0006000600060006001,Bridge,0.5919,0.38,C07
U02071,6,6,0.0006000600060006001,0.0006000600060006001,Regular,0.1797,0.3105,C21
U02079,6,6,0.0006000600060006001,0.0006000600060006001,Regular,0.2523,0.2764,C04
U05971,6,5,0.0006000600060006001,0.0005000500050005,Influential,0.6957,0.7151,C21
U05974,6,6,0.0006000600060006001,0.0006000600060006001,Active,0.758,0.287,C24
U07530,6,5,0.0006000600060006001,0.0005000500050005,Active,0.4061,0.4014,C05
U07532,6,5,0.0006000600060006001,0.0005000500050005,Regular,0.2509,0.1012,C07
U07541,6,5,0.0006000600060006001,0.0005000500050005,Regular,0.1094,0.2119,C16
U07544,6,6,0.0006000600060006001,0.0006000600060006001,Active,0.8107,0.2482,C19
U07551,6,5,0.0006000600060006001,0.0005000500050005,Regular,0.0809,0.0487,C01
U07290,6,6,0.0006000600060006001,0.0006000600060006001,Active,0.627,0.1911,C15
U05846,6,6,0.0006000600060006001,0.0006000600060006001,Active,0.5288,0.4324,C21
U05847,6,6,0.0006000600060006001,0.0006000600060006001,Regular,0.1545,0.4939,C22
U05862,6,5,0.0006000600060006001,0.0005000500050005,Regular,0.1585,0.1091,C12
U02136,6,6,0.0006000600060006001,0.0006000600060006001,Regular,0.346,0.0868,C11
U02141,6,6,0.0006000600060006001,0.0006000600060006001,Regular,0.1564,0.1953,C16
U08474,6,6,0.0006000600060006001,0.0006000600060006001,Regular,0.1549,0.2085,C24
U03558,6,6,0.0006000600060006001,0.0006000600060006001,Active,0.4523,0.6313,C08
U03580,6,6,0.0006000600060006001,0.0006000600060006001,Regular,0.186,0.1584,C05
U03587,6,7,0.0006000600060006001,0.0007000700070007,Active,0.3013,0.4921,C12
U03594,6,8,0.0006000600060006001,0.0008000800080008001,Regular,0.4811,0.0351,C19
U03596,6,5,0.0006000600060006001,0.0005000500050005,Active,0.6172,0.3378,C21
U03600,6,7,0.0006000600060006001,0.0007000700070007,Regular,0.3608,0.2714,C25
U09814,6,6,0.0006000600060006001,0.0006000600060006001,Regular,0.1656,0.1682,C14
U09818,6,7,0.0006000600060006001,0.0007000700070007,Regular,0.3932,0.3021,C18
U07526,6,5,0.0006000600060006001,0.0005000500050005,Active,0.5489,0.0882,C01
U05994,6,6,0.0006000600060006001,0.0006000600060006001,Active,0.4973,0.1261,C19
U03536,6,6,0.0006000600060006001,0.0006000600060006001,Regular,0.1319,0.3509,C11
U09835,6,6,0.0006000600060006001,0.0006000600060006001,Active,0.5213,0.2391,C10
U07312,6,6,0.0006000600060006001,0.0006000600060006001,Regular,0.4463,0.0434,C12
U07317,6,7,0.0006000600060006001,0.0007000700070007,Regular,0.1978,0.2727,C17
U07329,6,8,0.0006000600060006001,0.0008000800080008001,Active,0.6313,0.2259,C04
U07333,6,6,0.0006000600060006001,0.0006000600060006001,Active,0.5766,0.3229,C08
U07338,6,5,0.0006000600060006001,0.0005000500050005,Regular,0.3857,0.2921,C13
U01379,6,6,0.0006000600060006001,0.0006000600060006001,Regular,0.2267,0.26,C04
U07495,6,5,0.0006000600060006001,0.0005000500050005,Regular,0.3454,0.1704,C20
U07501,6,6,0.0006000600060006001,0.0006000600060006001,Regular,0.0735,0.3527,C01
U09859,6,6,0.0006000600060006001,0.0006000600060006001,Active,0.7133,0.3372,C09
U09862,6,5,0.0006000600060006001,0.0005000500050005,Regular,0.3881,0.2014,C12
U00070,6,7,0.0006000600060006001,0.0007000700070007,Active,0.707,0.4569,C20
U08407,6,6,0.0006000600060006001,0.0006000600060006001,Regular,0.1223,0.3307,C07
U02148,6,6,0.0006000600060006001,0.0006000600060006001,Regular,0.2374,0.0824,C23
U05841,6,6,0.0006000600060006001,0.0006000600060006001,Active,0.6864,0.3729,C16
U02095,6,6,0.0006000600060006001,0.0006000600060006001,Active,0.3996,0.2878,C20
U05954,6,10,0.0006000600060006001,0.001000100010001,Regular,0.2318,0.5191,C04
U05955,6,5,0.0006000600060006001,0.0005000500050005,Active,0.6463,0.463,C05
U05957,6,6,0.0006000600060006001,0.0006000600060006001,Active,0.6553,0.162,C07
U08439,6,5,0.0006000600060006001,0.0005000500050005,Active,0.3596,0.5965,C14
U05876,6,6,0.0006000600060006001,0.0006000600060006001,Regular,0.3174,0.2747,C01
U08496,6,6,0.0006000600060006001,0.0006000600060006001,Regular,0.2287,0.2747,C21
U00753,6,5,0.0006000600060006001,0.0005000500050005,Active,0.6447,0.6654,C03
U01289,6,6,0.0006000600060006001,0.0006000600060006001,Active,0.319,0.2732,C14
U07522,6,5,0.0006000600060006001,0.0005000500050005,Active,0.7906,0.4486,C22
U07354,6,6,0.0006000600060006001,0.0006000600060006001,Regular,0.2302,0.1823,C04
U07356,6,6,0.0006000600060006001,0.0006000600060006001,Regular,0.289,0.3446,C06
U07360,6,6,0.0006000600060006001,0.0006000600060006001,Active,0.5019,0.2867,C10
U01364,6,5,0.0006000600060006001,0.0005000500050005,Active,0.5437,0.2956,C14
U03524,6,6,0.0006000600060006001,0.0006000600060006001,Regular,0.3075,0.0806,C24
U03527,6,7,0.0006000600060006001,0.0007000700070007,Active,0.6371,0.3799,C02
U09932,6,6,0.0006000600060006001,0.0006000600060006001,Active,0.3846,0.4123,C07
U00003,6,6,0.0006000600060006001,0.0006000600060006001,Active,0.8273,0.2143,C03
U09969,6,7,0.0006000600060006001,0.0007000700070007,Active,0.5032,0.4123,C19
U07487,6,6,0.0006000600060006001,0.0006000600060006001,Active,0.4797,0.3003,C12
U01305,6,5,0.0006000600060006001,0.0005000500050005,Regular,0.2784,0.3538,C05
U03444,6,5,0.0006000600060006001,0.0005000500050005,Regular,0.2568,0.2852,C19
U09901,6,6,0.0006000600060006001,0.0006000600060006001,Regular,0.2829,0.2011,C01
U09906,6,6,0.0006000600060006001,0.0006000600060006001,Active,0.9112,0.3789,C06
U09908,6,7,0.0006000600060006001,0.0007000700070007,Regular,0.1996,0.1832,C08
U00055,6,6,0.0006000600060006001,0.0006000600060006001,Regular,0.1787,0.1173,C05
U03449,6,6,0.0006000600060006001,0.0006000600060006001,Regular,0.3422,0.3252,C24
U01374,6,6,0.0006000600060006001,0.0006000600060006001,Active,0.6489,0.3247,C24
U05888,6,6,0.0006000600060006001,0.0006000600060006001,Regular,0.1732,0.2615,C13
U05902,6,3,0.0006000600060006001,0.00030003000300030005,Regular,0.0199,0.2975,C02
U02114,6,5,0.0006000600060006001,0.0005000500050005,Regular,0.3732,0.1347,C14
U02127,6,7,0.0006000600060006001,0.0007000700070007,Regular,0.4965,0.0292,C02
U02636,6,6,0.0006000600060006001,0.0006000600060006001,Active,0.4663,0.1968,C11
U02639,6,6,0.0006000600060006001,0.0006000600060006001,Regular,0.1698,0.1913,C14
U01010,6,4,0.0006000600060006001,0.00040004000400040005,Regular,0.2694,0.1441,C10
U00022,6,6,0.0006000600060006001,0.0006000600060006001,Regular,0.3839,0.0315,C22
U09940,6,6,0.0006000600060006001,0.0006000600060006001,Regular,0.267,0.2917,C15
U09951,6,6,0.0006000600060006001,0.0006000600060006001,Active,0.4987,0.3778,C01
U03419,6,6,0.0006000600060006001,0.0006000600060006001,Regular,0.2818,0.0413,C19
U03431,6,6,0.0006000600060006001,0.0006000600060006001,Regular,0.2506,0.1943,C06
U01315,6,6,0.0006000600060006001,0.0006000600060006001,Influential,0.7156,0.7796,C15
U01325,6,6,0.0006000600060006001,0.0006000600060006001,Regular,0.2023,0.2636,C25
U09984,6,6,0.0006000600060006001,0.0006000600060006001,Regular,0.1593,0.1507,C09
U03382,6,6,0.0006000600060006001,0.0006000600060006001,Active,0.6556,0.2104,C07
U03398,6,5,0.0006000600060006001,0.0005000500050005,Regular,0.3117,0.2818,C23
U03335,6,5,0.0006000600060006001,0.0005000500050005,Regular,0.3088,0.1876,C10
U03336,6,7,0.0006000600060006001,0.0007000700070007,Active,0.5094,0.2269,C11
U03340,6,6,0.0006000600060006001,0.0006000600060006001,Active,0.5195,0.2885,C15
U03370,5,5,0.0005000500050005,0.0005000500050005,Regular,0.2823,0.1739,C20
U07970,5,5,0.0005000500050005,0.0005000500050005,Regular,0.1505,0.0608,C20
U02388,5,5,0.0005000500050005,0.0005000500050005,Regular,0.3437,0.0623,C13
U05286,5,5,0.0005000500050005,0.0005000500050005,Regular,0.0874,0.1894,C11
U07959,5,5,0.0005000500050005,0.0005000500050005,Regular,0.1415,0.1839,C09
U03348,5,5,0.0005000500050005,0.0005000500050005,Regular,0.2233,0.2034,C23
U00050,5,5,0.0005000500050005,0.0005000500050005,Influential,0.7359,0.7561,C25
U09916,5,6,0.0005000500050005,0.0006000600060006001,Regular,0.2376,0.0404,C16
U09907,5,5,0.0005000500050005,0.0005000500050005,Active,0.4889,0.3307,C07
U03420,5,5,0.0005000500050005,0.0005000500050005,Regular,0.1078,0.2352,C20
U09988,5,5,0.0005000500050005,0.0005000500050005,Regular,0.3071,0.1731,C13
U06624,5,5,0.0005000500050005,0.0005000500050005,Regular,0.2477,0.2747,C24
U07992,5,5,0.0005000500050005,0.0005000500050005,Regular,0.1013,0.2648,C17
U01015,5,6,0.0005000500050005,0.0006000600060006001,Regular,0.4305,0.2072,C15
U01048,5,4,0.0005000500050005,0.00040004000400040005,Regular,0.29,0.1381,C23
U02393,5,4,0.0005000500050005,0.00040004000400040005,Regular,0.2034,0.1842,C18
U02409,5,5,0.0005000500050005,0.0005000500050005,Regular,0.1077,0.0832,C09
U02408,5,5,0.0005000500050005,0.0005000500050005,Regular,0.2107,0.2561,C08
U05258,5,5,0.0005000500050005,0.0005000500050005,Active,0.6312,0.6701,C08
U05256,5,3,0.0005000500050005,0.00030003000300030005,Regular,0.0966,0.0635,C06
U06551,5,5,0.0005000500050005,0.0005000500050005,Regular,0.0848,0.2506,C01
U06547,5,5,0.0005000500050005,0.0005000500050005,Bridge,0.6956,0.3957,C22
U01807,5,6,0.0005000500050005,0.0006000600060006001,Regular,0.1862,0.422,C07
U01803,5,8,0.0005000500050005,0.0008000800080008001,Regular,0.1085,0.3359,C03
U06606,5,4,0.0005000500050005,0.00040004000400040005,Regular,0.3161,0.1437,C06
U06602,5,5,0.0005000500050005,0.0005000500050005,Regular,0.0786,0.3109,C02
U03331,5,5,0.0005000500050005,0.0005000500050005,Active,0.343,0.2594,C06
U03407,5,5,0.0005000500050005,0.0005000500050005,Regular,0.2985,0.1739,C07
U03401,5,5,0.0005000500050005,0.0005000500050005,Active,0.6855,0.3334,C01
U00996,5,6,0.0005000500050005,0.0006000600060006001,Regular,0.3454,0.0276,C21
U05318,5,5,0.0005000500050005,0.0005000500050005,Active,0.326,0.3539,C18
U05314,5,5,0.0005000500050005,0.0005000500050005,Regular,0.0957,0.1043,C14
U01023,5,5,0.0005000500050005,0.0005000500050005,Active,0.6618,0.3074,C23
U05244,5,4,0.0005000500050005,0.00040004000400040005,Regular,0.2221,0.2756,C19
U05243,5,5,0.0005000500050005,0.0005000500050005,Regular,0.2367,0.1807,C18
U09855,5,5,0.0005000500050005,0.0005000500050005,Regular,0.3469,0.1991,C05
U00075,5,4,0.0005000500050005,0.00040004000400040005,Regular,0.1305,0.1915,C25
U00095,5,7,0.0005000500050005,0.0007000700070007,Regular,0.3404,0.4382,C20
U03412,5,7,0.0005000500050005,0.0007000700070007,Active,0.5161,0.2287,C12
U03338,5,7,0.0005000500050005,0.0007000700070007,Regular,0.2147,0.3144,C13
U00068,5,5,0.0005000500050005,0.0005000500050005,Regular,0.0433,0.1829,C18
U01068,5,6,0.0005000500050005,0.0006000600060006001,Regular,0.3029,0.206,C18
U02376,5,5,0.0005000500050005,0.0005000500050005,Regular,0.1627,0.2293,C01
U07945,5,5,0.0005000500050005,0.0005000500050005,Regular,0.1345,0.315,C20
U02410,5,5,0.0005000500050005,0.0005000500050005,Active,0.2617,0.4663,C10
U07894,5,5,0.0005000500050005,0.0005000500050005,Active,0.5472,0.4158,C19
U07927,5,6,0.0005000500050005,0.0006000600060006001,Regular,0.3797,0.1512,C02
U07924,5,5,0.0005000500050005,0.0005000500050005,Regular,0.205,0.4497,C24
U08060,5,5,0.0005000500050005,0.0005000500050005,Regular,0.1367,0.0861,C10
U08049,5,5,0.0005000500050005,0.0005000500050005,Regular,0.1469,0.1872,C24
U03315,5,5,0.0005000500050005,0.0005000500050005,Regular,0.3974,0.1684,C15
U01754,5,5,0.0005000500050005,0.0005000500050005,Regular,0.3103,0.1221,C04
U06543,5,9,0.0005000500050005,0.0009000900090009002,Regular,0.466,0.1297,C18
U01746,5,5,0.0005000500050005,0.0005000500050005,Bridge,0.4648,0.6987,C21
U06639,5,5,0.0005000500050005,0.0005000500050005,Regular,0.3642,0.1237,C14
U01760,5,4,0.0005000500050005,0.00040004000400040005,Regular,0.2084,0.208,C10
U03440,5,4,0.0005000500050005,0.00040004000400040005,Active,0.7552,0.3668,C15
U05230,5,5,0.0005000500050005,0.0005000500050005,Regular,0.1769,0.2806,C05
U05215,5,7,0.0005000500050005,0.0007000700070007,Active,0.5919,0.3341,C15
U00999,5,5,0.0005000500050005,0.0005000500050005,Regular,0.2159,0.1016,C24
U00963,5,5,0.0005000500050005,0.0005000500050005,Regular,0.2912,0.1045,C13
U01024,5,5,0.0005000500050005,0.0005000500050005,Regular,0.4008,0.2578,C24
U07880,5,5,0.0005000500050005,0.0005000500050005,Regular,0.4462,0.1877,C05
U07879,5,5,0.0005000500050005,0.0005000500050005,Influential,0.2707,0.5993,C04
U07918,5,5,0.0005000500050005,0.0005000500050005,Regular,0.0961,0.2625,C18
U07915,5,5,0.0005000500050005,0.0005000500050005,Regular,0.3087,0.1352,C15
U02432,5,5,0.0005000500050005,0.0005000500050005,Active,0.5978,0.5622,C07
U03302,5,5,0.0005000500050005,0.0005000500050005,Regular,0.1919,0.1994,C02
U03466,5,5,0.0005000500050005,0.0005000500050005,Regular,0.2786,0.0667,C16
U03465,5,5,0.0005000500050005,0.0005000500050005,Regular,0.196,0.1828,C15
U00105,5,5,0.0005000500050005,0.0005000500050005,Regular,0.2093,0.1249,C05
U00087,5,5,0.0005000500050005,0.0005000500050005,Regular,0.3489,0.1622,C12
U03447,5,5,0.0005000500050005,0.0005000500050005,Regular,0.1243,0.3121,C22
U03320,5,6,0.0005000500050005,0.0006000600060006001,Regular,0.2872,0.2064,C20
U02431,5,4,0.0005000500050005,0.00040004000400040005,Regular,0.2554,0.3421,C06
U00980,5,6,0.0005000500050005,0.0006000600060006001,Regular,0.1188,0.2423,C05
U08097,5,4,0.0005000500050005,0.00040004000400040005,Regular,0.2916,0.2757,C22
U05364,5,4,0.0005000500050005,0.00040004000400040005,Active,0.4532,0.5537,C14
U05345,5,4,0.0005000500050005,0.00040004000400040005,Regular,0.3487,0.0404,C20
U07899,5,5,0.0005000500050005,0.0005000500050005,Active,0.6615,0.2294,C24
U02443,5,4,0.0005000500050005,0.00040004000400040005,Regular,0.3277,0.1405,C18
U08085,5,4,0.0005000500050005,0.00040004000400040005,Regular,0.1423,0.0353,C10
U09812,5,5,0.0005000500050005,0.0005000500050005,Regular,0.444,0.0177,C12
U06519,5,5,0.0005000500050005,0.0005000500050005,Active,0.2393,0.5107,C19
U06633,5,6,0.0005000500050005,0.0006000600060006001,Active,0.4542,0.1555,C08
U06523,5,5,0.0005000500050005,0.0005000500050005,Regular,0.1351,0.1475,C23
U01087,5,5,0.0005000500050005,0.0005000500050005,Regular,0.2376,0.1785,C12
U02361,5,5,0.0005000500050005,0.0005000500050005,Regular,0.1806,0.1966,C11
U02358,5,4,0.0005000500050005,0.00040004000400040005,Regular,0.2502,0.2597,C08
U02353,5,5,0.0005000500050005,0.0005000500050005,Active,0.717,0.4579,C03
U01079,5,5,0.0005000500050005,0.0005000500050005,Regular,0.3636,0.1559,C04
U07886,5,5,0.0005000500050005,0.0005000500050005,Active,0.4662,0.2454,C11
U02368,5,5,0.0005000500050005,0.0005000500050005,Regular,0.1232,0.1009,C18
U05149,5,5,0.0005000500050005,0.0005000500050005,Regular,0.1974,0.0302,C24
U05182,5,5,0.0005000500050005,0.0005000500050005,Active,0.4857,0.2856,C07
U05174,5,4,0.0005000500050005,0.00040004000400040005,Regular,0.3486,0.1086,C24
U08115,5,5,0.0005000500050005,0.0005000500050005,Active,0.491,0.5878,C15
U00949,5,3,0.0005000500050005,0.00030003000300030005,Regular,0.0726,0.398,C24
U05196,5,5,0.0005000500050005,0.0005000500050005,Active,0.5749,0.6157,C21
U07835,5,5,0.0005000500050005,0.0005000500050005,Regular,0.0241,0.6196,C10
U07833,5,4,0.0005000500050005,0.00040004000400040005,Regular,0.2393,0.0592,C08
U03501,5,5,0.0005000500050005,0.0005000500050005,Regular,0.5339,0.1241,C01
U03499,5,5,0.0005000500050005,0.0005000500050005,Regular,0.3785,0.1533,C24
U03486,5,5,0.0005000500050005,0.0005000500050005,Active,0.4452,0.2831,C11
U09762,5,4,0.0005000500050005,0.00040004000400040005,Regular,0.1518,0.2812,C12
U09826,5,5,0.0005000500050005,0.0005000500050005,Active,0.6534,0.1828,C01
U03483,5,3,0.0005000500050005,0.00030003000300030005,Active,0.6741,0.493,C08
U08126,5,4,0.0005000500050005,0.00040004000400040005,Regular,0.1341,0.3755,C01
U08121,5,4,0.0005000500050005,0.00040004000400040005,Regular,0.5803,0.3654,C21
U05385,5,6,0.0005000500050005,0.0006000600060006001,Regular,0.1943,0.1172,C10
U05137,5,5,0.0005000500050005,0.0005000500050005,Active,0.4825,0.4818,C12
U00940,5,5,0.0005000500050005,0.0005000500050005,Regular,0.422,0.3389,C15
U05403,5,4,0.0005000500050005,0.00040004000400040005,Regular,0.2128,0.1056,C03
U05394,5,5,0.0005000500050005,0.0005000500050005,Active,0.4096,0.198,C19
U01090,5,5,0.0005000500050005,0.0005000500050005,Regular,0.0816,0.3593,C15
U07844,5,5,0.0005000500050005,0.0005000500050005,Regular,0.2928,0.3015,C19
U07824,5,5,0.0005000500050005,0.0005000500050005,Regular,0.3311,0.1502,C24
U02363,5,5,0.0005000500050005,0.0005000500050005,Regular,0.148,0.142,C13
U05136,5,7,0.0005000500050005,0.0007000700070007,Regular,0.266,0.138,C11
U09759,5,4,0.0005000500050005,0.00040004000400040005,Regular,0.3851,0.3472,C09
U06511,5,5,0.0005000500050005,0.0005000500050005,Regular,0.2699,0.0728,C11
U01738,5,3,0.0005000500050005,0.00030003000300030005,Active,0.6364,0.2985,C13
U06686,5,5,0.0005000500050005,0.0005000500050005,Active,0.8867,0.3925,C11
U06668,5,5,0.0005000500050005,0.0005000500050005,Regular,0.2804,0.1019,C18
U05124,5,5,0.0005000500050005,0.0005000500050005,Regular,0.1757,0.2701,C24
U05121,5,5,0.0005000500050005,0.0005000500050005,Active,0.3517,0.3284,C21
U05115,5,4,0.0005000500050005,0.00040004000400040005,Regular,0.5019,0.0178,C15
U00931,5,5,0.0005000500050005,0.0005000500050005,Active,0.2729,0.2193,C06
U08150,5,4,0.0005000500050005,0.00040004000400040005,Regular,0.4481,0.1729,C25
U08175,5,5,0.0005000500050005,0.0005000500050005,Regular,0.0762,0.235,C25
U07806,5,5,0.0005000500050005,0.0005000500050005,Regular,0.239,0.362,C06
U05442,5,5,0.0005000500050005,0.0005000500050005,Active,0.4674,0.4415,C17
U03525,5,5,0.0005000500050005,0.0005000500050005,Active,0.4333,0.3462,C25
U03518,5,5,0.0005000500050005,0.0005000500050005,Active,0.5091,0.3946,C18
U09732,5,5,0.0005000500050005,0.0005000500050005,Regular,0.2662,0.2533,C07
U00139,5,5,0.0005000500050005,0.0005000500050005,Regular,0.3171,0.3423,C14
U03295,5,5,0.0005000500050005,0.0005000500050005,Regular,0.5126,0.1221,C20
U00113,5,6,0.0005000500050005,0.0006000600060006001,Regular,0.1888,0.2113,C13
U05427,5,5,0.0005000500050005,0.0005000500050005,Active,0.6924,0.293,C02
U05424,5,5,0.0005000500050005,0.0005000500050005,Regular,0.4505,0.1909,C24
U05422,5,4,0.0005000500050005,0.00040004000400040005,Regular,0.4102,0.0608,C22
U01108,5,5,0.0005000500050005,0.0005000500050005,Regular,0.3367,0.2845,C08
U07820,5,5,0.0005000500050005,0.0005000500050005,Regular,0.2222,0.2855,C20
U08171,5,5,0.0005000500050005,0.0005000500050005,Regular,0.2082,0.4904,C21
U08165,5,4,0.0005000500050005,0.00040004000400040005,Regular,0.1485,0.2148,C15
U08184,5,6,0.0005000500050005,0.0006000600060006001,Regular,0.3549,0.0509,C09
U08183,5,3,0.0005000500050005,0.00030003000300030005,Regular,0.2709,0.0502,C08
U00927,5,5,0.0005000500050005,0.0005000500050005,Regular,0.1544,0.1821,C02
U00924,5,4,0.0005000500050005,0.00040004000400040005,Regular,0.3332,0.1988,C24
U09710,5,4,0.0005000500050005,0.00040004000400040005,Regular,0.3745,0.1303,C10
U09705,5,5,0.0005000500050005,0.0005000500050005,Active,0.5806,0.2715,C05
U00157,5,5,0.0005000500050005,0.0005000500050005,Regular,0.2883,0.1416,C07
U09744,5,5,0.0005000500050005,0.0005000500050005,Regular,0.2041,0.2041,C19
U06489,5,5,0.0005000500050005,0.0005000500050005,Active,0.4155,0.3671,C14
U06681,5,4,0.0005000500050005,0.00040004000400040005,Regular,0.3662,0.3047,C06
U06695,5,5,0.0005000500050005,0.0005000500050005,Regular,0.2604,0.1604,C20
U03269,5,4,0.0005000500050005,0.00040004000400040005,Active,0.5326,0.2875,C19
U03529,5,5,0.0005000500050005,0.0005000500050005,Regular,0.1774,0.377,C04
U05080,5,4,0.0005000500050005,0.00040004000400040005,Regular,0.3251,0.1761,C05
U05078,5,5,0.0005000500050005,0.0005000500050005,Regular,0.1418,0.1565,C03
U02493,5,5,0.0005000500050005,0.0005000500050005,Regular,0.3681,0.1252,C18
U00914,5,5,0.0005000500050005,0.0005000500050005,Active,0.4613,0.5158,C14
U05455,5,5,0.0005000500050005,0.0005000500050005,Regular,0.1081,0.1322,C05
U02485,5,7,0.0005000500050005,0.0007000700070007,Regular,0.341,0.0809,C10
U05055,5,5,0.0005000500050005,0.0005000500050005,Regular,0.2467,0.2304,C05
U05054,5,5,0.0005000500050005,0.0005000500050005,Regular,0.1799,0.0775,C04
U06709,5,5,0.0005000500050005,0.0005000500050005,Regular,0.2347,0.3293,C09
U03568,5,5,0.0005000500050005,0.0005000500050005,Regular,0.3214,0.2888,C18
U03554,5,4,0.0005000500050005,0.00040004000400040005,Regular,0.1859,0.3974,C04
U00145,5,5,0.0005000500050005,0.0005000500050005,Regular,0.288,0.0704,C20
U09728,5,5,0.0005000500050005,0.0005000500050005,Regular,0.2777,0.4199,C03
U08214,5,5,0.0005000500050005,0.0005000500050005,Regular,0.1964,0.2676,C14
U08213,5,6,0.0005000500050005,0.0006000600060006001,Active,0.3959,0.3472,C13
U01147,5,5,0.0005000500050005,0.0005000500050005,Regular,0.2038,0.1503,C22
U01143,5,4,0.0005000500050005,0.00040004000400040005,Regular,0.2355,0.1818,C18
U01141,5,5,0.0005000500050005,0.0005000500050005,Regular,0.1581,0.3168,C16
U01140,5,5,0.0005000500050005,0.0005000500050005,Regular,0.1438,0.394,C15
U07743,5,3,0.0005000500050005,0.00030003000300030005,Regular,0.229,0.1424,C18
U03254,5,4,0.0005000500050005,0.00040004000400040005,Regular,0.1998,0.2821,C04
U09667,5,7,0.0005000500050005,0.0007000700070007,Active,0.3371,0.5632,C17
U00176,5,5,0.0005000500050005,0.0005000500050005,Bridge,0.3846,0.4792,C01
U00156,5,5,0.0005000500050005,0.0005000500050005,Active,0.5655,0.1849,C06
U01836,5,5,0.0005000500050005,0.0005000500050005,Regular,0.0775,0.1585,C11
U01834,5,5,0.0005000500050005,0.0005000500050005,Regular,0.2932,0.009,C09
U05043,5,5,0.0005000500050005,0.0005000500050005,Regular,0.1875,0.0579,C18
U02508,5,5,0.0005000500050005,0.0005000500050005,Active,0.3978,0.3699,C08
U02507,5,5,0.0005000500050005,0.0005000500050005,Regular,0.2303,0.1996,C07
U05037,5,5,0.0005000500050005,0.0005000500050005,Regular,0.1669,0.1928,C12
U05029,5,4,0.0005000500050005,0.00040004000400040005,Regular,0.2686,0.2463,C04
U05027,5,5,0.0005000500050005,0.0005000500050005,Regular,0.3823,0.0706,C02
U05022,5,5,0.0005000500050005,0.0005000500050005,Regular,0.4449,0.1407,C22
U08215,5,4,0.0005000500050005,0.00040004000400040005,Regular,0.2602,0.2506,C15
U08242,5,5,0.0005000500050005,0.0005000500050005,Regular,0.3557,0.1512,C17
U05480,5,4,0.0005000500050005,0.00040004000400040005,Active,0.375,0.2986,C05
U08239,5,5,0.0005000500050005,0.0005000500050005,Active,0.4561,0.1538,C14
U08237,5,4,0.0005000500050005,0.00040004000400040005,Regular,0.5309,0.0957,C12
U08233,5,3,0.0005000500050005,0.00030003000300030005,Regular,0.2061,0.222,C08
U09658,5,5,0.0005000500050005,0.0005000500050005,Regular,0.1206,0.2279,C08
U09656,5,5,0.0005000500050005,0.0005000500050005,Regular,0.1453,0.0733,C06
U09652,5,5,0.0005000500050005,0.0005000500050005,Regular,0.174,0.4619,C02
U09693,5,4,0.0005000500050005,0.00040004000400040005,Regular,0.4344,0.1648,C18
U09689,5,5,0.0005000500050005,0.0005000500050005,Regular,0.1556,0.0536,C14
U03573,5,7,0.0005000500050005,0.0007000700070007,Regular,0.1955,0.0991,C23
U08229,5,10,0.0005000500050005,0.001000100010001,Regular,0.2662,0.0083,C04
U04978,5,5,0.0005000500050005,0.0005000500050005,Regular,0.4759,0.263,C03
U01160,5,5,0.0005000500050005,0.0005000500050005,Regular,0.6297,0.103,C10
U05483,5,6,0.0005000500050005,0.0006000600060006001,Active,0.364,0.2699,C08
U02331,5,5,0.0005000500050005,0.0005000500050005,Regular,0.4438,0.1414,C06
U08269,5,5,0.0005000500050005,0.0005000500050005,Regular,0.2397,0.2175,C19
U07720,5,5,0.0005000500050005,0.0005000500050005,Active,0.4265,0.4796,C20
U03235,5,4,0.0005000500050005,0.00040004000400040005,Active,0.7296,0.3249,C10
U06459,5,5,0.0005000500050005,0.0005000500050005,Regular,0.4728,0.1792,C09
U01714,5,5,0.0005000500050005,0.0005000500050005,Regular,0.2874,0.1409,C14
U06716,5,5,0.0005000500050005,0.0005000500050005,Regular,0.1502,0.1231,C16
U06745,5,4,0.0005000500050005,0.00040004000400040005,Regular,0.0989,0.1447,C20
U06742,5,5,0.0005000500050005,0.0005000500050005,Regular,0.376,0.0463,C17
U06704,5,5,0.0005000500050005,0.0005000500050005,Active,0.4883,0.4235,C04
U06703,5,5,0.0005000500050005,0.0005000500050005,Regular,0.2608,0.1532,C03
U03234,5,5,0.0005000500050005,0.0005000500050005,Active,0.8707,0.4433,C09
U02294,5,3,0.0005000500050005,0.00030003000300030005,Active,0.4002,0.3254,C19
U02289,5,5,0.0005000500050005,0.0005000500050005,Regular,0.4422,0.1692,C14
U05518,5,4,0.0005000500050005,0.00040004000400040005,Regular,0.3468,0.1058,C18
U05517,5,6,0.0005000500050005,0.0006000600060006001,Regular,0.2802,0.2638,C17
U05510,5,5,0.0005000500050005,0.0005000500050005,Regular,0.3012,0.1398,C10
U00886,5,4,0.0005000500050005,0.00040004000400040005,Regular,0.0904,0.5546,C11
U02532,5,5,0.0005000500050005,0.0005000500050005,Regular,0.4185,0.0628,C07
U04983,5,5,0.0005000500050005,0.0005000500050005,Regular,0.1125,0.0682,C08
U09633,5,4,0.0005000500050005,0.00040004000400040005,Regular,0.2402,0.4407,C08
U09626,5,5,0.0005000500050005,0.0005000500050005,Active,0.6936,0.3992,C01
U00186,5,5,0.0005000500050005,0.0005000500050005,Regular,0.1823,0.1161,C11
U06740,5,4,0.0005000500050005,0.00040004000400040005,Regular,0.1016,0.3103,C15
U01855,5,5,0.0005000500050005,0.0005000500050005,Regular,0.3594,0.1488,C05
U09647,5,5,0.0005000500050005,0.0005000500050005,Regular,0.4038,0.2051,C22
U09634,5,4,0.0005000500050005,0.00040004000400040005,Active,0.7172,0.2796,C09
U03219,5,7,0.0005000500050005,0.0007000700070007,Active,0.6832,0.3767,C19
U02298,5,5,0.0005000500050005,0.0005000500050005,Regular,0.3521,0.064,C23
U01180,5,5,0.0005000500050005,0.0005000500050005,Active,0.6209,0.3174,C05
U04976,5,5,0.0005000500050005,0.0005000500050005,Regular,0.3219,0.2537,C01
U08281,5,4,0.0005000500050005,0.00040004000400040005,Regular,0.3819,0.1437,C06
U08272,5,5,0.0005000500050005,0.0005000500050005,Active,0.4642,0.4095,C22
U04975,5,5,0.0005000500050005,0.0005000500050005,Regular,0.3068,0.0353,C25
U02554,5,4,0.0005000500050005,0.00040004000400040005,Regular,0.5712,0.034,C04
U08267,5,6,0.0005000500050005,0.0006000600060006001,Regular,0.2375,0.2415,C17
U08266,5,5,0.0005000500050005,0.0005000500050005,Active,0.6398,0.4475,C16
U00875,5,5,0.0005000500050005,0.0005000500050005,Regular,0.263,0.0926,C25
U04960,5,4,0.0005000500050005,0.00040004000400040005,Active,0.414,0.3771,C10
U03648,5,4,0.0005000500050005,0.00040004000400040005,Regular,0.0836,0.1031,C23
U03643,5,5,0.0005000500050005,0.0005000500050005,Regular,0.5492,0.0957,C18
U03634,5,5,0.0005000500050005,0.0005000500050005,Regular,0.319,0.2764,C09
U00198,5,5,0.0005000500050005,0.0005000500050005,Regular,0.2821,0.1078,C23
U03602,5,5,0.0005000500050005,0.0005000500050005,Regular,0.1695,0.4226,C02
U03651,5,6,0.0005000500050005,0.0006000600060006001,Regular,0.576,0.1244,C01
U03229,5,4,0.0005000500050005,0.00040004000400040005,Regular,0.338,0.1365,C04
U04956,5,5,0.0005000500050005,0.0005000500050005,Regular,0.0721,0.2418,C06
U02278,5,3,0.0005000500050005,0.00030003000300030005,Regular,0.3018,0.0923,C03
U05537,5,7,0.0005000500050005,0.0007000700070007,Regular,0.3651,0.1933,C12
U05536,5,4,0.0005000500050005,0.00040004000400040005,Regular,0.1461,0.1444,C11
U01187,5,5,0.0005000500050005,0.0005000500050005,Regular,0.223,0.0933,C12
U05507,5,5,0.0005000500050005,0.0005000500050005,Regular,0.1508,0.2524,C07
U06424,5,5,0.0005000500050005,0.0005000500050005,Active,0.2901,0.6305,C24
U06422,5,5,0.0005000500050005,0.0005000500050005,Regular,0.1251,0.2534,C22
U01850,5,5,0.0005000500050005,0.0005000500050005,Regular,0.263,0.2656,C25
U06757,5,5,0.0005000500050005,0.0005000500050005,Regular,0.2945,0.152,C07
U05562,5,5,0.0005000500050005,0.0005000500050005,Regular,0.4138,0.1949,C12
U02286,5,6,0.0005000500050005,0.0006000600060006001,Regular,0.3506,0.0596,C11
U02283,5,5,0.0005000500050005,0.0005000500050005,Regular,0.2671,0.0678,C08
U08292,5,4,0.0005000500050005,0.00040004000400040005,Regular,0.324,0.2424,C17
U04927,5,5,0.0005000500050005,0.0005000500050005,Regular,0.186,0.1877,C02
U04924,5,5,0.0005000500050005,0.0005000500050005,Regular,0.2171,0.1875,C24
U08334,5,5,0.0005000500050005,0.0005000500050005,Regular,0.2118,0.0712,C09
U05584,5,5,0.0005000500050005,0.0005000500050005,Regular,0.1722,0.1366,C09
U05578,5,5,0.0005000500050005,0.0005000500050005,Regular,0.318,0.0879,C03
U05574,5,4,0.0005000500050005,0.00040004000400040005,Regular,0.1787,0.202,C24
U01186,5,3,0.0005000500050005,0.00030003000300030005,Regular,0.2843,0.1416,C11
U08327,5,4,0.0005000500050005,0.00040004000400040005,Regular,0.1491,0.1845,C02
U07634,5,4,0.0005000500050005,0.00040004000400040005,Regular,0.1807,0.2771,C09
U07666,5,6,0.0005000500050005,0.0006000600060006001,Regular,0.5108,0.4258,C16
U04898,5,5,0.0005000500050005,0.0005000500050005,Regular,0.3132,0.0968,C23
U03193,5,6,0.0005000500050005,0.0006000600060006001,Regular,0.4023,0.2607,C18
U03186,5,5,0.0005000500050005,0.0005000500050005,Regular,0.0913,0.2547,C11
U03669,5,5,0.0005000500050005,0.0005000500050005,Regular,0.2544,0.1741,C19
U09603,5,5,0.0005000500050005,0.0005000500050005,Regular,0.1819,0.4138,C03
U00213,5,4,0.0005000500050005,0.00040004000400040005,Regular,0.0577,0.208,C13
U00210,5,5,0.0005000500050005,0.0005000500050005,Active,0.7477,0.2176,C10
U00209,5,5,0.0005000500050005,0.0005000500050005,Regular,0.2029,0.3086,C09
U00838,5,5,0.0005000500050005,0.0005000500050005,Regular,0.3933,0.1257,C13
U08351,5,4,0.0005000500050005,0.00040004000400040005,Regular,0.3077,0.1664,C01
U08346,5,5,0.0005000500050005,0.0005000500050005,Regular,0.3987,0.2682,C21
U08345,5,5,0.0005000500050005,0.0005000500050005,Regular,0.1959,0.2079,C20
U08374,5,5,0.0005000500050005,0.0005000500050005,Regular,0.1451,0.1526,C24
U08337,5,5,0.0005000500050005,0.0005000500050005,Active,0.2395,0.4089,C12
U02564,5,5,0.0005000500050005,0.0005000500050005,Regular,0.226,0.1116,C14
U00841,5,5,0.0005000500050005,0.0005000500050005,Regular,0.3058,0.3652,C16
U06769,5,5,0.0005000500050005,0.0005000500050005,Regular,0.3647,0.0279,C19
U06408,5,6,0.0005000500050005,0.0006000600060006001,Regular,0.4355,0.0887,C08
U01870,5,5,0.0005000500050005,0.0005000500050005,Regular,0.2025,0.1038,C20
U01698,5,5,0.0005000500050005,0.0005000500050005,Regular,0.1118,0.2319,C23
U06747,5,5,0.0005000500050005,0.0005000500050005,Regular,0.2021,0.4014,C22
U00224,5,5,0.0005000500050005,0.0005000500050005,Regular,0.3834,0.197,C24
U02261,5,5,0.0005000500050005,0.0005000500050005,Active,0.3573,0.1507,C11
U02258,5,5,0.0005000500050005,0.0005000500050005,Regular,0.6483,0.0186,C08
U07647,5,4,0.0005000500050005,0.00040004000400040005,Regular,0.1326,0.1997,C22
U07637,5,4,0.0005000500050005,0.00040004000400040005,Regular,0.2011,0.1998,C12
U07619,5,5,0.0005000500050005,0.0005000500050005,Regular,0.2012,0.3044,C19
U07656,5,6,0.0005000500050005,0.0006000600060006001,Active,0.6078,0.2719,C06
U04871,5,5,0.0005000500050005,0.0005000500050005,Regular,0.2427,0.3592,C21
U04870,5,6,0.0005000500050005,0.0006000600060006001,Regular,0.1887,0.0619,C20
U08371,5,5,0.0005000500050005,0.0005000500050005,Regular,0.2584,0.313,C21
U00847,5,3,0.0005000500050005,0.00030003000300030005,Regular,0.4655,0.0314,C22
U05616,5,5,0.0005000500050005,0.0005000500050005,Regular,0.3552,0.2407,C16
U08399,5,6,0.0005000500050005,0.0006000600060006001,Regular,0.0607,0.2649,C24
U08388,5,5,0.0005000500050005,0.0005000500050005,Regular,0.2523,0.1622,C13
U03705,5,5,0.0005000500050005,0.0005000500050005,Regular,0.0936,0.2255,C05
U03697,5,5,0.0005000500050005,0.0005000500050005,Regular,0.2046,0.2549,C22
U00217,5,4,0.0005000500050005,0.00040004000400040005,Regular,0.2077,0.2635,C17
U01857,5,5,0.0005000500050005,0.0005000500050005,Regular,0.0847,0.1305,C07
U06399,5,5,0.0005000500050005,0.0005000500050005,Regular,0.179,0.2914,C24
U06390,5,5,0.0005000500050005,0.0005000500050005,Regular,0.158,0.3365,C15
U09574,5,5,0.0005000500050005,0.0005000500050005,Active,0.5411,0.2411,C24
U03687,5,4,0.0005000500050005,0.00040004000400040005,Regular,0.3502,0.3922,C12
U04858,5,5,0.0005000500050005,0.0005000500050005,Regular,0.2142,0.344,C08
U05613,5,5,0.0005000500050005,0.0005000500050005,Regular,0.0538,0.2005,C13
U00829,5,5,0.0005000500050005,0.0005000500050005,Regular,0.2874,0.068,C04
U00826,5,5,0.0005000500050005,0.0005000500050005,Regular,0.2509,0.209,C01
U02595,5,5,0.0005000500050005,0.0005000500050005,Regular,0.4433,0.2648,C20
U00255,5,8,0.0005000500050005,0.0008000800080008001,Regular,0.0732,0.1818,C05
U00253,5,3,0.0005000500050005,0.00030003000300030005,Regular,0.1651,0.0442,C03
U03727,5,5,0.0005000500050005,0.0005000500050005,Regular,0.3274,0.059,C02
U03179,5,6,0.0005000500050005,0.0006000600060006001,Regular,0.3808,0.1503,C04
U00248,5,5,0.0005000500050005,0.0005000500050005,Regular,0.0808,0.2242,C23
U06762,5,5,0.0005000500050005,0.0005000500050005,Regular,0.283,0.1555,C12
U09555,5,4,0.0005000500050005,0.00040004000400040005,Active,0.5179,0.3506,C05
U09548,5,5,0.0005000500050005,0.0005000500050005,Regular,0.2572,0.0764,C23
U03171,5,4,0.0005000500050005,0.00040004000400040005,Regular,0.1695,0.2874,C21
U01221,5,5,0.0005000500050005,0.0005000500050005,Regular,0.4026,0.142,C21
U01217,5,5,0.0005000500050005,0.0005000500050005,Regular,0.2059,0.1302,C17
U05625,5,5,0.0005000500050005,0.0005000500050005,Active,0.7493,0.3632,C25
U04822,5,5,0.0005000500050005,0.0005000500050005,Regular,0.2232,0.1347,C22
U04821,5,5,0.0005000500050005,0.0005000500050005,Bridge,0.5194,0.4497,C21
U04820,5,4,0.0005000500050005,0.00040004000400040005,Regular,0.1823,0.3807,C20
U03168,5,5,0.0005000500050005,0.0005000500050005,Regular,0.0722,0.4923,C18
U03159,5,5,0.0005000500050005,0.0005000500050005,Regular,0.2148,0.1269,C09
U00238,5,5,0.0005000500050005,0.0005000500050005,Regular,0.2296,0.1896,C13
U01877,5,5,0.0005000500050005,0.0005000500050005,Active,0.6222,0.2375,C02
U01888,5,5,0.0005000500050005,0.0005000500050005,Regular,0.3203,0.0185,C13
U01885,5,5,0.0005000500050005,0.0005000500050005,Regular,0.3174,0.04,C10
U06783,5,5,0.0005000500050005,0.0005000500050005,Regular,0.2187,0.1129,C08
U06774,5,5,0.0005000500050005,0.0005000500050005,Active,0.6295,0.4153,C24
U04818,5,5,0.0005000500050005,0.0005000500050005,Regular,0.1184,0.1694,C18
U02623,5,6,0.0005000500050005,0.0006000600060006001,Regular,0.5241,0.1713,C23
U08417,5,6,0.0005000500050005,0.0006000600060006001,Active,0.2546,0.478,C17
U04792,5,5,0.0005000500050005,0.0005000500050005,Regular,0.2175,0.3668,C17
U08403,5,5,0.0005000500050005,0.0005000500050005,Active,0.36,0.1502,C03
U01240,5,6,0.0005000500050005,0.0006000600060006001,Regular,0.3068,0.2001,C15
U05633,5,5,0.0005000500050005,0.0005000500050005,Regular,0.3972,0.1026,C08
U09517,5,5,0.0005000500050005,0.0005000500050005,Regular,0.0885,0.2598,C17
U09513,5,5,0.0005000500050005,0.0005000500050005,Regular,0.312,0.1794,C13
U09507,5,5,0.0005000500050005,0.0005000500050005,Regular,0.2793,0.0605,C07
U03742,5,5,0.0005000500050005,0.0005000500050005,Active,0.4709,0.4179,C17
U09500,5,5,0.0005000500050005,0.0005000500050005,Regular,0.1205,0.1949,C25
U00242,5,6,0.0005000500050005,0.0006000600060006001,Regular,0.1593,0.276,C17
U09529,5,7,0.0005000500050005,0.0007000700070007,Active,0.3791,0.3225,C04
U02256,5,5,0.0005000500050005,0.0005000500050005,Regular,0.1232,0.1614,C06
U04810,5,5,0.0005000500050005,0.0005000500050005,Regular,0.2113,0.1035,C10
U08447,5,4,0.0005000500050005,0.00040004000400040005,Regular,0.1913,0.3358,C22
U08445,5,4,0.0005000500050005,0.00040004000400040005,Regular,0.2021,0.1114,C20
U08442,5,5,0.0005000500050005,0.0005000500050005,Regular,0.1797,0.3268,C17
U08435,5,5,0.0005000500050005,0.0005000500050005,Regular,0.1932,0.1095,C10
U02630,5,5,0.0005000500050005,0.0005000500050005,Regular,0.2463,0.1875,C05
U00784,5,4,0.0005000500050005,0.00040004000400040005,Regular,0.1127,0.2794,C09
U00777,5,4,0.0005000500050005,0.00040004000400040005,Regular,0.051,0.2684,C02
U05661,5,5,0.0005000500050005,0.0005000500050005,Regular,0.5337,0.0688,C11
U05655,5,5,0.0005000500050005,0.0005000500050005,Active,0.3841,0.2657,C05
U03768,5,4,0.0005000500050005,0.00040004000400040005,Regular,0.3921,0.1695,C18
U03766,5,5,0.0005000500050005,0.0005000500050005,Regular,0.1514,0.4838,C16
U09522,5,6,0.0005000500050005,0.0006000600060006001,Regular,0.3399,0.1277,C22
U06355,5,4,0.0005000500050005,0.00040004000400040005,Active,0.4629,0.3637,C05
U06375,5,4,0.0005000500050005,0.00040004000400040005,Active,0.5657,0.2465,C25
U06372,5,4,0.0005000500050005,0.00040004000400040005,Regular,0.2067,0.2947,C22
U06791,5,5,0.0005000500050005,0.0005000500050005,Regular,0.343,0.1645,C16
U07583,5,5,0.0005000500050005,0.0005000500050005,Active,0.6073,0.3988,C08
U07575,5,4,0.0005000500050005,0.00040004000400040005,Regular,0.2445,0.0208,C25
U01255,5,5,0.0005000500050005,0.0005000500050005,Active,0.7593,0.257,C05
U07590,5,4,0.0005000500050005,0.00040004000400040005,Regular,0.2378,0.1523,C15
U07588,5,4,0.0005000500050005,0.00040004000400040005,Regular,0.2155,0.3344,C13
U01248,5,5,0.0005000500050005,0.0005000500050005,Active,0.3668,0.2137,C23
U08476,5,5,0.0005000500050005,0.0005000500050005,Regular,0.3592,0.1308,C01
U08470,5,5,0.0005000500050005,0.0005000500050005,Regular,0.2874,0.235,C20
U08465,5,2,0.0005000500050005,0.00020002000200020003,Regular,0.3848,0.1447,C15
U00262,5,5,0.0005000500050005,0.0005000500050005,Regular,0.3215,0.1771,C12
U03787,5,6,0.0005000500050005,0.0006000600060006001,Regular,0.3087,0.2696,C12
U03780,5,5,0.0005000500050005,0.0005000500050005,Regular,0.2825,0.2097,C05
U06344,5,5,0.0005000500050005,0.0005000500050005,Regular,0.108,0.2819,C19
U06341,5,8,0.0005000500050005,0.0008000800080008001,Regular,0.3047,0.1422,C16
U00241,5,5,0.0005000500050005,0.0005000500050005,Regular,0.2286,0.1625,C16
U09484,5,5,0.0005000500050005,0.0005000500050005,Regular,0.1484,0.3681,C09
U03139,5,4,0.0005000500050005,0.00040004000400040005,Active,0.5551,0.3546,C14
U08499,5,4,0.0005000500050005,0.00040004000400040005,Regular,0.1707,0.1957,C24
U02238,5,5,0.0005000500050005,0.0005000500050005,Regular,0.1435,0.2516,C13
U00787,5,5,0.0005000500050005,0.0005000500050005,Regular,0.274,0.291,C12
U07533,5,5,0.0005000500050005,0.0005000500050005,Regular,0.1412,0.1645,C08
U01254,5,4,0.0005000500050005,0.00040004000400040005,Regular,0.1505,0.2124,C04
U09480,5,4,0.0005000500050005,0.00040004000400040005,Regular,0.2298,0.3285,C05
U00284,5,5,0.0005000500050005,0.0005000500050005,Regular,0.2946,0.2943,C09
U00277,5,4,0.0005000500050005,0.00040004000400040005,Regular,0.2706,0.1128,C02
U06833,5,5,0.0005000500050005,0.0005000500050005,Regular,0.3269,0.2146,C08
U09475,5,5,0.0005000500050005,0.0005000500050005,Active,0.525,0.4431,C25
U00272,5,5,0.0005000500050005,0.0005000500050005,Regular,0.0622,0.4069,C22
U08494,5,5,0.0005000500050005,0.0005000500050005,Regular,0.1654,0.1512,C19
U08492,5,4,0.0005000500050005,0.00040004000400040005,Regular,0.0853,0.2908,C17
U04755,5,5,0.0005000500050005,0.0005000500050005,Regular,0.1236,0.1904,C05
U08486,5,5,0.0005000500050005,0.0005000500050005,Regular,0.2613,0.1806,C11
U02222,5,5,0.0005000500050005,0.0005000500050005,Active,0.6385,0.5172,C22
U07546,5,5,0.0005000500050005,0.0005000500050005,Regular,0.2772,0.1395,C21
U04742,5,5,0.0005000500050005,0.0005000500050005,Active,0.4248,0.2772,C17
U08507,5,5,0.0005000500050005,0.0005000500050005,Regular,0.2646,0.2617,C07
U08501,5,5,0.0005000500050005,0.0005000500050005,Regular,0.3358,0.1954,C01
U05696,5,5,0.0005000500050005,0.0005000500050005,Regular,0.2713,0.1383,C21
U07540,5,6,0.0005000500050005,0.0006000600060006001,Regular,0.2832,0.1416,C15
U08538,5,6,0.0005000500050005,0.0006000600060006001,Regular,0.1834,0.142,C13
U08535,5,5,0.0005000500050005,0.0005000500050005,Regular,0.1002,0.3177,C10
U03149,5,5,0.0005000500050005,0.0005000500050005,Regular,0.2718,0.1046,C24
U01661,5,5,0.0005000500050005,0.0005000500050005,Regular,0.4854,0.0874,C11
U06335,5,5,0.0005000500050005,0.0005000500050005,Active,0.4457,0.2438,C10
U06838,5,5,0.0005000500050005,0.0005000500050005,Regular,0.2738,0.238,C13
U06876,5,5,0.0005000500050005,0.0005000500050005,Regular,0.2174,0.0488,C01
U01892,5,4,0.0005000500050005,0.00040004000400040005,Regular,0.2266,0.1848,C17
U06829,5,5,0.0005000500050005,0.0005000500050005,Active,0.3406,0.3481,C04
U06825,5,5,0.0005000500050005,0.0005000500050005,Active,0.445,0.3491,C25
U04720,5,5,0.0005000500050005,0.0005000500050005,Regular,0.3858,0.1115,C20
U08548,5,5,0.0005000500050005,0.0005000500050005,Active,0.7197,0.2289,C23
U05702,5,5,0.0005000500050005,0.0005000500050005,Regular,0.0764,0.2976,C02
U05701,5,5,0.0005000500050005,0.0005000500050005,Regular,0.2003,0.2906,C01
U05699,5,5,0.0005000500050005,0.0005000500050005,Active,0.3892,0.4678,C24
U02223,5,4,0.0005000500050005,0.00040004000400040005,Regular,0.2598,0.1678,C23
U05717,5,4,0.0005000500050005,0.00040004000400040005,Regular,0.1578,0.254,C17
U07496,5,5,0.0005000500050005,0.0005000500050005,Regular,0.0285,0.385,C21
U03105,5,5,0.0005000500050005,0.0005000500050005,Active,0.2543,0.3625,C05
U03834,5,5,0.0005000500050005,0.0005000500050005,Regular,0.4839,0.2565,C09
U03824,5,4,0.0005000500050005,0.00040004000400040005,Regular,0.1854,0.2628,C24
U09439,5,5,0.0005000500050005,0.0005000500050005,Active,0.387,0.4632,C14
U09444,5,4,0.0005000500050005,0.00040004000400040005,Regular,0.2637,0.1546,C19
U09442,5,6,0.0005000500050005,0.0006000600060006001,Regular,0.2787,0.189,C17
U03855,5,5,0.0005000500050005,0.0005000500050005,Regular,0.2927,0.1739,C05
U00274,5,6,0.0005000500050005,0.0006000600060006001,Influential,0.6866,0.7523,C24
U03815,5,5,0.0005000500050005,0.0005000500050005,Regular,0.1447,0.1916,C15
U08545,5,5,0.0005000500050005,0.0005000500050005,Regular,0.2347,0.1638,C20
U00748,5,5,0.0005000500050005,0.0005000500050005,Bridge,0.6856,0.488,C23
U00744,5,5,0.0005000500050005,0.0005000500050005,Regular,0.1157,0.3125,C19
U04708,5,5,0.0005000500050005,0.0005000500050005,Active,0.6587,0.1802,C08
U04706,5,5,0.0005000500050005,0.0005000500050005,Regular,0.1715,0.2169,C06
U02657,5,6,0.0005000500050005,0.0006000600060006001,Active,0.1533,0.3692,C07
U01303,5,5,0.0005000500050005,0.0005000500050005,Regular,0.2069,0.3184,C03
U05745,5,5,0.0005000500050005,0.0005000500050005,Active,0.278,0.1304,C20
U05742,5,5,0.0005000500050005,0.0005000500050005,Regular,0.0721,0.2003,C17
U03809,5,4,0.0005000500050005,0.00040004000400040005,Regular,0.2926,0.2487,C09
U06870,5,5,0.0005000500050005,0.0005000500050005,Regular,0.4641,0.181,C20
U01916,5,5,0.0005000500050005,0.0005000500050005,Regular,0.135,0.2484,C16
U01915,5,5,0.0005000500050005,0.0005000500050005,Regular,0.3342,0.2445,C15
U01908,5,5,0.0005000500050005,0.0005000500050005,Active,0.4333,0.293,C08
U03136,5,4,0.0005000500050005,0.00040004000400040005,Regular,0.3987,0.129,C11
U03129,5,5,0.0005000500050005,0.0005000500050005,Regular,0.2865,0.1654,C04
U00734,5,5,0.0005000500050005,0.0005000500050005,Active,0.6216,0.0917,C09
U07507,5,5,0.0005000500050005,0.0005000500050005,Regular,0.3847,0.0332,C07
U05719,5,5,0.0005000500050005,0.0005000500050005,Active,0.4985,0.2879,C19
U00730,5,5,0.0005000500050005,0.0005000500050005,Active,0.8789,0.3431,C05
U02674,5,5,0.0005000500050005,0.0005000500050005,Regular,0.1743,0.2148,C24
U04672,5,5,0.0005000500050005,0.0005000500050005,Regular,0.1045,0.1898,C22
U00301,5,5,0.0005000500050005,0.0005000500050005,Regular,0.3317,0.0797,C01
U00299,5,4,0.0005000500050005,0.00040004000400040005,Regular,0.2228,0.2036,C24
U00350,5,5,0.0005000500050005,0.0005000500050005,Regular,0.3839,0.0974,C25
U03852,5,5,0.0005000500050005,0.0005000500050005,Regular,0.4191,0.078,C02
U03850,5,5,0.0005000500050005,0.0005000500050005,Regular,0.4458,0.1026,C25
U01309,5,6,0.0005000500050005,0.0006000600060006001,Active,0.38,0.4254,C09
U01304,5,5,0.0005000500050005,0.0005000500050005,Regular,0.3312,0.0771,C04
U07481,5,5,0.0005000500050005,0.0005000500050005,Active,0.2657,0.6467,C06
U07466,5,5,0.0005000500050005,0.0005000500050005,Regular,0.2404,0.2002,C16
U07458,5,5,0.0005000500050005,0.0005000500050005,Regular,0.039,0.2531,C08
U07457,5,4,0.0005000500050005,0.00040004000400040005,Influential,0.8354,0.5024,C07
U07491,5,4,0.0005000500050005,0.00040004000400040005,Active,0.5051,0.3183,C16
U08592,5,5,0.0005000500050005,0.0005000500050005,Regular,0.2792,0.0733,C17
U04662,5,5,0.0005000500050005,0.0005000500050005,Regular,0.0621,0.2374,C12
U04659,5,5,0.0005000500050005,0.0005000500050005,Active,0.4302,0.3923,C09
U05733,5,4,0.0005000500050005,0.00040004000400040005,Regular,0.3518,0.1111,C08
U02199,5,5,0.0005000500050005,0.0005000500050005,Regular,0.211,0.2599,C24
U00711,5,5,0.0005000500050005,0.0005000500050005,Regular,0.1987,0.1328,C11
U04645,5,5,0.0005000500050005,0.0005000500050005,Regular,0.2884,0.3838,C20
U01640,5,5,0.0005000500050005,0.0005000500050005,Regular,0.3458,0.1418,C15
U06304,5,5,0.0005000500050005,0.0005000500050005,Regular,0.1913,0.2016,C04
U06296,5,5,0.0005000500050005,0.0005000500050005,Regular,0.4082,0.3029,C21
U06294,5,5,0.0005000500050005,0.0005000500050005,Regular,0.3733,0.2073,C19
U06905,5,5,0.0005000500050005,0.0005000500050005,Regular,0.1888,0.1056,C05
U06857,5,5,0.0005000500050005,0.0005000500050005,Active,0.4808,0.1866,C07
U03093,5,5,0.0005000500050005,0.0005000500050005,Regular,0.0555,0.3636,C18
U03869,5,5,0.0005000500050005,0.0005000500050005,Regular,0.1723,0.1017,C19
U02716,5,5,0.0005000500050005,0.0005000500050005,Regular,0.212,0.2067,C16
U08603,5,4,0.0005000500050005,0.00040004000400040005,Regular,0.104,0.3248,C03
U05776,5,5,0.0005000500050005,0.0005000500050005,Regular,0.6227,0.2778,C01
U05775,5,5,0.0005000500050005,0.0005000500050005,Regular,0.2742,0.3704,C25
U01344,5,5,0.0005000500050005,0.0005000500050005,Active,0.4906,0.3465,C19
U08625,5,5,0.0005000500050005,0.0005000500050005,Regular,0.1611,0.2606,C25
U03078,5,5,0.0005000500050005,0.0005000500050005,Regular,0.2987,0.2638,C03
U06901,5,5,0.0005000500050005,0.0005000500050005,Regular,0.2985,0.1762,C01
U06287,5,5,0.0005000500050005,0.0005000500050005,Regular,0.3319,0.252,C12
U06277,5,5,0.0005000500050005,0.0005000500050005,Regular,0.2104,0.0601,C02
U06272,5,6,0.0005000500050005,0.0006000600060006001,Regular,0.2425,0.1999,C22
U03887,5,5,0.0005000500050005,0.0005000500050005,Regular,0.1043,0.2166,C12
U00345,5,5,0.0005000500050005,0.0005000500050005,Regular,0.1793,0.1731,C20
U00340,5,4,0.0005000500050005,0.00040004000400040005,Regular,0.1639,0.3945,C15
U08621,5,4,0.0005000500050005,0.00040004000400040005,Regular,0.3813,0.0679,C21
U02707,5,5,0.0005000500050005,0.0005000500050005,Regular,0.2252,0.179,C07
U02204,5,5,0.0005000500050005,0.0005000500050005,Regular,0.2281,0.311,C04
U02202,5,6,0.0005000500050005,0.0006000600060006001,Regular,0.3387,0.0744,C02
U01313,5,5,0.0005000500050005,0.0005000500050005,Regular,0.2254,0.1935,C13
U07454,5,5,0.0005000500050005,0.0005000500050005,Regular,0.0525,0.464,C04
U07453,5,5,0.0005000500050005,0.0005000500050005,Active,0.5441,0.2533,C03
U08643,5,4,0.0005000500050005,0.00040004000400040005,Regular,0.2979,0.0763,C18
U00703,5,5,0.0005000500050005,0.0005000500050005,Regular,0.2004,0.2798,C03
U04628,5,5,0.0005000500050005,0.0005000500050005,Regular,0.1948,0.0832,C03
U03914,5,5,0.0005000500050005,0.0005000500050005,Regular,0.1135,0.1587,C14
U00339,5,5,0.0005000500050005,0.0005000500050005,Active,0.5765,0.2098,C14
U00338,5,4,0.0005000500050005,0.00040004000400040005,Regular,0.2255,0.1938,C13
U06242,5,4,0.0005000500050005,0.00040004000400040005,Bridge,0.5242,0.6411,C17
U09354,5,4,0.0005000500050005,0.00040004000400040005,Regular,0.1769,0.1289,C04
U03892,5,5,0.0005000500050005,0.0005000500050005,Regular,0.2072,0.0628,C17
U03889,5,5,0.0005000500050005,0.0005000500050005,Regular,0.3941,0.0401,C14
U03084,5,6,0.0005000500050005,0.0006000600060006001,Regular,0.3196,0.1851,C09
U04619,5,4,0.0005000500050005,0.00040004000400040005,Active,0.4332,0.1032,C19
U04616,5,5,0.0005000500050005,0.0005000500050005,Regular,0.193,0.0675,C16
U04609,5,5,0.0005000500050005,0.0005000500050005,Regular,0.2801,0.2041,C09
U08665,5,4,0.0005000500050005,0.00040004000400040005,Regular,0.1683,0.0466,C15
U05780,5,5,0.0005000500050005,0.0005000500050005,Regular,0.3242,0.0652,C05
U08694,5,6,0.0005000500050005,0.0006000600060006001,Bridge,0.3821,0.5729,C19
U08693,5,5,0.0005000500050005,0.0005000500050005,Regular,0.2463,0.0446,C18
U09308,5,5,0.0005000500050005,0.0005000500050005,Regular,0.1617,0.0974,C08
U03060,5,5,0.0005000500050005,0.0005000500050005,Regular,0.4442,0.0893,C10
U03935,5,4,0.0005000500050005,0.00040004000400040005,Regular,0.2963,0.0469,C10
U00366,5,5,0.0005000500050005,0.0005000500050005,Regular,0.1213,0.2485,C16
U06887,5,5,0.0005000500050005,0.0005000500050005,Active,0.5999,0.181,C12
U06245,5,4,0.0005000500050005,0.00040004000400040005,Regular,0.1485,0.1934,C20
U04604,5,5,0.0005000500050005,0.0005000500050005,Regular,0.2358,0.1953,C04
U04603,5,5,0.0005000500050005,0.0005000500050005,Regular,0.4524,0.0814,C03
U04594,5,8,0.0005000500050005,0.0008000800080008001,Regular,0.1994,0.1829,C19
U04587,5,5,0.0005000500050005,0.0005000500050005,Regular,0.1532,0.1013,C12
U08648,5,5,0.0005000500050005,0.0005000500050005,Active,0.7722,0.2945,C23
U08646,5,6,0.0005000500050005,0.0006000600060006001,Active,0.4818,0.2125,C21
U05798,5,5,0.0005000500050005,0.0005000500050005,Regular,0.4887,0.2485,C23
U02187,5,6,0.0005000500050005,0.0006000600060006001,Regular,0.3147,0.08,C12
U02186,5,5,0.0005000500050005,0.0005000500050005,Regular,0.0651,0.0343,C11
U02183,5,4,0.0005000500050005,0.00040004000400040005,Regular,0.4059,0.0541,C08
U07422,5,5,0.0005000500050005,0.0005000500050005,Regular,0.2341,0.1529,C22
U01608,5,5,0.0005000500050005,0.0005000500050005,Regular,0.1974,0.4224,C08
U01927,5,5,0.0005000500050005,0.0005000500050005,Active,0.3364,0.4298,C02
U01926,5,5,0.0005000500050005,0.0005000500050005,Regular,0.06,0.1743,C01
U01924,5,5,0.0005000500050005,0.0005000500050005,Regular,0.2002,0.2014,C24
U01922,5,5,0.0005000500050005,0.0005000500050005,Regular,0.2479,0.1427,C22
U01934,5,4,0.0005000500050005,0.00040004000400040005,Regular,0.1414,0.24,C09
U06921,5,5,0.0005000500050005,0.0005000500050005,Regular,0.5923,0.1602,C21
U06933,5,5,0.0005000500050005,0.0005000500050005,Regular,0.1252,0.3195,C08
U07419,5,5,0.0005000500050005,0.0005000500050005,Regular,0.2726,0.0454,C19
U07418,5,4,0.0005000500050005,0.00040004000400040005,Regular,0.3744,0.1358,C18
U07447,5,4,0.0005000500050005,0.00040004000400040005,Regular,0.4245,0.3053,C22
U04578,5,4,0.0005000500050005,0.00040004000400040005,Active,0.5864,0.3358,C03
U02736,5,8,0.0005000500050005,0.0008000800080008001,Regular,0.4015,0.1177,C11
U04573,5,5,0.0005000500050005,0.0005000500050005,Regular,0.2137,0.3054,C23
U04569,5,3,0.0005000500050005,0.00030003000300030005,Regular,0.1473,0.2007,C19
U04566,5,10,0.0005000500050005,0.001000100010001,Active,0.4444,0.4496,C16
U02748,5,5,0.0005000500050005,0.0005000500050005,Regular,0.0947,0.0584,C23
U02747,5,5,0.0005000500050005,0.0005000500050005,Regular,0.2668,0.1459,C22
U06960,5,6,0.0005000500050005,0.0006000600060006001,Regular,0.3976,0.1588,C10
U06959,5,6,0.0005000500050005,0.0006000600060006001,Regular,0.2254,0.1627,C09
U06955,5,5,0.0005000500050005,0.0005000500050005,Regular,0.1967,0.1121,C05
U06945,5,5,0.0005000500050005,0.0005000500050005,Regular,0.2631,0.127,C20
U00356,5,5,0.0005000500050005,0.0005000500050005,Regular,0.3498,0.0258,C06
U00354,5,5,0.0005000500050005,0.0005000500050005,Active,0.4702,0.3835,C04
U03949,5,5,0.0005000500050005,0.0005000500050005,Regular,0.1853,0.0864,C24
U03941,5,5,0.0005000500050005,0.0005000500050005,Active,0.6457,0.398,C16
U09314,5,5,0.0005000500050005,0.0005000500050005,Active,0.2968,0.5358,C14
U09276,5,5,0.0005000500050005,0.0005000500050005,Active,0.3331,0.3315,C01
U03043,5,6,0.0005000500050005,0.0006000600060006001,Influential,0.8473,0.8613,C18
U01941,5,5,0.0005000500050005,0.0005000500050005,Regular,0.2538,0.1288,C16
U06217,5,5,0.0005000500050005,0.0005000500050005,Influential,0.6801,0.7759,C17
U01590,5,5,0.0005000500050005,0.0005000500050005,Regular,0.4324,0.0936,C15
U09290,5,5,0.0005000500050005,0.0005000500050005,Regular,0.1466,0.3373,C15
U02745,5,5,0.0005000500050005,0.0005000500050005,Regular,0.3625,0.2158,C20
U08686,5,5,0.0005000500050005,0.0005000500050005,Regular,0.3002,0.1829,C11
U00687,5,6,0.0005000500050005,0.0006000600060006001,Regular,0.2569,0.3138,C12
U05802,5,5,0.0005000500050005,0.0005000500050005,Regular,0.2656,0.2341,C02
U05800,5,5,0.0005000500050005,0.0005000500050005,Active,0.5282,0.4207,C25
U01360,5,4,0.0005000500050005,0.00040004000400040005,Regular,0.2645,0.1283,C10
U00666,5,4,0.0005000500050005,0.00040004000400040005,Active,0.5729,0.429,C16
U00665,5,5,0.0005000500050005,0.0005000500050005,Active,0.5849,0.2204,C15
U04559,5,5,0.0005000500050005,0.0005000500050005,Active,0.3877,0.3741,C09
U04553,5,5,0.0005000500050005,0.0005000500050005,Regular,0.0431,0.3373,C03
U04548,5,5,0.0005000500050005,0.0005000500050005,Active,0.716,0.437,C23
U08720,5,5,0.0005000500050005,0.0005000500050005,Regular,0.1657,0.3599,C20
U02756,5,6,0.0005000500050005,0.0006000600060006001,Influential,0.8436,0.8812,C06
U04543,5,5,0.0005000500050005,0.0005000500050005,Regular,0.1876,0.1329,C18
U03025,5,5,0.0005000500050005,0.0005000500050005,Regular,0.1493,0.1675,C25
U04000,5,4,0.0005000500050005,0.00040004000400040005,Regular,0.0529,0.273,C25
U09248,5,6,0.0005000500050005,0.0006000600060006001,Regular,0.3127,0.1965,C23
U06198,5,5,0.0005000500050005,0.0005000500050005,Regular,0.2149,0.1266,C23
U06193,5,5,0.0005000500050005,0.0005000500050005,Regular,0.1197,0.0641,C18
U03053,5,5,0.0005000500050005,0.0005000500050005,Regular,0.4008,0.303,C03
U03052,5,5,0.0005000500050005,0.0005000500050005,Regular,0.1824,0.1697,C02
U03048,5,5,0.0005000500050005,0.0005000500050005,Regular,0.1524,0.2903,C23
U03045,5,6,0.0005000500050005,0.0006000600060006001,Regular,0.2086,0.2858,C20
U04535,5,5,0.0005000500050005,0.0005000500050005,Regular,0.3708,0.25,C10
U04527,5,13,0.0005000500050005,0.0013001300130013002,Active,0.5654,0.2493,C02
U08744,5,5,0.0005000500050005,0.0005000500050005,Regular,0.2346,0.1415,C19
U05821,5,4,0.0005000500050005,0.00040004000400040005,Regular,0.2547,0.1232,C21
U05814,5,5,0.0005000500050005,0.0005000500050005,Regular,0.1388,0.2755,C14
U05813,5,5,0.0005000500050005,0.0005000500050005,Regular,0.1147,0.3221,C13
U07383,5,5,0.0005000500050005,0.0005000500050005,Active,0.4356,0.3994,C08
U07379,5,5,0.0005000500050005,0.0005000500050005,Active,0.4404,0.5525,C04
U00656,5,5,0.0005000500050005,0.0005000500050005,Regular,0.1369,0.2143,C06
U00655,5,5,0.0005000500050005,0.0005000500050005,Regular,0.2589,0.1455,C05
U04520,5,5,0.0005000500050005,0.0005000500050005,Active,0.2364,0.2562,C20
U00411,5,5,0.0005000500050005,0.0005000500050005,Active,0.4141,0.2516,C11
U00406,5,5,0.0005000500050005,0.0005000500050005,Regular,0.2447,0.0681,C06
U09230,5,5,0.0005000500050005,0.0005000500050005,Regular,0.3935,0.5042,C05
U01588,5,5,0.0005000500050005,0.0005000500050005,Regular,0.2213,0.0874,C13
U06976,5,7,0.0005000500050005,0.0007000700070007,Bridge,0.7222,0.6672,C01
U00397,5,5,0.0005000500050005,0.0005000500050005,Active,0.3214,0.5094,C22
U04516,5,5,0.0005000500050005,0.0005000500050005,Regular,0.1775,0.1236,C16
U02782,5,5,0.0005000500050005,0.0005000500050005,Regular,0.1546,0.3162,C07
U02779,5,5,0.0005000500050005,0.0005000500050005,Regular,0.2339,0.2416,C04
U04504,5,7,0.0005000500050005,0.0007000700070007,Regular,0.0785,0.5554,C04
U04020,5,5,0.0005000500050005,0.0005000500050005,Regular,0.2761,0.248,C20
U04019,5,6,0.0005000500050005,0.0006000600060006001,Regular,0.0893,0.4706,C19
U09242,5,6,0.0005000500050005,0.0006000600060006001,Regular,0.4348,0.2584,C17
U01965,5,5,0.0005000500050005,0.0005000500050005,Active,0.3904,0.4132,C15
U01572,5,5,0.0005000500050005,0.0005000500050005,Active,0.5179,0.3315,C22
U01569,5,4,0.0005000500050005,0.00040004000400040005,Regular,0.202,0.0784,C19
U06985,5,5,0.0005000500050005,0.0005000500050005,Regular,0.2603,0.0495,C10
U01578,5,6,0.0005000500050005,0.0006000600060006001,Regular,0.3965,0.0728,C03
U06187,5,4,0.0005000500050005,0.00040004000400040005,Regular,0.2232,0.2456,C12
U05827,5,5,0.0005000500050005,0.0005000500050005,Regular,0.2688,0.2292,C02
U05825,5,5,0.0005000500050005,0.0005000500050005,Active,0.1761,0.3899,C25
U01345,5,4,0.0005000500050005,0.00040004000400040005,Active,0.6716,0.2766,C20
U07392,5,5,0.0005000500050005,0.0005000500050005,Regular,0.3507,0.0843,C17
U02159,5,5,0.0005000500050005,0.0005000500050005,Regular,0.3396,0.2862,C09
U01359,5,5,0.0005000500050005,0.0005000500050005,Regular,0.2411,0.2165,C09
U08786,5,5,0.0005000500050005,0.0005000500050005,Regular,0.2448,0.0801,C11
U00401,5,5,0.0005000500050005,0.0005000500050005,Regular,0.1233,0.4573,C01
U07029,5,5,0.0005000500050005,0.0005000500050005,Active,0.4587,0.3494,C04
U07028,5,6,0.0005000500050005,0.0006000600060006001,Regular,0.3598,0.2253,C03
U01953,5,5,0.0005000500050005,0.0005000500050005,Regular,0.3693,0.0924,C03
U06168,5,5,0.0005000500050005,0.0005000500050005,Regular,0.1773,0.1846,C18
U07025,5,5,0.0005000500050005,0.0005000500050005,Regular,0.1858,0.1684,C25
U07012,5,6,0.0005000500050005,0.0006000600060006001,Regular,0.2361,0.0524,C12
U09216,5,5,0.0005000500050005,0.0005000500050005,Active,0.5653,0.4294,C16
U02799,5,5,0.0005000500050005,0.0005000500050005,Regular,0.1315,0.3056,C24
U02796,5,4,0.0005000500050005,0.00040004000400040005,Regular,0.271,0.2077,C21
U02790,5,5,0.0005000500050005,0.0005000500050005,Regular,0.1834,0.1131,C15
U08761,5,4,0.0005000500050005,0.00040004000400040005,Active,0.4993,0.5662,C11
U04476,5,5,0.0005000500050005,0.0005000500050005,Regular,0.3481,0.272,C01
U04469,5,7,0.0005000500050005,0.0007000700070007,Active,0.3996,0.2703,C19
U04462,5,5,0.0005000500050005,0.0005000500050005,Active,0.4342,0.3455,C12
U09199,5,4,0.0005000500050005,0.00040004000400040005,Regular,0.0901,0.1356,C24
U01563,5,5,0.0005000500050005,0.0005000500050005,Regular,0.2643,0.1422,C13
U06156,5,3,0.0005000500050005,0.00030003000300030005,Regular,0.3132,0.2977,C06
U06151,5,5,0.0005000500050005,0.0005000500050005,Regular,0.3968,0.1577,C01
U07038,5,6,0.0005000500050005,0.0006000600060006001,Regular,0.3115,0.0974,C13
U03011,5,4,0.0005000500050005,0.00040004000400040005,Active,0.4881,0.5524,C11
U04048,5,6,0.0005000500050005,0.0006000600060006001,Regular,0.371,0.5334,C23
U00602,5,5,0.0005000500050005,0.0005000500050005,Regular,0.2168,0.3617,C02
U07370,5,4,0.0005000500050005,0.00040004000400040005,Regular,0.2131,0.2729,C20
U05850,5,5,0.0005000500050005,0.0005000500050005,Regular,0.3117,0.2946,C25
U05861,5,5,0.0005000500050005,0.0005000500050005,Regular,0.0791,0.5117,C11
U07375,5,5,0.0005000500050005,0.0005000500050005,Regular,0.2782,0.2979,C25
U04454,5,4,0.0005000500050005,0.00040004000400040005,Active,0.3613,0.1651,C04
U04449,5,5,0.0005000500050005,0.0005000500050005,Regular,0.0849,0.268,C24
U02802,5,5,0.0005000500050005,0.0005000500050005,Regular,0.2678,0.2212,C02
U00595,5,4,0.0005000500050005,0.00040004000400040005,Regular,0.3812,0.156,C20
U00593,5,5,0.0005000500050005,0.0005000500050005,Regular,0.2961,0.1304,C18
U08846,5,5,0.0005000500050005,0.0005000500050005,Regular,0.2546,0.1009,C21
U02785,5,5,0.0005000500050005,0.0005000500050005,Regular,0.4409,0.0944,C10
U08822,5,5,0.0005000500050005,0.0005000500050005,Active,0.417,0.3781,C22
U00607,5,5,0.0005000500050005,0.0005000500050005,Active,0.5418,0.2917,C07
U03008,5,5,0.0005000500050005,0.0005000500050005,Regular,0.4411,0.0982,C08
U01975,5,6,0.0005000500050005,0.0006000600060006001,Regular,0.2428,0.2323,C25
U06133,5,5,0.0005000500050005,0.0005000500050005,Active,0.4596,0.4775,C08
U04053,5,5,0.0005000500050005,0.0005000500050005,Active,0.5229,0.5939,C03
U03019,5,6,0.0005000500050005,0.0006000600060006001,Regular,0.2067,0.1685,C19
U03018,5,4,0.0005000500050005,0.00040004000400040005,Regular,0.3672,0.1118,C18
U01389,5,8,0.0005000500050005,0.0008000800080008001,Active,0.7523,0.386,C14
U02132,5,6,0.0005000500050005,0.0006000600060006001,Active,0.6646,0.5687,C07
U05871,5,4,0.0005000500050005,0.00040004000400040005,Regular,0.3727,0.2775,C21
U05870,5,6,0.0005000500050005,0.0006000600060006001,Active,0.5483,0.4323,C20
U00591,5,5,0.0005000500050005,0.0005000500050005,Active,0.8537,0.1415,C16
U04432,5,5,0.0005000500050005,0.0005000500050005,Regular,0.3747,0.1,C07
U01526,5,4,0.0005000500050005,0.00040004000400040005,Regular,0.1205,0.3646,C01
U06112,5,7,0.0005000500050005,0.0007000700070007,Regular,0.229,0.3218,C12
U01559,5,5,0.0005000500050005,0.0005000500050005,Regular,0.1903,0.1074,C09
U01554,5,6,0.0005000500050005,0.0006000600060006001,Regular,0.3536,0.2258,C04
U01545,5,5,0.0005000500050005,0.0005000500050005,Active,0.7832,0.3101,C20
U04417,5,5,0.0005000500050005,0.0005000500050005,Active,0.3733,0.2369,C17
U04413,5,5,0.0005000500050005,0.0005000500050005,Regular,0.3047,0.1022,C13
U08877,5,4,0.0005000500050005,0.00040004000400040005,Regular,0.3793,0.1265,C02
U08827,5,6,0.0005000500050005,0.0006000600060006001,Influential,0.284,0.788,C02
U04447,5,5,0.0005000500050005,0.0005000500050005,Active,0.4253,0.254,C22
U08872,5,6,0.0005000500050005,0.0006000600060006001,Regular,0.2758,0.1539,C22
U04402,5,5,0.0005000500050005,0.0005000500050005,Regular,0.2893,0.4286,C02
U04401,5,5,0.0005000500050005,0.0005000500050005,Active,0.8418,0.2587,C01
U00569,5,4,0.0005000500050005,0.00040004000400040005,Regular,0.5839,0.3079,C19
U07339,5,5,0.0005000500050005,0.0005000500050005,Regular,0.4509,0.064,C14
U07330,5,5,0.0005000500050005,0.0005000500050005,Regular,0.3066,0.1538,C05
U07327,5,5,0.0005000500050005,0.0005000500050005,Regular,0.3025,0.3436,C02
U01396,5,5,0.0005000500050005,0.0005000500050005,Regular,0.353,0.1592,C21
U07311,5,5,0.0005000500050005,0.0005000500050005,Regular,0.335,0.0676,C11
U02982,5,5,0.0005000500050005,0.0005000500050005,Active,0.5498,0.5256,C07
U00441,5,7,0.0005000500050005,0.0007000700070007,Regular,0.2288,0.2635,C16
U07087,5,4,0.0005000500050005,0.00040004000400040005,Bridge,0.8047,0.392,C12
U04090,5,5,0.0005000500050005,0.0005000500050005,Active,0.7306,0.2194,C15
U04081,5,4,0.0005000500050005,0.00040004000400040005,Regular,0.2097,0.3038,C06
U04393,5,5,0.0005000500050005,0.0005000500050005,Regular,0.2036,0.3076,C18
U08893,5,4,0.0005000500050005,0.00040004000400040005,Regular,0.2487,0.4302,C18
U08881,5,4,0.0005000500050005,0.00040004000400040005,Regular,0.1646,0.0984,C06
U04378,5,5,0.0005000500050005,0.0005000500050005,Regular,0.1062,0.2321,C03
U04377,5,5,0.0005000500050005,0.0005000500050005,Regular,0.3189,0.138,C02
U04374,5,5,0.0005000500050005,0.0005000500050005,Active,0.5137,0.4675,C24
U02864,5,5,0.0005000500050005,0.0005000500050005,Regular,0.4198,0.2308,C14
U09135,5,5,0.0005000500050005,0.0005000500050005,Regular,0.193,0.1269,C10
U04123,5,6,0.0005000500050005,0.0006000600060006001,Regular,0.5603,0.0196,C23
U04118,5,5,0.0005000500050005,0.0005000500050005,Regular,0.2257,0.1429,C18
U07110,5,5,0.0005000500050005,0.0005000500050005,Active,0.6336,0.437,C10
U01519,5,8,0.0005000500050005,0.0008000800080008001,Regular,0.2875,0.0725,C19
U09162,5,5,0.0005000500050005,0.0005000500050005,Regular,0.3166,0.0908,C12
U04110,5,5,0.0005000500050005,0.0005000500050005,Active,0.4316,0.329,C10
U08902,5,5,0.0005000500050005,0.0005000500050005,Regular,0.2738,0.2614,C02
U08922,5,4,0.0005000500050005,0.00040004000400040005,Regular,0.1565,0.1258,C22
U05892,5,5,0.0005000500050005,0.0005000500050005,Regular,0.207,0.2389,C17
U05891,5,4,0.0005000500050005,0.00040004000400040005,Active,0.4301,0.2385,C16
U07289,5,5,0.0005000500050005,0.0005000500050005,Active,0.8474,0.2746,C14
U01421,5,5,0.0005000500050005,0.0005000500050005,Regular,0.4298,0.232,C21
U08916,5,4,0.0005000500050005,0.00040004000400040005,Regular,0.052,0.3963,C16
U08910,5,5,0.0005000500050005,0.0005000500050005,Regular,0.3494,0.11,C10
U02856,5,5,0.0005000500050005,0.0005000500050005,Regular,0.4004,0.1113,C06
U02855,5,5,0.0005000500050005,0.0005000500050005,Regular,0.0545,0.1101,C05
U04367,5,3,0.0005000500050005,0.00030003000300030005,Active,0.4667,0.4422,C17
U04356,5,5,0.0005000500050005,0.0005000500050005,Active,0.4866,0.3861,C06
U04380,5,4,0.0005000500050005,0.00040004000400040005,Regular,0.1514,0.266,C05
U07279,5,3,0.0005000500050005,0.00030003000300030005,Regular,0.406,0.0661,C04
U07255,5,5,0.0005000500050005,0.0005000500050005,Regular,0.1995,0.3812,C05
U02865,5,6,0.0005000500050005,0.0006000600060006001,Regular,0.1773,0.1251,C15
U00462,5,5,0.0005000500050005,0.0005000500050005,Regular,0.401,0.4701,C12
U04133,5,4,0.0005000500050005,0.00040004000400040005,Active,0.48,0.1361,C08
U02976,5,5,0.0005000500050005,0.0005000500050005,Regular,0.3158,0.285,C01
U07084,5,5,0.0005000500050005,0.0005000500050005,Regular,0.2718,0.1438,C09
U09143,5,5,0.0005000500050005,0.0005000500050005,Active,0.504,0.4462,C18
U09142,5,5,0.0005000500050005,0.0005000500050005,Active,0.6194,0.3769,C17
U04339,5,4,0.0005000500050005,0.00040004000400040005,Regular,0.5223,0.1368,C14
U08928,5,5,0.0005000500050005,0.0005000500050005,Regular,0.2532,0.1958,C03
U05908,5,4,0.0005000500050005,0.00040004000400040005,Active,0.7054,0.3007,C08
U02128,5,3,0.0005000500050005,0.00030003000300030005,Regular,0.1909,0.1367,C03
U07248,5,5,0.0005000500050005,0.0005000500050005,Regular,0.3499,0.0833,C23
U02895,5,5,0.0005000500050005,0.0005000500050005,Regular,0.2092,0.2272,C20
U09108,5,5,0.0005000500050005,0.0005000500050005,Active,0.4311,0.3714,C08
U09097,5,5,0.0005000500050005,0.0005000500050005,Regular,0.2855,0.1385,C22
U09129,5,5,0.0005000500050005,0.0005000500050005,Regular,0.2194,0.3253,C04
U07125,5,6,0.0005000500050005,0.0006000600060006001,Regular,0.4466,0.1127,C25
U07122,5,4,0.0005000500050005,0.00040004000400040005,Regular,0.1468,0.2448,C22
U06077,5,5,0.0005000500050005,0.0005000500050005,Influential,0.945,0.7899,C02
U06076,5,5,0.0005000500050005,0.0005000500050005,Regular,0.174,0.3383,C01
U07104,5,5,0.0005000500050005,0.0005000500050005,Regular,0.3732,0.2675,C04
U07129,5,5,0.0005000500050005,0.0005000500050005,Regular,0.3138,0.0726,C04
U02885,5,5,0.0005000500050005,0.0005000500050005,Regular,0.377,0.1802,C10
U02884,5,5,0.0005000500050005,0.0005000500050005,Active,0.4831,0.5406,C09
U08939,5,5,0.0005000500050005,0.0005000500050005,Regular,0.2593,0.1496,C14
U08962,5,4,0.0005000500050005,0.00040004000400040005,Active,0.4471,0.1319,C12
U05922,5,4,0.0005000500050005,0.00040004000400040005,Regular,0.2089,0.1194,C22
U01412,5,4,0.0005000500050005,0.00040004000400040005,Regular,0.265,0.295,C12
U08946,5,4,0.0005000500050005,0.00040004000400040005,Active,0.2943,0.4161,C21
U04314,5,4,0.0005000500050005,0.00040004000400040005,Regular,0.1242,0.243,C14
U04313,5,5,0.0005000500050005,0.0005000500050005,Regular,0.1728,0.3273,C13
U00476,5,5,0.0005000500050005,0.0005000500050005,Active,0.8084,0.3555,C01
U04155,5,4,0.0005000500050005,0.00040004000400040005,Regular,0.3052,0.1406,C05
U06052,5,5,0.0005000500050005,0.0005000500050005,Regular,0.2177,0.1364,C02
U02030,5,5,0.0005000500050005,0.0005000500050005,Regular,0.1763,0.2467,C05
U02029,5,5,0.0005000500050005,0.0005000500050005,Active,0.4856,0.38,C04
U02954,5,5,0.0005000500050005,0.0005000500050005,Regular,0.1998,0.0394,C04
U00530,5,5,0.0005000500050005,0.0005000500050005,Regular,0.1506,0.2471,C05
U02086,5,6,0.0005000500050005,0.0006000600060006001,Active,0.5812,0.3433,C11
U05952,5,4,0.0005000500050005,0.00040004000400040005,Regular,0.2062,0.3773,C02
U05941,5,4,0.0005000500050005,0.00040004000400040005,Regular,0.3281,0.144,C16
U04290,5,5,0.0005000500050005,0.0005000500050005,Regular,0.2167,0.1103,C15
U02909,5,4,0.0005000500050005,0.00040004000400040005,Regular,0.3745,0.1776,C09
U07243,5,4,0.0005000500050005,0.00040004000400040005,Active,0.5528,0.2026,C18
U07242,5,4,0.0005000500050005,0.00040004000400040005,Regular,0.2265,0.2854,C17
U05961,5,5,0.0005000500050005,0.0005000500050005,Active,0.6694,0.2423,C11
U00496,5,6,0.0005000500050005,0.0006000600060006001,Regular,0.145,0.1496,C21
U07162,5,10,0.0005000500050005,0.001000100010001,Regular,0.1033,0.1338,C12
U06047,5,4,0.0005000500050005,0.00040004000400040005,Regular,0.1144,0.1895,C22
U06044,5,6,0.0005000500050005,0.0006000600060006001,Active,0.3332,0.3482,C19
U06037,5,5,0.0005000500050005,0.0005000500050005,Regular,0.1863,0.5717,C12
U06072,5,5,0.0005000500050005,0.0005000500050005,Regular,0.2139,0.1075,C22
U06070,5,6,0.0005000500050005,0.0006000600060006001,Regular,0.2682,0.2487,C20
U07152,5,4,0.0005000500050005,0.00040004000400040005,Regular,0.3795,0.1274,C02
U00478,5,5,0.0005000500050005,0.0005000500050005,Regular,0.2128,0.2714,C03
U05958,5,5,0.0005000500050005,0.0005000500050005,Regular,0.4413,0.196,C08
U02092,5,6,0.0005000500050005,0.0006000600060006001,Regular,0.3918,0.085,C17
U02091,5,5,0.0005000500050005,0.0005000500050005,Regular,0.1545,0.2295,C16
U02088,5,5,0.0005000500050005,0.0005000500050005,Regular,0.0114,0.1926,C13
U07231,5,5,0.0005000500050005,0.0005000500050005,Regular,0.2347,0.1714,C06
U07228,5,5,0.0005000500050005,0.0005000500050005,Regular,0.1623,0.3502,C03
U07250,5,5,0.0005000500050005,0.0005000500050005,Active,0.5342,0.4299,C25
U02935,5,5,0.0005000500050005,0.0005000500050005,Regular,0.1226,0.0891,C10
U02934,5,5,0.0005000500050005,0.0005000500050005,Regular,0.0818,0.4087,C09
U00481,5,9,0.0005000500050005,0.0009000900090009002,Regular,0.1143,0.1416,C06
U07134,5,5,0.0005000500050005,0.0005000500050005,Regular,0.0993,0.2734,C09
U02899,5,5,0.0005000500050005,0.0005000500050005,Regular,0.3579,0.2162,C24
U04285,5,5,0.0005000500050005,0.0005000500050005,Regular,0.4154,0.2366,C10
U00515,5,4,0.0005000500050005,0.00040004000400040005,Regular,0.2062,0.3007,C15
U08974,5,5,0.0005000500050005,0.0005000500050005,Regular,0.1044,0.2703,C24
U05981,5,6,0.0005000500050005,0.0006000600060006001,Active,0.314,0.3732,C06
U05980,5,5,0.0005000500050005,0.0005000500050005,Regular,0.3721,0.1018,C05
U05978,5,5,0.0005000500050005,0.0005000500050005,Regular,0.5105,0.0771,C03
U07225,5,5,0.0005000500050005,0.0005000500050005,Active,0.463,0.5531,C25
U08991,5,5,0.0005000500050005,0.0005000500050005,Regular,0.424,0.1183,C16
U04267,5,5,0.0005000500050005,0.0005000500050005,Regular,0.2407,0.0954,C17
U01481,5,4,0.0005000500050005,0.00040004000400040005,Regular,0.2227,0.0987,C06
U02047,5,5,0.0005000500050005,0.0005000500050005,Active,0.2914,0.5641,C22
U06034,5,5,0.0005000500050005,0.0005000500050005,Active,0.5487,0.2376,C09
U06033,5,5,0.0005000500050005,0.0005000500050005,Regular,0.2312,0.1731,C08
U06029,5,5,0.0005000500050005,0.0005000500050005,Regular,0.3508,0.0468,C04
U01495,5,5,0.0005000500050005,0.0005000500050005,Regular,0.2036,0.0384,C20
U01491,5,4,0.0005000500050005,0.00040004000400040005,Regular,0.2879,0.342,C16
U07174,5,5,0.0005000500050005,0.0005000500050005,Active,0.3756,0.309,C24
U04260,5,4,0.0005000500050005,0.00040004000400040005,Regular,0.2184,0.2147,C10
U08985,5,5,0.0005000500050005,0.0005000500050005,Regular,0.2415,0.3082,C10
U01443,5,4,0.0005000500050005,0.00040004000400040005,Active,0.5629,0.2304,C18
U05977,5,8,0.0005000500050005,0.0008000800080008001,Active,0.6648,0.2152,C02
U07209,5,5,0.0005000500050005,0.0005000500050005,Regular,0.3306,0.2795,C09
U04253,5,5,0.0005000500050005,0.0005000500050005,Regular,0.2913,0.1262,C03
U08996,5,5,0.0005000500050005,0.0005000500050005,Regular,0.2546,0.1019,C21
U09062,5,5,0.0005000500050005,0.0005000500050005,Regular,0.4175,0.1171,C12
U02054,5,3,0.0005000500050005,0.00030003000300030005,Regular,0.0568,0.1246,C04
U04217,5,5,0.0005000500050005,0.0005000500050005,Regular,0.1481,0.1631,C17
U02938,5,5,0.0005000500050005,0.0005000500050005,Regular,0.1799,0.2807,C13
U09057,5,5,0.0005000500050005,0.0005000500050005,Regular,0.1202,0.3193,C07
U09049,5,5,0.0005000500050005,0.0005000500050005,Regular,0.3185,0.2784,C24
U07206,5,5,0.0005000500050005,0.0005000500050005,Regular,0.16,0.0131,C06
U07196,5,5,0.0005000500050005,0.0005000500050005,Influential,0.5192,0.9464,C21
U05985,5,4,0.0005000500050005,0.00040004000400040005,Active,0.1658,0.2786,C10
U05983,5,5,0.0005000500050005,0.0005000500050005,Regular,0.4747,0.1129,C08
U04238,5,5,0.0005000500050005,0.0005000500050005,Regular,0.2865,0.3331,C13
U04233,5,5,0.0005000500050005,0.0005000500050005,Regular,0.2186,0.0572,C08
U09033,5,8,0.0005000500050005,0.0008000800080008001,Regular,0.0198,0.2917,C08
U09028,5,6,0.0005000500050005,0.0006000600060006001,Regular,0.2854,0.3975,C03
U09975,5,5,0.0005000500050005,0.0005000500050005,Regular,0.1035,0.1814,C25
U09971,5,5,0.0005000500050005,0.0005000500050005,Active,0.6027,0.4106,C21
U06596,5,4,0.0005000500050005,0.00040004000400040005,Regular,0.0866,0.4136,C21
U01782,5,4,0.0005000500050005,0.00040004000400040005,Active,0.7717,0.2831,C07
U01777,5,4,0.0005000500050005,0.00040004000400040005,Influential,0.6292,0.7337,C02
U06589,5,4,0.0005000500050005,0.00040004000400040005,Regular,0.2607,0.2113,C14
U09997,5,5,0.0005000500050005,0.0005000500050005,Regular,0.4416,0.1544,C22
U07949,5,5,0.0005000500050005,0.0005000500050005,Regular,0.4023,0.1392,C24
U07974,5,4,0.0005000500050005,0.00040004000400040005,Regular,0.0723,0.1814,C24
U06623,5,5,0.0005000500050005,0.0005000500050005,Regular,0.2404,0.1321,C23
U03395,5,6,0.0005000500050005,0.0006000600060006001,Regular,0.293,0.0364,C20
U03389,5,5,0.0005000500050005,0.0005000500050005,Regular,0.5122,0.0137,C14
U03383,5,4,0.0005000500050005,0.00040004000400040005,Regular,0.2596,0.3012,C08
U03378,5,5,0.0005000500050005,0.0005000500050005,Regular,0.2492,0.2436,C03
U09929,5,5,0.0005000500050005,0.0005000500050005,Active,0.4685,0.297,C04
U09921,5,6,0.0005000500050005,0.0006000600060006001,Active,0.5277,0.3368,C21
U00026,5,5,0.0005000500050005,0.0005000500050005,Regular,0.2679,0.1543,C01
U01790,5,4,0.0005000500050005,0.00040004000400040005,Regular,0.2437,0.0503,C15
U09992,5,5,0.0005000500050005,0.0005000500050005,Regular,0.3546,0.1232,C17
U09946,4,4,0.00040004000400040005,0.00040004000400040005,Active,0.2985,0.3369,C21
U00018,4,4,0.00040004000400040005,0.00040004000400040005,Regular,0.0946,0.1186,C18
U07994,4,4,0.00040004000400040005,0.00040004000400040005,Regular,0.184,0.4693,C19
U00051,4,4,0.00040004000400040005,0.00040004000400040005,Regular,0.1453,0.254,C01
U09913,4,3,0.00040004000400040005,0.00030003000300030005,Regular,0.356,0.1124,C13
U09900,4,4,0.00040004000400040005,0.00040004000400040005,Regular,0.3319,0.0626,C25
U00034,4,4,0.00040004000400040005,0.00040004000400040005,Regular,0.1084,0.5788,C09
U03424,4,4,0.00040004000400040005,0.00040004000400040005,Active,0.4386,0.3041,C24
U03418,4,4,0.00040004000400040005,0.00040004000400040005,Regular,0.2272,0.0405,C18
U03347,4,4,0.00040004000400040005,0.00040004000400040005,Regular,0.1772,0.1764,C22
U09991,4,5,0.00040004000400040005,0.0005000500050005,Regular,0.2109,0.2922,C16
U09990,4,4,0.00040004000400040005,0.00040004000400040005,Active,0.5398,0.2534,C15
U09985,4,4,0.00040004000400040005,0.00040004000400040005,Regular,0.3715,0.0935,C10
U07985,4,3,0.00040004000400040005,0.00030003000300030005,Regular,0.0697,0.1586,C10
U07978,4,3,0.00040004000400040005,0.00030003000300030005,Regular,0.4488,0.2914,C03
U01012,4,4,0.00040004000400040005,0.00040004000400040005,Regular,0.1986,0.2364,C12
U01046,4,4,0.00040004000400040005,0.00040004000400040005,Active,0.7507,0.6375,C21
U05302,4,3,0.00040004000400040005,0.00030003000300030005,Regular,0.0696,0.3795,C02
U09017,4,3,0.00040004000400040005,0.00030003000300030005,Active,0.366,0.171,C17
U04255,4,4,0.00040004000400040005,0.00040004000400040005,Regular,0.0893,0.2907,C05
U08997,4,4,0.00040004000400040005,0.00040004000400040005,Regular,0.1714,0.1501,C22
U09070,4,5,0.00040004000400040005,0.0005000500050005,Regular,0.0874,0.1041,C20
U07188,4,5,0.00040004000400040005,0.0005000500050005,Regular,0.1933,0.1571,C13
U07187,4,4,0.00040004000400040005,0.00040004000400040005,Regular,0.086,0.261,C12
U07185,4,4,0.00040004000400040005,0.00040004000400040005,Active,0.5088,0.2832,C10
U01464,4,4,0.00040004000400040005,0.00040004000400040005,Regular,0.1025,0.1876,C14
U01461,4,4,0.00040004000400040005,0.00040004000400040005,Regular,0.4195,0.0488,C11
U06005,4,4,0.00040004000400040005,0.00040004000400040005,Regular,0.2213,0.2813,C05
U06000,4,4,0.00040004000400040005,0.00040004000400040005,Regular,0.3209,0.0659,C25
U04214,4,3,0.00040004000400040005,0.00030003000300030005,Regular,0.1042,0.0835,C14
U04210,4,4,0.00040004000400040005,0.00040004000400040005,Active,0.5826,0.2796,C10
U09053,4,5,0.00040004000400040005,0.0005000500050005,Regular,0.1476,0.1944,C03
U00520,4,3,0.00040004000400040005,0.00030003000300030005,Regular,0.0744,0.1503,C20
U07207,4,3,0.00040004000400040005,0.00030003000300030005,Regular,0.2409,0.2965,C07
U00529,4,4,0.00040004000400040005,0.00040004000400040005,Regular,0.2972,0.1093,C04
U08968,4,3,0.00040004000400040005,0.00030003000300030005,Regular,0.1057,0.1975,C18
U04177,4,4,0.00040004000400040005,0.00040004000400040005,Regular,0.3164,0.2075,C02
U07171,4,4,0.00040004000400040005,0.00040004000400040005,Regular,0.2658,0.1546,C21
U01477,4,4,0.00040004000400040005,0.00040004000400040005,Regular,0.3277,0.075,C02
U02048,4,3,0.00040004000400040005,0.00030003000300030005,Regular,0.2774,0.1316,C23
U02045,4,4,0.00040004000400040005,0.00040004000400040005,Regular,0.1042,0.2303,C20
U06015,4,4,0.00040004000400040005,0.00040004000400040005,Regular,0.221,0.0663,C15
U06013,4,5,0.00040004000400040005,0.0005000500050005,Active,0.3369,0.1981,C13
U04245,4,3,0.00040004000400040005,0.00030003000300030005,Regular,0.1509,0.0802,C20
U04262,4,4,0.00040004000400040005,0.00040004000400040005,Regular,0.3396,0.1125,C12
U02924,4,4,0.00040004000400040005,0.00040004000400040005,Active,0.6412,0.2413,C24
U02922,4,4,0.00040004000400040005,0.00040004000400040005,Regular,0.2622,0.1536,C22
U01449,4,3,0.00040004000400040005,0.00030003000300030005,Regular,0.2242,0.1234,C24
U02075,4,4,0.00040004000400040005,0.00040004000400040005,Regular,0.2433,0.0769,C25
U02066,4,5,0.00040004000400040005,0.0005000500050005,Active,0.7862,0.2118,C16
U02931,4,4,0.00040004000400040005,0.00040004000400040005,Regular,0.2912,0.2744,C06
U04208,4,5,0.00040004000400040005,0.0005000500050005,Regular,0.1274,0.0524,C08
U04199,4,3,0.00040004000400040005,0.00030003000300030005,Regular,0.2083,0.1089,C24
U00488,4,4,0.00040004000400040005,0.00040004000400040005,Regular,0.138,0.1394,C13
U09072,4,2,0.00040004000400040005,0.00020002000200020003,Regular,0.2253,0.2347,C22
U04219,4,4,0.00040004000400040005,0.00040004000400040005,Regular,0.0421,0.3339,C19
U04218,4,4,0.00040004000400040005,0.00040004000400040005,Active,0.3907,0.4111,C18
U07130,4,4,0.00040004000400040005,0.00040004000400040005,Regular,0.0667,0.2152,C05
U07168,4,4,0.00040004000400040005,0.00040004000400040005,Regular,0.1481,0.3437,C18
U09082,4,4,0.00040004000400040005,0.00040004000400040005,Regular,0.4545,0.0603,C07
U09080,4,3,0.00040004000400040005,0.00030003000300030005,Regular,0.3072,0.2058,C05
U09073,4,5,0.00040004000400040005,0.0005000500050005,Influential,0.9359,0.352,C23
U00535,4,4,0.00040004000400040005,0.00040004000400040005,Regular,0.035,0.2188,C10
U04273,4,4,0.00040004000400040005,0.00040004000400040005,Regular,0.3748,0.2344,C23
U00534,4,6,0.00040004000400040005,0.0006000600060006001,Regular,0.2438,0.1515,C09
U00513,4,4,0.00040004000400040005,0.00040004000400040005,Regular,0.1333,0.1323,C13
U04196,4,3,0.00040004000400040005,0.00030003000300030005,Regular,0.0577,0.2322,C21
U04191,4,4,0.00040004000400040005,0.00040004000400040005,Regular,0.15,0.2018,C16
U09092,4,3,0.00040004000400040005,0.00030003000300030005,Regular,0.1808,0.1808,C17
U09091,4,3,0.00040004000400040005,0.00030003000300030005,Active,0.3752,0.201,C16
U01502,4,4,0.00040004000400040005,0.00040004000400040005,Regular,0.08,0.1169,C02
U06075,4,4,0.00040004000400040005,0.00040004000400040005,Regular,0.4092,0.2448,C25
U06064,4,4,0.00040004000400040005,0.00040004000400040005,Regular,0.1979,0.141,C14
U05956,4,4,0.00040004000400040005,0.00040004000400040005,Influential,0.5064,0.8933,C06
U07230,4,4,0.00040004000400040005,0.00040004000400040005,Regular,0.0887,0.2756,C05
U08960,4,3,0.00040004000400040005,0.00030003000300030005,Regular,0.2038,0.0365,C10
U02065,4,4,0.00040004000400040005,0.00040004000400040005,Active,0.4384,0.4026,C15
U05967,4,5,0.00040004000400040005,0.0005000500050005,Regular,0.2668,0.3011,C17
U01442,4,4,0.00040004000400040005,0.00040004000400040005,Regular,0.3431,0.0696,C17
U07244,4,4,0.00040004000400040005,0.00040004000400040005,Regular,0.1721,0.3312,C19
U00541,4,4,0.00040004000400040005,0.00040004000400040005,Regular,0.3248,0.2222,C16
U00536,4,4,0.00040004000400040005,0.00040004000400040005,Regular,0.0651,0.2446,C11
U04158,4,4,0.00040004000400040005,0.00040004000400040005,Regular,0.0833,0.3279,C08
U04150,4,4,0.00040004000400040005,0.00040004000400040005,Regular,0.0409,0.1888,C25
U06058,4,4,0.00040004000400040005,0.00040004000400040005,Regular,0.1651,0.2155,C08
U06056,4,4,0.00040004000400040005,0.00040004000400040005,Regular,0.3515,0.2179,C06
U09144,4,4,0.00040004000400040005,0.00040004000400040005,Active,0.7387,0.4154,C19
U02946,4,3,0.00040004000400040005,0.00030003000300030005,Regular,0.1955,0.2347,C21
U09119,4,9,0.00040004000400040005,0.0009000900090009002,Regular,0.395,0.1918,C19
U09113,4,4,0.00040004000400040005,0.00040004000400040005,Regular,0.3169,0.222,C13
U09109,4,4,0.00040004000400040005,0.00040004000400040005,Regular,0.1937,0.2512,C09
U00531,4,4,0.00040004000400040005,0.00040004000400040005,Active,0.4743,0.3579,C06
U07249,4,4,0.00040004000400040005,0.00040004000400040005,Active,0.4505,0.1996,C24
U01436,4,3,0.00040004000400040005,0.00030003000300030005,Active,0.6676,0.5331,C11
U05940,4,5,0.00040004000400040005,0.0005000500050005,Regular,0.216,0.1378,C15
U05937,4,4,0.00040004000400040005,0.00040004000400040005,Regular,0.1528,0.2053,C12
U01425,4,4,0.00040004000400040005,0.00040004000400040005,Active,0.5689,0.2249,C25
U02912,4,4,0.00040004000400040005,0.00040004000400040005,Regular,0.2539,0.1838,C12
U04328,4,4,0.00040004000400040005,0.00040004000400040005,Regular,0.2934,0.1181,C03
U09130,4,4,0.00040004000400040005,0.00040004000400040005,Regular,0.1932,0.2107,C05
U07120,4,3,0.00040004000400040005,0.00030003000300030005,Regular,0.2684,0.0736,C20
U07119,4,4,0.00040004000400040005,0.00040004000400040005,Regular,0.2539,0.2034,C19
U01513,4,4,0.00040004000400040005,0.00040004000400040005,Regular,0.1046,0.2285,C13
U06084,4,4,0.00040004000400040005,0.00040004000400040005,Regular,0.1213,0.2973,C09
U02014,4,3,0.00040004000400040005,0.00030003000300030005,Active,0.6805,0.2474,C14
U07128,4,3,0.00040004000400040005,0.00030003000300030005,Regular,0.1953,0.1685,C03
U02893,4,4,0.00040004000400040005,0.00040004000400040005,Active,0.2071,0.3347,C18
U00558,4,4,0.00040004000400040005,0.00040004000400040005,Regular,0.22,0.4049,C08
U05921,4,4,0.00040004000400040005,0.00040004000400040005,Regular,0.2815,0.0921,C21
U01414,4,3,0.00040004000400040005,0.00030003000300030005,Active,0.4503,0.3029,C14
U08959,4,4,0.00040004000400040005,0.00040004000400040005,Regular,0.2136,0.1909,C09
U08944,4,3,0.00040004000400040005,0.00030003000300030005,Active,0.5409,0.2328,C19
U04316,4,4,0.00040004000400040005,0.00040004000400040005,Active,0.502,0.415,C16
U04175,4,4,0.00040004000400040005,0.00040004000400040005,Regular,0.1247,0.5137,C25
U00460,4,4,0.00040004000400040005,0.00040004000400040005,Regular,0.312,0.4114,C10
U02973,4,4,0.00040004000400040005,0.00040004000400040005,Active,0.3489,0.4889,C23
U02972,4,4,0.00040004000400040005,0.00040004000400040005,Regular,0.2057,0.1139,C22
U09149,4,4,0.00040004000400040005,0.00040004000400040005,Regular,0.2041,0.2826,C24
U01986,4,3,0.00040004000400040005,0.00030003000300030005,Regular,0.2035,0.3097,C11
U07085,4,4,0.00040004000400040005,0.00040004000400040005,Regular,0.1617,0.0927,C10
U07113,4,4,0.00040004000400040005,0.00040004000400040005,Regular,0.2749,0.2437,C13
U08926,4,4,0.00040004000400040005,0.00040004000400040005,Regular,0.183,0.1117,C01
U07299,4,4,0.00040004000400040005,0.00040004000400040005,Active,0.2974,0.4891,C24
U07296,4,3,0.00040004000400040005,0.00030003000300030005,Regular,0.215,0.1149,C21
U05910,4,4,0.00040004000400040005,0.00040004000400040005,Regular,0.2304,0.2128,C10
U05906,4,3,0.00040004000400040005,0.00030003000300030005,Regular,0.2776,0.1253,C06
U02119,4,4,0.00040004000400040005,0.00040004000400040005,Regular,0.0021,0.3978,C19
U01416,4,2,0.00040004000400040005,0.00020002000200020003,Regular,0.2212,0.2239,C16
U04303,4,4,0.00040004000400040005,0.00040004000400040005,Regular,0.231,0.2395,C03
U04331,4,3,0.00040004000400040005,0.00030003000300030005,Regular,0.1434,0.4393,C06
U07313,4,4,0.00040004000400040005,0.00040004000400040005,Regular,0.2112,0.3381,C13
U05896,4,4,0.00040004000400040005,0.00040004000400040005,Regular,0.221,0.1133,C21
U05889,4,4,0.00040004000400040005,0.00040004000400040005,Regular,0.1916,0.0515,C14
U07286,4,4,0.00040004000400040005,0.00040004000400040005,Regular,0.2738,0.0488,C11
U01418,4,4,0.00040004000400040005,0.00040004000400040005,Regular,0.2711,0.1272,C18
U07316,4,3,0.00040004000400040005,0.00030003000300030005,Regular,0.282,0.2139,C16
U08918,4,4,0.00040004000400040005,0.00040004000400040005,Active,0.5288,0.4431,C18
U04354,4,4,0.00040004000400040005,0.00040004000400040005,Regular,0.3165,0.1454,C04
U00553,4,4,0.00040004000400040005,0.00040004000400040005,Active,0.3781,0.4697,C03
U00550,4,9,0.00040004000400040005,0.0009000900090009002,Regular,0.01,0.1673,C25
U07272,4,3,0.00040004000400040005,0.00030003000300030005,Regular,0.1817,0.1549,C22
U00548,4,4,0.00040004000400040005,0.00040004000400040005,Regular,0.1945,0.3144,C23
U04345,4,4,0.00040004000400040005,0.00040004000400040005,Regular,0.344,0.1169,C20
U09127,4,4,0.00040004000400040005,0.00040004000400040005,Active,0.3423,0.2258,C02
U00464,4,2,0.00040004000400040005,0.00020002000200020003,Regular,0.2808,0.047,C14
U00463,4,4,0.00040004000400040005,0.00040004000400040005,Regular,0.2332,0.2135,C13
U08890,4,3,0.00040004000400040005,0.00030003000300030005,Active,0.3975,0.2632,C15
U08880,4,4,0.00040004000400040005,0.00040004000400040005,Regular,0.1128,0.3409,C05
U04376,4,4,0.00040004000400040005,0.00040004000400040005,Regular,0.3173,0.1104,C01
U02860,4,4,0.00040004000400040005,0.00040004000400040005,Regular,0.0652,0.1008,C10
U09138,4,4,0.00040004000400040005,0.00040004000400040005,Regular,0.1249,0.1687,C13
U09134,4,4,0.00040004000400040005,0.00040004000400040005,Regular,0.1311,0.1247,C09
U04114,4,4,0.00040004000400040005,0.00040004000400040005,Regular,0.3329,0.2126,C14
U07108,4,4,0.00040004000400040005,0.00040004000400040005,Regular,0.3037,0.0958,C08
U07105,4,3,0.00040004000400040005,0.00030003000300030005,Regular,0.176,0.0676,C05
U07096,4,4,0.00040004000400040005,0.00040004000400040005,Regular,0.2486,0.3517,C21
U04111,4,4,0.00040004000400040005,0.00040004000400040005,Active,0.2325,0.2153,C11
U04104,4,4,0.00040004000400040005,0.00040004000400040005,Regular,0.1944,0.334,C04
U04098,4,4,0.00040004000400040005,0.00040004000400040005,Regular,0.1856,0.137,C23
U08905,4,3,0.00040004000400040005,0.00030003000300030005,Regular,0.0555,0.2591,C05
U00575,4,4,0.00040004000400040005,0.00040004000400040005,Regular,0.1205,0.2398,C25
U00573,4,4,0.00040004000400040005,0.00040004000400040005,Regular,0.0982,0.3276,C23
U00444,4,9,0.00040004000400040005,0.0009000900090009002,Regular,0.3266,0.1661,C19
U07093,4,4,0.00040004000400040005,0.00040004000400040005,Regular,0.1804,0.1699,C18
U07090,4,4,0.00040004000400040005,0.00040004000400040005,Active,0.2153,0.2026,C15
U01999,4,4,0.00040004000400040005,0.00040004000400040005,Regular,0.2547,0.2508,C24
U01997,4,4,0.00040004000400040005,0.00040004000400040005,Regular,0.0741,0.1361,C22
U01991,4,4,0.00040004000400040005,0.00040004000400040005,Regular,0.1809,0.2923,C16
U01989,4,4,0.00040004000400040005,0.00040004000400040005,Regular,0.1281,0.3967,C14
U07049,4,4,0.00040004000400040005,0.00040004000400040005,Regular,0.1535,0.3237,C24
U01536,4,4,0.00040004000400040005,0.00040004000400040005,Regular,0.3649,0.2852,C11
U04095,4,4,0.00040004000400040005,0.00040004000400040005,Bridge,0.4405,0.6514,C20
U00436,4,4,0.00040004000400040005,0.00040004000400040005,Regular,0.3473,0.204,C11
U07343,4,4,0.00040004000400040005,0.00040004000400040005,Regular,0.0561,0.1904,C18
U00567,4,4,0.00040004000400040005,0.00040004000400040005,Regular,0.1683,0.3786,C17
U02834,4,4,0.00040004000400040005,0.00040004000400040005,Regular,0.2095,0.1387,C09
U02833,4,4,0.00040004000400040005,0.00040004000400040005,Active,0.6923,0.3885,C08
U08894,4,4,0.00040004000400040005,0.00040004000400040005,Regular,0.3673,0.2114,C19
U04415,4,4,0.00040004000400040005,0.00040004000400040005,Regular,0.3317,0.431,C15
U00580,4,4,0.00040004000400040005,0.00040004000400040005,Active,0.6661,0.3614,C05
U08841,4,4,0.00040004000400040005,0.00040004000400040005,Regular,0.0703,0.336,C16
U02874,4,3,0.00040004000400040005,0.00030003000300030005,Regular,0.2359,0.0935,C24
U04382,4,4,0.00040004000400040005,0.00040004000400040005,Regular,0.1695,0.2917,C07
U08870,4,4,0.00040004000400040005,0.00040004000400040005,Regular,0.1522,0.0398,C20
U02842,4,3,0.00040004000400040005,0.00030003000300030005,Regular,0.2473,0.2327,C17
U00570,4,4,0.00040004000400040005,0.00040004000400040005,Regular,0.2782,0.0398,C20
U07331,4,4,0.00040004000400040005,0.00040004000400040005,Regular,0.1502,0.0617,C06
U05885,4,5,0.00040004000400040005,0.0005000500050005,Regular,0.2393,0.319,C10
U05874,4,4,0.00040004000400040005,0.00040004000400040005,Regular,0.0693,0.3285,C24
U02144,4,3,0.00040004000400040005,0.00030003000300030005,Regular,0.0679,0.0486,C19
U05886,4,4,0.00040004000400040005,0.00040004000400040005,Regular,0.1857,0.1598,C11
U07306,4,3,0.00040004000400040005,0.00030003000300030005,Active,0.4473,0.1396,C06
U07305,4,4,0.00040004000400040005,0.00040004000400040005,Regular,0.4435,0.3637,C05
U01378,4,5,0.00040004000400040005,0.0005000500050005,Influential,0.4789,0.8015,C03
U07324,4,5,0.00040004000400040005,0.0005000500050005,Regular,0.1501,0.2974,C24
U07323,4,4,0.00040004000400040005,0.00040004000400040005,Regular,0.3069,0.2948,C23
U07349,4,4,0.00040004000400040005,0.00040004000400040005,Regular,0.1482,0.2451,C24
U00434,4,6,0.00040004000400040005,0.0006000600060006001,Regular,0.4289,0.2798,C09
U00433,4,4,0.00040004000400040005,0.00040004000400040005,Regular,0.3019,0.1614,C08
U09189,4,4,0.00040004000400040005,0.00040004000400040005,Regular,0.2765,0.2306,C14
U01530,4,4,0.00040004000400040005,0.00040004000400040005,Regular,0.283,0.3022,C05
U06120,4,4,0.00040004000400040005,0.00040004000400040005,Regular,0.1901,0.0929,C20
U06115,4,4,0.00040004000400040005,0.00040004000400040005,Regular,0.1711,0.2192,C15
U01524,4,4,0.00040004000400040005,0.00040004000400040005,Regular,0.2401,0.1601,C24
U07072,4,4,0.00040004000400040005,0.00040004000400040005,Regular,0.0963,0.1321,C22
U01982,4,4,0.00040004000400040005,0.00040004000400040005,Regular,0.2886,0.1467,C07
U04076,4,4,0.00040004000400040005,0.00040004000400040005,Regular,0.345,0.1235,C01
U04072,4,4,0.00040004000400040005,0.00040004000400040005,Regular,0.2226,0.3073,C22
U04425,4,4,0.00040004000400040005,0.00040004000400040005,Regular,0.3343,0.2093,C25
U04418,4,4,0.00040004000400040005,0.00040004000400040005,Influential,0.7379,0.8349,C18
U09175,4,4,0.00040004000400040005,0.00040004000400040005,Active,0.5651,0.087,C25
U00445,4,4,0.00040004000400040005,0.00040004000400040005,Regular,0.2298,0.2221,C20
U01973,4,4,0.00040004000400040005,0.00040004000400040005,Regular,0.0595,0.384,C23
U06140,4,4,0.00040004000400040005,0.00040004000400040005,Regular,0.2401,0.2722,C15
U06134,4,4,0.00040004000400040005,0.00040004000400040005,Regular,0.169,0.1611,C09
U06128,4,5,0.00040004000400040005,0.0005000500050005,Regular,0.1268,0.1952,C03
U07042,4,4,0.00040004000400040005,0.00040004000400040005,Regular,0.1843,0.2329,C17
U01566,4,4,0.00040004000400040005,0.00040004000400040005,Regular,0.4789,0.113,C16
U03020,4,4,0.00040004000400040005,0.00040004000400040005,Regular,0.1465,0.1066,C20
U00606,4,4,0.00040004000400040005,0.00040004000400040005,Regular,0.0223,0.1568,C06
U08850,4,4,0.00040004000400040005,0.00040004000400040005,Regular,0.3365,0.1194,C25
U01390,4,4,0.00040004000400040005,0.00040004000400040005,Regular,0.2763,0.0523,C15
U01382,4,4,0.00040004000400040005,0.00040004000400040005,Regular,0.1256,0.2468,C07
U02129,4,4,0.00040004000400040005,0.00040004000400040005,Regular,0.2732,0.1042,C04
U05863,4,3,0.00040004000400040005,0.00030003000300030005,Active,0.3094,0.2893,C13
U02134,4,4,0.00040004000400040005,0.00040004000400040005,Regular,0.3565,0.0785,C09
U07369,4,4,0.00040004000400040005,0.00040004000400040005,Regular,0.3426,0.3322,C19
U01371,4,4,0.00040004000400040005,0.00040004000400040005,Regular,0.2687,0.1804,C21
U01369,4,4,0.00040004000400040005,0.00040004000400040005,Regular,0.1058,0.1243,C19
U05854,4,4,0.00040004000400040005,0.00040004000400040005,Regular,0.1775,0.1488,C04
U05855,4,4,0.00040004000400040005,0.00040004000400040005,Regular,0.3899,0.0741,C05
U04455,4,4,0.00040004000400040005,0.00040004000400040005,Regular,0.3596,0.1781,C05
U02814,4,4,0.00040004000400040005,0.00040004000400040005,Regular,0.4511,0.0461,C14
U02812,4,5,0.00040004000400040005,0.0005000500050005,Active,0.4661,0.432,C12
U02810,4,6,0.00040004000400040005,0.0006000600060006001,Regular,0.1889,0.0985,C10
U08814,4,4,0.00040004000400040005,0.00040004000400040005,Regular,0.0605,0.3485,C14
U08842,4,4,0.00040004000400040005,0.00040004000400040005,Regular,0.3448,0.3139,C17
U04439,4,4,0.00040004000400040005,0.00040004000400040005,Regular,0.0955,0.2014,C14
U02819,4,4,0.00040004000400040005,0.00040004000400040005,Regular,0.2944,0.0928,C19
U02817,4,4,0.00040004000400040005,0.00040004000400040005,Regular,0.4322,0.0405,C17
U08820,4,4,0.00040004000400040005,0.00040004000400040005,Regular,0.4167,0.1566,C20
U03005,4,3,0.00040004000400040005,0.00030003000300030005,Regular,0.2348,0.374,C05
U08763,4,4,0.00040004000400040005,0.00040004000400040005,Regular,0.325,0.0621,C13
U04471,4,4,0.00040004000400040005,0.00040004000400040005,Regular,0.2008,0.1812,C21
U04463,4,4,0.00040004000400040005,0.00040004000400040005,Regular,0.0968,0.2927,C13
U00615,4,4,0.00040004000400040005,0.00040004000400040005,Regular,0.3712,0.2265,C15
U03017,4,4,0.00040004000400040005,0.00040004000400040005,Regular,0.0809,0.3301,C17
U00420,4,4,0.00040004000400040005,0.00040004000400040005,Regular,0.1065,0.3276,C20
U00419,4,4,0.00040004000400040005,0.00040004000400040005,Regular,0.1701,0.2325,C19
U09214,4,4,0.00040004000400040005,0.00040004000400040005,Regular,0.1178,0.2207,C14
U06149,4,4,0.00040004000400040005,0.00040004000400040005,Regular,0.0841,0.1683,C24
U06148,4,3,0.00040004000400040005,0.00030003000300030005,Regular,0.0711,0.1651,C23
U09202,4,4,0.00040004000400040005,0.00040004000400040005,Regular,0.0788,0.1511,C02
U04047,4,4,0.00040004000400040005,0.00040004000400040005,Regular,0.1776,0.1532,C22
U04044,4,4,0.00040004000400040005,0.00040004000400040005,Regular,0.2524,0.171,C19
U00612,4,4,0.00040004000400040005,0.00040004000400040005,Regular,0.1246,0.2127,C12
U08800,4,4,0.00040004000400040005,0.00040004000400040005,Regular,0.3291,0.0632,C25
U07371,4,3,0.00040004000400040005,0.00030003000300030005,Regular,0.2728,0.1137,C21
U05843,4,4,0.00040004000400040005,0.00040004000400040005,Active,0.7905,0.258,C18
U04500,4,4,0.00040004000400040005,0.00040004000400040005,Regular,0.3207,0.1287,C25
U04490,4,4,0.00040004000400040005,0.00040004000400040005,Regular,0.1231,0.1395,C15
U04043,4,4,0.00040004000400040005,0.00040004000400040005,Regular,0.4984,0.0853,C18
U06166,4,4,0.00040004000400040005,0.00040004000400040005,Active,0.4094,0.2214,C16
U01584,4,4,0.00040004000400040005,0.00040004000400040005,Regular,0.0984,0.3658,C09
U09218,4,4,0.00040004000400040005,0.00040004000400040005,Regular,0.3163,0.0656,C18
U09215,4,3,0.00040004000400040005,0.00030003000300030005,Regular,0.2862,0.0608,C15
U04029,4,4,0.00040004000400040005,0.00040004000400040005,Regular,0.1459,0.2148,C04
U04027,4,4,0.00040004000400040005,0.00040004000400040005,Regular,0.1477,0.0896,C02
U04023,4,4,0.00040004000400040005,0.00040004000400040005,Active,0.6716,0.4408,C23
U04484,4,5,0.00040004000400040005,0.0005000500050005,Regular,0.1593,0.1585,C09
U08769,4,4,0.00040004000400040005,0.00040004000400040005,Regular,0.1185,0.2832,C19
U00639,4,3,0.00040004000400040005,0.00030003000300030005,Regular,0.2237,0.0767,C14
U00631,4,4,0.00040004000400040005,0.00040004000400040005,Regular,0.2332,0.276,C06
U08806,4,4,0.00040004000400040005,0.00040004000400040005,Regular,0.4415,0.2123,C06
U04507,4,7,0.00040004000400040005,0.0007000700070007,Regular,0.1866,0.2498,C07
U04502,4,4,0.00040004000400040005,0.00040004000400040005,Regular,0.1885,0.153,C02
U08747,4,4,0.00040004000400040005,0.00040004000400040005,Active,0.6493,0.1743,C22
U09241,4,4,0.00040004000400040005,0.00040004000400040005,Active,0.4543,0.5273,C16
U01966,4,4,0.00040004000400040005,0.00040004000400040005,Regular,0.0504,0.3197,C16
U01964,4,4,0.00040004000400040005,0.00040004000400040005,Regular,0.2428,0.0278,C14
U01573,4,4,0.00040004000400040005,0.00040004000400040005,Regular,0.1599,0.167,C23
U06191,4,3,0.00040004000400040005,0.00030003000300030005,Regular,0.163,0.08,C16
U06988,4,4,0.00040004000400040005,0.00040004000400040005,Regular,0.2693,0.0968,C13
U09234,4,4,0.00040004000400040005,0.00040004000400040005,Regular,0.1803,0.2198,C09
U08798,4,4,0.00040004000400040005,0.00040004000400040005,Regular,0.3001,0.0766,C23
U08789,4,4,0.00040004000400040005,0.00040004000400040005,Regular,0.073,0.4006,C14
U05838,4,4,0.00040004000400040005,0.00040004000400040005,Active,0.5254,0.1152,C13
U05826,4,4,0.00040004000400040005,0.00040004000400040005,Regular,0.2127,0.0573,C01
U02170,4,5,0.00040004000400040005,0.0005000500050005,Regular,0.2478,0.1442,C20
U01348,4,4,0.00040004000400040005,0.00040004000400040005,Regular,0.2488,0.2598,C23
U04002,4,4,0.00040004000400040005,0.00040004000400040005,Regular,0.1717,0.2235,C02
U03040,4,3,0.00040004000400040005,0.00030003000300030005,Regular,0.1356,0.2315,C15
U03037,4,4,0.00040004000400040005,0.00040004000400040005,Regular,0.0879,0.369,C12
U00404,4,4,0.00040004000400040005,0.00040004000400040005,Regular,0.3413,0.08,C04
U06969,4,4,0.00040004000400040005,0.00040004000400040005,Regular,0.1523,0.1092,C19
U06996,4,4,0.00040004000400040005,0.00040004000400040005,Regular,0.1428,0.2225,C21
U06995,4,4,0.00040004000400040005,0.00040004000400040005,Regular,0.2773,0.2453,C20
U04519,4,3,0.00040004000400040005,0.00030003000300030005,Regular,0.3264,0.4953,C19
U04515,4,4,0.00040004000400040005,0.00040004000400040005,Regular,0.332,0.2083,C15
U00645,4,4,0.00040004000400040005,0.00040004000400040005,Regular,0.1455,0.1764,C20
U00644,4,5,0.00040004000400040005,0.0005000500050005,Active,0.4014,0.2891,C19
U00626,4,3,0.00040004000400040005,0.00030003000300030005,Regular,0.2959,0.1605,C01
U08768,4,4,0.00040004000400040005,0.00040004000400040005,Regular,0.1301,0.2169,C18
U08733,4,4,0.00040004000400040005,0.00040004000400040005,Regular,0.1429,0.0984,C08
U02771,4,4,0.00040004000400040005,0.00040004000400040005,Bridge,0.5032,0.3745,C21
U02770,4,4,0.00040004000400040005,0.00040004000400040005,Active,0.3374,0.2313,C20
U04541,4,4,0.00040004000400040005,0.00040004000400040005,Regular,0.1797,0.1998,C16
U00388,4,4,0.00040004000400040005,0.00040004000400040005,Regular,0.132,0.1582,C13
U00383,4,4,0.00040004000400040005,0.00040004000400040005,Regular,0.3137,0.1055,C08
U00376,4,4,0.00040004000400040005,0.00040004000400040005,Regular,0.1314,0.1472,C01
U06991,4,5,0.00040004000400040005,0.0005000500050005,Regular,0.2096,0.5245,C16
U06200,4,3,0.00040004000400040005,0.00030003000300030005,Regular,0.258,0.0969,C25
U03982,4,4,0.00040004000400040005,0.00040004000400040005,Regular,0.4176,0.1908,C07
U03972,4,3,0.00040004000400040005,0.00030003000300030005,Regular,0.3807,0.0424,C22
U08741,4,3,0.00040004000400040005,0.00030003000300030005,Regular,0.2947,0.1257,C16
U02161,4,8,0.00040004000400040005,0.0008000800080008001,Regular,0.1447,0.1632,C11
U05823,4,3,0.00040004000400040005,0.00030003000300030005,Regular,0.4471,0.3079,C23
U05820,4,4,0.00040004000400040005,0.00040004000400040005,Regular,0.2876,0.1429,C20
U02169,4,4,0.00040004000400040005,0.00040004000400040005,Regular,0.1103,0.1537,C19
U00413,4,5,0.00040004000400040005,0.0005000500050005,Bridge,0.1773,0.7836,C13
U04010,4,4,0.00040004000400040005,0.00040004000400040005,Regular,0.2412,0.3941,C10
U04006,4,4,0.00040004000400040005,0.00040004000400040005,Regular,0.0981,0.2645,C06
U08719,4,4,0.00040004000400040005,0.00040004000400040005,Regular,0.5161,0.0222,C19
U00671,4,4,0.00040004000400040005,0.00040004000400040005,Regular,0.3943,0.2659,C21
U05806,4,4,0.00040004000400040005,0.00040004000400040005,Regular,0.0901,0.0311,C06
U05801,4,4,0.00040004000400040005,0.00040004000400040005,Regular,0.5063,0.1303,C01
U05807,4,4,0.00040004000400040005,0.00040004000400040005,Regular,0.2553,0.051,C07
U07401,4,4,0.00040004000400040005,0.00040004000400040005,Regular,0.216,0.1755,C01
U01339,4,4,0.00040004000400040005,0.00040004000400040005,Regular,0.4633,0.089,C14
U01338,4,3,0.00040004000400040005,0.00030003000300030005,Regular,0.1552,0.2097,C13
U04557,4,4,0.00040004000400040005,0.00040004000400040005,Regular,0.3604,0.0265,C07
U02763,4,4,0.00040004000400040005,0.00040004000400040005,Regular,0.3923,0.3059,C13
U00662,4,4,0.00040004000400040005,0.00040004000400040005,Regular,0.2104,0.3487,C12
U00659,4,4,0.00040004000400040005,0.00040004000400040005,Regular,0.2587,0.1627,C09
U00641,4,4,0.00040004000400040005,0.00040004000400040005,Regular,0.1843,0.3619,C16
U08736,4,4,0.00040004000400040005,0.00040004000400040005,Regular,0.13,0.1534,C11
U08728,4,3,0.00040004000400040005,0.00030003000300030005,Regular,0.1675,0.0876,C03
U02760,4,3,0.00040004000400040005,0.00030003000300030005,Regular,0.2457,0.0207,C10
U06956,4,4,0.00040004000400040005,0.00040004000400040005,Regular,0.1761,0.2235,C06
U06943,4,4,0.00040004000400040005,0.00040004000400040005,Regular,0.056,0.2676,C18
U06983,4,4,0.00040004000400040005,0.00040004000400040005,Regular,0.3822,0.1075,C08
U00370,4,5,0.00040004000400040005,0.0005000500050005,Regular,0.4025,0.2353,C20
U03940,4,4,0.00040004000400040005,0.00040004000400040005,Regular,0.1305,0.278,C15
U03044,4,3,0.00040004000400040005,0.00030003000300030005,Regular,0.411,0.1281,C19
U09272,4,4,0.00040004000400040005,0.00040004000400040005,Regular,0.2846,0.3079,C22
U01939,4,4,0.00040004000400040005,0.00040004000400040005,Bridge,0.3623,0.6625,C14
U06220,4,5,0.00040004000400040005,0.0005000500050005,Regular,0.1324,0.1109,C20
U01589,4,5,0.00040004000400040005,0.0005000500050005,Active,0.4141,0.3619,C14
U03954,4,4,0.00040004000400040005,0.00040004000400040005,Regular,0.2322,0.3408,C04
U09300,4,4,0.00040004000400040005,0.00040004000400040005,Active,0.3428,0.4111,C25
U06962,4,4,0.00040004000400040005,0.00040004000400040005,Regular,0.1309,0.1054,C12
U06237,4,4,0.00040004000400040005,0.00040004000400040005,Active,0.4085,0.284,C12
U06236,4,4,0.00040004000400040005,0.00040004000400040005,Regular,0.0983,0.1086,C11
U08677,4,4,0.00040004000400040005,0.00040004000400040005,Regular,0.0541,0.2226,C02
U01615,4,5,0.00040004000400040005,0.0005000500050005,Active,0.4528,0.4934,C15
U01613,4,4,0.00040004000400040005,0.00040004000400040005,Regular,0.5229,0.061,C13
U06251,4,6,0.00040004000400040005,0.0006000600060006001,Regular,0.1449,0.2296,C01
U06963,4,4,0.00040004000400040005,0.00040004000400040005,Regular,0.0462,0.2868,C13
U03966,4,4,0.00040004000400040005,0.00040004000400040005,Regular,0.32,0.0521,C16
U01602,4,4,0.00040004000400040005,0.00040004000400040005,Regular,0.1394,0.3819,C02
U01632,4,4,0.00040004000400040005,0.00040004000400040005,Regular,0.138,0.2007,C07
U01629,4,4,0.00040004000400040005,0.00040004000400040005,Regular,0.1723,0.2079,C04
U04584,4,4,0.00040004000400040005,0.00040004000400040005,Regular,0.1321,0.2148,C09
U02722,4,4,0.00040004000400040005,0.00040004000400040005,Regular,0.0918,0.169,C22
U04576,4,4,0.00040004000400040005,0.00040004000400040005,Regular,0.2822,0.192,C01
U04575,4,4,0.00040004000400040005,0.00040004000400040005,Regular,0.2974,0.0993,C25
U00677,4,4,0.00040004000400040005,0.00040004000400040005,Influential,0.6978,0.7243,C02
U08690,4,4,0.00040004000400040005,0.00040004000400040005,Regular,0.0481,0.3839,C15
U06227,4,4,0.00040004000400040005,0.00040004000400040005,Regular,0.0733,0.1971,C02
U06958,4,3,0.00040004000400040005,0.00030003000300030005,Regular,0.319,0.1724,C08
U08657,4,3,0.00040004000400040005,0.00030003000300030005,Regular,0.2173,0.1317,C07
U03063,4,4,0.00040004000400040005,0.00040004000400040005,Regular,0.244,0.249,C13
U03061,4,4,0.00040004000400040005,0.00040004000400040005,Regular,0.2677,0.0497,C11
U03058,4,3,0.00040004000400040005,0.00030003000300030005,Regular,0.3013,0.1151,C08
U09305,4,4,0.00040004000400040005,0.00040004000400040005,Regular,0.2787,0.164,C05
U09301,4,4,0.00040004000400040005,0.00040004000400040005,Regular,0.1774,0.2208,C01
U09335,4,4,0.00040004000400040005,0.00040004000400040005,Regular,0.2107,0.0909,C10
U06885,4,4,0.00040004000400040005,0.00040004000400040005,Regular,0.0909,0.1822,C10
U09334,4,4,0.00040004000400040005,0.00040004000400040005,Regular,0.1654,0.2278,C09
U09330,4,4,0.00040004000400040005,0.00040004000400040005,Regular,0.2764,0.0924,C05
U09327,4,4,0.00040004000400040005,0.00040004000400040005,Regular,0.2707,0.109,C02
U04607,4,4,0.00040004000400040005,0.00040004000400040005,Regular,0.1583,0.0679,C07
U04596,4,4,0.00040004000400040005,0.00040004000400040005,Regular,0.1425,0.0232,C21
U08647,4,4,0.00040004000400040005,0.00040004000400040005,Regular,0.144,0.1189,C22
U00684,4,4,0.00040004000400040005,0.00040004000400040005,Active,0.4276,0.3795,C09
U07424,4,4,0.00040004000400040005,0.00040004000400040005,Regular,0.2022,0.1175,C24
U03916,4,4,0.00040004000400040005,0.00040004000400040005,Regular,0.05,0.3515,C16
U09320,4,4,0.00040004000400040005,0.00040004000400040005,Regular,0.3195,0.1384,C20
U06244,4,4,0.00040004000400040005,0.00040004000400040005,Regular,0.0942,0.1912,C19
U06263,4,8,0.00040004000400040005,0.0008000800080008001,Active,0.6604,0.4346,C13
U06261,4,3,0.00040004000400040005,0.00030003000300030005,Regular,0.1699,0.2499,C11
U01935,4,3,0.00040004000400040005,0.00030003000300030005,Regular,0.2504,0.1276,C10
U09352,4,4,0.00040004000400040005,0.00040004000400040005,Regular,0.0952,0.3202,C02
U03079,4,4,0.00040004000400040005,0.00040004000400040005,Regular,0.1185,0.1734,C04
U00692,4,3,0.00040004000400040005,0.00030003000300030005,Regular,0.1459,0.2629,C17
U00690,4,4,0.00040004000400040005,0.00040004000400040005,Regular,0.1259,0.3563,C15
U07446,4,3,0.00040004000400040005,0.00030003000300030005,Regular,0.0918,0.2074,C21
U07440,4,4,0.00040004000400040005,0.00040004000400040005,Active,0.5811,0.5474,C15
U05783,4,4,0.00040004000400040005,0.00040004000400040005,Regular,0.2112,0.1925,C08
U00675,4,4,0.00040004000400040005,0.00040004000400040005,Regular,0.2112,0.1312,C25
U08668,4,4,0.00040004000400040005,0.00040004000400040005,Regular,0.4542,0.0616,C18
U08662,4,4,0.00040004000400040005,0.00040004000400040005,Regular,0.1425,0.109,C12
U01323,4,3,0.00040004000400040005,0.00030003000300030005,Regular,0.3192,0.1438,C23
U08622,4,4,0.00040004000400040005,0.00040004000400040005,Regular,0.113,0.3638,C22
U09345,4,4,0.00040004000400040005,0.00040004000400040005,Regular,0.3293,0.1364,C20
U09343,4,6,0.00040004000400040005,0.0006000600060006001,Active,0.4243,0.085,C18
U09373,4,4,0.00040004000400040005,0.00040004000400040005,Regular,0.3239,0.1494,C23
U06283,4,3,0.00040004000400040005,0.00030003000300030005,Active,0.5129,0.3759,C08
U06275,4,4,0.00040004000400040005,0.00040004000400040005,Regular,0.3937,0.1127,C25
U03885,4,4,0.00040004000400040005,0.00040004000400040005,Regular,0.1267,0.2992,C10
U00343,4,5,0.00040004000400040005,0.0005000500050005,Regular,0.3957,0.2147,C18
U00341,4,4,0.00040004000400040005,0.00040004000400040005,Regular,0.1776,0.117,C16
U04634,4,3,0.00040004000400040005,0.00030003000300030005,Regular,0.091,0.3016,C09
U05761,4,4,0.00040004000400040005,0.00040004000400040005,Regular,0.3491,0.1745,C11
U02201,4,4,0.00040004000400040005,0.00040004000400040005,Regular,0.2365,0.0569,C01
U08642,4,4,0.00040004000400040005,0.00040004000400040005,Regular,0.1883,0.1007,C17
U00700,4,4,0.00040004000400040005,0.00040004000400040005,Regular,0.3222,0.178,C25
U04630,4,3,0.00040004000400040005,0.00030003000300030005,Regular,0.1762,0.3018,C05
U06300,4,4,0.00040004000400040005,0.00040004000400040005,Regular,0.1877,0.2007,C25
U06293,4,4,0.00040004000400040005,0.00040004000400040005,Regular,0.159,0.2354,C18
U06291,4,5,0.00040004000400040005,0.0005000500050005,Regular,0.0912,0.0391,C16
U01635,4,3,0.00040004000400040005,0.00030003000300030005,Active,0.6386,0.1116,C10
U09358,4,4,0.00040004000400040005,0.00040004000400040005,Regular,0.1244,0.3281,C08
U06859,4,3,0.00040004000400040005,0.00030003000300030005,Regular,0.0894,0.1393,C09
U06858,4,4,0.00040004000400040005,0.00040004000400040005,Regular,0.1228,0.1301,C08
U01643,4,3,0.00040004000400040005,0.00030003000300030005,Regular,0.0507,0.1177,C18
U04641,4,3,0.00040004000400040005,0.00030003000300030005,Regular,0.246,0.1746,C16
U00706,4,4,0.00040004000400040005,0.00040004000400040005,Regular,0.312,0.0607,C06
U08635,4,4,0.00040004000400040005,0.00040004000400040005,Regular,0.4161,0.0523,C10
U08626,4,4,0.00040004000400040005,0.00040004000400040005,Regular,0.0998,0.1904,C01
U02194,4,4,0.00040004000400040005,0.00040004000400040005,Regular,0.1041,0.0555,C19
U01299,4,4,0.00040004000400040005,0.00040004000400040005,Regular,0.1911,0.2295,C24
U01297,4,3,0.00040004000400040005,0.00030003000300030005,Regular,0.1725,0.0753,C22
U07485,4,4,0.00040004000400040005,0.00040004000400040005,Regular,0.3366,0.0135,C10
U08573,4,4,0.00040004000400040005,0.00040004000400040005,Regular,0.2957,0.0685,C23
U08570,4,4,0.00040004000400040005,0.00040004000400040005,Active,0.4835,0.224,C20
U08598,4,4,0.00040004000400040005,0.00040004000400040005,Regular,0.2341,0.2587,C23
U08597,4,4,0.00040004000400040005,0.00040004000400040005,Regular,0.0348,0.2115,C22
U01308,4,4,0.00040004000400040005,0.00040004000400040005,Regular,0.2273,0.1094,C08
U01307,4,4,0.00040004000400040005,0.00040004000400040005,Regular,0.1028,0.1795,C07
U07463,4,4,0.00040004000400040005,0.00040004000400040005,Regular,0.1768,0.3003,C13
U08595,4,4,0.00040004000400040005,0.00040004000400040005,Regular,0.1422,0.242,C20
U04668,4,4,0.00040004000400040005,0.00040004000400040005,Regular,0.2257,0.1044,C18
U04658,4,4,0.00040004000400040005,0.00040004000400040005,Regular,0.231,0.136,C08
U02704,4,5,0.00040004000400040005,0.0005000500050005,Active,0.4714,0.3342,C04
U08583,4,4,0.00040004000400040005,0.00040004000400040005,Regular,0.1259,0.0781,C08
U08614,4,4,0.00040004000400040005,0.00040004000400040005,Regular,0.3034,0.1125,C14
U08612,4,3,0.00040004000400040005,0.00030003000300030005,Regular,0.1888,0.1051,C12
U08610,4,4,0.00040004000400040005,0.00040004000400040005,Regular,0.2721,0.2044,C10
U00713,4,4,0.00040004000400040005,0.00040004000400040005,Regular,0.1389,0.1797,C13
U02679,4,4,0.00040004000400040005,0.00040004000400040005,Regular,0.3078,0.1355,C04
U02677,4,4,0.00040004000400040005,0.00040004000400040005,Regular,0.2106,0.3353,C02
U04674,4,3,0.00040004000400040005,0.00030003000300030005,Regular,0.057,0.2368,C24
U03868,4,4,0.00040004000400040005,0.00040004000400040005,Regular,0.2204,0.1858,C18
U03860,4,4,0.00040004000400040005,0.00040004000400040005,Regular,0.172,0.1262,C10
U00305,4,4,0.00040004000400040005,0.00040004000400040005,Regular,0.2197,0.0315,C05
U09390,4,4,0.00040004000400040005,0.00040004000400040005,Regular,0.0869,0.23,C15
U00325,4,4,0.00040004000400040005,0.00040004000400040005,Regular,0.1746,0.3053,C25
U09375,4,3,0.00040004000400040005,0.00030003000300030005,Regular,0.1959,0.0561,C25
U00347,4,4,0.00040004000400040005,0.00040004000400040005,Regular,0.4491,0.3142,C22
U03112,4,4,0.00040004000400040005,0.00040004000400040005,Regular,0.1505,0.1263,C12
U09424,4,6,0.00040004000400040005,0.0006000600060006001,Regular,0.1242,0.0903,C24
U09409,4,3,0.00040004000400040005,0.00030003000300030005,Regular,0.2085,0.2297,C09
U09402,4,5,0.00040004000400040005,0.0005000500050005,Regular,0.1452,0.2859,C02
U04669,4,4,0.00040004000400040005,0.00040004000400040005,Regular,0.1581,0.1125,C19
U00722,4,4,0.00040004000400040005,0.00040004000400040005,Regular,0.2098,0.1652,C22
U03811,4,4,0.00040004000400040005,0.00040004000400040005,Regular,0.0864,0.1175,C11
U06874,4,4,0.00040004000400040005,0.00040004000400040005,Regular,0.1377,0.2599,C24
U06306,4,4,0.00040004000400040005,0.00040004000400040005,Regular,0.0606,0.4208,C06
U01918,4,3,0.00040004000400040005,0.00030003000300030005,Active,0.3886,0.262,C18
U01913,4,4,0.00040004000400040005,0.00040004000400040005,Regular,0.3051,0.1891,C13
U06875,4,4,0.00040004000400040005,0.00040004000400040005,Regular,0.1044,0.097,C25
U03133,4,8,0.00040004000400040005,0.0008000800080008001,Regular,0.1954,0.25,C08
U03128,4,6,0.00040004000400040005,0.0006000600060006001,Regular,0.1623,0.2666,C03
U03108,4,4,0.00040004000400040005,0.00040004000400040005,Regular,0.2752,0.1588,C08
U08556,4,4,0.00040004000400040005,0.00040004000400040005,Regular,0.2293,0.1057,C06
U04697,4,5,0.00040004000400040005,0.0005000500050005,Regular,0.1131,0.1073,C22
U04692,4,4,0.00040004000400040005,0.00040004000400040005,Active,0.6232,0.2059,C17
U02683,4,4,0.00040004000400040005,0.00040004000400040005,Regular,0.2259,0.1941,C08
U00733,4,3,0.00040004000400040005,0.00030003000300030005,Regular,0.2498,0.0802,C08
U05723,4,4,0.00040004000400040005,0.00040004000400040005,Regular,0.2322,0.1952,C23
U05720,4,4,0.00040004000400040005,0.00040004000400040005,Active,0.662,0.3877,C20
U01287,4,4,0.00040004000400040005,0.00040004000400040005,Regular,0.5459,0.2571,C12
U01286,4,4,0.00040004000400040005,0.00040004000400040005,Active,0.2837,0.4266,C11
U03823,4,4,0.00040004000400040005,0.00040004000400040005,Regular,0.1413,0.2434,C23
U09428,4,4,0.00040004000400040005,0.00040004000400040005,Regular,0.1897,0.1515,C03
U03854,4,4,0.00040004000400040005,0.00040004000400040005,Regular,0.2295,0.1336,C04
U03819,4,4,0.00040004000400040005,0.00040004000400040005,Regular,0.2938,0.2083,C19
U03818,4,4,0.00040004000400040005,0.00040004000400040005,Regular,0.2253,0.0276,C18
U03816,4,4,0.00040004000400040005,0.00040004000400040005,Regular,0.2657,0.5366,C16
U03778,4,5,0.00040004000400040005,0.0005000500050005,Active,0.5629,0.1585,C03
U00750,4,5,0.00040004000400040005,0.0005000500050005,Regular,0.2534,0.0669,C25
U04710,4,3,0.00040004000400040005,0.00030003000300030005,Regular,0.3666,0.0521,C10
U02671,4,4,0.00040004000400040005,0.00040004000400040005,Regular,0.1294,0.0884,C21
U02664,4,4,0.00040004000400040005,0.00040004000400040005,Active,0.6666,0.3827,C14
U05744,4,4,0.00040004000400040005,0.00040004000400040005,Active,0.5044,0.3997,C19
U07509,4,3,0.00040004000400040005,0.00030003000300030005,Regular,0.1101,0.1479,C09
U08557,4,4,0.00040004000400040005,0.00040004000400040005,Regular,0.3406,0.0424,C07
U08526,4,4,0.00040004000400040005,0.00040004000400040005,Regular,0.3706,0.3025,C01
U04733,4,4,0.00040004000400040005,0.00040004000400040005,Regular,0.3237,0.1365,C08
U01664,4,5,0.00040004000400040005,0.0005000500050005,Regular,0.4421,0.046,C14
U06331,4,8,0.00040004000400040005,0.0008000800080008001,Regular,0.1446,0.0904,C06
U06330,4,4,0.00040004000400040005,0.00040004000400040005,Active,0.8237,0.5534,C05
U06323,4,4,0.00040004000400040005,0.00040004000400040005,Regular,0.435,0.2415,C23
U06848,4,4,0.00040004000400040005,0.00040004000400040005,Regular,0.4438,0.1002,C23
U06821,4,4,0.00040004000400040005,0.00040004000400040005,Active,0.3853,0.2638,C21
U06855,4,4,0.00040004000400040005,0.00040004000400040005,Regular,0.204,0.3065,C05
U03148,4,4,0.00040004000400040005,0.00040004000400040005,Regular,0.1318,0.0985,C23
U04732,4,4,0.00040004000400040005,0.00040004000400040005,Regular,0.132,0.3886,C07
U04728,4,9,0.00040004000400040005,0.0009000900090009002,Regular,0.1939,0.047,C03
U04727,4,4,0.00040004000400040005,0.00040004000400040005,Regular,0.2824,0.1696,C02
U04726,4,4,0.00040004000400040005,0.00040004000400040005,Active,0.7621,0.4712,C01
U05718,4,5,0.00040004000400040005,0.0005000500050005,Regular,0.2282,0.0939,C18
U07497,4,4,0.00040004000400040005,0.00040004000400040005,Regular,0.2457,0.109,C22
U04754,4,4,0.00040004000400040005,0.00040004000400040005,Regular,0.256,0.1346,C04
U08483,4,4,0.00040004000400040005,0.00040004000400040005,Regular,0.1018,0.2404,C08
U04713,4,3,0.00040004000400040005,0.00030003000300030005,Active,0.4402,0.2998,C13
U04786,4,4,0.00040004000400040005,0.00040004000400040005,Regular,0.1374,0.3447,C11
U04785,4,5,0.00040004000400040005,0.0005000500050005,Regular,0.5225,0.1282,C10
U02220,4,3,0.00040004000400040005,0.00030003000300030005,Regular,0.0744,0.1935,C20
U07517,4,4,0.00040004000400040005,0.00040004000400040005,Regular,0.2148,0.1328,C17
U07514,4,4,0.00040004000400040005,0.00040004000400040005,Regular,0.4203,0.2401,C14
U07547,4,4,0.00040004000400040005,0.00040004000400040005,Regular,0.116,0.2725,C22
U00767,4,3,0.00040004000400040005,0.00030003000300030005,Regular,0.1861,0.143,C17
U00754,4,3,0.00040004000400040005,0.00030003000300030005,Regular,0.1328,0.151,C04
U00741,4,4,0.00040004000400040005,0.00040004000400040005,Regular,0.1413,0.0871,C16
U07545,4,3,0.00040004000400040005,0.00030003000300030005,Regular,0.4331,0.1284,C20
U05677,4,4,0.00040004000400040005,0.00040004000400040005,Regular,0.2988,0.0721,C02
U08563,4,4,0.00040004000400040005,0.00040004000400040005,Regular,0.4353,0.3165,C13
U08530,4,5,0.00040004000400040005,0.0005000500050005,Regular,0.1122,0.1739,C05
U08453,4,4,0.00040004000400040005,0.00040004000400040005,Regular,0.178,0.2755,C03
U07538,4,4,0.00040004000400040005,0.00040004000400040005,Regular,0.0783,0.1568,C13
U07531,4,4,0.00040004000400040005,0.00040004000400040005,Regular,0.1394,0.2326,C06
U01294,4,4,0.00040004000400040005,0.00040004000400040005,Regular,0.2544,0.444,C19
U01291,4,4,0.00040004000400040005,0.00040004000400040005,Regular,0.2059,0.0804,C16
U03806,4,4,0.00040004000400040005,0.00040004000400040005,Bridge,0.4187,0.5406,C06
U03804,4,3,0.00040004000400040005,0.00030003000300030005,Regular,0.366,0.0196,C04
U00258,4,4,0.00040004000400040005,0.00040004000400040005,Active,0.4894,0.3492,C08
U09467,4,4,0.00040004000400040005,0.00040004000400040005,Regular,0.0533,0.1911,C17
U09454,4,3,0.00040004000400040005,0.00030003000300030005,Regular,0.18,0.2499,C04
U09481,4,3,0.00040004000400040005,0.00030003000300030005,Regular,0.2032,0.1241,C06
U00275,4,4,0.00040004000400040005,0.00040004000400040005,Regular,0.304,0.3288,C25
U06806,4,3,0.00040004000400040005,0.00030003000300030005,Regular,0.223,0.0866,C06
U06805,4,4,0.00040004000400040005,0.00040004000400040005,Regular,0.1836,0.1303,C05
U00267,4,4,0.00040004000400040005,0.00040004000400040005,Regular,0.197,0.1513,C17
U08493,4,4,0.00040004000400040005,0.00040004000400040005,Regular,0.1405,0.2453,C18
U04766,4,4,0.00040004000400040005,0.00040004000400040005,Regular,0.2639,0.1906,C16
U08468,4,4,0.00040004000400040005,0.00040004000400040005,Regular,0.0772,0.0978,C18
U00266,4,3,0.00040004000400040005,0.00030003000300030005,Regular,0.1489,0.1209,C16
U03783,4,3,0.00040004000400040005,0.00030003000300030005,Regular,0.1061,0.2214,C08
U09496,4,4,0.00040004000400040005,0.00040004000400040005,Regular,0.2926,0.0426,C21
U01899,4,4,0.00040004000400040005,0.00040004000400040005,Regular,0.3086,0.1746,C24
U01894,4,4,0.00040004000400040005,0.00040004000400040005,Regular,0.1993,0.2618,C19
U09493,4,10,0.00040004000400040005,0.001000100010001,Regular,0.085,0.0378,C18
U03144,4,4,0.00040004000400040005,0.00040004000400040005,Regular,0.2137,0.2401,C19
U03143,4,4,0.00040004000400040005,0.00040004000400040005,Regular,0.2633,0.1694,C18
U07568,4,5,0.00040004000400040005,0.0005000500050005,Regular,0.1526,0.3633,C18
U07553,4,6,0.00040004000400040005,0.0006000600060006001,Regular,0.2358,0.0768,C03
U01269,4,3,0.00040004000400040005,0.00030003000300030005,Regular,0.5836,0.1195,C19
U01267,4,4,0.00040004000400040005,0.00040004000400040005,Regular,0.2732,0.2579,C17
U02251,4,4,0.00040004000400040005,0.00040004000400040005,Regular,0.3686,0.2718,C01
U05662,4,4,0.00040004000400040005,0.00040004000400040005,Regular,0.3988,0.2118,C12
U04807,4,4,0.00040004000400040005,0.00040004000400040005,Active,0.4914,0.2724,C07
U05659,4,7,0.00040004000400040005,0.0007000700070007,Regular,0.0498,0.4331,C09
U03767,4,4,0.00040004000400040005,0.00040004000400040005,Regular,0.1358,0.1998,C17
U06363,4,4,0.00040004000400040005,0.00040004000400040005,Regular,0.2985,0.157,C13
U06361,4,4,0.00040004000400040005,0.00040004000400040005,Regular,0.2647,0.2204,C11
U06351,4,4,0.00040004000400040005,0.00040004000400040005,Active,0.5932,0.4873,C01
U06347,4,4,0.00040004000400040005,0.00040004000400040005,Active,0.5443,0.2619,C22
U01667,4,3,0.00040004000400040005,0.00030003000300030005,Regular,0.2101,0.2299,C17
U06373,4,4,0.00040004000400040005,0.00040004000400040005,Regular,0.418,0.1012,C23
U06797,4,4,0.00040004000400040005,0.00040004000400040005,Regular,0.2612,0.4641,C22
U06818,4,4,0.00040004000400040005,0.00040004000400040005,Regular,0.265,0.2544,C18
U05653,4,4,0.00040004000400040005,0.00040004000400040005,Regular,0.2448,0.1009,C03
U07578,4,4,0.00040004000400040005,0.00040004000400040005,Regular,0.0554,0.167,C03
U07587,4,4,0.00040004000400040005,0.00040004000400040005,Regular,0.0941,0.222,C12
U01242,4,3,0.00040004000400040005,0.00030003000300030005,Regular,0.2343,0.2036,C17
U04775,4,4,0.00040004000400040005,0.00040004000400040005,Regular,0.2211,0.121,C25
U01241,4,4,0.00040004000400040005,0.00040004000400040005,Regular,0.1635,0.1395,C16
U05643,4,3,0.00040004000400040005,0.00030003000300030005,Regular,0.3252,0.0685,C18
U05641,4,4,0.00040004000400040005,0.00040004000400040005,Regular,0.3964,0.0767,C16
U05635,4,4,0.00040004000400040005,0.00040004000400040005,Active,0.8209,0.216,C10
U09516,4,4,0.00040004000400040005,0.00040004000400040005,Influential,0.488,0.5154,C16
U09511,4,4,0.00040004000400040005,0.00040004000400040005,Regular,0.1655,0.325,C11
U03754,4,5,0.00040004000400040005,0.0005000500050005,Regular,0.0408,0.4743,C04
U03745,4,4,0.00040004000400040005,0.00040004000400040005,Regular,0.2224,0.1495,C20
U00247,4,3,0.00040004000400040005,0.00030003000300030005,Regular,0.1756,0.1134,C22
U00246,4,4,0.00040004000400040005,0.00040004000400040005,Regular,0.1125,0.1673,C21
U09567,4,4,0.00040004000400040005,0.00040004000400040005,Regular,0.2192,0.166,C17
U09525,4,3,0.00040004000400040005,0.00030003000300030005,Regular,0.21,0.1004,C25
U03734,4,4,0.00040004000400040005,0.00040004000400040005,Regular,0.2417,0.0579,C09
U01224,4,6,0.00040004000400040005,0.0006000600060006001,Regular,0.2895,0.267,C24
U04789,4,4,0.00040004000400040005,0.00040004000400040005,Regular,0.4579,0.0905,C14
U04808,4,6,0.00040004000400040005,0.0006000600060006001,Regular,0.1565,0.2714,C08
U00792,4,4,0.00040004000400040005,0.00040004000400040005,Regular,0.0388,0.3468,C17
U00788,4,4,0.00040004000400040005,0.00040004000400040005,Regular,0.2895,0.1387,C13
U08421,4,4,0.00040004000400040005,0.00040004000400040005,Regular,0.2055,0.2438,C21
U03166,4,4,0.00040004000400040005,0.00040004000400040005,Regular,0.1413,0.3625,C16
U03728,4,5,0.00040004000400040005,0.0005000500050005,Regular,0.2065,0.3315,C03
U09540,4,4,0.00040004000400040005,0.00040004000400040005,Regular,0.3246,0.1023,C15
U06802,4,4,0.00040004000400040005,0.00040004000400040005,Regular,0.309,0.0418,C02
U01882,4,4,0.00040004000400040005,0.00040004000400040005,Regular,0.2975,0.4468,C07
U01875,4,4,0.00040004000400040005,0.00040004000400040005,Influential,0.9309,0.8173,C25
U01886,4,4,0.00040004000400040005,0.00040004000400040005,Regular,0.175,0.0347,C11
U06779,4,4,0.00040004000400040005,0.00040004000400040005,Active,0.5636,0.2507,C04
U02611,4,4,0.00040004000400040005,0.00040004000400040005,Regular,0.3066,0.0979,C11
U08415,4,3,0.00040004000400040005,0.00030003000300030005,Regular,0.3174,0.1114,C15
U04793,4,4,0.00040004000400040005,0.00040004000400040005,Regular,0.0714,0.1144,C18
U08406,4,4,0.00040004000400040005,0.00040004000400040005,Regular,0.1373,0.2306,C06
U00832,4,3,0.00040004000400040005,0.00030003000300030005,Regular,0.3399,0.2125,C07
U04848,4,4,0.00040004000400040005,0.00040004000400040005,Regular,0.2388,0.0511,C23
U04844,4,4,0.00040004000400040005,0.00040004000400040005,Regular,0.2856,0.0667,C19
U06804,4,4,0.00040004000400040005,0.00040004000400040005,Regular,0.2223,0.152,C04
U06803,4,4,0.00040004000400040005,0.00040004000400040005,Regular,0.1279,0.2558,C03
U00234,4,4,0.00040004000400040005,0.00040004000400040005,Regular,0.4544,0.1415,C09
U00231,4,3,0.00040004000400040005,0.00030003000300030005,Regular,0.0285,0.2608,C06
U03726,4,4,0.00040004000400040005,0.00040004000400040005,Regular,0.2115,0.1352,C01
U06785,4,4,0.00040004000400040005,0.00040004000400040005,Regular,0.1422,0.1069,C10
U03169,4,4,0.00040004000400040005,0.00040004000400040005,Regular,0.3976,0.31,C19
U04842,4,7,0.00040004000400040005,0.0007000700070007,Regular,0.1346,0.3568,C17
U04835,4,4,0.00040004000400040005,0.00040004000400040005,Regular,0.0984,0.3908,C10
U04833,4,4,0.00040004000400040005,0.00040004000400040005,Regular,0.3825,0.0343,C08
U00802,4,3,0.00040004000400040005,0.00030003000300030005,Regular,0.3289,0.1176,C02
U02244,4,4,0.00040004000400040005,0.00040004000400040005,Regular,0.0438,0.3384,C19
U05631,4,4,0.00040004000400040005,0.00040004000400040005,Regular,0.1505,0.1197,C06
U05627,4,4,0.00040004000400040005,0.00040004000400040005,Active,0.5768,0.3472,C02
U03703,4,4,0.00040004000400040005,0.00040004000400040005,Regular,0.1941,0.1184,C03
U03698,4,4,0.00040004000400040005,0.00040004000400040005,Regular,0.0562,0.3703,C23
U06387,4,4,0.00040004000400040005,0.00040004000400040005,Regular,0.265,0.0213,C12
U03694,4,4,0.00040004000400040005,0.00040004000400040005,Active,0.5419,0.3542,C19
U03693,4,4,0.00040004000400040005,0.00040004000400040005,Regular,0.2995,0.1933,C18
U03683,4,4,0.00040004000400040005,0.00040004000400040005,Regular,0.2413,0.2914,C08
U03199,4,5,0.00040004000400040005,0.0005000500050005,Regular,0.2162,0.1812,C24
U08385,4,4,0.00040004000400040005,0.00040004000400040005,Regular,0.3461,0.1477,C10
U04855,4,4,0.00040004000400040005,0.00040004000400040005,Regular,0.2264,0.198,C05
U04853,4,4,0.00040004000400040005,0.00040004000400040005,Regular,0.1966,0.2086,C03
U08413,4,7,0.00040004000400040005,0.0007000700070007,Regular,0.2306,0.1674,C13
U05605,4,4,0.00040004000400040005,0.00040004000400040005,Regular,0.2048,0.0938,C05
U02272,4,4,0.00040004000400040005,0.00040004000400040005,Regular,0.3561,0.2349,C22
U02271,4,4,0.00040004000400040005,0.00040004000400040005,Regular,0.2959,0.0455,C21
U07626,4,4,0.00040004000400040005,0.00040004000400040005,Regular,0.2246,0.2164,C01
U00831,4,4,0.00040004000400040005,0.00040004000400040005,Influential,0.7119,0.4787,C06
U05590,4,4,0.00040004000400040005,0.00040004000400040005,Regular,0.2078,0.2208,C15
U01201,4,4,0.00040004000400040005,0.00040004000400040005,Active,0.3095,0.2449,C01
U07624,4,4,0.00040004000400040005,0.00040004000400040005,Regular,0.1647,0.1001,C24
U07617,4,5,0.00040004000400040005,0.0005000500050005,Active,0.7757,0.1428,C17
U02606,4,5,0.00040004000400040005,0.0005000500050005,Regular,0.206,0.2709,C06
U04882,4,4,0.00040004000400040005,0.00040004000400040005,Regular,0.2604,0.1499,C07
U04881,4,4,0.00040004000400040005,0.00040004000400040005,Regular,0.4588,0.0589,C06
U04868,4,4,0.00040004000400040005,0.00040004000400040005,Regular,0.0749,0.253,C18
U08378,4,5,0.00040004000400040005,0.0005000500050005,Regular,0.1525,0.3038,C03
U08376,4,4,0.00040004000400040005,0.00040004000400040005,Regular,0.4554,0.0441,C01
U00824,4,4,0.00040004000400040005,0.00040004000400040005,Regular,0.3239,0.204,C24
U00821,4,4,0.00040004000400040005,0.00040004000400040005,Regular,0.1794,0.0242,C21
U05623,4,4,0.00040004000400040005,0.00040004000400040005,Regular,0.2448,0.1403,C23
U08397,4,4,0.00040004000400040005,0.00040004000400040005,Regular,0.0383,0.2033,C22
U08386,4,4,0.00040004000400040005,0.00040004000400040005,Regular,0.3074,0.1451,C11
U03711,4,5,0.00040004000400040005,0.0005000500050005,Regular,0.4784,0.1363,C11
U04895,4,3,0.00040004000400040005,0.00030003000300030005,Regular,0.2331,0.0292,C20
U04889,4,4,0.00040004000400040005,0.00040004000400040005,Regular,0.5987,0.0712,C14
U03198,4,4,0.00040004000400040005,0.00040004000400040005,Regular,0.0532,0.3693,C23
U09572,4,4,0.00040004000400040005,0.00040004000400040005,Regular,0.3048,0.157,C22
U06415,4,4,0.00040004000400040005,0.00040004000400040005,Regular,0.2396,0.2341,C15
U06402,4,4,0.00040004000400040005,0.00040004000400040005,Regular,0.2027,0.0949,C02
U01865,4,4,0.00040004000400040005,0.00040004000400040005,Regular,0.2042,0.1562,C15
U01863,4,4,0.00040004000400040005,0.00040004000400040005,Regular,0.1799,0.0564,C13
U01859,4,4,0.00040004000400040005,0.00040004000400040005,Regular,0.4983,0.0828,C09
U06773,4,4,0.00040004000400040005,0.00040004000400040005,Regular,0.1624,0.3005,C23
U06771,4,4,0.00040004000400040005,0.00040004000400040005,Active,0.7398,0.6276,C21
U00221,4,4,0.00040004000400040005,0.00040004000400040005,Regular,0.178,0.1136,C21
U01213,4,4,0.00040004000400040005,0.00040004000400040005,Regular,0.2091,0.1002,C13
U01203,4,4,0.00040004000400040005,0.00040004000400040005,Regular,0.1819,0.2047,C03
U05598,4,4,0.00040004000400040005,0.00040004000400040005,Active,0.2784,0.5225,C23
U05592,4,4,0.00040004000400040005,0.00040004000400040005,Regular,0.2391,0.0467,C17
U04902,4,4,0.00040004000400040005,0.00040004000400040005,Regular,0.3005,0.2243,C02
U03190,4,6,0.00040004000400040005,0.0006000600060006001,Active,0.3536,0.3978,C15
U03672,4,4,0.00040004000400040005,0.00040004000400040005,Regular,0.1608,0.0292,C22
U03667,4,4,0.00040004000400040005,0.00040004000400040005,Regular,0.0707,0.2172,C17
U03650,4,4,0.00040004000400040005,0.00040004000400040005,Regular,0.1749,0.1454,C25
U03214,4,5,0.00040004000400040005,0.0005000500050005,Active,0.4226,0.4307,C14
U09595,4,4,0.00040004000400040005,0.00040004000400040005,Regular,0.1606,0.1558,C20
U09594,4,4,0.00040004000400040005,0.00040004000400040005,Regular,0.166,0.1969,C19
U09591,4,3,0.00040004000400040005,0.00030003000300030005,Regular,0.3117,0.157,C16
U09618,4,4,0.00040004000400040005,0.00040004000400040005,Active,0.3397,0.1632,C18
U08365,4,4,0.00040004000400040005,0.00040004000400040005,Regular,0.1499,0.2791,C15
U08357,4,4,0.00040004000400040005,0.00040004000400040005,Regular,0.1883,0.2544,C07
U00857,4,4,0.00040004000400040005,0.00040004000400040005,Regular,0.2075,0.4339,C07
U02584,4,4,0.00040004000400040005,0.00040004000400040005,Regular,0.3631,0.2549,C09
U02582,4,4,0.00040004000400040005,0.00040004000400040005,Regular,0.067,0.1062,C07
U04896,4,4,0.00040004000400040005,0.00040004000400040005,Regular,0.2705,0.0905,C21
U05560,4,4,0.00040004000400040005,0.00040004000400040005,Regular,0.2408,0.2645,C10
U02287,4,4,0.00040004000400040005,0.00040004000400040005,Regular,0.3064,0.164,C12
U02284,4,4,0.00040004000400040005,0.00040004000400040005,Regular,0.1189,0.4349,C09
U01185,4,4,0.00040004000400040005,0.00040004000400040005,Regular,0.3396,0.1162,C10
U07673,4,4,0.00040004000400040005,0.00040004000400040005,Regular,0.0428,0.0919,C23
U01171,4,4,0.00040004000400040005,0.00040004000400040005,Regular,0.2548,0.0315,C21
U02561,4,4,0.00040004000400040005,0.00040004000400040005,Regular,0.0648,0.4446,C11
U04921,4,4,0.00040004000400040005,0.00040004000400040005,Regular,0.2031,0.3376,C21
U04920,4,4,0.00040004000400040005,0.00040004000400040005,Regular,0.3669,0.2421,C20
U04885,4,4,0.00040004000400040005,0.00040004000400040005,Regular,0.1335,0.2132,C10
U07657,4,4,0.00040004000400040005,0.00040004000400040005,Regular,0.0949,0.5156,C07
U05580,4,3,0.00040004000400040005,0.00030003000300030005,Regular,0.1506,0.1697,C05
U05567,4,3,0.00040004000400040005,0.00030003000300030005,Regular,0.2639,0.2145,C17
U05566,4,5,0.00040004000400040005,0.0005000500050005,Active,0.3783,0.3303,C16
U07669,4,4,0.00040004000400040005,0.00040004000400040005,Regular,0.4195,0.372,C19
U04911,4,4,0.00040004000400040005,0.00040004000400040005,Bridge,0.6794,0.6074,C11
U04936,4,4,0.00040004000400040005,0.00040004000400040005,Regular,0.2129,0.0272,C11
U02571,4,4,0.00040004000400040005,0.00040004000400040005,Regular,0.0426,0.2394,C21
U02567,4,3,0.00040004000400040005,0.00030003000300030005,Regular,0.3287,0.184,C17
U08307,4,4,0.00040004000400040005,0.00040004000400040005,Regular,0.13,0.1503,C07
U00208,4,4,0.00040004000400040005,0.00040004000400040005,Regular,0.2446,0.1908,C08
U01707,4,3,0.00040004000400040005,0.00030003000300030005,Regular,0.1878,0.1783,C07
U01701,4,3,0.00040004000400040005,0.00030003000300030005,Regular,0.1221,0.1558,C01
U01843,4,4,0.00040004000400040005,0.00040004000400040005,Regular,0.0496,0.2079,C18
U06431,4,4,0.00040004000400040005,0.00040004000400040005,Regular,0.154,0.0773,C06
U06423,4,4,0.00040004000400040005,0.00040004000400040005,Active,0.7758,0.3171,C23
U06419,4,4,0.00040004000400040005,0.00040004000400040005,Regular,0.3748,0.394,C19
U01700,4,3,0.00040004000400040005,0.00030003000300030005,Regular,0.23,0.4355,C25
U01845,4,3,0.00040004000400040005,0.00030003000300030005,Regular,0.08,0.3131,C20
U00207,4,4,0.00040004000400040005,0.00040004000400040005,Regular,0.3315,0.0899,C07
U00202,4,3,0.00040004000400040005,0.00030003000300030005,Regular,0.084,0.2852,C02
U00200,4,4,0.00040004000400040005,0.00040004000400040005,Regular,0.2741,0.3063,C25
U04959,4,4,0.00040004000400040005,0.00040004000400040005,Active,0.5092,0.3869,C09
U03640,4,4,0.00040004000400040005,0.00040004000400040005,Regular,0.2395,0.1817,C15
U09608,4,3,0.00040004000400040005,0.00030003000300030005,Regular,0.1528,0.2914,C08
U03656,4,4,0.00040004000400040005,0.00040004000400040005,Regular,0.5513,0.1398,C06
U03654,4,3,0.00040004000400040005,0.00030003000300030005,Regular,0.2776,0.2455,C04
U03241,4,3,0.00040004000400040005,0.00030003000300030005,Regular,0.2816,0.1338,C16
U03631,4,4,0.00040004000400040005,0.00040004000400040005,Regular,0.1026,0.0816,C06
U03629,4,4,0.00040004000400040005,0.00040004000400040005,Regular,0.2927,0.3442,C04
U03622,4,5,0.00040004000400040005,0.0005000500050005,Regular,0.2074,0.1273,C22
U03620,4,10,0.00040004000400040005,0.001000100010001,Regular,0.1356,0.3331,C20
U04958,4,5,0.00040004000400040005,0.0005000500050005,Active,0.4745,0.2314,C08
U05551,4,4,0.00040004000400040005,0.00040004000400040005,Regular,0.363,0.1903,C01
U05545,4,3,0.00040004000400040005,0.00030003000300030005,Regular,0.1857,0.1234,C20
U07689,4,12,0.00040004000400040005,0.0012001200120012002,Regular,0.1707,0.1945,C14
U04944,4,5,0.00040004000400040005,0.0005000500050005,Active,0.371,0.4251,C19
U04942,4,4,0.00040004000400040005,0.00040004000400040005,Regular,0.0707,0.037,C17
U07721,4,7,0.00040004000400040005,0.0007000700070007,Regular,0.0822,0.2028,C21
U05003,4,4,0.00040004000400040005,0.00040004000400040005,Regular,0.372,0.3409,C03
U00882,4,4,0.00040004000400040005,0.00040004000400040005,Regular,0.5204,0.2837,C07
U00865,4,4,0.00040004000400040005,0.00040004000400040005,Regular,0.1733,0.2868,C15
U08278,4,8,0.00040004000400040005,0.0008000800080008001,Regular,0.0631,0.2872,C03
U04973,4,4,0.00040004000400040005,0.00040004000400040005,Regular,0.102,0.0449,C23
U04968,4,4,0.00040004000400040005,0.00040004000400040005,Regular,0.1249,0.0787,C18
U04967,4,4,0.00040004000400040005,0.00040004000400040005,Active,0.5828,0.17,C17
U04965,4,4,0.00040004000400040005,0.00040004000400040005,Regular,0.4478,0.2126,C15
U02560,4,3,0.00040004000400040005,0.00030003000300030005,Regular,0.0618,0.2791,C10
U08302,4,4,0.00040004000400040005,0.00040004000400040005,Active,0.3062,0.4656,C02
U08300,4,4,0.00040004000400040005,0.00040004000400040005,Regular,0.2355,0.1562,C25
U08265,4,4,0.00040004000400040005,0.00040004000400040005,Regular,0.2223,0.0156,C15
U00880,4,3,0.00040004000400040005,0.00030003000300030005,Active,0.5293,0.1001,C05
U02551,4,4,0.00040004000400040005,0.00040004000400040005,Regular,0.3153,0.1608,C01
U02548,4,4,0.00040004000400040005,0.00040004000400040005,Active,0.6546,0.2589,C23
U05019,4,4,0.00040004000400040005,0.00040004000400040005,Regular,0.4932,0.2271,C19
U08263,4,5,0.00040004000400040005,0.0005000500050005,Regular,0.2165,0.2416,C13
U00884,4,4,0.00040004000400040005,0.00040004000400040005,Regular,0.1437,0.2462,C09
U04986,4,3,0.00040004000400040005,0.00030003000300030005,Regular,0.0119,0.1164,C11
U09627,4,4,0.00040004000400040005,0.00040004000400040005,Regular,0.4181,0.1425,C02
U06738,4,4,0.00040004000400040005,0.00040004000400040005,Regular,0.3283,0.0971,C13
U06733,4,4,0.00040004000400040005,0.00040004000400040005,Regular,0.3681,0.1394,C08
U06442,4,4,0.00040004000400040005,0.00040004000400040005,Active,0.2725,0.2814,C17
U01854,4,8,0.00040004000400040005,0.0008000800080008001,Regular,0.2132,0.2585,C04
U09641,4,5,0.00040004000400040005,0.0005000500050005,Active,0.2169,0.3401,C16
U09638,4,4,0.00040004000400040005,0.00040004000400040005,Regular,0.2538,0.2065,C13
U03614,4,4,0.00040004000400040005,0.00040004000400040005,Regular,0.2354,0.2328,C14
U00868,4,4,0.00040004000400040005,0.00040004000400040005,Regular,0.3307,0.2189,C18
U05524,4,6,0.00040004000400040005,0.0006000600060006001,Regular,0.1861,0.0217,C24
U02302,4,3,0.00040004000400040005,0.00030003000300030005,Active,0.3282,0.1492,C02
U07707,4,8,0.00040004000400040005,0.0008000800080008001,Regular,0.0658,0.2251,C07
U07726,4,4,0.00040004000400040005,0.00040004000400040005,Regular,0.275,0.1802,C01
U08251,4,3,0.00040004000400040005,0.00030003000300030005,Regular,0.3295,0.2547,C01
U08248,4,4,0.00040004000400040005,0.00040004000400040005,Regular,0.0511,0.1768,C23
U08271,4,3,0.00040004000400040005,0.00030003000300030005,Regular,0.2054,0.2031,C21
U07719,4,4,0.00040004000400040005,0.00040004000400040005,Active,0.3399,0.148,C19
U01726,4,4,0.00040004000400040005,0.00040004000400040005,Regular,0.2567,0.044,C01
U01717,4,4,0.00040004000400040005,0.00040004000400040005,Regular,0.1626,0.2721,C17
U06456,4,4,0.00040004000400040005,0.00040004000400040005,Regular,0.2546,0.1275,C06
U06453,4,4,0.00040004000400040005,0.00040004000400040005,Regular,0.4345,0.2073,C03
U06698,4,4,0.00040004000400040005,0.00040004000400040005,Regular,0.4862,0.0701,C23
U06725,4,4,0.00040004000400040005,0.00040004000400040005,Regular,0.3087,0.0603,C25
U06722,4,4,0.00040004000400040005,0.00040004000400040005,Regular,0.1226,0.2604,C22
U07716,4,6,0.00040004000400040005,0.0006000600060006001,Regular,0.2077,0.1959,C16
U07735,4,4,0.00040004000400040005,0.00040004000400040005,Regular,0.4128,0.3824,C10
U07734,4,3,0.00040004000400040005,0.00030003000300030005,Regular,0.2952,0.2276,C09
U08240,4,4,0.00040004000400040005,0.00040004000400040005,Regular,0.1662,0.181,C15
U02521,4,4,0.00040004000400040005,0.00040004000400040005,Regular,0.0522,0.421,C21
U08231,4,5,0.00040004000400040005,0.0005000500050005,Regular,0.1459,0.1697,C06
U03597,4,4,0.00040004000400040005,0.00040004000400040005,Regular,0.2356,0.197,C22
U03595,4,4,0.00040004000400040005,0.00040004000400040005,Regular,0.226,0.067,C20
U03577,4,4,0.00040004000400040005,0.00040004000400040005,Regular,0.1257,0.3998,C02
U03576,4,4,0.00040004000400040005,0.00040004000400040005,Regular,0.2289,0.0846,C01
U09653,4,3,0.00040004000400040005,0.00030003000300030005,Regular,0.0462,0.1592,C03
U09686,4,3,0.00040004000400040005,0.00030003000300030005,Regular,0.0387,0.3665,C11
U09648,4,5,0.00040004000400040005,0.0005000500050005,Regular,0.1502,0.0763,C23
U00132,4,3,0.00040004000400040005,0.00030003000300030005,Regular,0.329,0.187,C07
U09678,4,4,0.00040004000400040005,0.00040004000400040005,Regular,0.2899,0.1786,C03
U03261,4,3,0.00040004000400040005,0.00030003000300030005,Regular,0.2165,0.3728,C11
U04982,4,4,0.00040004000400040005,0.00040004000400040005,Regular,0.2947,0.3342,C07
U01155,4,4,0.00040004000400040005,0.00040004000400040005,Regular,0.2283,0.0243,C05
U05499,4,4,0.00040004000400040005,0.00040004000400040005,Active,0.6949,0.4548,C24
U05497,4,3,0.00040004000400040005,0.00030003000300030005,Regular,0.3064,0.3121,C22
U00908,4,3,0.00040004000400040005,0.00030003000300030005,Regular,0.1035,0.2733,C08
U00904,4,3,0.00040004000400040005,0.00030003000300030005,Active,0.6556,0.3307,C04
U02512,4,4,0.00040004000400040005,0.00040004000400040005,Regular,0.0984,0.0646,C12
U08208,4,4,0.00040004000400040005,0.00040004000400040005,Active,0.4385,0.183,C08
U08203,4,4,0.00040004000400040005,0.00040004000400040005,Regular,0.2007,0.0403,C03
U08222,4,5,0.00040004000400040005,0.0005000500050005,Regular,0.0434,0.0561,C22
U05035,4,3,0.00040004000400040005,0.00030003000300030005,Regular,0.1926,0.0726,C10
U05031,4,4,0.00040004000400040005,0.00040004000400040005,Regular,0.3155,0.1853,C06
U05028,4,4,0.00040004000400040005,0.00040004000400040005,Regular,0.0211,0.2413,C03
U08217,4,4,0.00040004000400040005,0.00040004000400040005,Regular,0.3003,0.0451,C17
U08245,4,4,0.00040004000400040005,0.00040004000400040005,Regular,0.3261,0.1757,C20
U05481,4,3,0.00040004000400040005,0.00030003000300030005,Regular,0.1208,0.1121,C06
U05478,4,3,0.00040004000400040005,0.00030003000300030005,Regular,0.2419,0.1908,C03
U02311,4,4,0.00040004000400040005,0.00040004000400040005,Active,0.6485,0.2659,C11
U02309,4,4,0.00040004000400040005,0.00040004000400040005,Regular,0.3448,0.1226,C09
U02527,4,4,0.00040004000400040005,0.00040004000400040005,Regular,0.2443,0.0749,C02
U05462,4,6,0.00040004000400040005,0.0006000600060006001,Regular,0.217,0.371,C12
U05461,4,4,0.00040004000400040005,0.00040004000400040005,Regular,0.2773,0.0279,C11
U01142,4,3,0.00040004000400040005,0.00030003000300030005,Active,0.5496,0.2756,C17
U01139,4,4,0.00040004000400040005,0.00040004000400040005,Regular,0.2071,0.2336,C14
U07747,4,3,0.00040004000400040005,0.00030003000300030005,Regular,0.1789,0.149,C22
U00168,4,4,0.00040004000400040005,0.00040004000400040005,Active,0.6059,0.2872,C18
U06705,4,5,0.00040004000400040005,0.0005000500050005,Regular,0.2484,0.1774,C05
U01828,4,5,0.00040004000400040005,0.0005000500050005,Regular,0.2356,0.1123,C03
U06479,4,4,0.00040004000400040005,0.00040004000400040005,Regular,0.1098,0.2132,C04
U06472,4,4,0.00040004000400040005,0.00040004000400040005,Regular,0.2648,0.0202,C22
U06468,4,4,0.00040004000400040005,0.00040004000400040005,Regular,0.3668,0.0736,C18
U06487,4,4,0.00040004000400040005,0.00040004000400040005,Regular,0.4981,0.061,C12
U06486,4,3,0.00040004000400040005,0.00030003000300030005,Regular,0.2323,0.2591,C11
U06484,4,4,0.00040004000400040005,0.00040004000400040005,Regular,0.3788,0.148,C09
U01839,4,4,0.00040004000400040005,0.00040004000400040005,Regular,0.1737,0.1729,C14
U07769,4,4,0.00040004000400040005,0.00040004000400040005,Regular,0.2096,0.1785,C19
U05061,4,4,0.00040004000400040005,0.00040004000400040005,Regular,0.2631,0.0271,C11
U01832,4,4,0.00040004000400040005,0.00040004000400040005,Regular,0.1549,0.0808,C07
U03564,4,4,0.00040004000400040005,0.00040004000400040005,Regular,0.3949,0.2281,C14
U03561,4,3,0.00040004000400040005,0.00030003000300030005,Regular,0.2094,0.2368,C11
U03557,4,4,0.00040004000400040005,0.00040004000400040005,Regular,0.1144,0.2951,C07
U03549,4,4,0.00040004000400040005,0.00040004000400040005,Regular,0.1964,0.1158,C24
U03547,4,4,0.00040004000400040005,0.00040004000400040005,Regular,0.114,0.2759,C22
U00122,4,4,0.00040004000400040005,0.00040004000400040005,Regular,0.2835,0.1205,C22
U09711,4,3,0.00040004000400040005,0.00030003000300030005,Regular,0.2969,0.2877,C11
U03540,4,3,0.00040004000400040005,0.00030003000300030005,Regular,0.2806,0.1351,C15
U03276,4,4,0.00040004000400040005,0.00040004000400040005,Regular,0.1355,0.2012,C01
U03274,4,4,0.00040004000400040005,0.00040004000400040005,Regular,0.2228,0.0285,C24
U07768,4,5,0.00040004000400040005,0.0005000500050005,Regular,0.1042,0.1175,C18
U07763,4,3,0.00040004000400040005,0.00030003000300030005,Active,0.6906,0.1151,C13
U02307,4,3,0.00040004000400040005,0.00030003000300030005,Regular,0.0487,0.0888,C07
U05466,4,4,0.00040004000400040005,0.00040004000400040005,Regular,0.4365,0.1708,C16
U02330,4,3,0.00040004000400040005,0.00030003000300030005,Regular,0.3854,0.1918,C05
U05083,4,4,0.00040004000400040005,0.00040004000400040005,Regular,0.3429,0.1586,C08
U09743,4,3,0.00040004000400040005,0.00030003000300030005,Regular,0.3718,0.2589,C18
U06692,4,4,0.00040004000400040005,0.00040004000400040005,Active,0.345,0.1382,C17
U01742,4,5,0.00040004000400040005,0.0005000500050005,Regular,0.2162,0.1482,C17
U06492,4,5,0.00040004000400040005,0.0005000500050005,Regular,0.2203,0.0782,C17
U06488,4,6,0.00040004000400040005,0.0006000600060006001,Regular,0.147,0.1273,C13
U06684,4,4,0.00040004000400040005,0.00040004000400040005,Regular,0.0791,0.2547,C09
U09742,4,4,0.00040004000400040005,0.00040004000400040005,Regular,0.2941,0.2184,C17
U02494,4,4,0.00040004000400040005,0.00040004000400040005,Regular,0.0885,0.1172,C19
U08201,4,4,0.00040004000400040005,0.00040004000400040005,Active,0.6836,0.4068,C01
U05456,4,4,0.00040004000400040005,0.00040004000400040005,Regular,0.0617,0.3189,C06
U05450,4,3,0.00040004000400040005,0.00030003000300030005,Active,0.4051,0.3217,C25
U07790,4,4,0.00040004000400040005,0.00040004000400040005,Regular,0.0949,0.1683,C15
U08198,4,3,0.00040004000400040005,0.00030003000300030005,Regular,0.5273,0.1015,C23
U08196,4,4,0.00040004000400040005,0.00040004000400040005,Regular,0.5616,0.328,C21
U05419,4,4,0.00040004000400040005,0.00040004000400040005,Active,0.3006,0.205,C19
U01110,4,4,0.00040004000400040005,0.00040004000400040005,Active,0.5131,0.2157,C10
U01106,4,4,0.00040004000400040005,0.00040004000400040005,Regular,0.3205,0.1872,C06
U07789,4,4,0.00040004000400040005,0.00040004000400040005,Regular,0.2492,0.2697,C14
U07776,4,4,0.00040004000400040005,0.00040004000400040005,Regular,0.1919,0.1737,C01
U07823,4,4,0.00040004000400040005,0.00040004000400040005,Active,0.4628,0.4319,C23
U08169,4,4,0.00040004000400040005,0.00040004000400040005,Regular,0.3388,0.0734,C19
U08164,4,4,0.00040004000400040005,0.00040004000400040005,Regular,0.1964,0.2372,C14
U08156,4,4,0.00040004000400040005,0.00040004000400040005,Regular,0.2314,0.0855,C06
U05101,4,4,0.00040004000400040005,0.00040004000400040005,Regular,0.3349,0.1676,C01
U05099,4,5,0.00040004000400040005,0.0005000500050005,Regular,0.5328,0.1752,C24
U05095,4,4,0.00040004000400040005,0.00040004000400040005,Regular,0.1656,0.0475,C20
U05093,4,4,0.00040004000400040005,0.00040004000400040005,Regular,0.201,0.2749,C18
U05110,4,10,0.00040004000400040005,0.001000100010001,Regular,0.103,0.2743,C10
U02479,4,3,0.00040004000400040005,0.00030003000300030005,Active,0.3759,0.2524,C04
U05460,4,9,0.00040004000400040005,0.0009000900090009002,Regular,0.1614,0.1823,C10
U00960,4,7,0.00040004000400040005,0.0007000700070007,Regular,0.0991,0.0893,C10
U07819,4,5,0.00040004000400040005,0.0005000500050005,Regular,0.3764,0.075,C19
U05428,4,4,0.00040004000400040005,0.00040004000400040005,Regular,0.1405,0.1694,C03
U03522,4,4,0.00040004000400040005,0.00040004000400040005,Regular,0.2208,0.1364,C22
U09737,4,5,0.00040004000400040005,0.0005000500050005,Active,0.4572,0.5241,C12
U09735,4,4,0.00040004000400040005,0.00040004000400040005,Regular,0.0587,0.1929,C10
U00138,4,4,0.00040004000400040005,0.00040004000400040005,Regular,0.1954,0.2819,C13
U00137,4,4,0.00040004000400040005,0.00040004000400040005,Regular,0.3154,0.2859,C12
U00123,4,2,0.00040004000400040005,0.00020002000200020003,Regular,0.2321,0.1137,C23
U00117,4,4,0.00040004000400040005,0.00040004000400040005,Regular,0.3444,0.1381,C17
U03513,4,4,0.00040004000400040005,0.00040004000400040005,Active,0.4913,0.0659,C13
U03510,4,4,0.00040004000400040005,0.00040004000400040005,Regular,0.1162,0.1274,C10
U03508,4,4,0.00040004000400040005,0.00040004000400040005,Regular,0.2425,0.0599,C08
U07796,4,4,0.00040004000400040005,0.00040004000400040005,Regular,0.3013,0.1305,C21
U07826,4,4,0.00040004000400040005,0.00040004000400040005,Regular,0.4459,0.3234,C01
U05423,4,3,0.00040004000400040005,0.00030003000300030005,Regular,0.1233,0.3755,C23
U09784,4,4,0.00040004000400040005,0.00040004000400040005,Regular,0.3676,0.1728,C09
U09782,4,4,0.00040004000400040005,0.00040004000400040005,Regular,0.087,0.1635,C07
U01811,4,4,0.00040004000400040005,0.00040004000400040005,Regular,0.3189,0.0807,C11
U01809,4,4,0.00040004000400040005,0.00040004000400040005,Regular,0.0903,0.1181,C09
U06494,4,4,0.00040004000400040005,0.00040004000400040005,Regular,0.2278,0.1152,C19
U06685,4,4,0.00040004000400040005,0.00040004000400040005,Regular,0.3343,0.2313,C10
U06671,4,7,0.00040004000400040005,0.0007000700070007,Influential,0.6877,0.908,C21
U06669,4,4,0.00040004000400040005,0.00040004000400040005,Regular,0.254,0.1369,C19
U01830,4,4,0.00040004000400040005,0.00040004000400040005,Active,0.5477,0.2167,C05
U01813,4,7,0.00040004000400040005,0.0007000700070007,Regular,0.144,0.1378,C13
U03287,4,5,0.00040004000400040005,0.0005000500050005,Regular,0.3483,0.3168,C12
U05129,4,4,0.00040004000400040005,0.00040004000400040005,Regular,0.1341,0.1249,C04
U05126,4,4,0.00040004000400040005,0.00040004000400040005,Regular,0.0567,0.4797,C01
U05114,4,4,0.00040004000400040005,0.00040004000400040005,Regular,0.17,0.1106,C14
U00930,4,4,0.00040004000400040005,0.00040004000400040005,Active,0.6161,0.2203,C05
U08133,4,3,0.00040004000400040005,0.00030003000300030005,Regular,0.0577,0.2873,C08
U05391,4,4,0.00040004000400040005,0.00040004000400040005,Regular,0.0836,0.1651,C16
U05386,4,4,0.00040004000400040005,0.00040004000400040005,Regular,0.3304,0.1977,C11
U05381,4,4,0.00040004000400040005,0.00040004000400040005,Regular,0.2358,0.0374,C06
U05145,4,4,0.00040004000400040005,0.00040004000400040005,Regular,0.0504,0.3362,C20
U05144,4,4,0.00040004000400040005,0.00040004000400040005,Regular,0.1276,0.1219,C19
U05141,4,3,0.00040004000400040005,0.00030003000300030005,Regular,0.0932,0.1384,C16
U02461,4,4,0.00040004000400040005,0.00040004000400040005,Regular,0.2624,0.0448,C11
U02452,4,3,0.00040004000400040005,0.00030003000300030005,Active,0.5301,0.1598,C02
U00938,4,4,0.00040004000400040005,0.00040004000400040005,Regular,0.0964,0.1342,C13
U02345,4,4,0.00040004000400040005,0.00040004000400040005,Regular,0.2067,0.3193,C20
U02343,4,5,0.00040004000400040005,0.0005000500050005,Regular,0.2662,0.1176,C18
U02338,4,4,0.00040004000400040005,0.00040004000400040005,Regular,0.238,0.0845,C13
U05400,4,4,0.00040004000400040005,0.00040004000400040005,Regular,0.2289,0.0067,C25
U00937,4,4,0.00040004000400040005,0.00040004000400040005,Regular,0.175,0.0368,C12
U00932,4,4,0.00040004000400040005,0.00040004000400040005,Regular,0.2393,0.1246,C07
U05134,4,4,0.00040004000400040005,0.00040004000400040005,Regular,0.1076,0.0283,C09
U00948,4,4,0.00040004000400040005,0.00040004000400040005,Regular,0.1907,0.1764,C23
U00945,4,4,0.00040004000400040005,0.00040004000400040005,Regular,0.311,0.1254,C20
U03284,4,4,0.00040004000400040005,0.00040004000400040005,Regular,0.0784,0.179,C09
U03281,4,4,0.00040004000400040005,0.00040004000400040005,Active,0.4133,0.1482,C06
U03496,4,4,0.00040004000400040005,0.00040004000400040005,Regular,0.0679,0.1962,C21
U03489,4,4,0.00040004000400040005,0.00040004000400040005,Regular,0.0891,0.3142,C14
U09768,4,4,0.00040004000400040005,0.00040004000400040005,Active,0.4237,0.363,C18
U00125,4,4,0.00040004000400040005,0.00040004000400040005,Regular,0.1252,0.1897,C25
U00100,4,4,0.00040004000400040005,0.00040004000400040005,Bridge,0.7089,0.4325,C25
U09808,4,3,0.00040004000400040005,0.00030003000300030005,Regular,0.1272,0.0681,C08
U03484,4,4,0.00040004000400040005,0.00040004000400040005,Regular,0.3355,0.1626,C09
U03309,4,4,0.00040004000400040005,0.00040004000400040005,Regular,0.1566,0.218,C09
U05165,4,4,0.00040004000400040005,0.00040004000400040005,Regular,0.1218,0.4402,C15
U05162,4,3,0.00040004000400040005,0.00030003000300030005,Regular,0.3494,0.0616,C12
U05158,4,3,0.00040004000400040005,0.00030003000300030005,Active,0.3316,0.3423,C08
U08141,4,4,0.00040004000400040005,0.00040004000400040005,Regular,0.3785,0.1163,C16
U03303,4,4,0.00040004000400040005,0.00040004000400040005,Active,0.7379,0.3257,C03
U02354,4,4,0.00040004000400040005,0.00040004000400040005,Regular,0.4209,0.0581,C04
U05374,4,4,0.00040004000400040005,0.00040004000400040005,Regular,0.2109,0.244,C24
U05368,4,4,0.00040004000400040005,0.00040004000400040005,Regular,0.1346,0.3303,C18
U05365,4,4,0.00040004000400040005,0.00040004000400040005,Regular,0.1946,0.092,C15
U02367,4,5,0.00040004000400040005,0.0005000500050005,Regular,0.1596,0.2487,C17
U01088,4,4,0.00040004000400040005,0.00040004000400040005,Regular,0.1636,0.1931,C13
U05151,4,4,0.00040004000400040005,0.00040004000400040005,Regular,0.0933,0.1387,C01
U05184,4,3,0.00040004000400040005,0.00030003000300030005,Regular,0.328,0.0582,C09
U05183,4,6,0.00040004000400040005,0.0006000600060006001,Regular,0.4231,0.1186,C08
U08117,4,4,0.00040004000400040005,0.00040004000400040005,Regular,0.2038,0.2547,C17
U08106,4,4,0.00040004000400040005,0.00040004000400040005,Regular,0.3407,0.3093,C06
U08099,4,3,0.00040004000400040005,0.00030003000300030005,Regular,0.3154,0.1035,C24
U05200,4,4,0.00040004000400040005,0.00040004000400040005,Regular,0.2705,0.1286,C25
U07873,4,4,0.00040004000400040005,0.00040004000400040005,Regular,0.2084,0.0158,C23
U01102,4,4,0.00040004000400040005,0.00040004000400040005,Regular,0.4213,0.1482,C02
U07908,4,4,0.00040004000400040005,0.00040004000400040005,Regular,0.0333,0.326,C08
U02447,4,4,0.00040004000400040005,0.00040004000400040005,Regular,0.335,0.2574,C22
U02445,4,4,0.00040004000400040005,0.00040004000400040005,Regular,0.0972,0.2329,C20
U08094,4,5,0.00040004000400040005,0.0005000500050005,Regular,0.2883,0.3061,C19
U08081,4,4,0.00040004000400040005,0.00040004000400040005,Regular,0.2334,0.1058,C06
U09791,4,3,0.00040004000400040005,0.00030003000300030005,Regular,0.3328,0.1889,C16
U00112,4,4,0.00040004000400040005,0.00040004000400040005,Regular,0.3892,0.1182,C12
U06520,4,4,0.00040004000400040005,0.00040004000400040005,Regular,0.1493,0.1938,C20
U06517,4,4,0.00040004000400040005,0.00040004000400040005,Regular,0.0948,0.0883,C17
U06516,4,6,0.00040004000400040005,0.0006000600060006001,Regular,0.2001,0.3166,C16
U06515,4,5,0.00040004000400040005,0.0005000500050005,Regular,0.2012,0.2835,C15
U01821,4,5,0.00040004000400040005,0.0005000500050005,Active,0.4336,0.3243,C21
U06675,4,4,0.00040004000400040005,0.00040004000400040005,Regular,0.1539,0.1749,C25
U06630,4,5,0.00040004000400040005,0.0005000500050005,Regular,0.2388,0.2309,C05
U06628,4,4,0.00040004000400040005,0.00040004000400040005,Regular,0.5283,0.3211,C03
U06677,4,4,0.00040004000400040005,0.00040004000400040005,Regular,0.1845,0.301,C02
U00965,4,2,0.00040004000400040005,0.00020002000200020003,Regular,0.4279,0.3478,C15
U08041,4,4,0.00040004000400040005,0.00040004000400040005,Active,0.2969,0.1348,C16
U08039,4,4,0.00040004000400040005,0.00040004000400040005,Regular,0.2711,0.3706,C14
U05209,4,4,0.00040004000400040005,0.00040004000400040005,Regular,0.1668,0.2783,C09
U03299,4,5,0.00040004000400040005,0.0005000500050005,Regular,0.2678,0.2732,C24
U03297,4,5,0.00040004000400040005,0.0005000500050005,Regular,0.2834,0.1116,C22
U03468,4,4,0.00040004000400040005,0.00040004000400040005,Regular,0.245,0.1146,C18
U03463,4,4,0.00040004000400040005,0.00040004000400040005,Regular,0.1774,0.2781,C13
U03457,4,4,0.00040004000400040005,0.00040004000400040005,Regular,0.1842,0.2361,C07
U09827,4,4,0.00040004000400040005,0.00040004000400040005,Regular,0.2221,0.12,C02
U00092,4,4,0.00040004000400040005,0.00040004000400040005,Bridge,0.543,0.6456,C17
U03452,4,4,0.00040004000400040005,0.00040004000400040005,Active,0.7513,0.2909,C02
U03451,4,4,0.00040004000400040005,0.00040004000400040005,Regular,0.1917,0.3139,C01
U02427,4,5,0.00040004000400040005,0.0005000500050005,Regular,0.2238,0.1403,C02
U08074,4,4,0.00040004000400040005,0.00040004000400040005,Regular,0.2033,0.1734,C24
U00979,4,4,0.00040004000400040005,0.00040004000400040005,Regular,0.1281,0.2864,C04
U01063,4,4,0.00040004000400040005,0.00040004000400040005,Regular,0.2767,0.1214,C13
U02379,4,4,0.00040004000400040005,0.00040004000400040005,Regular,0.3093,0.1279,C04
U02370,4,4,0.00040004000400040005,0.00040004000400040005,Regular,0.611,0.2382,C20
U07941,4,4,0.00040004000400040005,0.00040004000400040005,Regular,0.1266,0.1904,C16
U07893,4,4,0.00040004000400040005,0.00040004000400040005,Regular,0.2308,0.0458,C18
U00082,4,4,0.00040004000400040005,0.00040004000400040005,Regular,0.2455,0.2094,C07
U09820,4,3,0.00040004000400040005,0.00030003000300030005,Regular,0.1503,0.1144,C20
U09819,4,4,0.00040004000400040005,0.00040004000400040005,Regular,0.2633,0.145,C19
U06542,4,4,0.00040004000400040005,0.00040004000400040005,Active,0.795,0.4181,C17
U06634,4,4,0.00040004000400040005,0.00040004000400040005,Regular,0.1602,0.0882,C09
U06612,4,4,0.00040004000400040005,0.00040004000400040005,Regular,0.4039,0.1174,C12
U01767,4,3,0.00040004000400040005,0.00030003000300030005,Regular,0.2761,0.0718,C17
U01765,4,4,0.00040004000400040005,0.00040004000400040005,Regular,0.0837,0.1678,C15
U01764,4,4,0.00040004000400040005,0.00040004000400040005,Regular,0.2833,0.2469,C14
U05224,4,3,0.00040004000400040005,0.00030003000300030005,Regular,0.0954,0.3404,C24
U05220,4,4,0.00040004000400040005,0.00040004000400040005,Active,0.3078,0.2372,C20
U07933,4,4,0.00040004000400040005,0.00040004000400040005,Regular,0.2705,0.1523,C08
U05252,4,3,0.00040004000400040005,0.00030003000300030005,Active,0.6522,0.2727,C02
U05250,4,4,0.00040004000400040005,0.00040004000400040005,Active,0.3205,0.4034,C25
U00978,4,3,0.00040004000400040005,0.00030003000300030005,Regular,0.2815,0.175,C03
U03428,4,4,0.00040004000400040005,0.00040004000400040005,Regular,0.2151,0.2087,C03
U03427,4,4,0.00040004000400040005,0.00040004000400040005,Regular,0.0789,0.0742,C02
U09844,4,4,0.00040004000400040005,0.00040004000400040005,Regular,0.1205,0.2862,C19
U09840,4,4,0.00040004000400040005,0.00040004000400040005,Regular,0.2718,0.1637,C15
U09839,4,11,0.00040004000400040005,0.0011001100110011,Regular,0.1513,0.2003,C14
U09834,4,4,0.00040004000400040005,0.00040004000400040005,Regular,0.1126,0.1505,C09
U09829,4,2,0.00040004000400040005,0.00020002000200020003,Regular,0.1813,0.1348,C04
U03341,4,3,0.00040004000400040005,0.00030003000300030005,Regular,0.2083,0.2657,C16
U00071,4,4,0.00040004000400040005,0.00040004000400040005,Regular,0.2231,0.0867,C21
U09881,4,4,0.00040004000400040005,0.00040004000400040005,Regular,0.26,0.1638,C06
U00977,4,5,0.00040004000400040005,0.0005000500050005,Regular,0.182,0.2362,C02
U01071,4,3,0.00040004000400040005,0.00030003000300030005,Regular,0.1836,0.0679,C21
U05301,4,4,0.00040004000400040005,0.00040004000400040005,Regular,0.2876,0.2429,C01
U08013,4,4,0.00040004000400040005,0.00040004000400040005,Regular,0.1076,0.1006,C13
U08011,4,4,0.00040004000400040005,0.00040004000400040005,Regular,0.2809,0.0494,C11
U09866,4,4,0.00040004000400040005,0.00040004000400040005,Regular,0.0462,0.2414,C16
U09863,4,4,0.00040004000400040005,0.00040004000400040005,Regular,0.2359,0.1829,C13
U00062,4,5,0.00040004000400040005,0.0005000500050005,Active,0.516,0.2234,C12
U00059,4,4,0.00040004000400040005,0.00040004000400040005,Regular,0.2278,0.3055,C09
U06554,4,5,0.00040004000400040005,0.0005000500050005,Regular,0.2043,0.1701,C04
U06614,4,4,0.00040004000400040005,0.00040004000400040005,Active,0.2851,0.3957,C14
U03399,4,4,0.00040004000400040005,0.00040004000400040005,Regular,0.349,0.1936,C24
U08002,4,4,0.00040004000400040005,0.00040004000400040005,Active,0.5031,0.3867,C02
U05328,4,4,0.00040004000400040005,0.00040004000400040005,Regular,0.2387,0.3108,C03
U05327,4,4,0.00040004000400040005,0.00040004000400040005,Regular,0.1866,0.133,C02
U05325,4,4,0.00040004000400040005,0.00040004000400040005,Regular,0.1159,0.2403,C25
U05309,4,3,0.00040004000400040005,0.00030003000300030005,Regular,0.3851,0.0458,C09
U07936,4,3,0.00040004000400040005,0.00030003000300030005,Active,0.3245,0.2163,C11
U09964,4,4,0.00040004000400040005,0.00040004000400040005,Regular,0.2491,0.1086,C14
U09947,4,4,0.00040004000400040005,0.00040004000400040005,Active,0.6546,0.1649,C22
U03360,4,4,0.00040004000400040005,0.00040004000400040005,Regular,0.1839,0.2399,C10
U03359,4,4,0.00040004000400040005,0.00040004000400040005,Regular,0.2802,0.1954,C09
U09939,4,4,0.00040004000400040005,0.00040004000400040005,Active,0.52,0.4521,C14
U00048,4,4,0.00040004000400040005,0.00040004000400040005,Regular,0.2112,0.3072,C23
U02389,4,4,0.00040004000400040005,0.00040004000400040005,Regular,0.1495,0.3423,C14
U05296,4,4,0.00040004000400040005,0.00040004000400040005,Influential,0.7891,0.8349,C21
U01040,4,4,0.00040004000400040005,0.00040004000400040005,Regular,0.1495,0.544,C15
U09963,4,4,0.00040004000400040005,0.00040004000400040005,Regular,0.2042,0.1027,C13
U09957,4,4,0.00040004000400040005,0.00040004000400040005,Regular,0.0643,0.2689,C07
U07928,4,5,0.00040004000400040005,0.0005000500050005,Regular,0.1115,0.1176,C03
U07956,4,5,0.00040004000400040005,0.0005000500050005,Regular,0.2805,0.2507,C06
U07954,4,4,0.00040004000400040005,0.00040004000400040005,Regular,0.2271,0.2019,C04
U05267,4,4,0.00040004000400040005,0.00040004000400040005,Regular,0.2238,0.1371,C17
U07997,4,4,0.00040004000400040005,0.00040004000400040005,Regular,0.3525,0.1269,C22
U07205,4,4,0.00040004000400040005,0.00040004000400040005,Regular,0.4045,0.3068,C05
U05997,4,5,0.00040004000400040005,0.0005000500050005,Regular,0.2522,0.1826,C22
U05996,4,4,0.00040004000400040005,0.00040004000400040005,Regular,0.2297,0.0967,C21
U00499,4,4,0.00040004000400040005,0.00040004000400040005,Regular,0.2686,0.0361,C24
U09022,4,5,0.00040004000400040005,0.0005000500050005,Regular,0.2107,0.179,C22
U00046,4,4,0.00040004000400040005,0.00040004000400040005,Regular,0.1641,0.1022,C21
U00045,4,3,0.00040004000400040005,0.00030003000300030005,Regular,0.2726,0.098,C20
U06580,4,5,0.00040004000400040005,0.0005000500050005,Regular,0.0908,0.0874,C05
U02391,4,3,0.00040004000400040005,0.00030003000300030005,Regular,0.1396,0.3782,C16
U01045,4,4,0.00040004000400040005,0.00040004000400040005,Regular,0.1156,0.1914,C20
U07951,4,5,0.00040004000400040005,0.0005000500050005,Regular,0.1728,0.1845,C01
U07971,4,4,0.00040004000400040005,0.00040004000400040005,Active,0.4172,0.2411,C21
U03391,4,4,0.00040004000400040005,0.00040004000400040005,Regular,0.3924,0.1318,C16
U03390,4,3,0.00040004000400040005,0.00030003000300030005,Regular,0.0607,0.2583,C15
U03373,4,4,0.00040004000400040005,0.00040004000400040005,Regular,0.2382,0.3062,C23
U09982,4,5,0.00040004000400040005,0.0005000500050005,Regular,0.1936,0.2165,C07
U00010,3,3,0.00030003000300030005,0.00030003000300030005,Active,0.4978,0.313,C10
U09981,3,2,0.00030003000300030005,0.00020002000200020003,Regular,0.1866,0.2548,C06
U00006,3,2,0.00030003000300030005,0.00020002000200020003,Regular,0.3843,0.0439,C06
U09976,3,3,0.00030003000300030005,0.00030003000300030005,Regular,0.2484,0.0243,C01
U01785,3,3,0.00030003000300030005,0.00030003000300030005,Regular,0.194,0.154,C10
U01789,3,4,0.00030003000300030005,0.00040004000400040005,Regular,0.4129,0.1617,C14
U06561,3,3,0.00030003000300030005,0.00030003000300030005,Regular,0.3709,0.0907,C11
U06571,3,4,0.00030003000300030005,0.00040004000400040005,Active,0.3111,0.3825,C21
U06576,3,4,0.00030003000300030005,0.00040004000400040005,Regular,0.044,0.3084,C01
U01779,3,3,0.00030003000300030005,0.00030003000300030005,Regular,0.2452,0.03,C04
U06595,3,3,0.00030003000300030005,0.00030003000300030005,Regular,0.2454,0.2769,C20
U03353,3,6,0.00030003000300030005,0.0006000600060006001,Regular,0.1336,0.0572,C03
U03363,3,3,0.00030003000300030005,0.00030003000300030005,Regular,0.117,0.0374,C13
U00002,3,4,0.00030003000300030005,0.00040004000400040005,Regular,0.3175,0.0899,C02
U00038,3,3,0.00030003000300030005,0.00030003000300030005,Regular,0.1581,0.0384,C13
U03421,3,3,0.00030003000300030005,0.00030003000300030005,Regular,0.1508,0.3356,C21
U00069,3,3,0.00030003000300030005,0.00030003000300030005,Regular,0.2102,0.147,C19
U09869,3,3,0.00030003000300030005,0.00030003000300030005,Regular,0.2523,0.0561,C19
U06558,3,3,0.00030003000300030005,0.00030003000300030005,Regular,0.201,0.4111,C08
U06552,3,3,0.00030003000300030005,0.00030003000300030005,Active,0.1766,0.375,C02
U01772,3,3,0.00030003000300030005,0.00030003000300030005,Regular,0.2675,0.3876,C22
U01770,3,3,0.00030003000300030005,0.00030003000300030005,Regular,0.1133,0.1444,C20
U06647,3,3,0.00030003000300030005,0.00030003000300030005,Regular,0.0732,0.1825,C22
U03314,3,2,0.00030003000300030005,0.00020002000200020003,Active,0.6727,0.1397,C14
U03436,3,3,0.00030003000300030005,0.00030003000300030005,Regular,0.0583,0.404,C11
U03435,3,3,0.00030003000300030005,0.00030003000300030005,Regular,0.2311,0.2596,C10
U03434,3,3,0.00030003000300030005,0.00030003000300030005,Regular,0.0915,0.2214,C09
U09846,3,3,0.00030003000300030005,0.00030003000300030005,Regular,0.3562,0.0288,C21
U00077,3,3,0.00030003000300030005,0.00030003000300030005,Regular,0.1532,0.0759,C02
U00090,3,2,0.00030003000300030005,0.00020002000200020003,Regular,0.1553,0.0697,C15
U05261,3,3,0.00030003000300030005,0.00030003000300030005,Regular,0.2368,0.2622,C11
U05254,3,3,0.00030003000300030005,0.00030003000300030005,Regular,0.0757,0.3618,C04
U08016,3,2,0.00030003000300030005,0.00020002000200020003,Regular,0.1686,0.2975,C16
U08015,3,2,0.00030003000300030005,0.00020002000200020003,Regular,0.1218,0.133,C15
U08003,3,3,0.00030003000300030005,0.00030003000300030005,Regular,0.1241,0.2179,C03
U08042,3,2,0.00030003000300030005,0.00020002000200020003,Regular,0.0807,0.0518,C17
U07939,3,2,0.00030003000300030005,0.00020002000200020003,Regular,0.4447,0.1216,C14
U05326,3,3,0.00030003000300030005,0.00030003000300030005,Regular,0.1855,0.2958,C01
U05322,3,3,0.00030003000300030005,0.00030003000300030005,Regular,0.1368,0.1849,C22
U05311,3,3,0.00030003000300030005,0.00030003000300030005,Active,0.4847,0.16,C11
U05310,3,3,0.00030003000300030005,0.00030003000300030005,Regular,0.2157,0.0742,C10
U02416,3,3,0.00030003000300030005,0.00030003000300030005,Regular,0.2407,0.1578,C16
U02414,3,3,0.00030003000300030005,0.00030003000300030005,Regular,0.1192,0.1313,C14
U02412,3,3,0.00030003000300030005,0.00030003000300030005,Regular,0.059,0.2226,C12
U01032,3,3,0.00030003000300030005,0.00030003000300030005,Regular,0.3441,0.1539,C07
U01029,3,2,0.00030003000300030005,0.00020002000200020003,Regular,0.1515,0.1529,C04
U05211,3,3,0.00030003000300030005,0.00030003000300030005,Regular,0.0613,0.4233,C11
U01020,3,3,0.00030003000300030005,0.00030003000300030005,Regular,0.2636,0.1638,C20
U05242,3,4,0.00030003000300030005,0.00040004000400040005,Regular,0.0685,0.1473,C17
U05234,3,3,0.00030003000300030005,0.00030003000300030005,Regular,0.173,0.0999,C09
U05233,3,3,0.00030003000300030005,0.00030003000300030005,Regular,0.3496,0.1371,C08
U05232,3,3,0.00030003000300030005,0.00030003000300030005,Regular,0.192,0.2152,C07
U05231,3,4,0.00030003000300030005,0.00040004000400040005,Regular,0.1455,0.103,C06
U01067,3,3,0.00030003000300030005,0.00030003000300030005,Regular,0.1576,0.1277,C17
U01064,3,3,0.00030003000300030005,0.00030003000300030005,Regular,0.1674,0.0632,C14
U05336,3,3,0.00030003000300030005,0.00030003000300030005,Regular,0.4042,0.0806,C11
U02380,3,3,0.00030003000300030005,0.00030003000300030005,Regular,0.1658,0.2105,C05
U02375,3,3,0.00030003000300030005,0.00030003000300030005,Regular,0.1941,0.0662,C25
U02373,3,3,0.00030003000300030005,0.00030003000300030005,Active,0.3206,0.2492,C23
U01062,3,3,0.00030003000300030005,0.00030003000300030005,Regular,0.069,0.293,C12
U01060,3,3,0.00030003000300030005,0.00030003000300030005,Regular,0.1302,0.0922,C10
U05262,3,3,0.00030003000300030005,0.00030003000300030005,Regular,0.1264,0.2088,C12
U00986,3,2,0.00030003000300030005,0.00020002000200020003,Regular,0.1462,0.3482,C11
U08098,3,3,0.00030003000300030005,0.00030003000300030005,Regular,0.2762,0.1766,C23
U07914,3,3,0.00030003000300030005,0.00030003000300030005,Regular,0.1105,0.1687,C14
U07913,3,3,0.00030003000300030005,0.00030003000300030005,Regular,0.0747,0.2494,C13
U07912,3,3,0.00030003000300030005,0.00030003000300030005,Regular,0.1803,0.1987,C12
U05350,3,3,0.00030003000300030005,0.00030003000300030005,Regular,0.0783,0.3206,C25
U05341,3,3,0.00030003000300030005,0.00030003000300030005,Regular,0.4888,0.0513,C16
U07905,3,3,0.00030003000300030005,0.00030003000300030005,Regular,0.1342,0.0967,C05
U07896,3,3,0.00030003000300030005,0.00030003000300030005,Regular,0.1949,0.2408,C21
U07895,3,3,0.00030003000300030005,0.00030003000300030005,Regular,0.0824,0.0509,C20
U08057,3,4,0.00030003000300030005,0.00040004000400040005,Active,0.2721,0.3896,C07
U08053,3,3,0.00030003000300030005,0.00030003000300030005,Regular,0.0784,0.0428,C03
U01004,3,3,0.00030003000300030005,0.00030003000300030005,Active,0.3143,0.1462,C04
U01000,3,2,0.00030003000300030005,0.00020002000200020003,Regular,0.1923,0.1567,C25
U05228,3,3,0.00030003000300030005,0.00030003000300030005,Regular,0.161,0.1085,C03
U05225,3,3,0.00030003000300030005,0.00030003000300030005,Regular,0.4064,0.1255,C25
U05187,3,3,0.00030003000300030005,0.00030003000300030005,Regular,0.2397,0.2204,C12
U05185,3,2,0.00030003000300030005,0.00020002000200020003,Regular,0.156,0.2129,C10
U02441,3,2,0.00030003000300030005,0.00020002000200020003,Regular,0.3561,0.1109,C16
U08088,3,3,0.00030003000300030005,0.00030003000300030005,Regular,0.0903,0.2632,C13
U08083,3,3,0.00030003000300030005,0.00030003000300030005,Regular,0.1499,0.2253,C08
U00973,3,5,0.00030003000300030005,0.0005000500050005,Regular,0.1009,0.2552,C23
U05154,3,2,0.00030003000300030005,0.00020002000200020003,Regular,0.4299,0.1116,C04
U05152,3,3,0.00030003000300030005,0.00030003000300030005,Regular,0.0786,0.2541,C02
U05370,3,3,0.00030003000300030005,0.00030003000300030005,Regular,0.103,0.2398,C20
U01073,3,3,0.00030003000300030005,0.00030003000300030005,Regular,0.32,0.1129,C23
U05208,3,3,0.00030003000300030005,0.00030003000300030005,Regular,0.1604,0.1361,C08
U05207,3,5,0.00030003000300030005,0.0005000500050005,Active,0.535,0.2018,C07
U05203,3,2,0.00030003000300030005,0.00020002000200020003,Regular,0.1625,0.1587,C03
U08069,3,3,0.00030003000300030005,0.00030003000300030005,Regular,0.1947,0.0811,C19
U00992,3,3,0.00030003000300030005,0.00030003000300030005,Regular,0.1367,0.0424,C17
U00991,3,3,0.00030003000300030005,0.00030003000300030005,Regular,0.2078,0.0222,C16
U05155,3,3,0.00030003000300030005,0.00030003000300030005,Regular,0.2967,0.13,C05
U08140,3,3,0.00030003000300030005,0.00030003000300030005,Regular,0.1227,0.1203,C15
U01101,3,3,0.00030003000300030005,0.00030003000300030005,Active,0.4585,0.6201,C01
U01098,3,2,0.00030003000300030005,0.00020002000200020003,Regular,0.1125,0.0537,C23
U01093,3,2,0.00030003000300030005,0.00020002000200020003,Regular,0.0858,0.1621,C18
U01092,3,2,0.00030003000300030005,0.00020002000200020003,Regular,0.2662,0.2954,C17
U05390,3,3,0.00030003000300030005,0.00030003000300030005,Regular,0.269,0.2064,C15
U05380,3,3,0.00030003000300030005,0.00030003000300030005,Regular,0.1645,0.2101,C05
U05379,3,4,0.00030003000300030005,0.00040004000400040005,Regular,0.1313,0.1583,C04
U05377,3,3,0.00030003000300030005,0.00030003000300030005,Regular,0.2009,0.194,C02
U07890,3,4,0.00030003000300030005,0.00040004000400040005,Regular,0.0809,0.159,C15
U02439,3,3,0.00030003000300030005,0.00030003000300030005,Regular,0.1455,0.2116,C14
U05180,3,2,0.00030003000300030005,0.00020002000200020003,Regular,0.0721,0.1853,C05
U08116,3,3,0.00030003000300030005,0.00030003000300030005,Regular,0.0443,0.1625,C16
U08109,3,3,0.00030003000300030005,0.00030003000300030005,Regular,0.0884,0.4634,C09
U00953,3,3,0.00030003000300030005,0.00030003000300030005,Regular,0.1926,0.1294,C03
U00955,3,3,0.00030003000300030005,0.00030003000300030005,Regular,0.0877,0.0392,C05
U05143,3,4,0.00030003000300030005,0.00040004000400040005,Regular,0.0886,0.4013,C18
U05142,3,3,0.00030003000300030005,0.00030003000300030005,Active,0.1518,0.722,C17
U02463,3,3,0.00030003000300030005,0.00030003000300030005,Regular,0.1436,0.2123,C13
U02462,3,2,0.00030003000300030005,0.00020002000200020003,Regular,0.1729,0.0423,C12
U02455,3,3,0.00030003000300030005,0.00030003000300030005,Regular,0.071,0.117,C05
U02342,3,3,0.00030003000300030005,0.00030003000300030005,Regular,0.1814,0.3107,C17
U07846,3,2,0.00030003000300030005,0.00020002000200020003,Active,0.4564,0.1989,C21
U07837,3,3,0.00030003000300030005,0.00030003000300030005,Regular,0.1552,0.1166,C12
U07836,3,3,0.00030003000300030005,0.00030003000300030005,Regular,0.3751,0.3355,C11
U00946,3,1,0.00030003000300030005,0.00010001000100010001,Regular,0.2449,0.043,C21
U08128,3,3,0.00030003000300030005,0.00030003000300030005,Regular,0.0211,0.1558,C03
U08127,3,3,0.00030003000300030005,0.00030003000300030005,Regular,0.3178,0.0616,C02
U08123,3,2,0.00030003000300030005,0.00020002000200020003,Regular,0.1742,0.1873,C23
U05172,3,3,0.00030003000300030005,0.00030003000300030005,Regular,0.1913,0.1855,C22
U05169,3,3,0.00030003000300030005,0.00030003000300030005,Active,0.4821,0.2557,C19
U07798,3,3,0.00030003000300030005,0.00030003000300030005,Regular,0.1165,0.2144,C23
U07797,3,3,0.00030003000300030005,0.00030003000300030005,Regular,0.13,0.1209,C22
U07794,3,3,0.00030003000300030005,0.00030003000300030005,Regular,0.1378,0.1277,C19
U07832,3,1,0.00030003000300030005,0.00010001000100010001,Regular,0.1293,0.193,C07
U07825,3,2,0.00030003000300030005,0.00020002000200020003,Regular,0.1798,0.154,C25
U01112,3,3,0.00030003000300030005,0.00030003000300030005,Regular,0.3313,0.0474,C12
U05416,3,3,0.00030003000300030005,0.00030003000300030005,Regular,0.2721,0.0526,C16
U05410,3,3,0.00030003000300030005,0.00030003000300030005,Regular,0.0496,0.1262,C10
U05409,3,3,0.00030003000300030005,0.00030003000300030005,Regular,0.1245,0.1537,C09
U02349,3,3,0.00030003000300030005,0.00030003000300030005,Regular,0.2971,0.1354,C24
U01105,3,2,0.00030003000300030005,0.00020002000200020003,Regular,0.1708,0.3324,C05
U02362,3,3,0.00030003000300030005,0.00030003000300030005,Regular,0.1788,0.0448,C12
U02449,3,3,0.00030003000300030005,0.00030003000300030005,Regular,0.1975,0.0737,C24
U05117,3,3,0.00030003000300030005,0.00030003000300030005,Regular,0.2485,0.1219,C17
U05088,3,3,0.00030003000300030005,0.00030003000300030005,Active,0.7114,0.1357,C13
U05086,3,3,0.00030003000300030005,0.00030003000300030005,Regular,0.4635,0.0892,C11
U05085,3,3,0.00030003000300030005,0.00030003000300030005,Regular,0.1941,0.1588,C10
U05105,3,5,0.00030003000300030005,0.0005000500050005,Regular,0.0854,0.2237,C05
U02476,3,3,0.00030003000300030005,0.00030003000300030005,Regular,0.146,0.1014,C01
U02472,3,3,0.00030003000300030005,0.00030003000300030005,Regular,0.1786,0.3131,C22
U02471,3,3,0.00030003000300030005,0.00030003000300030005,Regular,0.162,0.0957,C21
U02468,3,3,0.00030003000300030005,0.00030003000300030005,Regular,0.1936,0.0956,C18
U02467,3,3,0.00030003000300030005,0.00030003000300030005,Regular,0.1523,0.0312,C17
U08152,3,3,0.00030003000300030005,0.00030003000300030005,Regular,0.0903,0.1945,C02
U08146,3,3,0.00030003000300030005,0.00030003000300030005,Regular,0.229,0.1525,C21
U00944,3,3,0.00030003000300030005,0.00030003000300030005,Active,0.1134,0.3062,C19
U00941,3,3,0.00030003000300030005,0.00030003000300030005,Regular,0.0843,0.2884,C16
U08176,3,3,0.00030003000300030005,0.00030003000300030005,Regular,0.3468,0.155,C01
U07808,3,3,0.00030003000300030005,0.00030003000300030005,Regular,0.1089,0.2584,C08
U05449,3,3,0.00030003000300030005,0.00030003000300030005,Active,0.5886,0.1961,C24
U05441,3,3,0.00030003000300030005,0.00030003000300030005,Regular,0.0949,0.0602,C16
U05439,3,3,0.00030003000300030005,0.00030003000300030005,Regular,0.2063,0.2292,C14
U02491,3,3,0.00030003000300030005,0.00030003000300030005,Regular,0.1546,0.2127,C16
U08202,3,4,0.00030003000300030005,0.00040004000400040005,Regular,0.2731,0.2129,C02
U02322,3,3,0.00030003000300030005,0.00030003000300030005,Regular,0.2531,0.0559,C22
U02321,3,3,0.00030003000300030005,0.00030003000300030005,Regular,0.169,0.219,C21
U05454,3,3,0.00030003000300030005,0.00030003000300030005,Regular,0.2078,0.1849,C04
U01121,3,3,0.00030003000300030005,0.00030003000300030005,Active,0.6063,0.4768,C21
U07787,3,3,0.00030003000300030005,0.00030003000300030005,Regular,0.1956,0.1175,C12
U07785,3,4,0.00030003000300030005,0.00040004000400040005,Regular,0.0885,0.1387,C10
U07782,3,3,0.00030003000300030005,0.00030003000300030005,Regular,0.241,0.0691,C07
U07773,3,3,0.00030003000300030005,0.00030003000300030005,Regular,0.1291,0.0999,C23
U08162,3,3,0.00030003000300030005,0.00030003000300030005,Regular,0.3166,0.0354,C12
U08159,3,3,0.00030003000300030005,0.00030003000300030005,Regular,0.0718,0.1481,C09
U05104,3,4,0.00030003000300030005,0.00040004000400040005,Regular,0.1736,0.2592,C04
U05103,3,2,0.00030003000300030005,0.00020002000200020003,Regular,0.3528,0.1223,C03
U05096,3,3,0.00030003000300030005,0.00030003000300030005,Regular,0.1703,0.0639,C21
U08188,3,3,0.00030003000300030005,0.00030003000300030005,Regular,0.0545,0.1608,C13
U08195,3,3,0.00030003000300030005,0.00030003000300030005,Regular,0.1517,0.1945,C20
U02487,3,3,0.00030003000300030005,0.00030003000300030005,Regular,0.2641,0.0749,C12
U02482,3,3,0.00030003000300030005,0.00030003000300030005,Regular,0.1526,0.0081,C07
U02481,3,3,0.00030003000300030005,0.00030003000300030005,Regular,0.1973,0.1725,C06
U05064,3,3,0.00030003000300030005,0.00030003000300030005,Regular,0.3437,0.2592,C14
U08189,3,2,0.00030003000300030005,0.00020002000200020003,Regular,0.1719,0.057,C14
U07766,3,3,0.00030003000300030005,0.00030003000300030005,Regular,0.3828,0.0446,C16
U01150,3,3,0.00030003000300030005,0.00030003000300030005,Regular,0.0347,0.1117,C25
U01144,3,3,0.00030003000300030005,0.00030003000300030005,Regular,0.0703,0.2515,C19
U05471,3,3,0.00030003000300030005,0.00030003000300030005,Regular,0.1332,0.1406,C21
U05468,3,5,0.00030003000300030005,0.0005000500050005,Regular,0.2099,0.056,C18
U01125,3,3,0.00030003000300030005,0.00030003000300030005,Regular,0.0462,0.2206,C25
U00926,3,3,0.00030003000300030005,0.00030003000300030005,Regular,0.26,0.1034,C01
U00922,3,3,0.00030003000300030005,0.00030003000300030005,Regular,0.0495,0.1385,C22
U05084,3,3,0.00030003000300030005,0.00030003000300030005,Regular,0.0946,0.1137,C09
U02492,3,3,0.00030003000300030005,0.00030003000300030005,Regular,0.1828,0.0543,C17
U05034,3,4,0.00030003000300030005,0.00040004000400040005,Regular,0.3314,0.0489,C09
U05023,3,3,0.00030003000300030005,0.00030003000300030005,Regular,0.2104,0.025,C23
U08218,3,4,0.00030003000300030005,0.00040004000400040005,Regular,0.2388,0.0531,C18
U05482,3,3,0.00030003000300030005,0.00030003000300030005,Regular,0.1621,0.2628,C07
U02318,3,3,0.00030003000300030005,0.00030003000300030005,Regular,0.2022,0.108,C18
U07751,3,3,0.00030003000300030005,0.00030003000300030005,Regular,0.2295,0.111,C01
U07770,3,3,0.00030003000300030005,0.00030003000300030005,Regular,0.1036,0.1402,C20
U00901,3,3,0.00030003000300030005,0.00030003000300030005,Regular,0.1696,0.2796,C01
U00900,3,3,0.00030003000300030005,0.00030003000300030005,Regular,0.1176,0.2437,C25
U02511,3,3,0.00030003000300030005,0.00030003000300030005,Regular,0.2394,0.0755,C11
U02510,3,2,0.00030003000300030005,0.00020002000200020003,Regular,0.0274,0.1273,C10
U02509,3,3,0.00030003000300030005,0.00030003000300030005,Regular,0.1963,0.2247,C09
U00897,3,3,0.00030003000300030005,0.00030003000300030005,Regular,0.103,0.3307,C22
U08226,3,3,0.00030003000300030005,0.00030003000300030005,Active,0.196,0.558,C01
U08200,3,3,0.00030003000300030005,0.00030003000300030005,Regular,0.4701,0.2215,C25
U08199,3,3,0.00030003000300030005,0.00030003000300030005,Regular,0.198,0.2422,C24
U05017,3,2,0.00030003000300030005,0.00020002000200020003,Regular,0.0144,0.2884,C17
U05012,3,3,0.00030003000300030005,0.00030003000300030005,Regular,0.1245,0.2494,C12
U02525,3,3,0.00030003000300030005,0.00030003000300030005,Active,0.6744,0.4679,C25
U02524,3,3,0.00030003000300030005,0.00030003000300030005,Regular,0.1027,0.134,C24
U08228,3,3,0.00030003000300030005,0.00030003000300030005,Regular,0.0769,0.0486,C03
U07730,3,3,0.00030003000300030005,0.00030003000300030005,Regular,0.2613,0.0804,C05
U01162,3,4,0.00030003000300030005,0.00040004000400040005,Regular,0.1447,0.0537,C12
U01161,3,3,0.00030003000300030005,0.00030003000300030005,Regular,0.0575,0.3309,C11
U05501,3,4,0.00030003000300030005,0.00040004000400040005,Active,0.396,0.2542,C01
U05498,3,3,0.00030003000300030005,0.00030003000300030005,Regular,0.1113,0.3019,C23
U05491,3,5,0.00030003000300030005,0.0005000500050005,Regular,0.052,0.0827,C16
U05488,3,3,0.00030003000300030005,0.00030003000300030005,Regular,0.2577,0.1749,C13
U05484,3,3,0.00030003000300030005,0.00030003000300030005,Regular,0.1571,0.1,C09
U02336,3,3,0.00030003000300030005,0.00030003000300030005,Regular,0.2806,0.2115,C11
U02501,3,3,0.00030003000300030005,0.00030003000300030005,Regular,0.0727,0.1314,C01
U02499,3,3,0.00030003000300030005,0.00030003000300030005,Regular,0.0622,0.232,C24
U07725,3,3,0.00030003000300030005,0.00030003000300030005,Regular,0.1435,0.1127,C25
U04977,3,2,0.00030003000300030005,0.00020002000200020003,Regular,0.1856,0.1436,C02
U04996,3,3,0.00030003000300030005,0.00030003000300030005,Regular,0.1544,0.1926,C21
U04995,3,3,0.00030003000300030005,0.00030003000300030005,Regular,0.2094,0.1306,C20
U04993,3,3,0.00030003000300030005,0.00030003000300030005,Regular,0.3615,0.0556,C18
U00883,3,3,0.00030003000300030005,0.00030003000300030005,Regular,0.202,0.2948,C08
U08255,3,3,0.00030003000300030005,0.00030003000300030005,Regular,0.2912,0.0882,C05
U08252,3,4,0.00030003000300030005,0.00040004000400040005,Active,0.5622,0.2179,C02
U08250,3,3,0.00030003000300030005,0.00030003000300030005,Regular,0.1924,0.1684,C25
U08246,3,3,0.00030003000300030005,0.00030003000300030005,Regular,0.1276,0.117,C21
U07718,3,4,0.00030003000300030005,0.00040004000400040005,Regular,0.2543,0.36,C18
U07714,3,3,0.00030003000300030005,0.00030003000300030005,Regular,0.0682,0.3425,C14
U07713,3,3,0.00030003000300030005,0.00030003000300030005,Regular,0.1775,0.1425,C13
U07712,3,3,0.00030003000300030005,0.00030003000300030005,Regular,0.0281,0.2919,C12
U02293,3,3,0.00030003000300030005,0.00030003000300030005,Regular,0.4463,0.0484,C18
U02292,3,4,0.00030003000300030005,0.00040004000400040005,Active,0.3475,0.2893,C17
U04961,3,3,0.00030003000300030005,0.00030003000300030005,Regular,0.2246,0.1823,C11
U08260,3,3,0.00030003000300030005,0.00030003000300030005,Regular,0.2854,0.139,C10
U08257,3,5,0.00030003000300030005,0.0005000500050005,Active,0.6732,0.1406,C07
U00896,3,3,0.00030003000300030005,0.00030003000300030005,Regular,0.2528,0.2825,C21
U00889,3,4,0.00030003000300030005,0.00040004000400040005,Regular,0.1591,0.0973,C14
U02533,3,3,0.00030003000300030005,0.00030003000300030005,Regular,0.2335,0.386,C08
U00870,3,3,0.00030003000300030005,0.00030003000300030005,Regular,0.1157,0.0743,C20
U05533,3,3,0.00030003000300030005,0.00030003000300030005,Regular,0.4098,0.0603,C08
U05532,3,3,0.00030003000300030005,0.00030003000300030005,Regular,0.0848,0.1591,C07
U05527,3,3,0.00030003000300030005,0.00030003000300030005,Regular,0.2455,0.0719,C02
U05521,3,3,0.00030003000300030005,0.00030003000300030005,Regular,0.1865,0.1009,C21
U02304,3,6,0.00030003000300030005,0.0006000600060006001,Regular,0.2265,0.0954,C04
U07700,3,3,0.00030003000300030005,0.00030003000300030005,Regular,0.0301,0.2065,C25
U01184,3,3,0.00030003000300030005,0.00030003000300030005,Regular,0.1437,0.0394,C09
U01177,3,6,0.00030003000300030005,0.0006000600060006001,Regular,0.1096,0.2285,C02
U01176,3,3,0.00030003000300030005,0.00030003000300030005,Regular,0.3181,0.1489,C01
U08293,3,3,0.00030003000300030005,0.00030003000300030005,Regular,0.1174,0.0481,C18
U08289,3,3,0.00030003000300030005,0.00030003000300030005,Regular,0.2647,0.1968,C14
U00876,3,4,0.00030003000300030005,0.00040004000400040005,Regular,0.1317,0.2564,C01
U00874,3,3,0.00030003000300030005,0.00030003000300030005,Active,0.5026,0.2724,C24
U08331,3,3,0.00030003000300030005,0.00030003000300030005,Regular,0.3356,0.1579,C06
U08330,3,2,0.00030003000300030005,0.00020002000200020003,Regular,0.0785,0.3212,C05
U05546,3,3,0.00030003000300030005,0.00030003000300030005,Regular,0.4547,0.0665,C21
U05538,3,3,0.00030003000300030005,0.00030003000300030005,Regular,0.3374,0.087,C13
U07688,3,3,0.00030003000300030005,0.00030003000300030005,Regular,0.2955,0.3029,C13
U07681,3,3,0.00030003000300030005,0.00030003000300030005,Regular,0.1147,0.133,C06
U01197,3,3,0.00030003000300030005,0.00030003000300030005,Regular,0.1606,0.0549,C22
U01195,3,3,0.00030003000300030005,0.00030003000300030005,Regular,0.0961,0.14,C20
U01191,3,3,0.00030003000300030005,0.00030003000300030005,Regular,0.377,0.1391,C16
U05534,3,3,0.00030003000300030005,0.00030003000300030005,Regular,0.0909,0.0977,C09
U08274,3,2,0.00030003000300030005,0.00020002000200020003,Regular,0.1879,0.0872,C24
U04969,3,3,0.00030003000300030005,0.00030003000300030005,Regular,0.0777,0.376,C19
U02570,3,3,0.00030003000300030005,0.00030003000300030005,Regular,0.1576,0.0692,C20
U08321,3,2,0.00030003000300030005,0.00020002000200020003,Regular,0.2201,0.0921,C21
U08320,3,3,0.00030003000300030005,0.00030003000300030005,Regular,0.1233,0.1143,C20
U08317,3,3,0.00030003000300030005,0.00030003000300030005,Regular,0.1416,0.1088,C17
U08310,3,3,0.00030003000300030005,0.00030003000300030005,Regular,0.2413,0.0777,C10
U08308,3,3,0.00030003000300030005,0.00030003000300030005,Regular,0.1694,0.1221,C08
U08340,3,3,0.00030003000300030005,0.00030003000300030005,Regular,0.1658,0.2121,C15
U08339,3,8,0.00030003000300030005,0.0008000800080008001,Active,0.479,0.4902,C14
U05561,3,3,0.00030003000300030005,0.00030003000300030005,Regular,0.2798,0.0277,C11
U05558,3,3,0.00030003000300030005,0.00030003000300030005,Regular,0.1694,0.0288,C08
U05553,3,3,0.00030003000300030005,0.00030003000300030005,Active,0.3915,0.2424,C03
U02285,3,3,0.00030003000300030005,0.00030003000300030005,Regular,0.1128,0.2809,C10
U07680,3,8,0.00030003000300030005,0.0008000800080008001,Regular,0.1497,0.2133,C05
U07679,3,2,0.00030003000300030005,0.00020002000200020003,Regular,0.2102,0.1533,C04
U02279,3,6,0.00030003000300030005,0.0006000600060006001,Regular,0.1727,0.0428,C04
U08295,3,3,0.00030003000300030005,0.00030003000300030005,Regular,0.1712,0.1106,C20
U08375,3,3,0.00030003000300030005,0.00030003000300030005,Regular,0.1715,0.0662,C25
U00862,3,3,0.00030003000300030005,0.00030003000300030005,Regular,0.3215,0.1744,C12
U00861,3,2,0.00030003000300030005,0.00020002000200020003,Regular,0.2112,0.1877,C11
U04926,3,2,0.00030003000300030005,0.00020002000200020003,Regular,0.3414,0.0677,C01
U00853,3,3,0.00030003000300030005,0.00030003000300030005,Regular,0.3476,0.1307,C03
U00850,3,3,0.00030003000300030005,0.00030003000300030005,Regular,0.0687,0.2071,C25
U04915,3,4,0.00030003000300030005,0.00040004000400040005,Regular,0.116,0.1844,C15
U07662,3,4,0.00030003000300030005,0.00040004000400040005,Regular,0.1348,0.2841,C12
U07659,3,3,0.00030003000300030005,0.00030003000300030005,Regular,0.0814,0.1978,C09
U05588,3,3,0.00030003000300030005,0.00030003000300030005,Regular,0.2977,0.4658,C13
U05587,3,3,0.00030003000300030005,0.00030003000300030005,Regular,0.1928,0.1469,C12
U05582,3,3,0.00030003000300030005,0.00030003000300030005,Regular,0.0931,0.1809,C07
U05576,3,3,0.00030003000300030005,0.00030003000300030005,Regular,0.3163,0.1722,C01
U05570,3,2,0.00030003000300030005,0.00020002000200020003,Regular,0.1677,0.2057,C20
U05563,3,3,0.00030003000300030005,0.00030003000300030005,Regular,0.2095,0.0444,C13
U08324,3,3,0.00030003000300030005,0.00030003000300030005,Regular,0.1095,0.0799,C24
U00848,3,3,0.00030003000300030005,0.00030003000300030005,Regular,0.3474,0.1514,C23
U00842,3,3,0.00030003000300030005,0.00030003000300030005,Regular,0.226,0.4279,C17
U02581,3,3,0.00030003000300030005,0.00030003000300030005,Regular,0.1165,0.0728,C06
U02577,3,3,0.00030003000300030005,0.00030003000300030005,Regular,0.0865,0.1964,C02
U04893,3,4,0.00030003000300030005,0.00040004000400040005,Regular,0.2308,0.1624,C18
U04886,3,3,0.00030003000300030005,0.00030003000300030005,Regular,0.23,0.1584,C11
U04849,3,3,0.00030003000300030005,0.00030003000300030005,Regular,0.2013,0.1553,C24
U02608,3,3,0.00030003000300030005,0.00030003000300030005,Regular,0.1927,0.1667,C08
U02264,3,2,0.00030003000300030005,0.00020002000200020003,Regular,0.408,0.0955,C14
U02259,3,4,0.00030003000300030005,0.00040004000400040005,Regular,0.2356,0.0453,C09
U07638,3,3,0.00030003000300030005,0.00030003000300030005,Regular,0.219,0.0608,C13
U08364,3,3,0.00030003000300030005,0.00030003000300030005,Regular,0.2129,0.2303,C14
U08360,3,3,0.00030003000300030005,0.00030003000300030005,Regular,0.2109,0.3831,C10
U08355,3,3,0.00030003000300030005,0.00030003000300030005,Regular,0.4237,0.0646,C05
U08352,3,3,0.00030003000300030005,0.00030003000300030005,Regular,0.46,0.1067,C02
U08347,3,3,0.00030003000300030005,0.00030003000300030005,Regular,0.3649,0.1217,C22
U04859,3,4,0.00030003000300030005,0.00040004000400040005,Regular,0.1407,0.0412,C09
U04857,3,3,0.00030003000300030005,0.00030003000300030005,Regular,0.2838,0.0482,C07
U08408,3,3,0.00030003000300030005,0.00030003000300030005,Regular,0.0585,0.2407,C08
U05609,3,3,0.00030003000300030005,0.00030003000300030005,Regular,0.1031,0.1636,C09
U05603,3,3,0.00030003000300030005,0.00030003000300030005,Regular,0.0344,0.22,C03
U02267,3,3,0.00030003000300030005,0.00030003000300030005,Regular,0.4018,0.0628,C17
U07630,3,3,0.00030003000300030005,0.00030003000300030005,Regular,0.3176,0.1133,C05
U07623,3,3,0.00030003000300030005,0.00030003000300030005,Regular,0.1704,0.3083,C23
U07621,3,3,0.00030003000300030005,0.00030003000300030005,Regular,0.0615,0.0711,C21
U01214,3,3,0.00030003000300030005,0.00030003000300030005,Regular,0.1399,0.0215,C14
U02605,3,4,0.00030003000300030005,0.00040004000400040005,Regular,0.3329,0.1324,C05
U04879,3,3,0.00030003000300030005,0.00030003000300030005,Regular,0.1993,0.1881,C04
U04876,3,3,0.00030003000300030005,0.00030003000300030005,Active,0.4872,0.4647,C01
U04863,3,3,0.00030003000300030005,0.00030003000300030005,Regular,0.1252,0.0678,C13
U04860,3,3,0.00030003000300030005,0.00030003000300030005,Regular,0.2597,0.1291,C10
U08380,3,3,0.00030003000300030005,0.00030003000300030005,Regular,0.1402,0.3312,C05
U08416,3,6,0.00030003000300030005,0.0006000600060006001,Regular,0.1656,0.302,C16
U00825,3,3,0.00030003000300030005,0.00030003000300030005,Regular,0.2022,0.2852,C25
U02597,3,3,0.00030003000300030005,0.00030003000300030005,Regular,0.1068,0.2427,C22
U00805,3,3,0.00030003000300030005,0.00030003000300030005,Regular,0.281,0.1952,C05
U01219,3,3,0.00030003000300030005,0.00030003000300030005,Regular,0.1279,0.2804,C19
U07595,3,3,0.00030003000300030005,0.00030003000300030005,Regular,0.1153,0.2769,C20
U02248,3,3,0.00030003000300030005,0.00030003000300030005,Regular,0.1136,0.2638,C23
U02247,3,3,0.00030003000300030005,0.00030003000300030005,Regular,0.4103,0.0703,C22
U02245,3,3,0.00030003000300030005,0.00030003000300030005,Regular,0.3419,0.0399,C20
U02241,3,3,0.00030003000300030005,0.00030003000300030005,Regular,0.2561,0.1202,C16
U05621,3,3,0.00030003000300030005,0.00030003000300030005,Active,0.4906,0.1459,C21
U07633,3,2,0.00030003000300030005,0.00020002000200020003,Regular,0.2448,0.0382,C08
U08400,3,3,0.00030003000300030005,0.00030003000300030005,Regular,0.0754,0.0798,C25
U08395,3,3,0.00030003000300030005,0.00030003000300030005,Regular,0.1131,0.0805,C20
U08387,3,3,0.00030003000300030005,0.00030003000300030005,Active,0.6559,0.2161,C12
U08383,3,3,0.00030003000300030005,0.00030003000300030005,Regular,0.4441,0.0363,C08
U01256,3,3,0.00030003000300030005,0.00030003000300030005,Regular,0.1873,0.1853,C06
U07594,3,2,0.00030003000300030005,0.00020002000200020003,Regular,0.3353,0.0214,C19
U07589,3,3,0.00030003000300030005,0.00030003000300030005,Regular,0.1241,0.3036,C14
U07584,3,3,0.00030003000300030005,0.00030003000300030005,Regular,0.1698,0.2127,C09
U05644,3,3,0.00030003000300030005,0.00030003000300030005,Regular,0.1952,0.0467,C19
U07601,3,3,0.00030003000300030005,0.00030003000300030005,Regular,0.0536,0.1585,C01
U04806,3,3,0.00030003000300030005,0.00030003000300030005,Regular,0.1131,0.3156,C06
U04805,3,3,0.00030003000300030005,0.00030003000300030005,Regular,0.2948,0.0332,C05
U04804,3,5,0.00030003000300030005,0.0005000500050005,Regular,0.0124,0.196,C04
U04801,3,3,0.00030003000300030005,0.00030003000300030005,Regular,0.1155,0.0374,C01
U08433,3,3,0.00030003000300030005,0.00030003000300030005,Regular,0.2462,0.2975,C08
U00810,3,2,0.00030003000300030005,0.00020002000200020003,Regular,0.2869,0.1885,C10
U08425,3,5,0.00030003000300030005,0.0005000500050005,Regular,0.476,0.1463,C25
U08423,3,3,0.00030003000300030005,0.00030003000300030005,Regular,0.1557,0.2699,C23
U04823,3,3,0.00030003000300030005,0.00030003000300030005,Regular,0.2119,0.0978,C23
U04814,3,3,0.00030003000300030005,0.00030003000300030005,Regular,0.1983,0.1149,C14
U08459,3,3,0.00030003000300030005,0.00030003000300030005,Regular,0.2293,0.2933,C09
U08456,3,3,0.00030003000300030005,0.00030003000300030005,Regular,0.1315,0.3421,C06
U08455,3,3,0.00030003000300030005,0.00030003000300030005,Regular,0.2314,0.0626,C05
U08454,3,3,0.00030003000300030005,0.00030003000300030005,Regular,0.0913,0.0631,C04
U08448,3,3,0.00030003000300030005,0.00030003000300030005,Regular,0.196,0.1788,C23
U02627,3,3,0.00030003000300030005,0.00030003000300030005,Regular,0.234,0.1223,C02
U02626,3,3,0.00030003000300030005,0.00030003000300030005,Regular,0.1026,0.1973,C01
U02625,3,4,0.00030003000300030005,0.00040004000400040005,Regular,0.2834,0.1341,C25
U04800,3,3,0.00030003000300030005,0.00030003000300030005,Regular,0.13,0.164,C25
U04796,3,3,0.00030003000300030005,0.00030003000300030005,Regular,0.1793,0.1163,C21
U04795,3,3,0.00030003000300030005,0.00030003000300030005,Regular,0.1515,0.121,C20
U05656,3,3,0.00030003000300030005,0.00030003000300030005,Regular,0.1861,0.1224,C06
U05646,3,3,0.00030003000300030005,0.00030003000300030005,Regular,0.0884,0.0465,C21
U07572,3,3,0.00030003000300030005,0.00030003000300030005,Regular,0.2961,0.0785,C22
U07570,3,4,0.00030003000300030005,0.00040004000400040005,Regular,0.229,0.1288,C20
U01262,3,2,0.00030003000300030005,0.00020002000200020003,Regular,0.1487,0.2551,C12
U04787,3,3,0.00030003000300030005,0.00030003000300030005,Regular,0.2052,0.2375,C12
U04782,3,2,0.00030003000300030005,0.00020002000200020003,Regular,0.3263,0.0521,C07
U04781,3,3,0.00030003000300030005,0.00030003000300030005,Regular,0.2098,0.0966,C06
U04768,3,3,0.00030003000300030005,0.00030003000300030005,Regular,0.0685,0.2884,C18
U08467,3,3,0.00030003000300030005,0.00030003000300030005,Regular,0.1584,0.111,C17
U00794,3,3,0.00030003000300030005,0.00030003000300030005,Regular,0.4337,0.1361,C19
U08500,3,3,0.00030003000300030005,0.00030003000300030005,Regular,0.1493,0.0311,C25
U02233,3,3,0.00030003000300030005,0.00030003000300030005,Regular,0.2641,0.2226,C08
U01250,3,3,0.00030003000300030005,0.00030003000300030005,Regular,0.1711,0.1916,C25
U01278,3,3,0.00030003000300030005,0.00030003000300030005,Regular,0.2423,0.1459,C03
U01277,3,3,0.00030003000300030005,0.00030003000300030005,Regular,0.3322,0.1236,C02
U01274,3,3,0.00030003000300030005,0.00030003000300030005,Regular,0.134,0.0798,C24
U01266,3,3,0.00030003000300030005,0.00030003000300030005,Regular,0.1831,0.076,C16
U07552,3,3,0.00030003000300030005,0.00030003000300030005,Regular,0.0945,0.139,C02
U07550,3,3,0.00030003000300030005,0.00030003000300030005,Regular,0.181,0.2095,C25
U07548,3,1,0.00030003000300030005,0.00010001000100010001,Regular,0.2168,0.0329,C23
U00756,3,3,0.00030003000300030005,0.00030003000300030005,Regular,0.2367,0.0262,C06
U08544,3,3,0.00030003000300030005,0.00030003000300030005,Regular,0.0665,0.3143,C19
U05682,3,3,0.00030003000300030005,0.00030003000300030005,Regular,0.4018,0.0893,C07
U05680,3,4,0.00030003000300030005,0.00040004000400040005,Regular,0.1422,0.2423,C05
U05679,3,3,0.00030003000300030005,0.00030003000300030005,Regular,0.2864,0.2528,C04
U07529,3,3,0.00030003000300030005,0.00030003000300030005,Regular,0.1756,0.2362,C04
U07521,3,3,0.00030003000300030005,0.00030003000300030005,Regular,0.1278,0.3611,C21
U05670,3,3,0.00030003000300030005,0.00030003000300030005,Regular,0.0386,0.2021,C20
U04763,3,3,0.00030003000300030005,0.00030003000300030005,Regular,0.106,0.3499,C13
U04762,3,2,0.00030003000300030005,0.00020002000200020003,Influential,0.8458,0.9069,C12
U04760,3,3,0.00030003000300030005,0.00030003000300030005,Regular,0.2541,0.0855,C10
U04756,3,3,0.00030003000300030005,0.00030003000300030005,Regular,0.3014,0.1571,C06
U02650,3,3,0.00030003000300030005,0.00030003000300030005,Regular,0.1301,0.1261,C25
U08489,3,3,0.00030003000300030005,0.00030003000300030005,Regular,0.2781,0.0902,C14
U08484,3,3,0.00030003000300030005,0.00030003000300030005,Regular,0.2808,0.185,C09
U02649,3,3,0.00030003000300030005,0.00030003000300030005,Active,0.4815,0.1137,C24
U04716,3,3,0.00030003000300030005,0.00030003000300030005,Regular,0.1447,0.1927,C16
U08547,3,2,0.00030003000300030005,0.00020002000200020003,Regular,0.3326,0.034,C22
U05707,3,3,0.00030003000300030005,0.00030003000300030005,Regular,0.2441,0.0361,C07
U02217,3,3,0.00030003000300030005,0.00030003000300030005,Regular,0.3101,0.2768,C17
U02216,3,3,0.00030003000300030005,0.00030003000300030005,Regular,0.1341,0.0827,C16
U01284,3,3,0.00030003000300030005,0.00030003000300030005,Regular,0.1438,0.1995,C09
U07516,3,3,0.00030003000300030005,0.00030003000300030005,Regular,0.2774,0.1153,C16
U07515,3,3,0.00030003000300030005,0.00030003000300030005,Regular,0.2302,0.211,C15
U02648,3,3,0.00030003000300030005,0.00030003000300030005,Regular,0.365,0.1949,C23
U04751,3,3,0.00030003000300030005,0.00030003000300030005,Active,0.5211,0.3221,C01
U04748,3,2,0.00030003000300030005,0.00020002000200020003,Regular,0.2043,0.124,C23
U04746,3,4,0.00030003000300030005,0.00040004000400040005,Regular,0.1286,0.1966,C21
U08525,3,3,0.00030003000300030005,0.00030003000300030005,Regular,0.2034,0.2053,C25
U08517,3,3,0.00030003000300030005,0.00030003000300030005,Regular,0.0359,0.1209,C17
U08516,3,3,0.00030003000300030005,0.00030003000300030005,Active,0.2544,0.1671,C16
U00765,3,3,0.00030003000300030005,0.00030003000300030005,Regular,0.1376,0.1305,C15
U08550,3,3,0.00030003000300030005,0.00030003000300030005,Regular,0.2138,0.0246,C25
U08549,3,2,0.00030003000300030005,0.00020002000200020003,Regular,0.1621,0.1905,C24
U07506,3,3,0.00030003000300030005,0.00030003000300030005,Regular,0.0845,0.0243,C06
U07503,3,2,0.00030003000300030005,0.00020002000200020003,Regular,0.2811,0.0895,C03
U05725,3,3,0.00030003000300030005,0.00030003000300030005,Regular,0.1624,0.0724,C25
U05721,3,2,0.00030003000300030005,0.00020002000200020003,Regular,0.1613,0.0252,C21
U05716,3,3,0.00030003000300030005,0.00030003000300030005,Regular,0.5738,0.0711,C16
U05714,3,3,0.00030003000300030005,0.00030003000300030005,Regular,0.1072,0.1088,C14
U04712,3,3,0.00030003000300030005,0.00030003000300030005,Regular,0.2507,0.1602,C12
U04707,3,3,0.00030003000300030005,0.00030003000300030005,Regular,0.1077,0.3886,C07
U02663,3,3,0.00030003000300030005,0.00030003000300030005,Regular,0.2077,0.15,C13
U02659,3,3,0.00030003000300030005,0.00030003000300030005,Regular,0.2364,0.0684,C09
U08561,3,3,0.00030003000300030005,0.00030003000300030005,Regular,0.2392,0.167,C11
U08543,3,3,0.00030003000300030005,0.00030003000300030005,Active,0.2363,0.2546,C18
U08541,3,3,0.00030003000300030005,0.00030003000300030005,Regular,0.1507,0.3441,C16
U04719,3,3,0.00030003000300030005,0.00030003000300030005,Regular,0.2174,0.0639,C19
U00723,3,3,0.00030003000300030005,0.00030003000300030005,Regular,0.0828,0.0999,C23
U08572,3,3,0.00030003000300030005,0.00030003000300030005,Regular,0.1648,0.1365,C22
U01302,3,3,0.00030003000300030005,0.00030003000300030005,Regular,0.0533,0.4156,C02
U05743,3,3,0.00030003000300030005,0.00030003000300030005,Regular,0.2084,0.1468,C18
U05741,3,4,0.00030003000300030005,0.00040004000400040005,Regular,0.1418,0.1205,C16
U05740,3,2,0.00030003000300030005,0.00020002000200020003,Regular,0.2076,0.0939,C15
U05737,3,2,0.00030003000300030005,0.00020002000200020003,Regular,0.3267,0.1364,C12
U05734,3,2,0.00030003000300030005,0.00020002000200020003,Regular,0.1153,0.2894,C09
U07508,3,3,0.00030003000300030005,0.00030003000300030005,Regular,0.1339,0.3232,C08
U08554,3,4,0.00030003000300030005,0.00040004000400040005,Active,0.6176,0.1351,C04
U04701,3,3,0.00030003000300030005,0.00030003000300030005,Regular,0.2495,0.284,C01
U04698,3,3,0.00030003000300030005,0.00030003000300030005,Regular,0.1189,0.2598,C23
U04694,3,3,0.00030003000300030005,0.00030003000300030005,Regular,0.3911,0.0971,C19
U02687,3,3,0.00030003000300030005,0.00030003000300030005,Regular,0.1977,0.1055,C12
U02682,3,2,0.00030003000300030005,0.00020002000200020003,Regular,0.3212,0.0354,C07
U02681,3,2,0.00030003000300030005,0.00020002000200020003,Regular,0.096,0.1362,C06
U08606,3,3,0.00030003000300030005,0.00030003000300030005,Regular,0.0801,0.1762,C06
U08600,3,3,0.00030003000300030005,0.00030003000300030005,Regular,0.2885,0.2259,C25
U02196,3,3,0.00030003000300030005,0.00030003000300030005,Regular,0.1975,0.0468,C21
U05759,3,3,0.00030003000300030005,0.00030003000300030005,Regular,0.2257,0.1537,C09
U07486,3,3,0.00030003000300030005,0.00030003000300030005,Regular,0.1164,0.2195,C11
U07484,3,3,0.00030003000300030005,0.00030003000300030005,Regular,0.2747,0.0703,C09
U07471,3,3,0.00030003000300030005,0.00030003000300030005,Regular,0.3633,0.1246,C21
U07494,3,3,0.00030003000300030005,0.00030003000300030005,Regular,0.3185,0.2068,C19
U08596,3,2,0.00030003000300030005,0.00020002000200020003,Regular,0.0747,0.0805,C21
U08593,3,3,0.00030003000300030005,0.00030003000300030005,Regular,0.219,0.3225,C18
U04666,3,3,0.00030003000300030005,0.00030003000300030005,Active,0.7172,0.3497,C16
U04660,3,3,0.00030003000300030005,0.00030003000300030005,Regular,0.0554,0.3815,C10
U08584,3,3,0.00030003000300030005,0.00030003000300030005,Regular,0.4249,0.1965,C09
U08578,3,3,0.00030003000300030005,0.00030003000300030005,Regular,0.3185,0.2224,C03
U04687,3,6,0.00030003000300030005,0.0006000600060006001,Regular,0.4169,0.1725,C12
U04685,3,3,0.00030003000300030005,0.00030003000300030005,Regular,0.2454,0.1074,C10
U04637,3,4,0.00030003000300030005,0.00040004000400040005,Regular,0.2765,0.3786,C12
U08619,3,3,0.00030003000300030005,0.00030003000300030005,Regular,0.1766,0.2359,C19
U08615,3,3,0.00030003000300030005,0.00030003000300030005,Regular,0.2363,0.121,C15
U08645,3,3,0.00030003000300030005,0.00030003000300030005,Active,0.3764,0.2833,C20
U08644,3,3,0.00030003000300030005,0.00030003000300030005,Regular,0.2163,0.0458,C19
U01318,3,4,0.00030003000300030005,0.00040004000400040005,Active,0.4088,0.4666,C18
U05770,3,3,0.00030003000300030005,0.00030003000300030005,Regular,0.1103,0.2105,C20
U05765,3,3,0.00030003000300030005,0.00030003000300030005,Regular,0.1797,0.3301,C15
U05763,3,4,0.00030003000300030005,0.00040004000400040005,Regular,0.4217,0.3002,C13
U02208,3,4,0.00030003000300030005,0.00040004000400040005,Regular,0.0493,0.1723,C08
U07451,3,2,0.00030003000300030005,0.00020002000200020003,Regular,0.2851,0.0538,C01
U07449,3,2,0.00030003000300030005,0.00020002000200020003,Regular,0.1986,0.1592,C24
U00707,3,3,0.00030003000300030005,0.00030003000300030005,Regular,0.148,0.0455,C07
U02692,3,2,0.00030003000300030005,0.00020002000200020003,Active,0.4573,0.3137,C17
U02689,3,3,0.00030003000300030005,0.00030003000300030005,Regular,0.1838,0.2302,C14
U04646,3,2,0.00030003000300030005,0.00020002000200020003,Regular,0.2714,0.2441,C21
U04615,3,2,0.00030003000300030005,0.00020002000200020003,Regular,0.2653,0.1723,C15
U08666,3,3,0.00030003000300030005,0.00030003000300030005,Regular,0.1979,0.1764,C16
U05790,3,3,0.00030003000300030005,0.00030003000300030005,Regular,0.1423,0.1165,C15
U05789,3,3,0.00030003000300030005,0.00030003000300030005,Active,0.5327,0.0479,C14
U05785,3,3,0.00030003000300030005,0.00030003000300030005,Active,0.3236,0.2248,C10
U07430,3,3,0.00030003000300030005,0.00030003000300030005,Regular,0.0692,0.1558,C05
U07429,3,3,0.00030003000300030005,0.00030003000300030005,Regular,0.139,0.1842,C04
U07427,3,3,0.00030003000300030005,0.00030003000300030005,Regular,0.2536,0.0842,C02
U07425,3,3,0.00030003000300030005,0.00030003000300030005,Regular,0.5267,0.1539,C25
U01327,3,3,0.00030003000300030005,0.00030003000300030005,Regular,0.3659,0.1762,C02
U02712,3,3,0.00030003000300030005,0.00030003000300030005,Regular,0.0429,0.1379,C12
U02711,3,2,0.00030003000300030005,0.00020002000200020003,Regular,0.0364,0.089,C11
U02710,3,3,0.00030003000300030005,0.00030003000300030005,Regular,0.2959,0.0737,C10
U02708,3,2,0.00030003000300030005,0.00020002000200020003,Active,0.4832,0.2107,C08
U02705,3,3,0.00030003000300030005,0.00030003000300030005,Regular,0.1603,0.1986,C05
U04639,3,3,0.00030003000300030005,0.00030003000300030005,Active,0.6334,0.4627,C14
U08678,3,3,0.00030003000300030005,0.00030003000300030005,Regular,0.0785,0.28,C03
U08673,3,3,0.00030003000300030005,0.00030003000300030005,Regular,0.4063,0.1692,C23
U07416,3,3,0.00030003000300030005,0.00030003000300030005,Regular,0.1905,0.1095,C16
U07412,3,5,0.00030003000300030005,0.0005000500050005,Regular,0.2945,0.0885,C12
U07448,3,3,0.00030003000300030005,0.00030003000300030005,Regular,0.4298,0.1723,C23
U04583,3,3,0.00030003000300030005,0.00030003000300030005,Regular,0.2797,0.0949,C08
U02725,3,3,0.00030003000300030005,0.00030003000300030005,Regular,0.1553,0.2707,C25
U08672,3,4,0.00030003000300030005,0.00040004000400040005,Regular,0.2937,0.0981,C22
U08670,3,3,0.00030003000300030005,0.00030003000300030005,Regular,0.3308,0.0954,C20
U08667,3,4,0.00030003000300030005,0.00040004000400040005,Regular,0.1239,0.3747,C17
U08661,3,3,0.00030003000300030005,0.00030003000300030005,Active,0.3654,0.4687,C11
U04590,3,2,0.00030003000300030005,0.00020002000200020003,Regular,0.4229,0.0618,C15
U04588,3,3,0.00030003000300030005,0.00030003000300030005,Regular,0.1932,0.0744,C13
U04585,3,3,0.00030003000300030005,0.00030003000300030005,Regular,0.0596,0.0875,C10
U00701,3,3,0.00030003000300030005,0.00030003000300030005,Regular,0.4416,0.0455,C01
U04624,3,3,0.00030003000300030005,0.00030003000300030005,Regular,0.0765,0.2824,C24
U02755,3,3,0.00030003000300030005,0.00030003000300030005,Regular,0.0735,0.1629,C05
U04544,3,3,0.00030003000300030005,0.00030003000300030005,Regular,0.1441,0.097,C19
U04532,3,2,0.00030003000300030005,0.00020002000200020003,Regular,0.2111,0.1516,C07
U04529,3,3,0.00030003000300030005,0.00030003000300030005,Regular,0.4619,0.2237,C04
U02166,3,3,0.00030003000300030005,0.00030003000300030005,Regular,0.0902,0.0843,C16
U05816,3,3,0.00030003000300030005,0.00030003000300030005,Regular,0.1535,0.3255,C16
U07399,3,3,0.00030003000300030005,0.00030003000300030005,Regular,0.2835,0.1587,C24
U07396,3,4,0.00030003000300030005,0.00040004000400040005,Regular,0.1962,0.1376,C21
U07395,3,3,0.00030003000300030005,0.00030003000300030005,Regular,0.088,0.2819,C20
U00663,3,3,0.00030003000300030005,0.00030003000300030005,Active,0.44,0.3631,C13
U04558,3,3,0.00030003000300030005,0.00030003000300030005,Regular,0.1703,0.1231,C08
U04554,3,2,0.00030003000300030005,0.00020002000200020003,Regular,0.131,0.0539,C04
U02762,3,2,0.00030003000300030005,0.00020002000200020003,Regular,0.1138,0.1996,C12
U00660,3,3,0.00030003000300030005,0.00030003000300030005,Regular,0.2341,0.0551,C10
U04568,3,3,0.00030003000300030005,0.00030003000300030005,Active,0.6741,0.2418,C18
U02737,3,3,0.00030003000300030005,0.00030003000300030005,Regular,0.2071,0.0257,C12
U08760,3,3,0.00030003000300030005,0.00030003000300030005,Regular,0.1439,0.1929,C10
U08757,3,2,0.00030003000300030005,0.00020002000200020003,Regular,0.1073,0.1729,C07
U02773,3,3,0.00030003000300030005,0.00030003000300030005,Regular,0.5066,0.0964,C23
U04511,3,3,0.00030003000300030005,0.00030003000300030005,Regular,0.2765,0.0823,C11
U04508,3,3,0.00030003000300030005,0.00030003000300030005,Regular,0.0678,0.0879,C08
U08748,3,4,0.00030003000300030005,0.00040004000400040005,Regular,0.2383,0.0463,C23
U01355,3,3,0.00030003000300030005,0.00030003000300030005,Regular,0.0945,0.1578,C05
U02171,3,3,0.00030003000300030005,0.00030003000300030005,Regular,0.0593,0.1326,C21
U01346,3,4,0.00030003000300030005,0.00040004000400040005,Regular,0.1696,0.2133,C21
U07382,3,3,0.00030003000300030005,0.00030003000300030005,Active,0.7013,0.2433,C07
U07410,3,3,0.00030003000300030005,0.00030003000300030005,Regular,0.243,0.0742,C10
U08739,3,3,0.00030003000300030005,0.00030003000300030005,Regular,0.3652,0.2058,C14
U00646,3,3,0.00030003000300030005,0.00030003000300030005,Regular,0.3253,0.1366,C21
U04517,3,3,0.00030003000300030005,0.00030003000300030005,Regular,0.2144,0.3222,C17
U02783,3,3,0.00030003000300030005,0.00030003000300030005,Regular,0.4235,0.132,C08
U08730,3,3,0.00030003000300030005,0.00030003000300030005,Bridge,0.7311,0.5114,C05
U00623,3,2,0.00030003000300030005,0.00020002000200020003,Regular,0.1523,0.2098,C23
U00620,3,3,0.00030003000300030005,0.00030003000300030005,Regular,0.2991,0.269,C20
U02786,3,3,0.00030003000300030005,0.00030003000300030005,Regular,0.0848,0.121,C11
U04472,3,3,0.00030003000300030005,0.00030003000300030005,Regular,0.3767,0.2566,C22
U00603,3,2,0.00030003000300030005,0.00020002000200020003,Regular,0.0882,0.2941,C03
U07362,3,3,0.00030003000300030005,0.00030003000300030005,Regular,0.2007,0.1762,C12
U01373,3,4,0.00030003000300030005,0.00040004000400040005,Regular,0.1805,0.2317,C23
U05852,3,3,0.00030003000300030005,0.00030003000300030005,Active,0.2263,0.342,C02
U05849,3,3,0.00030003000300030005,0.00030003000300030005,Regular,0.2438,0.1715,C24
U01362,3,2,0.00030003000300030005,0.00020002000200020003,Regular,0.1493,0.0182,C12
U01356,3,3,0.00030003000300030005,0.00030003000300030005,Regular,0.1837,0.244,C06
U08779,3,3,0.00030003000300030005,0.00030003000300030005,Regular,0.3211,0.05,C04
U08773,3,2,0.00030003000300030005,0.00020002000200020003,Regular,0.1953,0.2966,C23
U08772,3,3,0.00030003000300030005,0.00030003000300030005,Regular,0.3114,0.2257,C22
U00627,3,3,0.00030003000300030005,0.00030003000300030005,Regular,0.0941,0.0485,C02
U08804,3,3,0.00030003000300030005,0.00030003000300030005,Regular,0.0836,0.1046,C04
U08876,3,2,0.00030003000300030005,0.00020002000200020003,Regular,0.1348,0.1189,C01
U04443,3,3,0.00030003000300030005,0.00030003000300030005,Regular,0.4558,0.0348,C18
U04440,3,3,0.00030003000300030005,0.00030003000300030005,Bridge,0.2252,0.376,C15
U04433,3,2,0.00030003000300030005,0.00020002000200020003,Regular,0.1908,0.1449,C08
U02827,3,3,0.00030003000300030005,0.00030003000300030005,Influential,0.4585,0.7174,C02
U08849,3,2,0.00030003000300030005,0.00020002000200020003,Regular,0.2015,0.2037,C24
U05872,3,3,0.00030003000300030005,0.00030003000300030005,Regular,0.3818,0.1471,C22
U05866,3,3,0.00030003000300030005,0.00030003000300030005,Regular,0.1221,0.2118,C16
U05860,3,3,0.00030003000300030005,0.00030003000300030005,Regular,0.2953,0.1666,C10
U01380,3,3,0.00030003000300030005,0.00030003000300030005,Active,0.4911,0.1769,C05
U07373,3,3,0.00030003000300030005,0.00030003000300030005,Regular,0.106,0.1261,C23
U00599,3,3,0.00030003000300030005,0.00030003000300030005,Regular,0.4743,0.0854,C24
U00598,3,3,0.00030003000300030005,0.00030003000300030005,Regular,0.2697,0.0415,C23
U04457,3,3,0.00030003000300030005,0.00030003000300030005,Regular,0.1205,0.3639,C07
U08813,3,3,0.00030003000300030005,0.00030003000300030005,Regular,0.2736,0.2966,C13
U08803,3,2,0.00030003000300030005,0.00020002000200020003,Regular,0.2349,0.1235,C03
U08857,3,5,0.00030003000300030005,0.0005000500050005,Regular,0.2521,0.0306,C07
U04403,3,3,0.00030003000300030005,0.00030003000300030005,Regular,0.4207,0.0881,C03
U02845,3,3,0.00030003000300030005,0.00030003000300030005,Regular,0.1937,0.0966,C20
U02843,3,2,0.00030003000300030005,0.00020002000200020003,Regular,0.3547,0.1062,C18
U08853,3,3,0.00030003000300030005,0.00030003000300030005,Regular,0.1324,0.0992,C03
U05884,3,3,0.00030003000300030005,0.00030003000300030005,Regular,0.0231,0.221,C09
U05881,3,2,0.00030003000300030005,0.00020002000200020003,Regular,0.0674,0.2798,C06
U02133,3,3,0.00030003000300030005,0.00030003000300030005,Regular,0.1812,0.2798,C08
U07321,3,3,0.00030003000300030005,0.00030003000300030005,Regular,0.19,0.2715,C21
U07348,3,3,0.00030003000300030005,0.00030003000300030005,Regular,0.1339,0.1457,C23
U00590,3,2,0.00030003000300030005,0.00020002000200020003,Regular,0.2079,0.2899,C15
U00584,3,3,0.00030003000300030005,0.00030003000300030005,Regular,0.1525,0.3377,C09
U00582,3,2,0.00030003000300030005,0.00020002000200020003,Regular,0.1313,0.1068,C07
U00579,3,3,0.00030003000300030005,0.00030003000300030005,Regular,0.0868,0.1037,C04
U00578,3,3,0.00030003000300030005,0.00030003000300030005,Regular,0.0558,0.1676,C03
U00577,3,3,0.00030003000300030005,0.00030003000300030005,Regular,0.1559,0.142,C02
U02861,3,3,0.00030003000300030005,0.00030003000300030005,Regular,0.1852,0.2188,C11
U00576,3,3,0.00030003000300030005,0.00030003000300030005,Regular,0.0628,0.1963,C01
U08923,3,3,0.00030003000300030005,0.00030003000300030005,Regular,0.3283,0.0525,C23
U01408,3,3,0.00030003000300030005,0.00030003000300030005,Regular,0.1348,0.0737,C08
U05904,3,2,0.00030003000300030005,0.00020002000200020003,Regular,0.0882,0.1649,C04
U05898,3,3,0.00030003000300030005,0.00030003000300030005,Regular,0.3218,0.2407,C23
U05897,3,3,0.00030003000300030005,0.00030003000300030005,Regular,0.1446,0.329,C22
U04391,3,4,0.00030003000300030005,0.00040004000400040005,Active,0.5018,0.349,C16
U08895,3,3,0.00030003000300030005,0.00030003000300030005,Regular,0.1668,0.1903,C20
U08887,3,3,0.00030003000300030005,0.00030003000300030005,Regular,0.5194,0.1483,C12
U08885,3,3,0.00030003000300030005,0.00030003000300030005,Regular,0.3733,0.0739,C10
U08883,3,3,0.00030003000300030005,0.00030003000300030005,Regular,0.1609,0.2077,C08
U08871,3,3,0.00030003000300030005,0.00030003000300030005,Regular,0.3586,0.2827,C21
U08868,3,3,0.00030003000300030005,0.00030003000300030005,Regular,0.183,0.3714,C18
U08866,3,3,0.00030003000300030005,0.00030003000300030005,Regular,0.2745,0.1765,C16
U08864,3,4,0.00030003000300030005,0.00040004000400040005,Regular,0.308,0.297,C14
U04341,3,3,0.00030003000300030005,0.00030003000300030005,Regular,0.2474,0.0831,C16
U04340,3,3,0.00030003000300030005,0.00030003000300030005,Regular,0.1563,0.077,C15
U08925,3,3,0.00030003000300030005,0.00030003000300030005,Regular,0.107,0.1219,C25
U04306,3,3,0.00030003000300030005,0.00030003000300030005,Regular,0.2585,0.0637,C06
U04305,3,3,0.00030003000300030005,0.00030003000300030005,Regular,0.1818,0.1809,C05
U02118,3,3,0.00030003000300030005,0.00030003000300030005,Regular,0.2603,0.1248,C18
U07295,3,2,0.00030003000300030005,0.00020002000200020003,Regular,0.1467,0.1314,C20
U07285,3,3,0.00030003000300030005,0.00030003000300030005,Regular,0.3267,0.1588,C10
U07315,3,4,0.00030003000300030005,0.00040004000400040005,Regular,0.0957,0.2888,C15
U08921,3,3,0.00030003000300030005,0.00030003000300030005,Regular,0.0721,0.2265,C21
U08915,3,3,0.00030003000300030005,0.00030003000300030005,Regular,0.0853,0.1763,C15
U08914,3,4,0.00030003000300030005,0.00040004000400040005,Regular,0.2183,0.0689,C14
U04368,3,3,0.00030003000300030005,0.00030003000300030005,Regular,0.1551,0.0958,C18
U04363,3,3,0.00030003000300030005,0.00030003000300030005,Active,0.7236,0.2336,C13
U04353,3,3,0.00030003000300030005,0.00030003000300030005,Regular,0.1314,0.2275,C03
U04375,3,3,0.00030003000300030005,0.00030003000300030005,Regular,0.1182,0.3675,C25
U00557,3,3,0.00030003000300030005,0.00030003000300030005,Regular,0.3451,0.0756,C07
U08961,3,2,0.00030003000300030005,0.00020002000200020003,Regular,0.1005,0.1318,C11
U02100,3,3,0.00030003000300030005,0.00030003000300030005,Regular,0.44,0.0561,C25
U02099,3,7,0.00030003000300030005,0.0007000700070007,Regular,0.1122,0.2494,C24
U05920,3,3,0.00030003000300030005,0.00030003000300030005,Regular,0.3118,0.3052,C20
U05919,3,3,0.00030003000300030005,0.00030003000300030005,Regular,0.1347,0.3125,C19
U05915,3,2,0.00030003000300030005,0.00020002000200020003,Regular,0.0803,0.1531,C15
U01410,3,3,0.00030003000300030005,0.00030003000300030005,Regular,0.1081,0.1006,C10
U07260,3,3,0.00030003000300030005,0.00030003000300030005,Regular,0.1109,0.1501,C10
U07302,3,2,0.00030003000300030005,0.00020002000200020003,Regular,0.3587,0.1065,C02
U07300,3,3,0.00030003000300030005,0.00030003000300030005,Regular,0.2058,0.1213,C25
U00549,3,2,0.00030003000300030005,0.00020002000200020003,Active,0.6466,0.3121,C24
U04352,3,3,0.00030003000300030005,0.00030003000300030005,Regular,0.3846,0.1009,C02
U04351,3,3,0.00030003000300030005,0.00030003000300030005,Regular,0.3855,0.2225,C01
U04348,3,3,0.00030003000300030005,0.00030003000300030005,Regular,0.1543,0.1397,C23
U04347,3,3,0.00030003000300030005,0.00030003000300030005,Regular,0.2999,0.1019,C22
U08954,3,3,0.00030003000300030005,0.00030003000300030005,Regular,0.077,0.1839,C04
U08943,3,3,0.00030003000300030005,0.00030003000300030005,Regular,0.155,0.0527,C18
U04319,3,3,0.00030003000300030005,0.00030003000300030005,Regular,0.119,0.3628,C19
U04309,3,3,0.00030003000300030005,0.00030003000300030005,Regular,0.1559,0.0501,C09
U04308,3,3,0.00030003000300030005,0.00030003000300030005,Regular,0.2048,0.1568,C08
U04307,3,3,0.00030003000300030005,0.00030003000300030005,Regular,0.13,0.1954,C07
U05948,3,3,0.00030003000300030005,0.00030003000300030005,Regular,0.3878,0.2051,C23
U02111,3,4,0.00030003000300030005,0.00040004000400040005,Regular,0.0782,0.0737,C11
U02109,3,3,0.00030003000300030005,0.00030003000300030005,Regular,0.1124,0.0944,C09
U01430,3,3,0.00030003000300030005,0.00030003000300030005,Regular,0.161,0.1811,C05
U01426,3,3,0.00030003000300030005,0.00030003000300030005,Regular,0.1391,0.2466,C01
U01415,3,2,0.00030003000300030005,0.00020002000200020003,Regular,0.2003,0.1071,C15
U04322,3,3,0.00030003000300030005,0.00030003000300030005,Regular,0.229,0.1541,C22
U02886,3,5,0.00030003000300030005,0.0005000500050005,Regular,0.0993,0.1364,C11
U08936,3,2,0.00030003000300030005,0.00020002000200020003,Regular,0.4458,0.19,C11
U08933,3,2,0.00030003000300030005,0.00020002000200020003,Regular,0.0198,0.2981,C08
U04271,3,3,0.00030003000300030005,0.00030003000300030005,Regular,0.2089,0.212,C21
U08972,3,4,0.00030003000300030005,0.00040004000400040005,Regular,0.3453,0.1916,C22
U08965,3,3,0.00030003000300030005,0.00030003000300030005,Regular,0.1291,0.1821,C15
U04302,3,3,0.00030003000300030005,0.00030003000300030005,Regular,0.3355,0.1676,C02
U04298,3,4,0.00030003000300030005,0.00040004000400040005,Regular,0.0927,0.3009,C23
U04294,3,3,0.00030003000300030005,0.00030003000300030005,Regular,0.3818,0.1685,C19
U04293,3,3,0.00030003000300030005,0.00030003000300030005,Regular,0.35,0.1585,C18
U04289,3,3,0.00030003000300030005,0.00030003000300030005,Regular,0.2905,0.1085,C14
U02904,3,3,0.00030003000300030005,0.00030003000300030005,Regular,0.2109,0.1158,C04
U00543,3,3,0.00030003000300030005,0.00030003000300030005,Regular,0.2768,0.1846,C18
U00542,3,2,0.00030003000300030005,0.00020002000200020003,Regular,0.1996,0.109,C17
U05953,3,4,0.00030003000300030005,0.00040004000400040005,Regular,0.0523,0.1687,C03
U02094,3,3,0.00030003000300030005,0.00030003000300030005,Regular,0.2159,0.148,C19
U02089,3,3,0.00030003000300030005,0.00030003000300030005,Regular,0.3117,0.1347,C14
U07254,3,4,0.00030003000300030005,0.00040004000400040005,Regular,0.1489,0.034,C04
U08955,3,3,0.00030003000300030005,0.00030003000300030005,Regular,0.1741,0.1568,C05
U08977,3,3,0.00030003000300030005,0.00030003000300030005,Regular,0.0299,0.317,C02
U09021,3,3,0.00030003000300030005,0.00030003000300030005,Regular,0.317,0.1545,C21
U09019,3,3,0.00030003000300030005,0.00030003000300030005,Regular,0.2532,0.2249,C19
U01456,3,3,0.00030003000300030005,0.00030003000300030005,Regular,0.0947,0.0931,C06
U01452,3,3,0.00030003000300030005,0.00030003000300030005,Active,0.3284,0.4081,C02
U01450,3,3,0.00030003000300030005,0.00030003000300030005,Regular,0.2159,0.0499,C25
U02080,3,3,0.00030003000300030005,0.00030003000300030005,Regular,0.1531,0.1168,C05
U05968,3,3,0.00030003000300030005,0.00030003000300030005,Regular,0.1262,0.0957,C18
U01441,3,3,0.00030003000300030005,0.00030003000300030005,Regular,0.1483,0.3127,C16
U07247,3,3,0.00030003000300030005,0.00030003000300030005,Regular,0.1105,0.2332,C22
U00539,3,3,0.00030003000300030005,0.00030003000300030005,Regular,0.1405,0.4484,C14
U02903,3,3,0.00030003000300030005,0.00030003000300030005,Regular,0.2645,0.2316,C03
U02901,3,3,0.00030003000300030005,0.00030003000300030005,Active,0.3292,0.4289,C01
U02897,3,3,0.00030003000300030005,0.00030003000300030005,Regular,0.1975,0.1943,C22
U04284,3,3,0.00030003000300030005,0.00030003000300030005,Regular,0.2429,0.1184,C09
U04275,3,2,0.00030003000300030005,0.00020002000200020003,Regular,0.1881,0.1767,C25
U04256,3,3,0.00030003000300030005,0.00030003000300030005,Regular,0.2099,0.1138,C06
U04250,3,2,0.00030003000300030005,0.00020002000200020003,Regular,0.2484,0.0333,C25
U08993,3,3,0.00030003000300030005,0.00030003000300030005,Regular,0.1136,0.1981,C18
U00517,3,6,0.00030003000300030005,0.0006000600060006001,Regular,0.1906,0.1399,C17
U00516,3,3,0.00030003000300030005,0.00030003000300030005,Regular,0.1624,0.3193,C16
U09046,3,3,0.00030003000300030005,0.00030003000300030005,Regular,0.367,0.0883,C21
U07202,3,2,0.00030003000300030005,0.00020002000200020003,Regular,0.0551,0.1995,C02
U05999,3,3,0.00030003000300030005,0.00030003000300030005,Regular,0.0659,0.2382,C24
U05991,3,4,0.00030003000300030005,0.00040004000400040005,Regular,0.2346,0.2444,C16
U07221,3,3,0.00030003000300030005,0.00030003000300030005,Active,0.6787,0.5401,C21
U04266,3,3,0.00030003000300030005,0.00030003000300030005,Regular,0.2805,0.0956,C16
U04261,3,3,0.00030003000300030005,0.00030003000300030005,Regular,0.0369,0.1923,C11
U04258,3,2,0.00030003000300030005,0.00020002000200020003,Regular,0.1378,0.1139,C08
U02923,3,3,0.00030003000300030005,0.00030003000300030005,Regular,0.1618,0.5146,C23
U08989,3,3,0.00030003000300030005,0.00030003000300030005,Regular,0.246,0.0818,C14
U08980,3,3,0.00030003000300030005,0.00030003000300030005,Regular,0.2585,0.0971,C05
U09043,3,3,0.00030003000300030005,0.00030003000300030005,Active,0.6805,0.402,C18
U09038,3,3,0.00030003000300030005,0.00030003000300030005,Regular,0.1631,0.1477,C13
U09037,3,3,0.00030003000300030005,0.00030003000300030005,Regular,0.3067,0.1108,C12
U04246,3,3,0.00030003000300030005,0.00030003000300030005,Regular,0.068,0.2229,C21
U04240,3,3,0.00030003000300030005,0.00030003000300030005,Regular,0.2826,0.0195,C15
U04235,3,2,0.00030003000300030005,0.00020002000200020003,Regular,0.0927,0.0797,C10
U01463,3,3,0.00030003000300030005,0.00030003000300030005,Regular,0.1303,0.0915,C13
U01458,3,2,0.00030003000300030005,0.00020002000200020003,Regular,0.2545,0.0682,C08
U06009,3,3,0.00030003000300030005,0.00030003000300030005,Regular,0.157,0.1393,C09
U02057,3,3,0.00030003000300030005,0.00030003000300030005,Regular,0.1276,0.198,C07
U02050,3,3,0.00030003000300030005,0.00030003000300030005,Regular,0.1735,0.1306,C25
U07177,3,3,0.00030003000300030005,0.00030003000300030005,Regular,0.0851,0.2163,C02
U07214,3,3,0.00030003000300030005,0.00030003000300030005,Regular,0.2071,0.1704,C14
U09011,3,3,0.00030003000300030005,0.00030003000300030005,Active,0.5728,0.3445,C11
U09006,3,3,0.00030003000300030005,0.00030003000300030005,Regular,0.1915,0.5267,C06
U02917,3,3,0.00030003000300030005,0.00030003000300030005,Regular,0.1862,0.3164,C17
U09059,3,3,0.00030003000300030005,0.00030003000300030005,Regular,0.3255,0.1337,C09
U04222,3,3,0.00030003000300030005,0.00030003000300030005,Active,0.4488,0.1484,C22
U04221,3,3,0.00030003000300030005,0.00030003000300030005,Regular,0.0898,0.286,C21
U02943,3,2,0.00030003000300030005,0.00020002000200020003,Regular,0.3158,0.1065,C18
U09052,3,3,0.00030003000300030005,0.00030003000300030005,Regular,0.1644,0.1433,C02
U09050,3,3,0.00030003000300030005,0.00030003000300030005,Regular,0.2869,0.2212,C25
U04179,3,3,0.00030003000300030005,0.00030003000300030005,Regular,0.1874,0.0819,C04
U01483,3,4,0.00030003000300030005,0.00040004000400040005,Regular,0.0589,0.3156,C08
U01478,3,4,0.00030003000300030005,0.00040004000400040005,Active,0.7037,0.3091,C03
U01476,3,3,0.00030003000300030005,0.00030003000300030005,Regular,0.2969,0.1064,C01
U02046,3,3,0.00030003000300030005,0.00030003000300030005,Regular,0.1237,0.1324,C21
U02041,3,3,0.00030003000300030005,0.00030003000300030005,Regular,0.3352,0.2221,C16
U02033,3,3,0.00030003000300030005,0.00030003000300030005,Regular,0.0559,0.2157,C08
U07194,3,3,0.00030003000300030005,0.00030003000300030005,Active,0.404,0.1746,C19
U07190,3,3,0.00030003000300030005,0.00030003000300030005,Regular,0.2722,0.0535,C15
U09045,3,3,0.00030003000300030005,0.00030003000300030005,Regular,0.417,0.1106,C20
U04194,3,3,0.00030003000300030005,0.00030003000300030005,Active,0.4204,0.2175,C19
U04182,3,3,0.00030003000300030005,0.00030003000300030005,Regular,0.0555,0.3269,C07
U04181,3,3,0.00030003000300030005,0.00030003000300030005,Regular,0.0898,0.2843,C06
U07164,3,3,0.00030003000300030005,0.00030003000300030005,Regular,0.2359,0.0204,C14
U07160,3,2,0.00030003000300030005,0.00020002000200020003,Active,0.4669,0.2729,C10
U01503,3,3,0.00030003000300030005,0.00030003000300030005,Regular,0.1297,0.1075,C03
U06035,3,3,0.00030003000300030005,0.00030003000300030005,Regular,0.025,0.1671,C10
U07176,3,3,0.00030003000300030005,0.00030003000300030005,Regular,0.2447,0.1044,C01
U04176,3,2,0.00030003000300030005,0.00020002000200020003,Regular,0.1197,0.3743,C01
U02929,3,3,0.00030003000300030005,0.00030003000300030005,Regular,0.0833,0.1139,C04
U04205,3,3,0.00030003000300030005,0.00030003000300030005,Regular,0.152,0.0257,C05
U00486,3,3,0.00030003000300030005,0.00030003000300030005,Regular,0.1107,0.2359,C11
U00483,3,3,0.00030003000300030005,0.00030003000300030005,Regular,0.4031,0.0533,C08
U09071,3,3,0.00030003000300030005,0.00030003000300030005,Regular,0.4025,0.0539,C21
U09084,3,3,0.00030003000300030005,0.00030003000300030005,Regular,0.0224,0.1288,C09
U09083,3,3,0.00030003000300030005,0.00030003000300030005,Regular,0.1722,0.16,C08
U09085,3,3,0.00030003000300030005,0.00030003000300030005,Active,0.5264,0.3329,C10
U02968,3,3,0.00030003000300030005,0.00030003000300030005,Regular,0.0192,0.3929,C18
U02965,3,4,0.00030003000300030005,0.00040004000400040005,Active,0.3877,0.2229,C15
U07150,3,4,0.00030003000300030005,0.00040004000400040005,Regular,0.2448,0.3503,C25
U07148,3,3,0.00030003000300030005,0.00030003000300030005,Regular,0.2199,0.0182,C23
U07146,3,3,0.00030003000300030005,0.00030003000300030005,Regular,0.1524,0.0652,C21
U07145,3,3,0.00030003000300030005,0.00030003000300030005,Regular,0.47,0.2009,C20
U02026,3,3,0.00030003000300030005,0.00030003000300030005,Regular,0.2319,0.0755,C01
U02025,3,2,0.00030003000300030005,0.00020002000200020003,Active,0.3397,0.4121,C25
U02022,3,3,0.00030003000300030005,0.00030003000300030005,Regular,0.0448,0.2128,C22
U01473,3,2,0.00030003000300030005,0.00020002000200020003,Regular,0.4125,0.1985,C23
U09077,3,3,0.00030003000300030005,0.00030003000300030005,Active,0.3378,0.4367,C02
U09076,3,2,0.00030003000300030005,0.00020002000200020003,Active,0.3982,0.5127,C01
U09074,3,3,0.00030003000300030005,0.00030003000300030005,Regular,0.2097,0.122,C24
U00492,3,3,0.00030003000300030005,0.00030003000300030005,Regular,0.1345,0.0645,C17
U00490,3,3,0.00030003000300030005,0.00030003000300030005,Regular,0.2939,0.1675,C15
U02945,3,2,0.00030003000300030005,0.00020002000200020003,Regular,0.1358,0.1159,C20
U09112,3,2,0.00030003000300030005,0.00020002000200020003,Regular,0.1312,0.4116,C12
U09099,3,3,0.00030003000300030005,0.00030003000300030005,Regular,0.1893,0.0829,C24
U09094,3,3,0.00030003000300030005,0.00030003000300030005,Regular,0.116,0.1978,C19
U06079,3,5,0.00030003000300030005,0.0005000500050005,Regular,0.3001,0.0603,C04
U06078,3,4,0.00030003000300030005,0.00040004000400040005,Regular,0.394,0.0405,C03
U06074,3,3,0.00030003000300030005,0.00030003000300030005,Regular,0.2202,0.1194,C24
U06069,3,3,0.00030003000300030005,0.00030003000300030005,Regular,0.1476,0.0845,C19
U07151,3,5,0.00030003000300030005,0.0005000500050005,Regular,0.08,0.2653,C01
U09086,3,3,0.00030003000300030005,0.00030003000300030005,Regular,0.4501,0.0583,C11
U04173,3,3,0.00030003000300030005,0.00030003000300030005,Regular,0.1407,0.1927,C23
U04172,3,3,0.00030003000300030005,0.00030003000300030005,Regular,0.2008,0.3168,C22
U04169,3,3,0.00030003000300030005,0.00030003000300030005,Regular,0.3317,0.2786,C19
U04166,3,3,0.00030003000300030005,0.00030003000300030005,Regular,0.2122,0.1282,C16
U04164,3,2,0.00030003000300030005,0.00020002000200020003,Regular,0.2801,0.1537,C14
U04163,3,3,0.00030003000300030005,0.00030003000300030005,Regular,0.122,0.1507,C13
U09165,3,3,0.00030003000300030005,0.00030003000300030005,Regular,0.0723,0.1148,C15
U09164,3,3,0.00030003000300030005,0.00030003000300030005,Regular,0.1195,0.0911,C14
U01518,3,2,0.00030003000300030005,0.00020002000200020003,Regular,0.2913,0.0063,C18
U01514,3,3,0.00030003000300030005,0.00030003000300030005,Regular,0.1523,0.0349,C14
U06088,3,3,0.00030003000300030005,0.00030003000300030005,Regular,0.2148,0.0634,C13
U06082,3,2,0.00030003000300030005,0.00020002000200020003,Regular,0.0265,0.2152,C07
U01508,3,4,0.00030003000300030005,0.00040004000400040005,Active,0.3855,0.2286,C08
U07103,3,3,0.00030003000300030005,0.00030003000300030005,Regular,0.2287,0.0844,C03
U00461,3,1,0.00030003000300030005,0.00010001000100010001,Regular,0.2859,0.209,C11
U04142,3,4,0.00030003000300030005,0.00040004000400040005,Regular,0.2014,0.1753,C17
U04136,3,3,0.00030003000300030005,0.00030003000300030005,Regular,0.3359,0.3268,C11
U04132,3,3,0.00030003000300030005,0.00030003000300030005,Regular,0.0482,0.2341,C07
U04130,3,2,0.00030003000300030005,0.00020002000200020003,Regular,0.0727,0.1719,C05
U04149,3,3,0.00030003000300030005,0.00030003000300030005,Regular,0.1034,0.2712,C24
U04145,3,3,0.00030003000300030005,0.00030003000300030005,Influential,0.5198,0.6887,C20
U02956,3,4,0.00030003000300030005,0.00040004000400040005,Regular,0.1847,0.0289,C06
U09153,3,3,0.00030003000300030005,0.00030003000300030005,Regular,0.0474,0.3049,C03
U04101,3,3,0.00030003000300030005,0.00030003000300030005,Regular,0.2018,0.4597,C01
U02985,3,3,0.00030003000300030005,0.00030003000300030005,Regular,0.2305,0.2185,C10
U02983,3,3,0.00030003000300030005,0.00030003000300030005,Regular,0.2816,0.0743,C08
U09152,3,4,0.00030003000300030005,0.00040004000400040005,Regular,0.2381,0.0809,C02
U06106,3,4,0.00030003000300030005,0.00040004000400040005,Regular,0.2945,0.2899,C06
U06105,3,3,0.00030003000300030005,0.00030003000300030005,Regular,0.299,0.1105,C05
U06101,3,3,0.00030003000300030005,0.00030003000300030005,Regular,0.2347,0.228,C01
U06099,3,3,0.00030003000300030005,0.00030003000300030005,Regular,0.2784,0.4111,C24
U07116,3,10,0.00030003000300030005,0.001000100010001,Regular,0.144,0.2373,C16
U09140,3,3,0.00030003000300030005,0.00030003000300030005,Regular,0.1189,0.0919,C15
U02964,3,3,0.00030003000300030005,0.00030003000300030005,Regular,0.285,0.0468,C14
U02963,3,3,0.00030003000300030005,0.00030003000300030005,Regular,0.1083,0.2041,C13
U04122,3,3,0.00030003000300030005,0.00030003000300030005,Regular,0.2538,0.3118,C22
U04113,3,3,0.00030003000300030005,0.00030003000300030005,Regular,0.2722,0.188,C13
U04112,3,3,0.00030003000300030005,0.00030003000300030005,Regular,0.0582,0.1705,C12
U04086,3,3,0.00030003000300030005,0.00030003000300030005,Regular,0.373,0.4567,C11
U04085,3,2,0.00030003000300030005,0.00020002000200020003,Regular,0.2746,0.0356,C10
U00437,3,3,0.00030003000300030005,0.00030003000300030005,Regular,0.351,0.1418,C12
U00435,3,3,0.00030003000300030005,0.00030003000300030005,Regular,0.1311,0.1314,C10
U09184,3,3,0.00030003000300030005,0.00030003000300030005,Regular,0.1345,0.1318,C09
U01532,3,2,0.00030003000300030005,0.00020002000200020003,Regular,0.0783,0.0892,C07
U01531,3,3,0.00030003000300030005,0.00030003000300030005,Regular,0.3385,0.3148,C06
U06122,3,3,0.00030003000300030005,0.00030003000300030005,Regular,0.1948,0.0702,C22
U06119,3,3,0.00030003000300030005,0.00030003000300030005,Active,0.3026,0.4182,C19
U06108,3,4,0.00030003000300030005,0.00040004000400040005,Regular,0.3288,0.2845,C08
U01525,3,4,0.00030003000300030005,0.00040004000400040005,Regular,0.1685,0.2702,C25
U01552,3,3,0.00030003000300030005,0.00030003000300030005,Active,0.5205,0.1737,C02
U07095,3,3,0.00030003000300030005,0.00030003000300030005,Regular,0.4392,0.1056,C20
U09158,3,3,0.00030003000300030005,0.00030003000300030005,Regular,0.0434,0.2243,C08
U09155,3,3,0.00030003000300030005,0.00030003000300030005,Active,0.4364,0.1838,C05
U09154,3,3,0.00030003000300030005,0.00030003000300030005,Regular,0.2982,0.047,C04
U09178,3,3,0.00030003000300030005,0.00030003000300030005,Regular,0.328,0.0744,C03
U09169,3,3,0.00030003000300030005,0.00030003000300030005,Regular,0.1176,0.079,C19
U04036,3,2,0.00030003000300030005,0.00020002000200020003,Regular,0.1378,0.2911,C11
U04063,3,4,0.00030003000300030005,0.00040004000400040005,Regular,0.2447,0.2887,C13
U01544,3,2,0.00030003000300030005,0.00020002000200020003,Regular,0.3464,0.2318,C19
U01972,3,4,0.00030003000300030005,0.00040004000400040005,Regular,0.2395,0.1615,C22
U01971,3,4,0.00030003000300030005,0.00040004000400040005,Regular,0.2964,0.0294,C21
U06135,3,2,0.00030003000300030005,0.00020002000200020003,Active,0.6272,0.2469,C10
U01540,3,3,0.00030003000300030005,0.00030003000300030005,Regular,0.2914,0.1501,C15
U07052,3,3,0.00030003000300030005,0.00030003000300030005,Regular,0.2556,0.0153,C02
U07044,3,3,0.00030003000300030005,0.00030003000300030005,Regular,0.1438,0.2436,C19
U07081,3,2,0.00030003000300030005,0.00020002000200020003,Regular,0.071,0.1494,C06
U00440,3,3,0.00030003000300030005,0.00030003000300030005,Regular,0.2643,0.163,C15
U02979,3,3,0.00030003000300030005,0.00030003000300030005,Regular,0.3899,0.2193,C04
U02978,3,3,0.00030003000300030005,0.00030003000300030005,Regular,0.2496,0.2749,C03
U04094,3,4,0.00030003000300030005,0.00040004000400040005,Regular,0.3889,0.3079,C19
U09193,3,3,0.00030003000300030005,0.00030003000300030005,Regular,0.1103,0.1297,C18
U09190,3,3,0.00030003000300030005,0.00030003000300030005,Regular,0.2603,0.0799,C15
U09213,3,3,0.00030003000300030005,0.00030003000300030005,Regular,0.1662,0.3145,C13
U01565,3,2,0.00030003000300030005,0.00020002000200020003,Regular,0.2158,0.3613,C15
U06145,3,3,0.00030003000300030005,0.00030003000300030005,Active,0.2007,0.4136,C20
U01981,3,3,0.00030003000300030005,0.00030003000300030005,Regular,0.0765,0.178,C06
U01562,3,3,0.00030003000300030005,0.00030003000300030005,Regular,0.1205,0.1451,C12
U01558,3,3,0.00030003000300030005,0.00030003000300030005,Regular,0.2536,0.1313,C08
U01557,3,3,0.00030003000300030005,0.00030003000300030005,Regular,0.5723,0.1224,C07
U01551,3,2,0.00030003000300030005,0.00020002000200020003,Regular,0.1605,0.0845,C01
U09182,3,3,0.00030003000300030005,0.00030003000300030005,Regular,0.2719,0.0602,C07
U04066,3,3,0.00030003000300030005,0.00030003000300030005,Regular,0.2048,0.0613,C16
U03004,3,2,0.00030003000300030005,0.00020002000200020003,Regular,0.3412,0.1118,C04
U03003,3,3,0.00030003000300030005,0.00030003000300030005,Regular,0.349,0.2625,C03
U03002,3,3,0.00030003000300030005,0.00030003000300030005,Regular,0.2051,0.1654,C02
U02996,3,4,0.00030003000300030005,0.00040004000400040005,Regular,0.3212,0.3358,C21
U00426,3,3,0.00030003000300030005,0.00030003000300030005,Active,0.4481,0.4516,C01
U00421,3,3,0.00030003000300030005,0.00030003000300030005,Regular,0.0464,0.3361,C21
U03012,3,4,0.00030003000300030005,0.00040004000400040005,Regular,0.3686,0.2048,C12
U04045,3,3,0.00030003000300030005,0.00030003000300030005,Regular,0.2021,0.0963,C20
U04041,3,3,0.00030003000300030005,0.00030003000300030005,Regular,0.2367,0.0698,C16
U09231,3,2,0.00030003000300030005,0.00020002000200020003,Regular,0.1476,0.0801,C06
U06172,3,3,0.00030003000300030005,0.00030003000300030005,Regular,0.2898,0.3754,C22
U06163,3,4,0.00030003000300030005,0.00040004000400040005,Regular,0.3642,0.1498,C13
U07022,3,4,0.00030003000300030005,0.00040004000400040005,Active,0.3396,0.1764,C22
U07019,3,6,0.00030003000300030005,0.0006000600060006001,Regular,0.0976,0.0845,C19
U07015,3,3,0.00030003000300030005,0.00030003000300030005,Regular,0.1022,0.0768,C15
U01581,3,3,0.00030003000300030005,0.00030003000300030005,Active,0.6152,0.3446,C06
U04061,3,3,0.00030003000300030005,0.00030003000300030005,Regular,0.111,0.2111,C11
U04056,3,4,0.00030003000300030005,0.00040004000400040005,Regular,0.1554,0.1723,C06
U04055,3,6,0.00030003000300030005,0.0006000600060006001,Active,0.6294,0.3001,C05
U04050,3,3,0.00030003000300030005,0.00030003000300030005,Regular,0.2541,0.2755,C25
U04035,3,2,0.00030003000300030005,0.00020002000200020003,Regular,0.4197,0.2286,C10
U04034,3,3,0.00030003000300030005,0.00030003000300030005,Regular,0.3111,0.0693,C09
U04033,3,2,0.00030003000300030005,0.00020002000200020003,Regular,0.1436,0.3612,C08
U04028,3,3,0.00030003000300030005,0.00030003000300030005,Regular,0.0513,0.2803,C03
U06181,3,3,0.00030003000300030005,0.00030003000300030005,Regular,0.1394,0.4133,C06
U06177,3,4,0.00030003000300030005,0.00040004000400040005,Regular,0.2998,0.1681,C02
U01968,3,3,0.00030003000300030005,0.00030003000300030005,Regular,0.2949,0.1618,C18
U01967,3,2,0.00030003000300030005,0.00020002000200020003,Regular,0.0788,0.2849,C17
U01963,3,3,0.00030003000300030005,0.00030003000300030005,Regular,0.0497,0.1541,C13
U01958,3,3,0.00030003000300030005,0.00030003000300030005,Regular,0.2749,0.03,C08
U07003,3,3,0.00030003000300030005,0.00030003000300030005,Active,0.3792,0.2148,C03
U06999,3,3,0.00030003000300030005,0.00030003000300030005,Regular,0.1385,0.4041,C24
U07036,3,3,0.00030003000300030005,0.00030003000300030005,Regular,0.1313,0.2527,C11
U09208,3,3,0.00030003000300030005,0.00030003000300030005,Regular,0.0661,0.1915,C08
U09203,3,3,0.00030003000300030005,0.00030003000300030005,Active,0.6661,0.4411,C03
U00430,3,4,0.00030003000300030005,0.00040004000400040005,Regular,0.3232,0.1518,C05
U09250,3,3,0.00030003000300030005,0.00030003000300030005,Regular,0.2734,0.1552,C25
U09246,3,8,0.00030003000300030005,0.0008000800080008001,Regular,0.2221,0.1055,C21
U06993,3,4,0.00030003000300030005,0.00040004000400040005,Regular,0.1422,0.0427,C18
U06992,3,3,0.00030003000300030005,0.00030003000300030005,Regular,0.0496,0.2837,C17
U06208,3,3,0.00030003000300030005,0.00030003000300030005,Regular,0.2632,0.2151,C08
U06204,3,3,0.00030003000300030005,0.00030003000300030005,Regular,0.2029,0.2604,C04
U06197,3,2,0.00030003000300030005,0.00020002000200020003,Regular,0.3667,0.2994,C22
U06195,3,3,0.00030003000300030005,0.00030003000300030005,Regular,0.2466,0.0258,C20
U06984,3,3,0.00030003000300030005,0.00030003000300030005,Regular,0.4089,0.034,C09
U09239,3,3,0.00030003000300030005,0.00030003000300030005,Regular,0.3021,0.2481,C14
U04008,3,3,0.00030003000300030005,0.00030003000300030005,Regular,0.1539,0.0478,C08
U04007,3,3,0.00030003000300030005,0.00030003000300030005,Regular,0.2866,0.0761,C07
U00403,3,3,0.00030003000300030005,0.00030003000300030005,Regular,0.0629,0.1194,C03
U09270,3,3,0.00030003000300030005,0.00030003000300030005,Regular,0.1487,0.1275,C20
U09268,3,3,0.00030003000300030005,0.00030003000300030005,Regular,0.1599,0.048,C18
U09217,3,3,0.00030003000300030005,0.00030003000300030005,Regular,0.119,0.2504,C17
U03969,3,3,0.00030003000300030005,0.00030003000300030005,Active,0.2721,0.0937,C19
U09277,3,3,0.00030003000300030005,0.00030003000300030005,Regular,0.0787,0.3184,C02
U09274,3,3,0.00030003000300030005,0.00030003000300030005,Regular,0.0852,0.2181,C24
U03070,3,3,0.00030003000300030005,0.00030003000300030005,Regular,0.2508,0.1612,C20
U01587,3,3,0.00030003000300030005,0.00030003000300030005,Active,0.4845,0.2448,C12
U01586,3,3,0.00030003000300030005,0.00030003000300030005,Regular,0.2992,0.1372,C11
U01585,3,3,0.00030003000300030005,0.00030003000300030005,Active,0.2887,0.3028,C10
U06970,3,3,0.00030003000300030005,0.00030003000300030005,Regular,0.202,0.2298,C20
U06968,3,3,0.00030003000300030005,0.00030003000300030005,Regular,0.2063,0.222,C18
U03992,3,3,0.00030003000300030005,0.00030003000300030005,Regular,0.2743,0.1638,C17
U03988,3,4,0.00030003000300030005,0.00040004000400040005,Regular,0.1285,0.2278,C13
U09262,3,3,0.00030003000300030005,0.00030003000300030005,Regular,0.1285,0.1246,C12
U09260,3,3,0.00030003000300030005,0.00030003000300030005,Regular,0.1104,0.0803,C10
U09256,3,3,0.00030003000300030005,0.00030003000300030005,Regular,0.1466,0.3558,C06
U09252,3,2,0.00030003000300030005,0.00020002000200020003,Regular,0.2926,0.0983,C02
U09251,3,7,0.00030003000300030005,0.0007000700070007,Regular,0.163,0.3035,C01
U03967,3,3,0.00030003000300030005,0.00030003000300030005,Regular,0.2805,0.1387,C17
U03963,3,3,0.00030003000300030005,0.00030003000300030005,Regular,0.1306,0.0141,C13
U03961,3,3,0.00030003000300030005,0.00030003000300030005,Regular,0.3804,0.0781,C11
U03959,3,3,0.00030003000300030005,0.00030003000300030005,Regular,0.1482,0.02,C09
U03956,3,3,0.00030003000300030005,0.00030003000300030005,Regular,0.2016,0.4267,C06
U03951,3,3,0.00030003000300030005,0.00030003000300030005,Regular,0.0098,0.3494,C01
U03950,3,4,0.00030003000300030005,0.00040004000400040005,Active,0.5878,0.3346,C25
U09294,3,3,0.00030003000300030005,0.00030003000300030005,Regular,0.1405,0.2623,C19
U09291,3,3,0.00030003000300030005,0.00030003000300030005,Regular,0.2529,0.1246,C16
U09286,3,3,0.00030003000300030005,0.00030003000300030005,Active,0.2441,0.2521,C11
U09297,3,3,0.00030003000300030005,0.00030003000300030005,Regular,0.2514,0.3438,C22
U06229,3,3,0.00030003000300030005,0.00030003000300030005,Regular,0.4665,0.0248,C04
U01947,3,3,0.00030003000300030005,0.00030003000300030005,Regular,0.1096,0.0687,C22
U06938,3,3,0.00030003000300030005,0.00030003000300030005,Regular,0.0547,0.2178,C13
U01593,3,3,0.00030003000300030005,0.00030003000300030005,Regular,0.316,0.1356,C18
U00369,3,3,0.00030003000300030005,0.00030003000300030005,Regular,0.2434,0.1277,C19
U00360,3,3,0.00030003000300030005,0.00030003000300030005,Regular,0.1039,0.1362,C10
U03948,3,3,0.00030003000300030005,0.00030003000300030005,Active,0.5577,0.4934,C23
U03947,3,3,0.00030003000300030005,0.00030003000300030005,Regular,0.2031,0.1606,C22
U03944,3,3,0.00030003000300030005,0.00030003000300030005,Regular,0.5044,0.0688,C19
U03939,3,3,0.00030003000300030005,0.00030003000300030005,Regular,0.2076,0.2522,C14
U03937,3,4,0.00030003000300030005,0.00040004000400040005,Active,0.5473,0.3301,C12
U03072,3,3,0.00030003000300030005,0.00030003000300030005,Regular,0.1215,0.1837,C22
U09311,3,6,0.00030003000300030005,0.0006000600060006001,Regular,0.1443,0.0648,C11
U06930,3,3,0.00030003000300030005,0.00030003000300030005,Regular,0.1935,0.1712,C05
U01614,3,3,0.00030003000300030005,0.00030003000300030005,Regular,0.1065,0.1746,C14
U01611,3,2,0.00030003000300030005,0.00020002000200020003,Regular,0.0831,0.25,C11
U01610,3,3,0.00030003000300030005,0.00030003000300030005,Regular,0.2236,0.0917,C10
U01607,3,3,0.00030003000300030005,0.00030003000300030005,Regular,0.1429,0.1564,C07
U06250,3,4,0.00030003000300030005,0.00040004000400040005,Regular,0.2115,0.1282,C25
U06967,3,3,0.00030003000300030005,0.00030003000300030005,Regular,0.2562,0.115,C17
U03968,3,3,0.00030003000300030005,0.00030003000300030005,Regular,0.2478,0.1728,C18
U09321,3,3,0.00030003000300030005,0.00030003000300030005,Active,0.6432,0.2125,C21
U09317,3,3,0.00030003000300030005,0.00030003000300030005,Regular,0.2056,0.2167,C17
U09316,3,3,0.00030003000300030005,0.00030003000300030005,Regular,0.368,0.0515,C16
U06257,3,3,0.00030003000300030005,0.00030003000300030005,Regular,0.4907,0.1564,C07
U01936,3,3,0.00030003000300030005,0.00030003000300030005,Regular,0.1833,0.1249,C11
U01631,3,3,0.00030003000300030005,0.00030003000300030005,Active,0.3765,0.2966,C06
U06909,3,3,0.00030003000300030005,0.00030003000300030005,Regular,0.0301,0.2816,C09
U06931,3,3,0.00030003000300030005,0.00030003000300030005,Regular,0.3238,0.1997,C06
U03064,3,3,0.00030003000300030005,0.00030003000300030005,Regular,0.1258,0.2961,C14
U03062,3,3,0.00030003000300030005,0.00030003000300030005,Regular,0.2457,0.0347,C12
U03932,3,2,0.00030003000300030005,0.00020002000200020003,Regular,0.0522,0.4518,C07
U03931,3,3,0.00030003000300030005,0.00030003000300030005,Regular,0.0907,0.1442,C06
U03928,3,3,0.00030003000300030005,0.00030003000300030005,Regular,0.1273,0.0901,C03
U03927,3,3,0.00030003000300030005,0.00030003000300030005,Regular,0.3133,0.1941,C02
U09336,3,3,0.00030003000300030005,0.00030003000300030005,Regular,0.2157,0.213,C11
U00365,3,3,0.00030003000300030005,0.00030003000300030005,Regular,0.3547,0.2489,C15
U03898,3,3,0.00030003000300030005,0.00030003000300030005,Bridge,0.596,0.583,C23
U03896,3,3,0.00030003000300030005,0.00030003000300030005,Regular,0.0362,0.2495,C21
U03086,3,3,0.00030003000300030005,0.00030003000300030005,Regular,0.3121,0.1962,C11
U09369,3,3,0.00030003000300030005,0.00030003000300030005,Active,0.5388,0.2582,C19
U06894,3,3,0.00030003000300030005,0.00030003000300030005,Regular,0.2909,0.2009,C19
U06892,3,4,0.00030003000300030005,0.00040004000400040005,Regular,0.2703,0.3122,C17
U06288,3,3,0.00030003000300030005,0.00030003000300030005,Regular,0.2455,0.0841,C13
U06285,3,3,0.00030003000300030005,0.00030003000300030005,Regular,0.1321,0.3058,C10
U06284,3,3,0.00030003000300030005,0.00030003000300030005,Regular,0.353,0.0518,C09
U06279,3,3,0.00030003000300030005,0.00030003000300030005,Regular,0.0522,0.0703,C04
U06248,3,3,0.00030003000300030005,0.00030003000300030005,Regular,0.1889,0.2989,C23
U09333,3,3,0.00030003000300030005,0.00030003000300030005,Regular,0.292,0.3842,C08
U09329,3,3,0.00030003000300030005,0.00030003000300030005,Regular,0.285,0.1467,C04
U09326,3,3,0.00030003000300030005,0.00030003000300030005,Regular,0.1253,0.3625,C01
U03903,3,3,0.00030003000300030005,0.00030003000300030005,Regular,0.2003,0.0578,C03
U09322,3,3,0.00030003000300030005,0.00030003000300030005,Regular,0.1519,0.1376,C22
U09364,3,3,0.00030003000300030005,0.00030003000300030005,Regular,0.2118,0.0729,C14
U09361,3,3,0.00030003000300030005,0.00030003000300030005,Regular,0.349,0.1606,C11
U03886,3,3,0.00030003000300030005,0.00030003000300030005,Regular,0.153,0.1296,C11
U03878,3,3,0.00030003000300030005,0.00030003000300030005,Regular,0.257,0.1127,C03
U03874,3,3,0.00030003000300030005,0.00030003000300030005,Regular,0.1651,0.0941,C24
U03873,3,3,0.00030003000300030005,0.00030003000300030005,Regular,0.163,0.2566,C23
U00320,3,3,0.00030003000300030005,0.00030003000300030005,Regular,0.2537,0.0495,C20
U00312,3,3,0.00030003000300030005,0.00030003000300030005,Regular,0.4661,0.2365,C12
U01642,3,3,0.00030003000300030005,0.00030003000300030005,Regular,0.153,0.0751,C17
U06302,3,3,0.00030003000300030005,0.00030003000300030005,Regular,0.1118,0.2275,C02
U06301,3,3,0.00030003000300030005,0.00030003000300030005,Active,0.5815,0.6791,C01
U06297,3,3,0.00030003000300030005,0.00030003000300030005,Regular,0.0891,0.2623,C22
U06290,3,2,0.00030003000300030005,0.00020002000200020003,Regular,0.103,0.1877,C15
U06877,3,3,0.00030003000300030005,0.00030003000300030005,Regular,0.4608,0.0314,C02
U06908,3,3,0.00030003000300030005,0.00030003000300030005,Regular,0.388,0.0859,C08
U09351,3,5,0.00030003000300030005,0.0005000500050005,Regular,0.4488,0.1628,C01
U00298,3,2,0.00030003000300030005,0.00020002000200020003,Regular,0.2727,0.1704,C23
U03843,3,3,0.00030003000300030005,0.00030003000300030005,Regular,0.1889,0.1742,C18
U00289,3,3,0.00030003000300030005,0.00030003000300030005,Regular,0.1473,0.0721,C14
U09414,3,3,0.00030003000300030005,0.00030003000300030005,Regular,0.3514,0.095,C14
U09413,3,6,0.00030003000300030005,0.0006000600060006001,Regular,0.1221,0.1149,C13
U09394,3,3,0.00030003000300030005,0.00030003000300030005,Regular,0.2447,0.1718,C19
U01914,3,3,0.00030003000300030005,0.00030003000300030005,Regular,0.2383,0.1152,C14
U01912,3,3,0.00030003000300030005,0.00030003000300030005,Regular,0.3234,0.2283,C12
U01909,3,3,0.00030003000300030005,0.00030003000300030005,Regular,0.1595,0.4734,C09
U01648,3,3,0.00030003000300030005,0.00030003000300030005,Regular,0.1579,0.1601,C23
U00308,3,4,0.00030003000300030005,0.00040004000400040005,Regular,0.0361,0.1988,C08
U03097,3,2,0.00030003000300030005,0.00020002000200020003,Regular,0.1125,0.0574,C22
U03871,3,5,0.00030003000300030005,0.0005000500050005,Regular,0.1537,0.2031,C21
U03862,3,3,0.00030003000300030005,0.00030003000300030005,Regular,0.2526,0.2831,C12
U09387,3,2,0.00030003000300030005,0.00020002000200020003,Active,0.4868,0.4977,C12
U09386,3,3,0.00030003000300030005,0.00030003000300030005,Regular,0.0914,0.1868,C11
U09449,3,4,0.00030003000300030005,0.00040004000400040005,Regular,0.0999,0.1441,C24
U00288,3,3,0.00030003000300030005,0.00030003000300030005,Regular,0.3447,0.1308,C13
U00286,3,3,0.00030003000300030005,0.00030003000300030005,Regular,0.109,0.1804,C11
U00281,3,3,0.00030003000300030005,0.00030003000300030005,Regular,0.164,0.1628,C06
U00276,3,2,0.00030003000300030005,0.00020002000200020003,Regular,0.2741,0.1477,C01
U03817,3,3,0.00030003000300030005,0.00030003000300030005,Regular,0.2619,0.1816,C17
U03813,3,3,0.00030003000300030005,0.00030003000300030005,Regular,0.0874,0.2253,C13
U01657,3,3,0.00030003000300030005,0.00030003000300030005,Regular,0.2437,0.3743,C07
U06327,3,3,0.00030003000300030005,0.00030003000300030005,Regular,0.2363,0.012,C02
U06320,3,3,0.00030003000300030005,0.00030003000300030005,Regular,0.1172,0.2083,C20
U06315,3,2,0.00030003000300030005,0.00020002000200020003,Regular,0.1498,0.029,C15
U06847,3,3,0.00030003000300030005,0.00030003000300030005,Regular,0.2039,0.151,C22
U06844,3,3,0.00030003000300030005,0.00030003000300030005,Regular,0.4235,0.2317,C19
U03109,3,3,0.00030003000300030005,0.00030003000300030005,Regular,0.2275,0.0831,C09
U03829,3,2,0.00030003000300030005,0.00020002000200020003,Regular,0.079,0.2257,C04
U09429,3,3,0.00030003000300030005,0.00030003000300030005,Regular,0.0267,0.3,C04
U03782,3,3,0.00030003000300030005,0.00030003000300030005,Regular,0.4336,0.0384,C07
U09498,3,3,0.00030003000300030005,0.00030003000300030005,Regular,0.3858,0.2678,C23
U06831,3,3,0.00030003000300030005,0.00030003000300030005,Regular,0.359,0.1517,C06
U06346,3,3,0.00030003000300030005,0.00030003000300030005,Active,0.5062,0.2246,C21
U06345,3,4,0.00030003000300030005,0.00040004000400040005,Regular,0.4014,0.1569,C20
U01893,3,3,0.00030003000300030005,0.00030003000300030005,Regular,0.0738,0.2184,C18
U01889,3,3,0.00030003000300030005,0.00030003000300030005,Regular,0.2067,0.0426,C14
U06823,3,2,0.00030003000300030005,0.00020002000200020003,Regular,0.1463,0.2808,C23
U06853,3,3,0.00030003000300030005,0.00030003000300030005,Regular,0.3918,0.037,C03
U03121,3,3,0.00030003000300030005,0.00030003000300030005,Regular,0.0398,0.2841,C21
U03801,3,3,0.00030003000300030005,0.00030003000300030005,Regular,0.385,0.249,C01
U03799,3,4,0.00030003000300030005,0.00040004000400040005,Regular,0.3664,0.145,C24
U03794,3,3,0.00030003000300030005,0.00030003000300030005,Regular,0.4479,0.049,C19
U00260,3,3,0.00030003000300030005,0.00030003000300030005,Regular,0.2959,0.1634,C10
U00259,3,3,0.00030003000300030005,0.00030003000300030005,Regular,0.2376,0.1156,C09
U09457,3,3,0.00030003000300030005,0.00030003000300030005,Regular,0.0521,0.4353,C07
U03763,3,3,0.00030003000300030005,0.00030003000300030005,Regular,0.0966,0.2336,C13
U09483,3,3,0.00030003000300030005,0.00030003000300030005,Regular,0.2459,0.0809,C08
U09482,3,3,0.00030003000300030005,0.00030003000300030005,Regular,0.1539,0.1558,C07
U09523,3,3,0.00030003000300030005,0.00030003000300030005,Regular,0.0951,0.0703,C23
U01677,3,6,0.00030003000300030005,0.0006000600060006001,Regular,0.3309,0.1144,C02
U06359,3,3,0.00030003000300030005,0.00030003000300030005,Regular,0.087,0.0482,C09
U06356,3,3,0.00030003000300030005,0.00030003000300030005,Regular,0.2073,0.0696,C06
U06353,3,4,0.00030003000300030005,0.00040004000400040005,Regular,0.3388,0.2788,C03
U06811,3,2,0.00030003000300030005,0.00020002000200020003,Regular,0.0369,0.179,C11
U06809,3,3,0.00030003000300030005,0.00030003000300030005,Regular,0.1234,0.3531,C09
U06836,3,3,0.00030003000300030005,0.00030003000300030005,Regular,0.1463,0.2281,C11
U09473,3,8,0.00030003000300030005,0.0008000800080008001,Active,0.3135,0.5409,C23
U00269,3,3,0.00030003000300030005,0.00030003000300030005,Regular,0.1471,0.2653,C19
U03786,3,3,0.00030003000300030005,0.00030003000300030005,Regular,0.3481,0.0698,C11
U03785,3,3,0.00030003000300030005,0.00030003000300030005,Regular,0.2547,0.1755,C10
U03784,3,3,0.00030003000300030005,0.00030003000300030005,Regular,0.0827,0.055,C09
U03160,3,4,0.00030003000300030005,0.00040004000400040005,Regular,0.062,0.1479,C10
U09524,3,3,0.00030003000300030005,0.00030003000300030005,Regular,0.4708,0.208,C24
U01881,3,3,0.00030003000300030005,0.00030003000300030005,Regular,0.0491,0.341,C06
U01874,3,2,0.00030003000300030005,0.00020002000200020003,Regular,0.1598,0.1355,C24
U06374,3,3,0.00030003000300030005,0.00030003000300030005,Regular,0.1857,0.0826,C24
U06796,3,3,0.00030003000300030005,0.00030003000300030005,Regular,0.1612,0.2178,C21
U06794,3,3,0.00030003000300030005,0.00030003000300030005,Active,0.1697,0.5548,C19
U06819,3,3,0.00030003000300030005,0.00030003000300030005,Regular,0.0754,0.1158,C19
U09512,3,3,0.00030003000300030005,0.00030003000300030005,Regular,0.1413,0.2214,C12
U03760,3,3,0.00030003000300030005,0.00030003000300030005,Regular,0.0901,0.076,C10
U03751,3,3,0.00030003000300030005,0.00030003000300030005,Regular,0.2718,0.2575,C01
U03748,3,3,0.00030003000300030005,0.00030003000300030005,Regular,0.2231,0.2594,C23
U03741,3,3,0.00030003000300030005,0.00030003000300030005,Regular,0.385,0.1102,C16
U09495,3,2,0.00030003000300030005,0.00020002000200020003,Regular,0.0931,0.1149,C20
U09489,3,3,0.00030003000300030005,0.00030003000300030005,Regular,0.2095,0.049,C14
U03142,3,3,0.00030003000300030005,0.00030003000300030005,Regular,0.0748,0.2183,C17
U03701,3,3,0.00030003000300030005,0.00030003000300030005,Regular,0.3478,0.2909,C01
U00215,3,3,0.00030003000300030005,0.00030003000300030005,Active,0.5215,0.2339,C15
U01691,3,3,0.00030003000300030005,0.00030003000300030005,Regular,0.0816,0.2739,C16
U06391,3,3,0.00030003000300030005,0.00030003000300030005,Regular,0.2076,0.042,C16
U01884,3,3,0.00030003000300030005,0.00030003000300030005,Regular,0.1317,0.2537,C09
U06775,3,3,0.00030003000300030005,0.00030003000300030005,Regular,0.2375,0.0847,C25
U00230,3,3,0.00030003000300030005,0.00030003000300030005,Regular,0.1554,0.0801,C05
U03718,3,3,0.00030003000300030005,0.00030003000300030005,Regular,0.2042,0.1237,C18
U03178,3,2,0.00030003000300030005,0.00020002000200020003,Regular,0.2211,0.1971,C03
U00251,3,3,0.00030003000300030005,0.00030003000300030005,Regular,0.1569,0.3965,C01
U09561,3,4,0.00030003000300030005,0.00040004000400040005,Regular,0.1619,0.1159,C11
U09527,3,3,0.00030003000300030005,0.00030003000300030005,Regular,0.3407,0.1656,C02
U03737,3,3,0.00030003000300030005,0.00030003000300030005,Regular,0.1473,0.1113,C12
U03736,3,5,0.00030003000300030005,0.0005000500050005,Regular,0.2928,0.344,C11
U03165,3,3,0.00030003000300030005,0.00030003000300030005,Regular,0.1432,0.1808,C15
U03164,3,4,0.00030003000300030005,0.00040004000400040005,Regular,0.2255,0.1091,C14
U09607,3,3,0.00030003000300030005,0.00030003000300030005,Regular,0.0851,0.05,C07
U03690,3,3,0.00030003000300030005,0.00030003000300030005,Active,0.3753,0.4359,C15
U03685,3,3,0.00030003000300030005,0.00030003000300030005,Regular,0.3076,0.054,C10
U09568,3,3,0.00030003000300030005,0.00030003000300030005,Regular,0.1182,0.0951,C18
U09590,3,3,0.00030003000300030005,0.00030003000300030005,Regular,0.3695,0.2051,C15
U09588,3,3,0.00030003000300030005,0.00030003000300030005,Regular,0.2213,0.2219,C13
U06768,3,2,0.00030003000300030005,0.00020002000200020003,Regular,0.379,0.1374,C18
U01871,3,2,0.00030003000300030005,0.00020002000200020003,Regular,0.1917,0.141,C21
U01866,3,3,0.00030003000300030005,0.00030003000300030005,Regular,0.2952,0.2932,C16
U01861,3,2,0.00030003000300030005,0.00020002000200020003,Regular,0.0967,0.353,C11
U06766,3,3,0.00030003000300030005,0.00030003000300030005,Regular,0.1554,0.2132,C16
U01693,3,4,0.00030003000300030005,0.00040004000400040005,Regular,0.1883,0.1512,C18
U09556,3,3,0.00030003000300030005,0.00030003000300030005,Regular,0.2565,0.1387,C06
U09549,3,3,0.00030003000300030005,0.00030003000300030005,Regular,0.128,0.124,C24
U03173,3,6,0.00030003000300030005,0.0006000600060006001,Regular,0.2528,0.2131,C23
U03172,3,3,0.00030003000300030005,0.00030003000300030005,Regular,0.1742,0.1294,C22
U03603,3,3,0.00030003000300030005,0.00030003000300030005,Regular,0.1778,0.0937,C03
U09602,3,3,0.00030003000300030005,0.00030003000300030005,Regular,0.3182,0.0493,C02
U09598,3,3,0.00030003000300030005,0.00030003000300030005,Regular,0.1899,0.0987,C23
U03653,3,3,0.00030003000300030005,0.00030003000300030005,Regular,0.0597,0.1771,C03
U03215,3,3,0.00030003000300030005,0.00030003000300030005,Regular,0.0738,0.4886,C15
U03213,3,3,0.00030003000300030005,0.00030003000300030005,Regular,0.243,0.2563,C13
U03212,3,4,0.00030003000300030005,0.00040004000400040005,Regular,0.204,0.2773,C12
U01842,3,3,0.00030003000300030005,0.00030003000300030005,Regular,0.2192,0.2655,C17
U06427,3,3,0.00030003000300030005,0.00030003000300030005,Regular,0.2128,0.1739,C02
U06418,3,3,0.00030003000300030005,0.00030003000300030005,Regular,0.2624,0.1277,C18
U00220,3,2,0.00030003000300030005,0.00020002000200020003,Regular,0.1,0.1698,C20
U03192,3,3,0.00030003000300030005,0.00030003000300030005,Active,0.4011,0.2796,C17
U03188,3,2,0.00030003000300030005,0.00020002000200020003,Regular,0.4798,0.0813,C13
U03678,3,3,0.00030003000300030005,0.00030003000300030005,Regular,0.2318,0.271,C03
U03673,3,3,0.00030003000300030005,0.00030003000300030005,Regular,0.2986,0.1722,C23
U03671,3,3,0.00030003000300030005,0.00030003000300030005,Regular,0.2809,0.048,C21
U03224,3,3,0.00030003000300030005,0.00030003000300030005,Regular,0.1648,0.0365,C24
U03222,3,4,0.00030003000300030005,0.00040004000400040005,Regular,0.3342,0.2887,C22
U09623,3,3,0.00030003000300030005,0.00030003000300030005,Regular,0.0873,0.1555,C23
U00180,3,3,0.00030003000300030005,0.00030003000300030005,Regular,0.302,0.0594,C05
U06737,3,2,0.00030003000300030005,0.00020002000200020003,Regular,0.1088,0.1923,C12
U06438,3,3,0.00030003000300030005,0.00030003000300030005,Regular,0.1226,0.3458,C13
U06436,3,2,0.00030003000300030005,0.00020002000200020003,Regular,0.2645,0.1421,C11
U06732,3,3,0.00030003000300030005,0.00030003000300030005,Regular,0.2049,0.0406,C07
U06727,3,6,0.00030003000300030005,0.0006000600060006001,Regular,0.1656,0.1674,C02
U06726,3,4,0.00030003000300030005,0.00040004000400040005,Regular,0.2421,0.1537,C01
U01709,3,3,0.00030003000300030005,0.00030003000300030005,Regular,0.2879,0.1565,C09
U03210,3,3,0.00030003000300030005,0.00030003000300030005,Active,0.5913,0.3382,C10
U03642,3,6,0.00030003000300030005,0.0006000600060006001,Regular,0.3456,0.2936,C17
U03639,3,3,0.00030003000300030005,0.00030003000300030005,Active,0.5093,0.305,C14
U03637,3,3,0.00030003000300030005,0.00030003000300030005,Regular,0.1746,0.1161,C12
U00199,3,3,0.00030003000300030005,0.00030003000300030005,Regular,0.0805,0.0536,C24
U09639,3,3,0.00030003000300030005,0.00030003000300030005,Regular,0.1704,0.2265,C14
U09637,3,3,0.00030003000300030005,0.00030003000300030005,Regular,0.1106,0.311,C12
U09636,3,4,0.00030003000300030005,0.00040004000400040005,Regular,0.1401,0.2219,C11
U03609,3,3,0.00030003000300030005,0.00030003000300030005,Regular,0.276,0.2079,C09
U03606,3,2,0.00030003000300030005,0.00020002000200020003,Regular,0.2468,0.0954,C06
U03604,3,4,0.00030003000300030005,0.00040004000400040005,Regular,0.1444,0.3032,C04
U00161,3,3,0.00030003000300030005,0.00030003000300030005,Active,0.7717,0.3781,C11
U01728,3,3,0.00030003000300030005,0.00030003000300030005,Regular,0.3097,0.0264,C03
U01720,3,2,0.00030003000300030005,0.00020002000200020003,Regular,0.2262,0.0116,C20
U06462,3,4,0.00030003000300030005,0.00040004000400040005,Regular,0.0958,0.0725,C12
U06457,3,3,0.00030003000300030005,0.00030003000300030005,Regular,0.0226,0.2589,C07
U06448,3,6,0.00030003000300030005,0.0006000600060006001,Regular,0.0444,0.3169,C23
U01715,3,7,0.00030003000300030005,0.0007000700070007,Regular,0.1003,0.0241,C15
U01713,3,3,0.00030003000300030005,0.00030003000300030005,Regular,0.2112,0.0904,C13
U03248,3,4,0.00030003000300030005,0.00040004000400040005,Regular,0.263,0.0636,C23
U03245,3,3,0.00030003000300030005,0.00030003000300030005,Regular,0.0983,0.1057,C20
U09666,3,3,0.00030003000300030005,0.00030003000300030005,Regular,0.3049,0.0723,C16
U00170,3,3,0.00030003000300030005,0.00030003000300030005,Regular,0.0893,0.2289,C20
U00153,3,2,0.00030003000300030005,0.00020002000200020003,Regular,0.2691,0.1586,C03
U06475,3,3,0.00030003000300030005,0.00030003000300030005,Regular,0.2807,0.3202,C25
U06474,3,6,0.00030003000300030005,0.0006000600060006001,Regular,0.486,0.1708,C24
U06473,3,3,0.00030003000300030005,0.00030003000300030005,Regular,0.3505,0.0945,C23
U06471,3,3,0.00030003000300030005,0.00030003000300030005,Regular,0.2508,0.0509,C21
U06467,3,4,0.00030003000300030005,0.00040004000400040005,Regular,0.2401,0.3105,C17
U06700,3,3,0.00030003000300030005,0.00030003000300030005,Regular,0.1463,0.2224,C25
U03588,3,3,0.00030003000300030005,0.00030003000300030005,Regular,0.2,0.3379,C13
U03585,3,3,0.00030003000300030005,0.00030003000300030005,Bridge,0.5058,0.6053,C10
U09649,3,3,0.00030003000300030005,0.00030003000300030005,Regular,0.1851,0.2503,C24
U00190,3,3,0.00030003000300030005,0.00030003000300030005,Regular,0.2161,0.1019,C15
U00188,3,2,0.00030003000300030005,0.00020002000200020003,Regular,0.1587,0.2701,C13
U09687,3,3,0.00030003000300030005,0.00030003000300030005,Regular,0.4568,0.0975,C12
U09644,3,3,0.00030003000300030005,0.00030003000300030005,Regular,0.1042,0.3049,C19
U03277,3,3,0.00030003000300030005,0.00030003000300030005,Regular,0.07,0.2993,C02
U03271,3,3,0.00030003000300030005,0.00030003000300030005,Regular,0.2186,0.1722,C21
U09707,3,3,0.00030003000300030005,0.00030003000300030005,Regular,0.1915,0.1501,C07
U06689,3,3,0.00030003000300030005,0.00030003000300030005,Regular,0.1929,0.1582,C14
U01743,3,3,0.00030003000300030005,0.00030003000300030005,Regular,0.181,0.1118,C18
U06713,3,3,0.00030003000300030005,0.00030003000300030005,Regular,0.2446,0.1013,C13
U00148,3,2,0.00030003000300030005,0.00020002000200020003,Active,0.3046,0.403,C23
U03250,3,3,0.00030003000300030005,0.00030003000300030005,Regular,0.1764,0.0714,C25
U00146,3,3,0.00030003000300030005,0.00030003000300030005,Regular,0.1806,0.1071,C21
U09690,3,3,0.00030003000300030005,0.00030003000300030005,Regular,0.3655,0.023,C15
U00130,3,4,0.00030003000300030005,0.00040004000400040005,Regular,0.1758,0.1053,C05
U09685,3,3,0.00030003000300030005,0.00030003000300030005,Regular,0.0358,0.0922,C10
U03263,3,3,0.00030003000300030005,0.00030003000300030005,Regular,0.2028,0.1432,C13
U03256,3,3,0.00030003000300030005,0.00030003000300030005,Active,0.6183,0.3651,C06
U09675,3,3,0.00030003000300030005,0.00030003000300030005,Regular,0.1717,0.229,C25
U09672,3,5,0.00030003000300030005,0.0005000500050005,Regular,0.3893,0.1162,C22
U03517,3,4,0.00030003000300030005,0.00040004000400040005,Regular,0.2615,0.0312,C17
U03512,3,3,0.00030003000300030005,0.00030003000300030005,Regular,0.0934,0.0825,C12
U03293,3,3,0.00030003000300030005,0.00030003000300030005,Regular,0.0767,0.2183,C18
U09756,3,3,0.00030003000300030005,0.00030003000300030005,Regular,0.2069,0.0421,C06
U09754,3,6,0.00030003000300030005,0.0006000600060006001,Regular,0.1779,0.0261,C04
U06503,3,4,0.00030003000300030005,0.00040004000400040005,Regular,0.1351,0.2907,C03
U06500,3,3,0.00030003000300030005,0.00030003000300030005,Regular,0.1351,0.1373,C25
U06493,3,3,0.00030003000300030005,0.00030003000300030005,Regular,0.23,0.1458,C18
U06682,3,3,0.00030003000300030005,0.00030003000300030005,Regular,0.1227,0.0511,C07
U06678,3,4,0.00030003000300030005,0.00040004000400040005,Regular,0.0723,0.3361,C03
U06694,3,2,0.00030003000300030005,0.00020002000200020003,Active,0.231,0.2528,C19
U03523,3,3,0.00030003000300030005,0.00030003000300030005,Regular,0.311,0.1208,C23
U00144,3,3,0.00030003000300030005,0.00030003000300030005,Active,0.604,0.3077,C19
U09722,3,5,0.00030003000300030005,0.0005000500050005,Regular,0.2844,0.1231,C22
U09715,3,3,0.00030003000300030005,0.00030003000300030005,Regular,0.0742,0.2481,C15
U03538,3,2,0.00030003000300030005,0.00020002000200020003,Regular,0.4611,0.405,C13
U03473,3,3,0.00030003000300030005,0.00030003000300030005,Regular,0.2047,0.032,C23
U03311,3,3,0.00030003000300030005,0.00030003000300030005,Regular,0.1346,0.1719,C11
U03306,3,5,0.00030003000300030005,0.0005000500050005,Regular,0.0501,0.1523,C06
U03304,3,3,0.00030003000300030005,0.00030003000300030005,Regular,0.2605,0.1795,C04
U09795,3,3,0.00030003000300030005,0.00030003000300030005,Regular,0.4577,0.0952,C20
U01824,3,3,0.00030003000300030005,0.00030003000300030005,Active,0.2114,0.2476,C24
U01816,3,3,0.00030003000300030005,0.00030003000300030005,Regular,0.0228,0.267,C16
U06662,3,3,0.00030003000300030005,0.00030003000300030005,Regular,0.2362,0.2065,C12
U06651,3,2,0.00030003000300030005,0.00020002000200020003,Regular,0.2196,0.1776,C01
U09771,3,3,0.00030003000300030005,0.00030003000300030005,Regular,0.1713,0.161,C21
U03500,3,2,0.00030003000300030005,0.00020002000200020003,Regular,0.3543,0.2172,C25
U03491,3,2,0.00030003000300030005,0.00020002000200020003,Regular,0.2254,0.2923,C16
U00104,3,3,0.00030003000300030005,0.00030003000300030005,Regular,0.1835,0.2848,C04
U00102,3,2,0.00030003000300030005,0.00020002000200020003,Active,0.3742,0.1453,C02
U00121,3,3,0.00030003000300030005,0.00030003000300030005,Regular,0.3168,0.1782,C21
U00116,3,3,0.00030003000300030005,0.00030003000300030005,Regular,0.1456,0.3514,C16
U03441,3,3,0.00030003000300030005,0.00030003000300030005,Regular,0.1942,0.0261,C16
U03326,3,3,0.00030003000300030005,0.00030003000300030005,Regular,0.0405,0.1489,C01
U00081,3,3,0.00030003000300030005,0.00030003000300030005,Regular,0.264,0.1623,C06
U09857,3,3,0.00030003000300030005,0.00030003000300030005,Active,0.4149,0.3398,C07
U06537,3,3,0.00030003000300030005,0.00030003000300030005,Regular,0.2737,0.0471,C12
U01750,3,3,0.00030003000300030005,0.00030003000300030005,Regular,0.3827,0.1305,C25
U06640,3,3,0.00030003000300030005,0.00030003000300030005,Active,0.4784,0.5124,C15
U06631,3,3,0.00030003000300030005,0.00030003000300030005,Regular,0.1362,0.1372,C06
U06626,3,3,0.00030003000300030005,0.00030003000300030005,Regular,0.047,0.3454,C01
U00110,3,3,0.00030003000300030005,0.00030003000300030005,Regular,0.1138,0.3223,C10
U00109,3,3,0.00030003000300030005,0.00030003000300030005,Regular,0.0598,0.1889,C09
U03472,3,3,0.00030003000300030005,0.00030003000300030005,Regular,0.2281,0.0498,C22
U03469,3,3,0.00030003000300030005,0.00030003000300030005,Active,0.4333,0.3397,C19
U00099,3,3,0.00030003000300030005,0.00030003000300030005,Regular,0.36,0.0872,C24
U09804,3,4,0.00030003000300030005,0.00040004000400040005,Regular,0.072,0.2545,C04
U09803,3,5,0.00030003000300030005,0.0005000500050005,Regular,0.1019,0.1738,C03
U01035,3,3,0.00030003000300030005,0.00030003000300030005,Regular,0.0611,0.2675,C10
U00017,3,3,0.00030003000300030005,0.00030003000300030005,Regular,0.2132,0.0219,C17
U00030,3,2,0.00030003000300030005,0.00020002000200020003,Regular,0.1595,0.2375,C05
U00028,3,3,0.00030003000300030005,0.00030003000300030005,Regular,0.3208,0.0531,C03
U00025,3,3,0.00030003000300030005,0.00030003000300030005,Regular,0.3745,0.0536,C25
U00023,3,3,0.00030003000300030005,0.00030003000300030005,Regular,0.1678,0.1865,C23
U09977,3,3,0.00030003000300030005,0.00030003000300030005,Regular,0.0436,0.2413,C02
U09936,3,3,0.00030003000300030005,0.00030003000300030005,Regular,0.2542,0.2282,C11
U03394,3,3,0.00030003000300030005,0.00030003000300030005,Regular,0.2298,0.1306,C19
U03377,3,3,0.00030003000300030005,0.00030003000300030005,Regular,0.3279,0.1696,C02
U03376,3,2,0.00030003000300030005,0.00020002000200020003,Regular,0.2972,0.0854,C01
U09926,3,2,0.00030003000300030005,0.00020002000200020003,Regular,0.202,0.2285,C01
U03333,3,3,0.00030003000300030005,0.00030003000300030005,Regular,0.0171,0.1761,C08
U09902,3,3,0.00030003000300030005,0.00030003000300030005,Regular,0.2482,0.1195,C02
U09890,3,3,0.00030003000300030005,0.00030003000300030005,Regular,0.2588,0.0342,C15
U00079,3,3,0.00030003000300030005,0.00030003000300030005,Regular,0.1095,0.2945,C04
U07989,3,3,0.00030003000300030005,0.00030003000300030005,Regular,0.194,0.1292,C14
U07983,3,2,0.00030003000300030005,0.00020002000200020003,Regular,0.5226,0.0709,C08
U07977,3,7,0.00030003000300030005,0.0007000700070007,Regular,0.1629,0.2827,C02
U01047,3,4,0.00030003000300030005,0.00040004000400040005,Regular,0.217,0.2837,C22
U05299,3,4,0.00030003000300030005,0.00040004000400040005,Regular,0.2538,0.0831,C24
U02397,3,3,0.00030003000300030005,0.00030003000300030005,Regular,0.1282,0.2184,C22
U07948,3,3,0.00030003000300030005,0.00030003000300030005,Regular,0.1952,0.066,C23
U07947,3,3,0.00030003000300030005,0.00030003000300030005,Regular,0.0848,0.1297,C22
U07975,3,3,0.00030003000300030005,0.00030003000300030005,Regular,0.3446,0.2505,C25
U07968,3,3,0.00030003000300030005,0.00030003000300030005,Regular,0.3695,0.2705,C18
U07967,3,3,0.00030003000300030005,0.00030003000300030005,Regular,0.0963,0.1864,C17
U02385,3,3,0.00030003000300030005,0.00030003000300030005,Regular,0.0757,0.3097,C10
U05295,3,6,0.00030003000300030005,0.0006000600060006001,Regular,0.28,0.1526,C20
U05294,3,1,0.00030003000300030005,0.00010001000100010001,Regular,0.1399,0.1569,C19
U05285,3,2,0.00030003000300030005,0.00020002000200020003,Regular,0.3651,0.0586,C10
U07962,3,3,0.00030003000300030005,0.00030003000300030005,Regular,0.162,0.1301,C12
U00005,2,2,0.00020002000200020003,0.00020002000200020003,Regular,0.1274,0.1967,C05
U00007,2,2,0.00020002000200020003,0.00020002000200020003,Regular,0.2566,0.148,C07
U03356,2,2,0.00020002000200020003,0.00020002000200020003,Regular,0.1875,0.0366,C06
U03355,2,2,0.00020002000200020003,0.00020002000200020003,Regular,0.2907,0.0448,C05
U03351,2,2,0.00020002000200020003,0.00020002000200020003,Regular,0.1869,0.1351,C01
U09937,2,2,0.00020002000200020003,0.00020002000200020003,Regular,0.2809,0.1005,C12
U00042,2,2,0.00020002000200020003,0.00020002000200020003,Regular,0.2292,0.0729,C17
U00040,2,2,0.00020002000200020003,0.00020002000200020003,Regular,0.1872,0.0406,C15
U03388,2,2,0.00020002000200020003,0.00020002000200020003,Regular,0.2505,0.1631,C13
U06572,2,2,0.00020002000200020003,0.00020002000200020003,Regular,0.0796,0.3313,C22
U06568,2,2,0.00020002000200020003,0.00020002000200020003,Regular,0.2494,0.4081,C18
U06592,2,1,0.00020002000200020003,0.00010001000100010001,Active,0.4472,0.2154,C17
U06591,2,2,0.00020002000200020003,0.00020002000200020003,Regular,0.1508,0.0987,C16
U06587,2,2,0.00020002000200020003,0.00020002000200020003,Regular,0.1776,0.3031,C12
U03384,2,2,0.00020002000200020003,0.00020002000200020003,Regular,0.1569,0.1379,C09
U03375,2,2,0.00020002000200020003,0.00020002000200020003,Regular,0.0987,0.1484,C25
U09933,2,1,0.00020002000200020003,0.00010001000100010001,Regular,0.0902,0.1085,C08
U09930,2,2,0.00020002000200020003,0.00020002000200020003,Regular,0.2755,0.0594,C05
U09924,2,2,0.00020002000200020003,0.00020002000200020003,Regular,0.1623,0.0674,C24
U09923,2,2,0.00020002000200020003,0.00020002000200020003,Regular,0.3137,0.0396,C23
U09922,2,2,0.00020002000200020003,0.00020002000200020003,Regular,0.122,0.0599,C22
U00064,2,2,0.00020002000200020003,0.00020002000200020003,Regular,0.0376,0.1505,C14
U00060,2,2,0.00020002000200020003,0.00020002000200020003,Regular,0.3327,0.1717,C10
U00057,2,1,0.00020002000200020003,0.00010001000100010001,Regular,0.1106,0.4332,C07
U01773,2,2,0.00020002000200020003,0.00020002000200020003,Regular,0.1499,0.0983,C23
U01768,2,2,0.00020002000200020003,0.00020002000200020003,Regular,0.2181,0.0718,C18
U06607,2,2,0.00020002000200020003,0.00020002000200020003,Active,0.4384,0.3005,C07
U06603,2,2,0.00020002000200020003,0.00020002000200020003,Regular,0.1179,0.0548,C03
U06601,2,1,0.00020002000200020003,0.00010001000100010001,Regular,0.2046,0.1666,C01
U06597,2,3,0.00020002000200020003,0.00030003000300030005,Regular,0.4122,0.0366,C22
U03408,2,2,0.00020002000200020003,0.00020002000200020003,Regular,0.2213,0.1685,C08
U03406,2,2,0.00020002000200020003,0.00020002000200020003,Regular,0.0798,0.0572,C06
U03402,2,2,0.00020002000200020003,0.00020002000200020003,Regular,0.109,0.0283,C02
U03397,2,2,0.00020002000200020003,0.00020002000200020003,Regular,0.3634,0.2179,C22
U00054,2,2,0.00020002000200020003,0.00020002000200020003,Regular,0.0991,0.1776,C04
U00053,2,2,0.00020002000200020003,0.00020002000200020003,Regular,0.1617,0.1099,C03
U09920,2,2,0.00020002000200020003,0.00020002000200020003,Regular,0.2546,0.0093,C20
U09918,2,2,0.00020002000200020003,0.00020002000200020003,Regular,0.16,0.209,C18
U06557,2,2,0.00020002000200020003,0.00020002000200020003,Regular,0.1469,0.1685,C07
U06555,2,2,0.00020002000200020003,0.00020002000200020003,Regular,0.0211,0.139,C05
U06545,2,1,0.00020002000200020003,0.00010001000100010001,Regular,0.1053,0.2149,C20
U01806,2,2,0.00020002000200020003,0.00020002000200020003,Regular,0.2808,0.3238,C06
U01799,2,2,0.00020002000200020003,0.00020002000200020003,Regular,0.24,0.1104,C24
U06615,2,2,0.00020002000200020003,0.00020002000200020003,Regular,0.0272,0.3086,C15
U09914,2,2,0.00020002000200020003,0.00020002000200020003,Regular,0.1476,0.1809,C14
U09912,2,2,0.00020002000200020003,0.00020002000200020003,Active,0.3759,0.3136,C12
U09905,2,2,0.00020002000200020003,0.00020002000200020003,Regular,0.0822,0.033,C05
U09897,2,2,0.00020002000200020003,0.00020002000200020003,Regular,0.1649,0.2137,C22
U09895,2,2,0.00020002000200020003,0.00020002000200020003,Regular,0.1335,0.1284,C20
U09892,2,4,0.00020002000200020003,0.00040004000400040005,Regular,0.1771,0.1434,C17
U00074,2,4,0.00020002000200020003,0.00040004000400040005,Regular,0.1198,0.0363,C24
U06540,2,2,0.00020002000200020003,0.00020002000200020003,Regular,0.0352,0.1164,C15
U06536,2,2,0.00020002000200020003,0.00020002000200020003,Regular,0.0893,0.1044,C11
U06532,2,2,0.00020002000200020003,0.00020002000200020003,Regular,0.0706,0.0154,C07
U06527,2,2,0.00020002000200020003,0.00020002000200020003,Regular,0.1108,0.0749,C02
U06525,2,5,0.00020002000200020003,0.0005000500050005,Active,0.3772,0.3616,C25
U06524,2,6,0.00020002000200020003,0.0006000600060006001,Regular,0.2685,0.0782,C24
U06632,2,2,0.00020002000200020003,0.00020002000200020003,Regular,0.1588,0.3299,C07
U06622,2,5,0.00020002000200020003,0.0005000500050005,Regular,0.113,0.1236,C22
U03417,2,2,0.00020002000200020003,0.00020002000200020003,Regular,0.0745,0.3413,C17
U03344,2,2,0.00020002000200020003,0.00020002000200020003,Regular,0.296,0.0284,C19
U03343,2,1,0.00020002000200020003,0.00010001000100010001,Regular,0.2364,0.0693,C18
U03342,2,2,0.00020002000200020003,0.00020002000200020003,Regular,0.3076,0.2424,C17
U03339,2,5,0.00020002000200020003,0.0005000500050005,Regular,0.3241,0.1284,C14
U09884,2,2,0.00020002000200020003,0.00020002000200020003,Active,0.1972,0.2689,C09
U09882,2,2,0.00020002000200020003,0.00020002000200020003,Regular,0.0733,0.3139,C07
U09877,2,2,0.00020002000200020003,0.00020002000200020003,Regular,0.0909,0.2044,C02
U09874,2,2,0.00020002000200020003,0.00020002000200020003,Regular,0.1572,0.0693,C24
U09870,2,2,0.00020002000200020003,0.00020002000200020003,Regular,0.1997,0.1421,C20
U09865,2,2,0.00020002000200020003,0.00020002000200020003,Regular,0.1816,0.0512,C15
U09861,2,2,0.00020002000200020003,0.00020002000200020003,Regular,0.0673,0.0666,C11
U06657,2,1,0.00020002000200020003,0.00010001000100010001,Regular,0.1321,0.3026,C07
U06654,2,3,0.00020002000200020003,0.00030003000300030005,Regular,0.162,0.0903,C04
U06649,2,2,0.00020002000200020003,0.00020002000200020003,Regular,0.0309,0.1853,C24
U06645,2,5,0.00020002000200020003,0.0005000500050005,Regular,0.1159,0.0459,C20
U06641,2,2,0.00020002000200020003,0.00020002000200020003,Regular,0.2251,0.0139,C16
U01758,2,2,0.00020002000200020003,0.00020002000200020003,Regular,0.0962,0.0339,C08
U01756,2,2,0.00020002000200020003,0.00020002000200020003,Regular,0.0345,0.1324,C06
U01753,2,2,0.00020002000200020003,0.00020002000200020003,Regular,0.0282,0.1363,C03
U01752,2,2,0.00020002000200020003,0.00020002000200020003,Regular,0.18,0.1091,C02
U03316,2,2,0.00020002000200020003,0.00020002000200020003,Regular,0.0968,0.0643,C16
U03430,2,2,0.00020002000200020003,0.00020002000200020003,Regular,0.169,0.3152,C05
U03429,2,2,0.00020002000200020003,0.00020002000200020003,Regular,0.1221,0.2296,C04
U09856,2,5,0.00020002000200020003,0.0005000500050005,Regular,0.2158,0.1108,C06
U09853,2,2,0.00020002000200020003,0.00020002000200020003,Regular,0.1348,0.1008,C03
U09849,2,2,0.00020002000200020003,0.00020002000200020003,Regular,0.2151,0.0468,C24
U06679,2,2,0.00020002000200020003,0.00020002000200020003,Regular,0.1328,0.1548,C04
U06513,2,3,0.00020002000200020003,0.00030003000300030005,Regular,0.0604,0.1823,C13
U01819,2,2,0.00020002000200020003,0.00020002000200020003,Regular,0.1241,0.1161,C19
U01818,2,2,0.00020002000200020003,0.00020002000200020003,Regular,0.0884,0.2947,C18
U01814,2,2,0.00020002000200020003,0.00020002000200020003,Regular,0.3857,0.0368,C14
U06676,2,2,0.00020002000200020003,0.00020002000200020003,Regular,0.2741,0.0328,C01
U06665,2,2,0.00020002000200020003,0.00020002000200020003,Regular,0.1693,0.1083,C15
U06664,2,2,0.00020002000200020003,0.00020002000200020003,Regular,0.3081,0.0514,C14
U09847,2,2,0.00020002000200020003,0.00020002000200020003,Regular,0.2341,0.0861,C22
U09830,2,2,0.00020002000200020003,0.00020002000200020003,Regular,0.0915,0.1828,C05
U09828,2,2,0.00020002000200020003,0.00020002000200020003,Regular,0.4404,0.3841,C03
U00096,2,4,0.00020002000200020003,0.00040004000400040005,Regular,0.2102,0.1675,C21
U00089,2,2,0.00020002000200020003,0.00020002000200020003,Regular,0.0205,0.2382,C14
U03328,2,2,0.00020002000200020003,0.00020002000200020003,Active,0.2565,0.5332,C03
U01837,2,2,0.00020002000200020003,0.00020002000200020003,Regular,0.1211,0.2832,C12
U06505,2,2,0.00020002000200020003,0.00020002000200020003,Regular,0.1031,0.2695,C05
U06504,2,2,0.00020002000200020003,0.00020002000200020003,Regular,0.2139,0.0145,C04
U06502,2,2,0.00020002000200020003,0.00020002000200020003,Regular,0.2546,0.0608,C02
U06499,2,2,0.00020002000200020003,0.00020002000200020003,Regular,0.1142,0.2505,C24
U06496,2,2,0.00020002000200020003,0.00020002000200020003,Regular,0.0773,0.0796,C21
U06495,2,2,0.00020002000200020003,0.00020002000200020003,Regular,0.2801,0.1081,C20
U01736,2,2,0.00020002000200020003,0.00020002000200020003,Regular,0.1089,0.1177,C11
U01731,2,2,0.00020002000200020003,0.00020002000200020003,Regular,0.1511,0.3239,C06
U03327,2,2,0.00020002000200020003,0.00020002000200020003,Regular,0.2581,0.1271,C02
U03322,2,2,0.00020002000200020003,0.00020002000200020003,Regular,0.2815,0.1136,C22
U03319,2,2,0.00020002000200020003,0.00020002000200020003,Regular,0.0782,0.2063,C19
U09822,2,2,0.00020002000200020003,0.00020002000200020003,Regular,0.1536,0.0465,C22
U09816,2,2,0.00020002000200020003,0.00020002000200020003,Regular,0.1789,0.0976,C16
U09809,2,3,0.00020002000200020003,0.00030003000300030005,Regular,0.3773,0.1186,C09
U06480,2,2,0.00020002000200020003,0.00020002000200020003,Regular,0.379,0.298,C05
U06476,2,2,0.00020002000200020003,0.00020002000200020003,Regular,0.2298,0.117,C01
U06699,2,2,0.00020002000200020003,0.00020002000200020003,Regular,0.1262,0.1013,C24
U01744,2,5,0.00020002000200020003,0.0005000500050005,Regular,0.267,0.0566,C19
U06490,2,2,0.00020002000200020003,0.00020002000200020003,Regular,0.0877,0.0996,C15
U01840,2,2,0.00020002000200020003,0.00020002000200020003,Regular,0.2284,0.1632,C15
U03461,2,1,0.00020002000200020003,0.00010001000100010001,Regular,0.2308,0.1381,C11
U09807,2,2,0.00020002000200020003,0.00020002000200020003,Regular,0.2986,0.1685,C07
U09801,2,2,0.00020002000200020003,0.00020002000200020003,Regular,0.2319,0.1963,C01
U03482,2,3,0.00020002000200020003,0.00030003000300030005,Regular,0.2987,0.0094,C07
U03481,2,2,0.00020002000200020003,0.00020002000200020003,Regular,0.2085,0.0962,C06
U03308,2,2,0.00020002000200020003,0.00020002000200020003,Regular,0.1997,0.022,C08
U09793,2,2,0.00020002000200020003,0.00020002000200020003,Regular,0.1674,0.1563,C18
U09781,2,2,0.00020002000200020003,0.00020002000200020003,Regular,0.1074,0.3621,C06
U09780,2,1,0.00020002000200020003,0.00010001000100010001,Regular,0.1782,0.2365,C05
U09773,2,2,0.00020002000200020003,0.00020002000200020003,Regular,0.1633,0.1329,C23
U09770,2,4,0.00020002000200020003,0.00040004000400040005,Active,0.4496,0.1924,C20
U06450,2,2,0.00020002000200020003,0.00020002000200020003,Regular,0.1324,0.3557,C25
U06449,2,2,0.00020002000200020003,0.00020002000200020003,Regular,0.2595,0.3146,C24
U06445,2,2,0.00020002000200020003,0.00020002000200020003,Regular,0.1152,0.1697,C20
U06720,2,1,0.00020002000200020003,0.00010001000100010001,Regular,0.0792,0.2123,C20
U06714,2,2,0.00020002000200020003,0.00020002000200020003,Regular,0.0582,0.4954,C14
U06708,2,2,0.00020002000200020003,0.00020002000200020003,Regular,0.0999,0.0792,C08
U01826,2,2,0.00020002000200020003,0.00020002000200020003,Regular,0.0658,0.2398,C01
U03282,2,2,0.00020002000200020003,0.00020002000200020003,Regular,0.1753,0.1084,C07
U03490,2,2,0.00020002000200020003,0.00020002000200020003,Regular,0.2272,0.0297,C15
U09761,2,2,0.00020002000200020003,0.00020002000200020003,Regular,0.0277,0.1752,C11
U03292,2,2,0.00020002000200020003,0.00020002000200020003,Regular,0.0355,0.2077,C17
U03288,2,2,0.00020002000200020003,0.00020002000200020003,Regular,0.2032,0.193,C13
U00115,2,2,0.00020002000200020003,0.00020002000200020003,Regular,0.1427,0.2816,C15
U00114,2,2,0.00020002000200020003,0.00020002000200020003,Regular,0.2168,0.0448,C14
U09757,2,2,0.00020002000200020003,0.00020002000200020003,Regular,0.0708,0.1483,C07
U09755,2,2,0.00020002000200020003,0.00020002000200020003,Regular,0.0718,0.4088,C05
U09753,2,2,0.00020002000200020003,0.00020002000200020003,Regular,0.4438,0.1085,C03
U09749,2,2,0.00020002000200020003,0.00020002000200020003,Regular,0.191,0.296,C24
U09745,2,2,0.00020002000200020003,0.00020002000200020003,Regular,0.2133,0.0827,C20
U01853,2,2,0.00020002000200020003,0.00020002000200020003,Regular,0.2115,0.0708,C03
U01851,2,2,0.00020002000200020003,0.00020002000200020003,Regular,0.0626,0.2863,C01
U01849,2,3,0.00020002000200020003,0.00030003000300030005,Regular,0.1624,0.161,C24
U01848,2,2,0.00020002000200020003,0.00020002000200020003,Regular,0.1529,0.1847,C23
U01719,2,2,0.00020002000200020003,0.00020002000200020003,Regular,0.415,0.3619,C19
U01718,2,2,0.00020002000200020003,0.00020002000200020003,Regular,0.1547,0.0298,C18
U06465,2,2,0.00020002000200020003,0.00020002000200020003,Regular,0.0693,0.2191,C15
U06464,2,2,0.00020002000200020003,0.00020002000200020003,Regular,0.049,0.0547,C14
U03266,2,2,0.00020002000200020003,0.00020002000200020003,Regular,0.2512,0.2674,C16
U03265,2,1,0.00020002000200020003,0.00010001000100010001,Regular,0.2733,0.0944,C15
U03532,2,2,0.00020002000200020003,0.00020002000200020003,Regular,0.2779,0.163,C07
U03530,2,3,0.00020002000200020003,0.00030003000300030005,Regular,0.2296,0.0525,C05
U09741,2,2,0.00020002000200020003,0.00020002000200020003,Regular,0.1965,0.0904,C16
U09738,2,2,0.00020002000200020003,0.00020002000200020003,Regular,0.0876,0.2142,C13
U09729,2,2,0.00020002000200020003,0.00020002000200020003,Regular,0.2803,0.2131,C04
U00143,2,1,0.00020002000200020003,0.00010001000100010001,Regular,0.1955,0.1194,C18
U06432,2,2,0.00020002000200020003,0.00020002000200020003,Regular,0.1501,0.2125,C07
U06429,2,1,0.00020002000200020003,0.00010001000100010001,Regular,0.1529,0.2598,C04
U06421,2,2,0.00020002000200020003,0.00020002000200020003,Regular,0.211,0.2447,C21
U01699,2,2,0.00020002000200020003,0.00020002000200020003,Regular,0.0955,0.066,C24
U06750,2,2,0.00020002000200020003,0.00020002000200020003,Bridge,0.5223,0.5043,C25
U06746,2,3,0.00020002000200020003,0.00030003000300030005,Regular,0.0207,0.2672,C21
U06743,2,2,0.00020002000200020003,0.00020002000200020003,Active,0.4416,0.2645,C18
U06739,2,2,0.00020002000200020003,0.00020002000200020003,Active,0.3795,0.1329,C14
U06440,2,2,0.00020002000200020003,0.00020002000200020003,Regular,0.3057,0.0439,C15
U06434,2,2,0.00020002000200020003,0.00020002000200020003,Regular,0.0696,0.3648,C09
U00142,2,2,0.00020002000200020003,0.00020002000200020003,Regular,0.1734,0.06,C17
U00135,2,2,0.00020002000200020003,0.00020002000200020003,Regular,0.0636,0.038,C10
U09725,2,2,0.00020002000200020003,0.00020002000200020003,Regular,0.0912,0.1822,C25
U09723,2,2,0.00020002000200020003,0.00020002000200020003,Regular,0.1918,0.0926,C23
U09720,2,2,0.00020002000200020003,0.00020002000200020003,Regular,0.1438,0.1053,C20
U03546,2,2,0.00020002000200020003,0.00020002000200020003,Regular,0.1168,0.2142,C21
U03544,2,2,0.00020002000200020003,0.00020002000200020003,Regular,0.1857,0.0609,C19
U03543,2,2,0.00020002000200020003,0.00020002000200020003,Regular,0.2055,0.1145,C18
U06405,2,2,0.00020002000200020003,0.00020002000200020003,Regular,0.2808,0.0939,C05
U01869,2,2,0.00020002000200020003,0.00020002000200020003,Regular,0.2343,0.2126,C19
U06767,2,2,0.00020002000200020003,0.00020002000200020003,Regular,0.0481,0.1746,C17
U06764,2,2,0.00020002000200020003,0.00020002000200020003,Regular,0.0707,0.1413,C14
U01712,2,1,0.00020002000200020003,0.00010001000100010001,Regular,0.2878,0.2174,C12
U01704,2,2,0.00020002000200020003,0.00020002000200020003,Regular,0.1342,0.2293,C04
U03539,2,2,0.00020002000200020003,0.00020002000200020003,Regular,0.159,0.0869,C14
U03537,2,2,0.00020002000200020003,0.00020002000200020003,Regular,0.3468,0.1707,C12
U03279,2,2,0.00020002000200020003,0.00020002000200020003,Regular,0.1907,0.0701,C04
U03272,2,2,0.00020002000200020003,0.00020002000200020003,Active,0.4262,0.2069,C22
U09706,2,6,0.00020002000200020003,0.0006000600060006001,Regular,0.3477,0.0941,C06
U09703,2,2,0.00020002000200020003,0.00020002000200020003,Regular,0.1986,0.2155,C03
U09701,2,2,0.00020002000200020003,0.00020002000200020003,Regular,0.3704,0.1179,C01
U00154,2,2,0.00020002000200020003,0.00020002000200020003,Regular,0.0415,0.1252,C04
U00150,2,2,0.00020002000200020003,0.00020002000200020003,Regular,0.3583,0.2029,C25
U03251,2,2,0.00020002000200020003,0.00020002000200020003,Regular,0.125,0.0742,C01
U06398,2,2,0.00020002000200020003,0.00020002000200020003,Regular,0.1405,0.185,C23
U06393,2,2,0.00020002000200020003,0.00020002000200020003,Regular,0.1847,0.1513,C18
U06386,2,2,0.00020002000200020003,0.00020002000200020003,Regular,0.1678,0.1296,C11
U06784,2,2,0.00020002000200020003,0.00020002000200020003,Regular,0.3638,0.0339,C09
U06782,2,2,0.00020002000200020003,0.00020002000200020003,Regular,0.0737,0.3019,C07
U06780,2,2,0.00020002000200020003,0.00020002000200020003,Regular,0.2344,0.0576,C05
U06778,2,2,0.00020002000200020003,0.00020002000200020003,Regular,0.2764,0.31,C03
U06776,2,3,0.00020002000200020003,0.00030003000300030005,Regular,0.0988,0.0555,C01
U03562,2,2,0.00020002000200020003,0.00020002000200020003,Regular,0.0573,0.1778,C12
U00147,2,3,0.00020002000200020003,0.00030003000300030005,Regular,0.2439,0.0893,C22
U09688,2,2,0.00020002000200020003,0.00020002000200020003,Regular,0.2004,0.246,C13
U09683,2,2,0.00020002000200020003,0.00020002000200020003,Regular,0.1144,0.1091,C08
U09682,2,2,0.00020002000200020003,0.00020002000200020003,Regular,0.218,0.3401,C07
U09677,2,2,0.00020002000200020003,0.00020002000200020003,Regular,0.1485,0.0659,C02
U03574,2,2,0.00020002000200020003,0.00020002000200020003,Regular,0.2482,0.0023,C24
U01873,2,2,0.00020002000200020003,0.00020002000200020003,Regular,0.0807,0.1707,C23
U06798,2,2,0.00020002000200020003,0.00020002000200020003,Regular,0.1211,0.1089,C23
U06792,2,2,0.00020002000200020003,0.00020002000200020003,Regular,0.3114,0.048,C17
U06788,2,2,0.00020002000200020003,0.00020002000200020003,Regular,0.0983,0.0827,C13
U01696,2,2,0.00020002000200020003,0.00020002000200020003,Regular,0.34,0.127,C21
U03571,2,1,0.00020002000200020003,0.00010001000100010001,Regular,0.3537,0.0398,C21
U03570,2,2,0.00020002000200020003,0.00020002000200020003,Regular,0.2389,0.1903,C20
U03260,2,2,0.00020002000200020003,0.00020002000200020003,Regular,0.2648,0.035,C10
U03257,2,2,0.00020002000200020003,0.00020002000200020003,Regular,0.1816,0.1512,C07
U03255,2,2,0.00020002000200020003,0.00020002000200020003,Regular,0.2073,0.0754,C05
U03252,2,3,0.00020002000200020003,0.00030003000300030005,Regular,0.1972,0.1246,C02
U09671,2,2,0.00020002000200020003,0.00020002000200020003,Regular,0.1785,0.1654,C21
U09665,2,2,0.00020002000200020003,0.00020002000200020003,Regular,0.0915,0.0727,C15
U00175,2,2,0.00020002000200020003,0.00020002000200020003,Regular,0.1917,0.1483,C25
U00173,2,2,0.00020002000200020003,0.00020002000200020003,Regular,0.0811,0.0853,C23
U00172,2,3,0.00020002000200020003,0.00030003000300030005,Regular,0.1648,0.1056,C22
U06365,2,2,0.00020002000200020003,0.00020002000200020003,Regular,0.0854,0.2197,C15
U06362,2,2,0.00020002000200020003,0.00020002000200020003,Regular,0.1555,0.0598,C12
U06358,2,2,0.00020002000200020003,0.00020002000200020003,Regular,0.1785,0.051,C08
U06350,2,2,0.00020002000200020003,0.00020002000200020003,Regular,0.1832,0.1217,C25
U06348,2,2,0.00020002000200020003,0.00020002000200020003,Regular,0.2193,0.1377,C23
U01670,2,2,0.00020002000200020003,0.00020002000200020003,Regular,0.0453,0.0531,C20
U06807,2,1,0.00020002000200020003,0.00010001000100010001,Active,0.3076,0.245,C07
U06800,2,2,0.00020002000200020003,0.00020002000200020003,Regular,0.0923,0.2048,C25
U06799,2,2,0.00020002000200020003,0.00020002000200020003,Regular,0.1098,0.1858,C24
U00164,2,2,0.00020002000200020003,0.00020002000200020003,Regular,0.0975,0.1301,C14
U03593,2,3,0.00020002000200020003,0.00030003000300030005,Regular,0.0898,0.1924,C18
U03586,2,2,0.00020002000200020003,0.00020002000200020003,Regular,0.051,0.0447,C11
U03583,2,2,0.00020002000200020003,0.00020002000200020003,Regular,0.1094,0.112,C08
U09663,2,2,0.00020002000200020003,0.00020002000200020003,Regular,0.0559,0.1827,C13
U09659,2,2,0.00020002000200020003,0.00020002000200020003,Regular,0.1163,0.1511,C09
U09651,2,2,0.00020002000200020003,0.00020002000200020003,Active,0.5022,0.1112,C01
U09650,2,3,0.00020002000200020003,0.00030003000300030005,Regular,0.0758,0.2336,C25
U06338,2,3,0.00020002000200020003,0.00030003000300030005,Regular,0.2554,0.1482,C13
U01901,2,2,0.00020002000200020003,0.00020002000200020003,Regular,0.1386,0.2106,C01
U06828,2,2,0.00020002000200020003,0.00020002000200020003,Active,0.6426,0.4278,C03
U06827,2,2,0.00020002000200020003,0.00020002000200020003,Regular,0.0595,0.001,C02
U06817,2,2,0.00020002000200020003,0.00020002000200020003,Regular,0.2437,0.2193,C17
U01679,2,2,0.00020002000200020003,0.00020002000200020003,Regular,0.168,0.1699,C04
U01673,2,2,0.00020002000200020003,0.00020002000200020003,Regular,0.1757,0.3701,C23
U01671,2,2,0.00020002000200020003,0.00020002000200020003,Regular,0.0786,0.1991,C21
U06369,2,2,0.00020002000200020003,0.00020002000200020003,Regular,0.1593,0.0651,C19
U00185,2,2,0.00020002000200020003,0.00020002000200020003,Regular,0.1916,0.1621,C10
U00183,2,2,0.00020002000200020003,0.00020002000200020003,Regular,0.1568,0.0209,C08
U09640,2,3,0.00020002000200020003,0.00030003000300030005,Regular,0.1396,0.0347,C15
U03221,2,2,0.00020002000200020003,0.00020002000200020003,Regular,0.0599,0.3459,C21
U03247,2,2,0.00020002000200020003,0.00020002000200020003,Regular,0.1032,0.1826,C22
U03243,2,2,0.00020002000200020003,0.00020002000200020003,Regular,0.2606,0.0821,C18
U03240,2,2,0.00020002000200020003,0.00020002000200020003,Regular,0.1268,0.2567,C15
U03628,2,2,0.00020002000200020003,0.00020002000200020003,Regular,0.2463,0.1137,C03
U03625,2,2,0.00020002000200020003,0.00020002000200020003,Regular,0.0929,0.1058,C25
U06324,2,2,0.00020002000200020003,0.00020002000200020003,Regular,0.1106,0.1356,C24
U06322,2,2,0.00020002000200020003,0.00020002000200020003,Regular,0.4282,0.1154,C22
U06321,2,2,0.00020002000200020003,0.00020002000200020003,Regular,0.2886,0.2308,C21
U01654,2,2,0.00020002000200020003,0.00020002000200020003,Regular,0.0566,0.2025,C04
U01650,2,2,0.00020002000200020003,0.00020002000200020003,Regular,0.2626,0.4477,C25
U06841,2,2,0.00020002000200020003,0.00020002000200020003,Regular,0.1129,0.0357,C16
U06840,2,2,0.00020002000200020003,0.00020002000200020003,Regular,0.1173,0.0439,C15
U03624,2,2,0.00020002000200020003,0.00020002000200020003,Regular,0.3519,0.1333,C24
U03623,2,2,0.00020002000200020003,0.00020002000200020003,Regular,0.128,0.236,C23
U03232,2,2,0.00020002000200020003,0.00020002000200020003,Regular,0.1223,0.463,C07
U09619,2,2,0.00020002000200020003,0.00020002000200020003,Regular,0.1894,0.2954,C19
U00205,2,2,0.00020002000200020003,0.00020002000200020003,Regular,0.1469,0.1642,C05
U03201,2,1,0.00020002000200020003,0.00010001000100010001,Regular,0.2055,0.1536,C01
U03647,2,2,0.00020002000200020003,0.00020002000200020003,Regular,0.037,0.2148,C22
U06308,2,2,0.00020002000200020003,0.00020002000200020003,Regular,0.1614,0.3055,C08
U01920,2,2,0.00020002000200020003,0.00020002000200020003,Regular,0.0899,0.2076,C20
U01919,2,1,0.00020002000200020003,0.00010001000100010001,Regular,0.1497,0.1562,C19
U01917,2,2,0.00020002000200020003,0.00020002000200020003,Regular,0.1404,0.1606,C17
U06856,2,2,0.00020002000200020003,0.00020002000200020003,Regular,0.0768,0.1973,C06
U06849,2,2,0.00020002000200020003,0.00020002000200020003,Regular,0.0872,0.0919,C24
U01662,2,1,0.00020002000200020003,0.00010001000100010001,Regular,0.307,0.0509,C12
U06334,2,2,0.00020002000200020003,0.00020002000200020003,Regular,0.2044,0.1064,C09
U06332,2,2,0.00020002000200020003,0.00020002000200020003,Regular,0.3023,0.2575,C07
U06328,2,1,0.00020002000200020003,0.00010001000100010001,Regular,0.0875,0.2239,C03
U06295,2,3,0.00020002000200020003,0.00030003000300030005,Regular,0.1384,0.4313,C20
U06292,2,2,0.00020002000200020003,0.00020002000200020003,Regular,0.0876,0.2566,C17
U06289,2,2,0.00020002000200020003,0.00020002000200020003,Regular,0.0463,0.1246,C14
U01636,2,2,0.00020002000200020003,0.00020002000200020003,Regular,0.3921,0.0454,C11
U06872,2,2,0.00020002000200020003,0.00020002000200020003,Regular,0.0985,0.1069,C22
U06868,2,2,0.00020002000200020003,0.00020002000200020003,Regular,0.1975,0.2827,C18
U06866,2,2,0.00020002000200020003,0.00020002000200020003,Regular,0.5508,0.0802,C16
U06862,2,3,0.00020002000200020003,0.00030003000300030005,Regular,0.0964,0.3351,C12
U03645,2,2,0.00020002000200020003,0.00020002000200020003,Regular,0.2257,0.2529,C20
U03644,2,2,0.00020002000200020003,0.00020002000200020003,Regular,0.2369,0.1695,C19
U03636,2,2,0.00020002000200020003,0.00020002000200020003,Regular,0.2043,0.0631,C11
U03632,2,2,0.00020002000200020003,0.00020002000200020003,Regular,0.2078,0.0654,C07
U09614,2,3,0.00020002000200020003,0.00030003000300030005,Regular,0.0788,0.1084,C14
U09604,2,2,0.00020002000200020003,0.00020002000200020003,Regular,0.1387,0.1136,C04
U09599,2,1,0.00020002000200020003,0.00010001000100010001,Regular,0.0366,0.4501,C24
U03666,2,1,0.00020002000200020003,0.00010001000100010001,Regular,0.075,0.1314,C16
U03663,2,2,0.00020002000200020003,0.00020002000200020003,Regular,0.0864,0.1137,C13
U06271,2,1,0.00020002000200020003,0.00010001000100010001,Regular,0.0917,0.175,C21
U01644,2,2,0.00020002000200020003,0.00020002000200020003,Regular,0.2464,0.2343,C19
U01639,2,3,0.00020002000200020003,0.00030003000300030005,Regular,0.2665,0.0608,C14
U01905,2,2,0.00020002000200020003,0.00020002000200020003,Regular,0.1587,0.106,C05
U06303,2,2,0.00020002000200020003,0.00020002000200020003,Regular,0.2859,0.0957,C03
U03661,2,2,0.00020002000200020003,0.00020002000200020003,Regular,0.2755,0.1903,C11
U09596,2,2,0.00020002000200020003,0.00020002000200020003,Regular,0.3653,0.168,C21
U09592,2,2,0.00020002000200020003,0.00020002000200020003,Regular,0.2521,0.2204,C17
U00218,2,2,0.00020002000200020003,0.00020002000200020003,Regular,0.3317,0.1708,C18
U03191,2,0,0.00020002000200020003,0.0,Regular,0.1894,0.145,C16
U00216,2,1,0.00020002000200020003,0.00010001000100010001,Regular,0.1756,0.0383,C16
U00214,2,2,0.00020002000200020003,0.00020002000200020003,Regular,0.2633,0.0781,C14
U00211,2,2,0.00020002000200020003,0.00020002000200020003,Regular,0.1048,0.3728,C11
U09583,2,2,0.00020002000200020003,0.00020002000200020003,Regular,0.2277,0.2335,C08
U03688,2,2,0.00020002000200020003,0.00020002000200020003,Regular,0.0836,0.084,C13
U01622,2,2,0.00020002000200020003,0.00020002000200020003,Regular,0.0703,0.1382,C22
U01617,2,2,0.00020002000200020003,0.00020002000200020003,Regular,0.0253,0.2261,C17
U06904,2,2,0.00020002000200020003,0.00020002000200020003,Regular,0.1844,0.0989,C04
U06903,2,3,0.00020002000200020003,0.00030003000300030005,Regular,0.1565,0.1806,C03
U06899,2,2,0.00020002000200020003,0.00020002000200020003,Regular,0.2666,0.1583,C24
U06280,2,2,0.00020002000200020003,0.00020002000200020003,Regular,0.0606,0.0668,C05
U03681,2,2,0.00020002000200020003,0.00020002000200020003,Regular,0.0364,0.2725,C06
U03197,2,2,0.00020002000200020003,0.00020002000200020003,Regular,0.0881,0.2938,C22
U03194,2,2,0.00020002000200020003,0.00020002000200020003,Regular,0.2874,0.211,C19
U09564,2,2,0.00020002000200020003,0.00020002000200020003,Regular,0.0275,0.102,C14
U09554,2,2,0.00020002000200020003,0.00020002000200020003,Active,0.3273,0.2478,C04
U03170,2,3,0.00020002000200020003,0.00030003000300030005,Regular,0.0148,0.1645,C20
U03712,2,2,0.00020002000200020003,0.00020002000200020003,Regular,0.1361,0.2142,C12
U03708,2,2,0.00020002000200020003,0.00020002000200020003,Regular,0.0238,0.1006,C08
U03707,2,9,0.00020002000200020003,0.0009000900090009002,Regular,0.0776,0.2334,C07
U00239,2,2,0.00020002000200020003,0.00020002000200020003,Regular,0.0467,0.1882,C14
U00235,2,2,0.00020002000200020003,0.00020002000200020003,Regular,0.2229,0.1164,C10
U00233,2,10,0.00020002000200020003,0.001000100010001,Regular,0.184,0.1893,C08
U00228,2,1,0.00020002000200020003,0.00010001000100010001,Regular,0.4081,0.0765,C03
U00256,2,2,0.00020002000200020003,0.00020002000200020003,Regular,0.0428,0.2265,C06
U00254,2,2,0.00020002000200020003,0.00020002000200020003,Regular,0.1968,0.1496,C04
U03721,2,2,0.00020002000200020003,0.00020002000200020003,Regular,0.1045,0.2619,C21
U06267,2,2,0.00020002000200020003,0.00020002000200020003,Active,0.3196,0.381,C17
U06266,2,2,0.00020002000200020003,0.00020002000200020003,Regular,0.307,0.2715,C16
U06264,2,2,0.00020002000200020003,0.00020002000200020003,Regular,0.2538,0.184,C14
U06258,2,2,0.00020002000200020003,0.00020002000200020003,Active,0.2929,0.2612,C08
U01601,2,1,0.00020002000200020003,0.00010001000100010001,Regular,0.3592,0.0667,C01
U06925,2,0,0.00020002000200020003,0.0,Regular,0.1874,0.1244,C25
U06922,2,2,0.00020002000200020003,0.00020002000200020003,Regular,0.1059,0.1137,C22
U06918,2,2,0.00020002000200020003,0.00020002000200020003,Regular,0.3967,0.3085,C18
U03716,2,3,0.00020002000200020003,0.00030003000300030005,Regular,0.1252,0.1601,C16
U03715,2,2,0.00020002000200020003,0.00020002000200020003,Regular,0.0964,0.2059,C15
U03184,2,2,0.00020002000200020003,0.00020002000200020003,Regular,0.1263,0.3325,C09
U00245,2,2,0.00020002000200020003,0.00020002000200020003,Regular,0.1354,0.1579,C20
U09535,2,3,0.00020002000200020003,0.00030003000300030005,Regular,0.1421,0.2829,C10
U09532,2,2,0.00020002000200020003,0.00020002000200020003,Regular,0.4913,0.0643,C07
U03740,2,2,0.00020002000200020003,0.00020002000200020003,Regular,0.1553,0.0322,C15
U06944,2,2,0.00020002000200020003,0.00020002000200020003,Regular,0.1974,0.1161,C19
U01616,2,2,0.00020002000200020003,0.00020002000200020003,Regular,0.1537,0.1136,C16
U01612,2,2,0.00020002000200020003,0.00020002000200020003,Regular,0.1072,0.0824,C12
U01925,2,2,0.00020002000200020003,0.00020002000200020003,Regular,0.2212,0.152,C25
U06256,2,2,0.00020002000200020003,0.00020002000200020003,Regular,0.2097,0.0891,C06
U06254,2,2,0.00020002000200020003,0.00020002000200020003,Regular,0.0725,0.166,C04
U06269,2,2,0.00020002000200020003,0.00020002000200020003,Regular,0.2429,0.1773,C19
U06268,2,3,0.00020002000200020003,0.00030003000300030005,Regular,0.1325,0.0964,C18
U03161,2,2,0.00020002000200020003,0.00020002000200020003,Regular,0.0259,0.2758,C11
U09519,2,2,0.00020002000200020003,0.00020002000200020003,Regular,0.3048,0.3585,C19
U09515,2,3,0.00020002000200020003,0.00030003000300030005,Regular,0.0551,0.0826,C15
U09510,2,2,0.00020002000200020003,0.00020002000200020003,Regular,0.1086,0.1842,C10
U03755,2,2,0.00020002000200020003,0.00020002000200020003,Regular,0.1157,0.2462,C05
U06231,2,2,0.00020002000200020003,0.00020002000200020003,Regular,0.2406,0.1243,C06
U06225,2,2,0.00020002000200020003,0.00020002000200020003,Regular,0.1967,0.116,C25
U01951,2,4,0.00020002000200020003,0.00040004000400040005,Regular,0.1535,0.0942,C01
U01944,2,2,0.00020002000200020003,0.00020002000200020003,Regular,0.1809,0.0666,C19
U06961,2,2,0.00020002000200020003,0.00020002000200020003,Regular,0.0182,0.2705,C11
U06953,2,2,0.00020002000200020003,0.00020002000200020003,Regular,0.292,0.274,C03
U06949,2,3,0.00020002000200020003,0.00030003000300030005,Regular,0.1577,0.2081,C24
U03747,2,1,0.00020002000200020003,0.00010001000100010001,Regular,0.0494,0.1568,C22
U09503,2,2,0.00020002000200020003,0.00020002000200020003,Regular,0.1968,0.1532,C03
U09502,2,2,0.00020002000200020003,0.00020002000200020003,Regular,0.1881,0.0777,C02
U09494,2,2,0.00020002000200020003,0.00020002000200020003,Active,0.5304,0.3125,C19
U09491,2,1,0.00020002000200020003,0.00010001000100010001,Regular,0.3078,0.1979,C16
U09486,2,2,0.00020002000200020003,0.00020002000200020003,Regular,0.069,0.3107,C11
U03145,2,2,0.00020002000200020003,0.00020002000200020003,Regular,0.0911,0.1663,C20
U03776,2,2,0.00020002000200020003,0.00020002000200020003,Regular,0.1175,0.1879,C01
U01943,2,2,0.00020002000200020003,0.00020002000200020003,Regular,0.2757,0.0506,C18
U06221,2,2,0.00020002000200020003,0.00020002000200020003,Regular,0.186,0.348,C21
U06215,2,2,0.00020002000200020003,0.00020002000200020003,Regular,0.1682,0.0748,C15
U06214,2,1,0.00020002000200020003,0.00010001000100010001,Regular,0.0902,0.2162,C14
U06212,2,2,0.00020002000200020003,0.00020002000200020003,Regular,0.1606,0.0681,C12
U06211,2,2,0.00020002000200020003,0.00020002000200020003,Regular,0.0716,0.1512,C11
U06210,2,2,0.00020002000200020003,0.00020002000200020003,Regular,0.2501,0.0816,C10
U06964,2,2,0.00020002000200020003,0.00020002000200020003,Regular,0.2871,0.0604,C14
U06238,2,2,0.00020002000200020003,0.00020002000200020003,Regular,0.1425,0.1187,C13
U03773,2,2,0.00020002000200020003,0.00020002000200020003,Regular,0.5192,0.2406,C23
U03762,2,2,0.00020002000200020003,0.00020002000200020003,Regular,0.2378,0.0489,C12
U09477,2,2,0.00020002000200020003,0.00020002000200020003,Regular,0.2208,0.0744,C02
U00268,2,2,0.00020002000200020003,0.00020002000200020003,Regular,0.1503,0.2814,C18
U03793,2,2,0.00020002000200020003,0.00020002000200020003,Regular,0.1437,0.197,C18
U03792,2,2,0.00020002000200020003,0.00020002000200020003,Regular,0.1202,0.1991,C17
U03791,2,2,0.00020002000200020003,0.00020002000200020003,Regular,0.1712,0.1402,C16
U03146,2,1,0.00020002000200020003,0.00010001000100010001,Regular,0.2367,0.284,C21
U03127,2,2,0.00020002000200020003,0.00020002000200020003,Regular,0.2725,0.0686,C02
U06201,2,2,0.00020002000200020003,0.00020002000200020003,Regular,0.1163,0.1967,C01
U06192,2,2,0.00020002000200020003,0.00020002000200020003,Regular,0.2363,0.0268,C17
U06989,2,2,0.00020002000200020003,0.00020002000200020003,Regular,0.0797,0.2433,C14
U06987,2,2,0.00020002000200020003,0.00020002000200020003,Regular,0.2081,0.181,C12
U06981,2,2,0.00020002000200020003,0.00020002000200020003,Regular,0.2252,0.1871,C06
U01598,2,2,0.00020002000200020003,0.00020002000200020003,Regular,0.1761,0.0953,C23
U01596,2,2,0.00020002000200020003,0.00020002000200020003,Regular,0.1585,0.184,C21
U01592,2,2,0.00020002000200020003,0.00020002000200020003,Regular,0.3498,0.0713,C17
U03126,2,1,0.00020002000200020003,0.00010001000100010001,Regular,0.0333,0.1615,C01
U03122,2,2,0.00020002000200020003,0.00020002000200020003,Regular,0.2346,0.0638,C22
U03808,2,2,0.00020002000200020003,0.00020002000200020003,Regular,0.256,0.062,C08
U03800,2,2,0.00020002000200020003,0.00020002000200020003,Regular,0.3962,0.0446,C25
U03796,2,2,0.00020002000200020003,0.00020002000200020003,Regular,0.2646,0.0634,C21
U09470,2,2,0.00020002000200020003,0.00020002000200020003,Active,0.6544,0.2238,C20
U09468,2,2,0.00020002000200020003,0.00020002000200020003,Regular,0.2965,0.1981,C18
U09466,2,2,0.00020002000200020003,0.00020002000200020003,Regular,0.1814,0.1265,C16
U09463,2,2,0.00020002000200020003,0.00020002000200020003,Regular,0.1587,0.2797,C13
U09460,2,2,0.00020002000200020003,0.00020002000200020003,Regular,0.0732,0.2656,C10
U01579,2,4,0.00020002000200020003,0.00040004000400040005,Regular,0.1265,0.0339,C04
U06188,2,4,0.00020002000200020003,0.00040004000400040005,Regular,0.2179,0.122,C13
U06184,2,2,0.00020002000200020003,0.00020002000200020003,Regular,0.2506,0.0812,C09
U01962,2,2,0.00020002000200020003,0.00020002000200020003,Regular,0.038,0.0453,C12
U06997,2,1,0.00020002000200020003,0.00010001000100010001,Regular,0.1103,0.1667,C22
U06207,2,4,0.00020002000200020003,0.00040004000400040005,Regular,0.3175,0.279,C07
U06205,2,2,0.00020002000200020003,0.00020002000200020003,Regular,0.1338,0.1252,C05
U09456,2,2,0.00020002000200020003,0.00020002000200020003,Regular,0.0909,0.1568,C06
U09445,2,2,0.00020002000200020003,0.00020002000200020003,Regular,0.0704,0.0153,C20
U00285,2,2,0.00020002000200020003,0.00020002000200020003,Regular,0.4729,0.1564,C10
U00282,2,2,0.00020002000200020003,0.00020002000200020003,Regular,0.1091,0.0211,C07
U00279,2,2,0.00020002000200020003,0.00020002000200020003,Regular,0.0869,0.2212,C04
U09440,2,2,0.00020002000200020003,0.00020002000200020003,Regular,0.0487,0.0758,C15
U03130,2,3,0.00020002000200020003,0.00030003000300030005,Regular,0.2332,0.0604,C05
U03840,2,2,0.00020002000200020003,0.00020002000200020003,Regular,0.2628,0.2075,C15
U06175,2,2,0.00020002000200020003,0.00020002000200020003,Regular,0.0498,0.1425,C25
U06170,2,2,0.00020002000200020003,0.00020002000200020003,Regular,0.0593,0.1661,C20
U06169,2,2,0.00020002000200020003,0.00020002000200020003,Regular,0.3199,0.1411,C19
U06158,2,2,0.00020002000200020003,0.00020002000200020003,Regular,0.0626,0.4805,C08
U07023,2,2,0.00020002000200020003,0.00020002000200020003,Active,0.3504,0.2929,C23
U07020,2,2,0.00020002000200020003,0.00020002000200020003,Regular,0.1953,0.0727,C20
U07016,2,2,0.00020002000200020003,0.00020002000200020003,Regular,0.1837,0.4609,C16
U07013,2,2,0.00020002000200020003,0.00020002000200020003,Regular,0.2394,0.0479,C13
U01583,2,2,0.00020002000200020003,0.00020002000200020003,Regular,0.1089,0.1528,C08
U03836,2,2,0.00020002000200020003,0.00020002000200020003,Regular,0.0918,0.2145,C11
U03831,2,2,0.00020002000200020003,0.00020002000200020003,Regular,0.0437,0.2677,C06
U03828,2,1,0.00020002000200020003,0.00010001000100010001,Regular,0.0136,0.2566,C03
U09437,2,2,0.00020002000200020003,0.00020002000200020003,Regular,0.3059,0.0833,C12
U09425,2,3,0.00020002000200020003,0.00030003000300030005,Regular,0.1732,0.0398,C25
U00304,2,3,0.00020002000200020003,0.00030003000300030005,Regular,0.3908,0.0378,C04
U00303,2,2,0.00020002000200020003,0.00020002000200020003,Regular,0.0775,0.1809,C03
U00302,2,2,0.00020002000200020003,0.00020002000200020003,Regular,0.0395,0.2407,C02
U00300,2,2,0.00020002000200020003,0.00020002000200020003,Regular,0.3599,0.1451,C25
U06154,2,2,0.00020002000200020003,0.00020002000200020003,Regular,0.0955,0.1737,C04
U06153,2,2,0.00020002000200020003,0.00020002000200020003,Regular,0.1729,0.1629,C03
U06146,2,2,0.00020002000200020003,0.00020002000200020003,Regular,0.1211,0.1388,C21
U01984,2,2,0.00020002000200020003,0.00020002000200020003,Regular,0.2316,0.0513,C09
U01561,2,3,0.00020002000200020003,0.00030003000300030005,Regular,0.3544,0.0617,C11
U01555,2,1,0.00020002000200020003,0.00010001000100010001,Regular,0.3078,0.151,C05
U07030,2,2,0.00020002000200020003,0.00020002000200020003,Regular,0.0468,0.1895,C05
U07027,2,1,0.00020002000200020003,0.00010001000100010001,Regular,0.3994,0.0846,C02
U01957,2,2,0.00020002000200020003,0.00020002000200020003,Regular,0.2949,0.0086,C07
U01955,2,2,0.00020002000200020003,0.00020002000200020003,Active,0.2311,0.6117,C05
U06142,2,2,0.00020002000200020003,0.00020002000200020003,Regular,0.1303,0.2026,C17
U06139,2,2,0.00020002000200020003,0.00020002000200020003,Regular,0.0652,0.1054,C14
U06137,2,2,0.00020002000200020003,0.00020002000200020003,Regular,0.1221,0.1668,C12
U07055,2,2,0.00020002000200020003,0.00020002000200020003,Regular,0.1123,0.5311,C05
U07050,2,2,0.00020002000200020003,0.00020002000200020003,Regular,0.0818,0.0853,C25
U07041,2,2,0.00020002000200020003,0.00020002000200020003,Regular,0.0351,0.0873,C16
U01568,2,2,0.00020002000200020003,0.00020002000200020003,Regular,0.0532,0.1355,C18
U06157,2,2,0.00020002000200020003,0.00020002000200020003,Active,0.3841,0.3789,C07
U06155,2,2,0.00020002000200020003,0.00020002000200020003,Regular,0.1021,0.0658,C05
U03851,2,1,0.00020002000200020003,0.00010001000100010001,Regular,0.0649,0.2581,C01
U03846,2,8,0.00020002000200020003,0.0008000800080008001,Regular,0.0649,0.324,C21
U09411,2,2,0.00020002000200020003,0.00020002000200020003,Regular,0.1714,0.279,C11
U09405,2,2,0.00020002000200020003,0.00020002000200020003,Regular,0.1989,0.1115,C05
U09395,2,2,0.00020002000200020003,0.00020002000200020003,Regular,0.1028,0.1204,C20
U03092,2,2,0.00020002000200020003,0.00020002000200020003,Regular,0.121,0.0831,C17
U03090,2,2,0.00020002000200020003,0.00020002000200020003,Regular,0.1185,0.1381,C15
U03866,2,2,0.00020002000200020003,0.00020002000200020003,Regular,0.1954,0.0266,C16
U03864,2,2,0.00020002000200020003,0.00020002000200020003,Regular,0.0552,0.2191,C14
U09377,2,2,0.00020002000200020003,0.00020002000200020003,Regular,0.1997,0.2528,C02
U00331,2,2,0.00020002000200020003,0.00020002000200020003,Regular,0.1837,0.1914,C06
U00330,2,2,0.00020002000200020003,0.00020002000200020003,Regular,0.3544,0.0554,C05
U06116,2,2,0.00020002000200020003,0.00020002000200020003,Regular,0.3933,0.0549,C16
U06114,2,2,0.00020002000200020003,0.00020002000200020003,Regular,0.2253,0.0959,C14
U06109,2,5,0.00020002000200020003,0.0005000500050005,Regular,0.2176,0.2775,C09
U06107,2,2,0.00020002000200020003,0.00020002000200020003,Regular,0.1557,0.0422,C07
U07071,2,2,0.00020002000200020003,0.00020002000200020003,Regular,0.0464,0.2401,C21
U07066,2,2,0.00020002000200020003,0.00020002000200020003,Regular,0.0977,0.1444,C16
U07061,2,3,0.00020002000200020003,0.00030003000300030005,Regular,0.1573,0.2214,C11
U01970,2,2,0.00020002000200020003,0.00020002000200020003,Regular,0.2586,0.1703,C20
U00329,2,2,0.00020002000200020003,0.00020002000200020003,Regular,0.1506,0.3405,C04
U09376,2,2,0.00020002000200020003,0.00020002000200020003,Regular,0.3117,0.3532,C01
U09371,2,2,0.00020002000200020003,0.00020002000200020003,Regular,0.1815,0.1794,C21
U09366,2,2,0.00020002000200020003,0.00020002000200020003,Regular,0.1374,0.2047,C16
U09363,2,2,0.00020002000200020003,0.00020002000200020003,Regular,0.1441,0.0225,C13
U00351,2,2,0.00020002000200020003,0.00020002000200020003,Regular,0.2402,0.0432,C01
U00346,2,2,0.00020002000200020003,0.00020002000200020003,Regular,0.0838,0.1135,C21
U03884,2,3,0.00020002000200020003,0.00030003000300030005,Regular,0.2145,0.0367,C09
U07080,2,2,0.00020002000200020003,0.00020002000200020003,Regular,0.0159,0.0821,C05
U07075,2,2,0.00020002000200020003,0.00020002000200020003,Regular,0.0964,0.0844,C25
U01527,2,2,0.00020002000200020003,0.00020002000200020003,Regular,0.1713,0.1291,C02
U06124,2,2,0.00020002000200020003,0.00020002000200020003,Regular,0.0812,0.2006,C24
U03098,2,2,0.00020002000200020003,0.00020002000200020003,Regular,0.1569,0.1873,C23
U03894,2,2,0.00020002000200020003,0.00020002000200020003,Regular,0.1307,0.0967,C19
U03891,2,3,0.00020002000200020003,0.00030003000300030005,Regular,0.0571,0.17,C16
U03082,2,1,0.00020002000200020003,0.00010001000100010001,Regular,0.159,0.0653,C07
U03075,2,2,0.00020002000200020003,0.00020002000200020003,Regular,0.1087,0.3007,C25
U03074,2,2,0.00020002000200020003,0.00020002000200020003,Regular,0.117,0.1909,C24
U09350,2,2,0.00020002000200020003,0.00020002000200020003,Regular,0.1385,0.3175,C25
U03926,2,2,0.00020002000200020003,0.00020002000200020003,Regular,0.523,0.3009,C01
U03922,2,2,0.00020002000200020003,0.00020002000200020003,Regular,0.146,0.08,C22
U03919,2,8,0.00020002000200020003,0.0008000800080008001,Regular,0.1338,0.2046,C19
U03917,2,2,0.00020002000200020003,0.00020002000200020003,Regular,0.2112,0.3465,C17
U03915,2,2,0.00020002000200020003,0.00020002000200020003,Regular,0.1219,0.0445,C15
U02011,2,2,0.00020002000200020003,0.00020002000200020003,Regular,0.156,0.1171,C11
U01506,2,2,0.00020002000200020003,0.00020002000200020003,Regular,0.0742,0.0991,C06
U07102,2,2,0.00020002000200020003,0.00020002000200020003,Regular,0.1153,0.2296,C02
U07101,2,2,0.00020002000200020003,0.00020002000200020003,Regular,0.2123,0.1533,C01
U07100,2,2,0.00020002000200020003,0.00020002000200020003,Regular,0.1812,0.1353,C25
U07099,2,2,0.00020002000200020003,0.00020002000200020003,Active,0.3484,0.2899,C24
U06104,2,2,0.00020002000200020003,0.00020002000200020003,Regular,0.2742,0.0505,C04
U06100,2,2,0.00020002000200020003,0.00020002000200020003,Regular,0.0449,0.2959,C25
U06098,2,2,0.00020002000200020003,0.00020002000200020003,Regular,0.21,0.0676,C23
U03909,2,3,0.00020002000200020003,0.00030003000300030005,Regular,0.325,0.1386,C09
U03908,2,2,0.00020002000200020003,0.00020002000200020003,Regular,0.1932,0.0815,C08
U03907,2,2,0.00020002000200020003,0.00020002000200020003,Regular,0.3398,0.0499,C07
U03906,2,2,0.00020002000200020003,0.00020002000200020003,Regular,0.3047,0.0305,C06
U03899,2,2,0.00020002000200020003,0.00020002000200020003,Regular,0.0898,0.1178,C24
U09324,2,2,0.00020002000200020003,0.00020002000200020003,Regular,0.1433,0.108,C24
U09319,2,2,0.00020002000200020003,0.00020002000200020003,Regular,0.1773,0.0172,C19
U09318,2,2,0.00020002000200020003,0.00020002000200020003,Regular,0.2635,0.1832,C18
U07117,2,2,0.00020002000200020003,0.00020002000200020003,Active,0.2113,0.1128,C17
U07115,2,2,0.00020002000200020003,0.00020002000200020003,Regular,0.1381,0.0519,C15
U07111,2,2,0.00020002000200020003,0.00020002000200020003,Regular,0.0898,0.0563,C11
U01516,2,2,0.00020002000200020003,0.00020002000200020003,Regular,0.415,0.0947,C16
U06085,2,2,0.00020002000200020003,0.00020002000200020003,Regular,0.1546,0.0665,C10
U02015,2,2,0.00020002000200020003,0.00020002000200020003,Regular,0.1948,0.0758,C15
U03934,2,7,0.00020002000200020003,0.0007000700070007,Active,0.7055,0.2371,C09
U03929,2,2,0.00020002000200020003,0.00020002000200020003,Regular,0.1058,0.0672,C04
U09307,2,2,0.00020002000200020003,0.00020002000200020003,Regular,0.1536,0.2,C07
U09299,2,2,0.00020002000200020003,0.00020002000200020003,Regular,0.3188,0.0695,C24
U00361,2,2,0.00020002000200020003,0.00020002000200020003,Regular,0.0841,0.0541,C11
U00359,2,2,0.00020002000200020003,0.00020002000200020003,Regular,0.2436,0.1995,C09
U00353,2,2,0.00020002000200020003,0.00020002000200020003,Regular,0.2318,0.068,C03
U03946,2,2,0.00020002000200020003,0.00020002000200020003,Active,0.4232,0.4321,C21
U03938,2,2,0.00020002000200020003,0.00020002000200020003,Regular,0.1877,0.1165,C13
U03069,2,5,0.00020002000200020003,0.0005000500050005,Regular,0.2357,0.0493,C19
U02027,2,2,0.00020002000200020003,0.00020002000200020003,Regular,0.0428,0.291,C02
U07138,2,2,0.00020002000200020003,0.00020002000200020003,Regular,0.2165,0.1459,C13
U07132,2,2,0.00020002000200020003,0.00020002000200020003,Regular,0.0347,0.134,C07
U07124,2,2,0.00020002000200020003,0.00020002000200020003,Regular,0.1701,0.1415,C24
U06073,2,2,0.00020002000200020003,0.00020002000200020003,Regular,0.1924,0.2098,C23
U06067,2,1,0.00020002000200020003,0.00010001000100010001,Regular,0.2528,0.106,C17
U03041,2,2,0.00020002000200020003,0.00020002000200020003,Regular,0.1145,0.236,C16
U03957,2,2,0.00020002000200020003,0.00020002000200020003,Regular,0.1334,0.1987,C07
U03955,2,2,0.00020002000200020003,0.00020002000200020003,Regular,0.2563,0.0805,C05
U09283,2,2,0.00020002000200020003,0.00020002000200020003,Regular,0.2139,0.1539,C08
U09282,2,2,0.00020002000200020003,0.00020002000200020003,Regular,0.1414,0.0765,C07
U00380,2,2,0.00020002000200020003,0.00020002000200020003,Regular,0.3353,0.0385,C05
U00373,2,2,0.00020002000200020003,0.00020002000200020003,Regular,0.2085,0.0541,C23
U00371,2,2,0.00020002000200020003,0.00020002000200020003,Regular,0.1254,0.0571,C21
U03984,2,2,0.00020002000200020003,0.00020002000200020003,Regular,0.2353,0.142,C09
U06036,2,2,0.00020002000200020003,0.00020002000200020003,Regular,0.2036,0.035,C11
U06027,2,2,0.00020002000200020003,0.00020002000200020003,Regular,0.2092,0.0984,C02
U01490,2,2,0.00020002000200020003,0.00020002000200020003,Regular,0.1473,0.3939,C15
U07149,2,2,0.00020002000200020003,0.00020002000200020003,Regular,0.1708,0.1805,C24
U07140,2,2,0.00020002000200020003,0.00020002000200020003,Active,0.4084,0.2398,C15
U06054,2,2,0.00020002000200020003,0.00020002000200020003,Regular,0.2138,0.3328,C04
U06051,2,2,0.00020002000200020003,0.00020002000200020003,Regular,0.0368,0.1965,C01
U03979,2,2,0.00020002000200020003,0.00020002000200020003,Regular,0.1772,0.0904,C04
U03975,2,2,0.00020002000200020003,0.00020002000200020003,Regular,0.1525,0.0299,C25
U03054,2,2,0.00020002000200020003,0.00020002000200020003,Regular,0.0394,0.1497,C04
U03047,2,2,0.00020002000200020003,0.00020002000200020003,Regular,0.1034,0.1048,C22
U09279,2,2,0.00020002000200020003,0.00020002000200020003,Regular,0.1256,0.2186,C04
U09275,2,2,0.00020002000200020003,0.00020002000200020003,Regular,0.1669,0.1805,C25
U09265,2,8,0.00020002000200020003,0.0008000800080008001,Regular,0.1286,0.2753,C15
U00398,2,2,0.00020002000200020003,0.00020002000200020003,Regular,0.0434,0.0721,C23
U00393,2,2,0.00020002000200020003,0.00020002000200020003,Regular,0.2931,0.1765,C18
U00392,2,2,0.00020002000200020003,0.00020002000200020003,Regular,0.2267,0.1047,C17
U02035,2,2,0.00020002000200020003,0.00020002000200020003,Regular,0.2867,0.242,C10
U07161,2,2,0.00020002000200020003,0.00020002000200020003,Regular,0.1159,0.0314,C11
U07159,2,2,0.00020002000200020003,0.00020002000200020003,Regular,0.1636,0.1897,C09
U07154,2,2,0.00020002000200020003,0.00020002000200020003,Regular,0.3307,0.057,C04
U01500,2,2,0.00020002000200020003,0.00020002000200020003,Regular,0.0982,0.1165,C25
U01496,2,2,0.00020002000200020003,0.00020002000200020003,Regular,0.2201,0.0663,C21
U03027,2,2,0.00020002000200020003,0.00020002000200020003,Regular,0.2221,0.1402,C02
U03026,2,2,0.00020002000200020003,0.00020002000200020003,Regular,0.0813,0.1492,C01
U03999,2,2,0.00020002000200020003,0.00020002000200020003,Regular,0.2552,0.0486,C24
U03993,2,2,0.00020002000200020003,0.00020002000200020003,Regular,0.0746,0.1084,C18
U03990,2,2,0.00020002000200020003,0.00020002000200020003,Regular,0.1469,0.0866,C15
U00385,2,2,0.00020002000200020003,0.00020002000200020003,Regular,0.2896,0.249,C10
U02051,2,2,0.00020002000200020003,0.00020002000200020003,Regular,0.2324,0.1466,C01
U07175,2,2,0.00020002000200020003,0.00020002000200020003,Regular,0.3725,0.146,C25
U07170,2,2,0.00020002000200020003,0.00020002000200020003,Regular,0.0109,0.3239,C20
U01485,2,2,0.00020002000200020003,0.00020002000200020003,Regular,0.4303,0.0768,C10
U06026,2,3,0.00020002000200020003,0.00030003000300030005,Active,0.3266,0.3941,C01
U06018,2,2,0.00020002000200020003,0.00020002000200020003,Regular,0.0967,0.1603,C18
U02042,2,2,0.00020002000200020003,0.00020002000200020003,Regular,0.0933,0.0767,C17
U02040,2,2,0.00020002000200020003,0.00020002000200020003,Regular,0.2285,0.4107,C15
U02039,2,1,0.00020002000200020003,0.00010001000100010001,Regular,0.0879,0.1488,C14
U09240,2,2,0.00020002000200020003,0.00020002000200020003,Regular,0.0268,0.2078,C15
U09235,2,2,0.00020002000200020003,0.00020002000200020003,Regular,0.3524,0.2214,C10
U00415,2,1,0.00020002000200020003,0.00010001000100010001,Regular,0.0687,0.1755,C15
U00414,2,2,0.00020002000200020003,0.00020002000200020003,Regular,0.3114,0.0697,C14
U04011,2,2,0.00020002000200020003,0.00020002000200020003,Regular,0.1598,0.0208,C11
U04003,2,2,0.00020002000200020003,0.00020002000200020003,Regular,0.1698,0.043,C03
U04001,2,2,0.00020002000200020003,0.00020002000200020003,Regular,0.1002,0.2076,C01
U01467,2,2,0.00020002000200020003,0.00020002000200020003,Regular,0.0577,0.1484,C17
U07184,2,2,0.00020002000200020003,0.00020002000200020003,Regular,0.2408,0.0665,C09
U07181,2,2,0.00020002000200020003,0.00020002000200020003,Regular,0.2753,0.1878,C06
U07180,2,2,0.00020002000200020003,0.00020002000200020003,Regular,0.1724,0.1066,C05
U02064,2,2,0.00020002000200020003,0.00020002000200020003,Regular,0.0199,0.0524,C14
U02060,2,2,0.00020002000200020003,0.00020002000200020003,Regular,0.0924,0.0331,C10
U02056,2,8,0.00020002000200020003,0.0008000800080008001,Regular,0.1948,0.0978,C06
U03036,2,2,0.00020002000200020003,0.00020002000200020003,Regular,0.1722,0.1576,C11
U04032,2,2,0.00020002000200020003,0.00020002000200020003,Regular,0.3567,0.2924,C07
U09212,2,2,0.00020002000200020003,0.00020002000200020003,Regular,0.0201,0.1078,C12
U00427,2,2,0.00020002000200020003,0.00020002000200020003,Regular,0.0629,0.1097,C02
U00425,2,2,0.00020002000200020003,0.00020002000200020003,Regular,0.3039,0.1509,C25
U03015,2,2,0.00020002000200020003,0.00020002000200020003,Regular,0.1912,0.059,C15
U03014,2,2,0.00020002000200020003,0.00020002000200020003,Active,0.252,0.3051,C14
U02072,2,2,0.00020002000200020003,0.00020002000200020003,Regular,0.0752,0.0596,C22
U07216,2,2,0.00020002000200020003,0.00020002000200020003,Regular,0.1294,0.1207,C16
U07208,2,2,0.00020002000200020003,0.00020002000200020003,Regular,0.129,0.0438,C08
U05990,2,2,0.00020002000200020003,0.00020002000200020003,Regular,0.342,0.0567,C15
U04040,2,2,0.00020002000200020003,0.00020002000200020003,Regular,0.1269,0.1135,C15
U02994,2,2,0.00020002000200020003,0.00020002000200020003,Regular,0.1192,0.0228,C19
U04060,2,1,0.00020002000200020003,0.00010001000100010001,Regular,0.0525,0.3137,C10
U03023,2,2,0.00020002000200020003,0.00020002000200020003,Regular,0.0989,0.1026,C23
U03021,2,2,0.00020002000200020003,0.00020002000200020003,Regular,0.1463,0.0221,C21
U09198,2,2,0.00020002000200020003,0.00020002000200020003,Regular,0.3357,0.1305,C23
U09183,2,2,0.00020002000200020003,0.00020002000200020003,Regular,0.2016,0.315,C08
U04065,2,1,0.00020002000200020003,0.00010001000100010001,Regular,0.0766,0.121,C15
U03001,2,2,0.00020002000200020003,0.00020002000200020003,Regular,0.0819,0.0571,C01
U02995,2,2,0.00020002000200020003,0.00020002000200020003,Regular,0.1788,0.2257,C20
U09176,2,2,0.00020002000200020003,0.00020002000200020003,Regular,0.1896,0.1365,C01
U09170,2,2,0.00020002000200020003,0.00020002000200020003,Regular,0.0856,0.3312,C20
U00447,2,2,0.00020002000200020003,0.00020002000200020003,Regular,0.2998,0.0685,C22
U05963,2,2,0.00020002000200020003,0.00020002000200020003,Regular,0.1552,0.0102,C13
U02096,2,2,0.00020002000200020003,0.00020002000200020003,Regular,0.0322,0.1341,C21
U02093,2,2,0.00020002000200020003,0.00020002000200020003,Regular,0.0595,0.1784,C18
U07220,2,2,0.00020002000200020003,0.00020002000200020003,Regular,0.2637,0.063,C20
U01455,2,2,0.00020002000200020003,0.00020002000200020003,Active,0.4163,0.2298,C05
U01453,2,1,0.00020002000200020003,0.00010001000100010001,Regular,0.1719,0.0476,C03
U05975,2,2,0.00020002000200020003,0.00020002000200020003,Regular,0.09,0.1193,C25
U04082,2,1,0.00020002000200020003,0.00010001000100010001,Regular,0.1252,0.208,C07
U09168,2,3,0.00020002000200020003,0.00030003000300030005,Regular,0.1065,0.206,C18
U04108,2,2,0.00020002000200020003,0.00020002000200020003,Regular,0.1334,0.0705,C08
U04103,2,2,0.00020002000200020003,0.00020002000200020003,Regular,0.193,0.1596,C03
U04100,2,2,0.00020002000200020003,0.00020002000200020003,Regular,0.1071,0.2892,C25
U02989,2,2,0.00020002000200020003,0.00020002000200020003,Regular,0.1562,0.0465,C14
U09141,2,2,0.00020002000200020003,0.00020002000200020003,Regular,0.0485,0.1709,C16
U09139,2,2,0.00020002000200020003,0.00020002000200020003,Regular,0.1487,0.2686,C14
U09133,2,1,0.00020002000200020003,0.00010001000100010001,Regular,0.1262,0.1695,C08
U04121,2,2,0.00020002000200020003,0.00020002000200020003,Regular,0.18,0.2477,C21
U05950,2,2,0.00020002000200020003,0.00020002000200020003,Regular,0.155,0.1618,C25
U05946,2,2,0.00020002000200020003,0.00020002000200020003,Regular,0.2851,0.0355,C21
U05939,2,2,0.00020002000200020003,0.00020002000200020003,Regular,0.2196,0.158,C14
U02108,2,2,0.00020002000200020003,0.00020002000200020003,Regular,0.0594,0.1433,C08
U01427,2,2,0.00020002000200020003,0.00020002000200020003,Regular,0.1676,0.1193,C02
U07246,2,2,0.00020002000200020003,0.00020002000200020003,Regular,0.185,0.3718,C21
U07238,2,2,0.00020002000200020003,0.00020002000200020003,Regular,0.1959,0.1159,C13
U07236,2,3,0.00020002000200020003,0.00030003000300030005,Regular,0.2961,0.1834,C11
U05965,2,2,0.00020002000200020003,0.00020002000200020003,Regular,0.1044,0.0692,C15
U04117,2,2,0.00020002000200020003,0.00020002000200020003,Regular,0.2531,0.1002,C17
U09126,2,2,0.00020002000200020003,0.00020002000200020003,Regular,0.3069,0.2296,C01
U09123,2,1,0.00020002000200020003,0.00010001000100010001,Regular,0.2121,0.1856,C23
U00458,2,2,0.00020002000200020003,0.00020002000200020003,Regular,0.2506,0.2341,C08
U04140,2,2,0.00020002000200020003,0.00020002000200020003,Regular,0.0962,0.1189,C15
U02975,2,2,0.00020002000200020003,0.00020002000200020003,Active,0.2312,0.3059,C25
U07266,2,2,0.00020002000200020003,0.00020002000200020003,Regular,0.1295,0.086,C16
U07264,2,2,0.00020002000200020003,0.00020002000200020003,Regular,0.0808,0.1595,C14
U07257,2,2,0.00020002000200020003,0.00020002000200020003,Regular,0.1297,0.1837,C07
U07253,2,2,0.00020002000200020003,0.00020002000200020003,Regular,0.2806,0.1496,C03
U07252,2,1,0.00020002000200020003,0.00010001000100010001,Regular,0.069,0.1906,C02
U01434,2,2,0.00020002000200020003,0.00020002000200020003,Regular,0.2058,0.1405,C09
U01432,2,1,0.00020002000200020003,0.00010001000100010001,Regular,0.1757,0.2379,C07
U05951,2,2,0.00020002000200020003,0.00020002000200020003,Regular,0.2143,0.1378,C01
U04147,2,2,0.00020002000200020003,0.00020002000200020003,Regular,0.2022,0.2082,C22
U02953,2,4,0.00020002000200020003,0.00040004000400040005,Regular,0.1768,0.0299,C03
U00453,2,1,0.00020002000200020003,0.00010001000100010001,Regular,0.2776,0.0707,C03
U00449,2,2,0.00020002000200020003,0.00020002000200020003,Regular,0.1741,0.2122,C24
U09118,2,2,0.00020002000200020003,0.00020002000200020003,Regular,0.0795,0.2392,C18
U09111,2,3,0.00020002000200020003,0.00030003000300030005,Regular,0.1195,0.2289,C11
U09104,2,2,0.00020002000200020003,0.00020002000200020003,Regular,0.1059,0.2446,C04
U09102,2,2,0.00020002000200020003,0.00020002000200020003,Regular,0.2699,0.013,C02
U09093,2,2,0.00020002000200020003,0.00020002000200020003,Regular,0.116,0.1614,C18
U00466,2,2,0.00020002000200020003,0.00020002000200020003,Regular,0.282,0.0451,C16
U09087,2,2,0.00020002000200020003,0.00020002000200020003,Regular,0.2203,0.0555,C12
U04170,2,2,0.00020002000200020003,0.00020002000200020003,Regular,0.109,0.0459,C20
U04168,2,2,0.00020002000200020003,0.00020002000200020003,Regular,0.0633,0.1613,C18
U02101,2,2,0.00020002000200020003,0.00020002000200020003,Regular,0.2465,0.2214,C01
U02098,2,3,0.00020002000200020003,0.00030003000300030005,Regular,0.0477,0.0904,C23
U05935,2,2,0.00020002000200020003,0.00020002000200020003,Regular,0.1372,0.1915,C10
U05934,2,1,0.00020002000200020003,0.00010001000100010001,Regular,0.1924,0.1745,C09
U05933,2,2,0.00020002000200020003,0.00020002000200020003,Regular,0.0667,0.0873,C08
U05930,2,2,0.00020002000200020003,0.00020002000200020003,Regular,0.0738,0.1262,C05
U05925,2,2,0.00020002000200020003,0.00020002000200020003,Regular,0.2268,0.3403,C25
U04162,2,2,0.00020002000200020003,0.00020002000200020003,Regular,0.0358,0.1682,C12
U04161,2,2,0.00020002000200020003,0.00020002000200020003,Regular,0.1415,0.2593,C11
U04192,2,6,0.00020002000200020003,0.0006000600060006001,Regular,0.1893,0.3242,C17
U04188,2,2,0.00020002000200020003,0.00020002000200020003,Regular,0.4242,0.1149,C13
U04186,2,2,0.00020002000200020003,0.00020002000200020003,Regular,0.0395,0.0293,C11
U07292,2,2,0.00020002000200020003,0.00020002000200020003,Regular,0.0495,0.1538,C17
U07284,2,3,0.00020002000200020003,0.00030003000300030005,Regular,0.204,0.0677,C09
U07282,2,2,0.00020002000200020003,0.00020002000200020003,Regular,0.025,0.3418,C07
U02933,2,2,0.00020002000200020003,0.00020002000200020003,Regular,0.1563,0.3615,C08
U04200,2,2,0.00020002000200020003,0.00020002000200020003,Regular,0.1606,0.1157,C25
U00489,2,1,0.00020002000200020003,0.00010001000100010001,Regular,0.1208,0.0651,C14
U00485,2,4,0.00020002000200020003,0.00040004000400040005,Regular,0.0138,0.3271,C10
U09060,2,2,0.00020002000200020003,0.00020002000200020003,Regular,0.1535,0.0909,C10
U04225,2,2,0.00020002000200020003,0.00020002000200020003,Regular,0.1542,0.2225,C25
U04209,2,2,0.00020002000200020003,0.00020002000200020003,Regular,0.0285,0.1839,C09
U02941,2,2,0.00020002000200020003,0.00020002000200020003,Active,0.5548,0.4409,C16
U04239,2,2,0.00020002000200020003,0.00020002000200020003,Regular,0.287,0.2536,C14
U04234,2,2,0.00020002000200020003,0.00020002000200020003,Regular,0.1156,0.3491,C09
U04232,2,2,0.00020002000200020003,0.00020002000200020003,Regular,0.1058,0.1561,C07
U04229,2,1,0.00020002000200020003,0.00010001000100010001,Regular,0.2109,0.1113,C04
U09027,2,2,0.00020002000200020003,0.00020002000200020003,Regular,0.2289,0.0131,C02
U00509,2,2,0.00020002000200020003,0.00020002000200020003,Regular,0.0566,0.0952,C09
U00507,2,2,0.00020002000200020003,0.00020002000200020003,Regular,0.1219,0.2461,C07
U02113,2,2,0.00020002000200020003,0.00020002000200020003,Regular,0.2281,0.0626,C13
U05900,2,2,0.00020002000200020003,0.00020002000200020003,Regular,0.3696,0.179,C25
U05899,2,2,0.00020002000200020003,0.00020002000200020003,Regular,0.1158,0.1475,C24
U01401,2,2,0.00020002000200020003,0.00020002000200020003,Regular,0.1049,0.1311,C01
U00503,2,2,0.00020002000200020003,0.00020002000200020003,Regular,0.0855,0.1831,C03
U09020,2,3,0.00020002000200020003,0.00030003000300030005,Regular,0.2539,0.1122,C20
U09018,2,2,0.00020002000200020003,0.00020002000200020003,Regular,0.0803,0.1248,C18
U09014,2,2,0.00020002000200020003,0.00020002000200020003,Regular,0.2817,0.2682,C14
U09010,2,2,0.00020002000200020003,0.00020002000200020003,Regular,0.1629,0.0609,C10
U09008,2,2,0.00020002000200020003,0.00020002000200020003,Regular,0.0762,0.049,C08
U02918,2,2,0.00020002000200020003,0.00020002000200020003,Regular,0.2295,0.0434,C18
U02916,2,2,0.00020002000200020003,0.00020002000200020003,Regular,0.106,0.0516,C16
U08995,2,2,0.00020002000200020003,0.00020002000200020003,Regular,0.1486,0.1654,C20
U08994,2,3,0.00020002000200020003,0.00030003000300030005,Regular,0.4579,0.1102,C19
U00527,2,2,0.00020002000200020003,0.00020002000200020003,Regular,0.421,0.1447,C02
U02142,2,1,0.00020002000200020003,0.00010001000100010001,Regular,0.1398,0.1269,C17
U02139,2,2,0.00020002000200020003,0.00020002000200020003,Regular,0.1179,0.1495,C14
U02138,2,2,0.00020002000200020003,0.00020002000200020003,Regular,0.0178,0.2416,C13
U07325,2,2,0.00020002000200020003,0.00020002000200020003,Regular,0.0428,0.1094,C25
U07319,2,2,0.00020002000200020003,0.00020002000200020003,Regular,0.1372,0.227,C19
U01406,2,2,0.00020002000200020003,0.00020002000200020003,Regular,0.1021,0.0992,C06
U01404,2,2,0.00020002000200020003,0.00020002000200020003,Regular,0.1494,0.3335,C04
U04263,2,2,0.00020002000200020003,0.00020002000200020003,Regular,0.0242,0.1212,C13
U02927,2,2,0.00020002000200020003,0.00020002000200020003,Regular,0.2646,0.1658,C02
U02926,2,2,0.00020002000200020003,0.00020002000200020003,Regular,0.2425,0.0749,C01
U08984,2,2,0.00020002000200020003,0.00020002000200020003,Regular,0.1527,0.3096,C09
U08982,2,2,0.00020002000200020003,0.00020002000200020003,Regular,0.3147,0.1733,C07
U00544,2,2,0.00020002000200020003,0.00020002000200020003,Regular,0.3073,0.0879,C19
U00538,2,3,0.00020002000200020003,0.00030003000300030005,Regular,0.2023,0.1289,C13
U04282,2,2,0.00020002000200020003,0.00020002000200020003,Regular,0.127,0.1354,C07
U04279,2,1,0.00020002000200020003,0.00010001000100010001,Regular,0.0276,0.1834,C04
U04276,2,2,0.00020002000200020003,0.00020002000200020003,Regular,0.2411,0.0925,C01
U01381,2,2,0.00020002000200020003,0.00020002000200020003,Regular,0.2779,0.0905,C06
U07342,2,1,0.00020002000200020003,0.00010001000100010001,Regular,0.2938,0.2356,C17
U07341,2,2,0.00020002000200020003,0.00020002000200020003,Regular,0.109,0.2529,C16
U07335,2,2,0.00020002000200020003,0.00020002000200020003,Regular,0.3056,0.1616,C10
U07334,2,2,0.00020002000200020003,0.00020002000200020003,Regular,0.1324,0.1009,C09
U07328,2,2,0.00020002000200020003,0.00020002000200020003,Regular,0.0468,0.1994,C03
U05882,2,2,0.00020002000200020003,0.00020002000200020003,Regular,0.0318,0.1249,C07
U05878,2,2,0.00020002000200020003,0.00020002000200020003,Regular,0.194,0.2323,C03
U05875,2,2,0.00020002000200020003,0.00020002000200020003,Regular,0.1183,0.0619,C25
U04269,2,2,0.00020002000200020003,0.00020002000200020003,Regular,0.0601,0.235,C19
U04268,2,2,0.00020002000200020003,0.00020002000200020003,Regular,0.0873,0.0815,C18
U00533,2,2,0.00020002000200020003,0.00020002000200020003,Regular,0.1861,0.2087,C08
U00532,2,2,0.00020002000200020003,0.00020002000200020003,Regular,0.3477,0.174,C07
U08975,2,2,0.00020002000200020003,0.00020002000200020003,Regular,0.0273,0.0697,C25
U08970,2,3,0.00020002000200020003,0.00030003000300030005,Regular,0.0391,0.1922,C20
U08969,2,2,0.00020002000200020003,0.00020002000200020003,Regular,0.0822,0.0987,C19
U04300,2,2,0.00020002000200020003,0.00020002000200020003,Regular,0.1232,0.3069,C25
U04295,2,1,0.00020002000200020003,0.00010001000100010001,Regular,0.1187,0.2983,C20
U02150,2,2,0.00020002000200020003,0.00020002000200020003,Regular,0.0799,0.1283,C25
U01361,2,2,0.00020002000200020003,0.00020002000200020003,Regular,0.2584,0.3262,C11
U07353,2,2,0.00020002000200020003,0.00020002000200020003,Regular,0.1666,0.1863,C03
U07350,2,1,0.00020002000200020003,0.00010001000100010001,Regular,0.0537,0.2958,C25
U01392,2,2,0.00020002000200020003,0.00020002000200020003,Regular,0.0378,0.2295,C17
U01388,2,2,0.00020002000200020003,0.00020002000200020003,Regular,0.1996,0.0915,C13
U02131,2,2,0.00020002000200020003,0.00020002000200020003,Regular,0.2554,0.1197,C06
U02907,2,2,0.00020002000200020003,0.00020002000200020003,Regular,0.0697,0.0944,C07
U08951,2,3,0.00020002000200020003,0.00030003000300030005,Regular,0.1883,0.0509,C01
U08948,2,3,0.00020002000200020003,0.00030003000300030005,Regular,0.2604,0.1515,C23
U08942,2,2,0.00020002000200020003,0.00020002000200020003,Regular,0.2392,0.1043,C17
U04315,2,2,0.00020002000200020003,0.00020002000200020003,Regular,0.2745,0.4169,C15
U04311,2,2,0.00020002000200020003,0.00020002000200020003,Regular,0.103,0.1118,C11
U04310,2,2,0.00020002000200020003,0.00020002000200020003,Regular,0.0652,0.1203,C10
U04330,2,2,0.00020002000200020003,0.00020002000200020003,Regular,0.2104,0.0613,C05
U07380,2,3,0.00020002000200020003,0.00030003000300030005,Regular,0.2106,0.182,C05
U07376,2,2,0.00020002000200020003,0.00020002000200020003,Regular,0.1332,0.2167,C01
U07372,2,2,0.00020002000200020003,0.00020002000200020003,Regular,0.0916,0.1709,C22
U01366,2,2,0.00020002000200020003,0.00020002000200020003,Regular,0.3653,0.097,C16
U02158,2,2,0.00020002000200020003,0.00020002000200020003,Regular,0.3287,0.0206,C08
U02153,2,2,0.00020002000200020003,0.00020002000200020003,Regular,0.1966,0.0821,C03
U04325,2,3,0.00020002000200020003,0.00030003000300030005,Active,0.5881,0.1291,C25
U02896,2,2,0.00020002000200020003,0.00020002000200020003,Regular,0.1306,0.1118,C21
U02890,2,2,0.00020002000200020003,0.00020002000200020003,Regular,0.1709,0.1384,C15
U08931,2,6,0.00020002000200020003,0.0006000600060006001,Active,0.1633,0.368,C06
U00559,2,2,0.00020002000200020003,0.00020002000200020003,Regular,0.1328,0.2751,C09
U00551,2,1,0.00020002000200020003,0.00010001000100010001,Regular,0.1154,0.0683,C01
U02873,2,2,0.00020002000200020003,0.00020002000200020003,Regular,0.3938,0.0237,C23
U02868,2,2,0.00020002000200020003,0.00020002000200020003,Regular,0.0146,0.3832,C18
U05832,2,2,0.00020002000200020003,0.00020002000200020003,Regular,0.2131,0.1394,C07
U05831,2,2,0.00020002000200020003,0.00020002000200020003,Regular,0.2076,0.0456,C06
U05830,2,2,0.00020002000200020003,0.00020002000200020003,Regular,0.042,0.2967,C05
U02176,2,3,0.00020002000200020003,0.00030003000300030005,Regular,0.0869,0.0274,C01
U02175,2,2,0.00020002000200020003,0.00020002000200020003,Regular,0.119,0.2967,C25
U02172,2,2,0.00020002000200020003,0.00020002000200020003,Regular,0.0857,0.2413,C22
U01351,2,2,0.00020002000200020003,0.00020002000200020003,Regular,0.1128,0.0944,C01
U01349,2,2,0.00020002000200020003,0.00020002000200020003,Regular,0.0626,0.1973,C24
U01347,2,1,0.00020002000200020003,0.00010001000100010001,Regular,0.1966,0.3955,C22
U07387,2,1,0.00020002000200020003,0.00010001000100010001,Regular,0.2594,0.113,C12
U07386,2,2,0.00020002000200020003,0.00020002000200020003,Regular,0.1174,0.2126,C11
U02867,2,2,0.00020002000200020003,0.00020002000200020003,Regular,0.2059,0.1324,C17
U04344,2,2,0.00020002000200020003,0.00020002000200020003,Regular,0.3897,0.0984,C19
U04332,2,2,0.00020002000200020003,0.00020002000200020003,Regular,0.2671,0.2236,C07
U08919,2,2,0.00020002000200020003,0.00020002000200020003,Regular,0.0711,0.157,C19
U08917,2,2,0.00020002000200020003,0.00020002000200020003,Regular,0.1206,0.1891,C17
U08913,2,2,0.00020002000200020003,0.00020002000200020003,Regular,0.0812,0.1508,C13
U08911,2,2,0.00020002000200020003,0.00020002000200020003,Active,0.2569,0.3289,C11
U02876,2,2,0.00020002000200020003,0.00020002000200020003,Regular,0.1111,0.2281,C01
U07411,2,3,0.00020002000200020003,0.00030003000300030005,Regular,0.1133,0.1421,C11
U02165,2,2,0.00020002000200020003,0.00020002000200020003,Regular,0.207,0.226,C15
U05819,2,1,0.00020002000200020003,0.00010001000100010001,Regular,0.167,0.1293,C19
U05812,2,2,0.00020002000200020003,0.00020002000200020003,Regular,0.1223,0.1399,C12
U07403,2,2,0.00020002000200020003,0.00020002000200020003,Regular,0.0693,0.0944,C03
U05839,2,2,0.00020002000200020003,0.00020002000200020003,Regular,0.107,0.1009,C14
U02875,2,6,0.00020002000200020003,0.0006000600060006001,Regular,0.1364,0.1281,C25
U04379,2,2,0.00020002000200020003,0.00020002000200020003,Regular,0.1325,0.1897,C04
U02858,2,2,0.00020002000200020003,0.00020002000200020003,Regular,0.1379,0.267,C08
U02857,2,3,0.00020002000200020003,0.00030003000300030005,Regular,0.1725,0.072,C07
U08909,2,2,0.00020002000200020003,0.00020002000200020003,Regular,0.0876,0.177,C09
U08908,2,2,0.00020002000200020003,0.00020002000200020003,Regular,0.1627,0.195,C08
U08900,2,3,0.00020002000200020003,0.00030003000300030005,Regular,0.1579,0.1335,C25
U00572,2,2,0.00020002000200020003,0.00020002000200020003,Regular,0.0629,0.2437,C22
U05803,2,2,0.00020002000200020003,0.00020002000200020003,Regular,0.0529,0.0493,C03
U05799,2,5,0.00020002000200020003,0.0005000500050005,Regular,0.3098,0.1027,C24
U05796,2,2,0.00020002000200020003,0.00020002000200020003,Regular,0.2062,0.0989,C21
U01335,2,2,0.00020002000200020003,0.00020002000200020003,Regular,0.0114,0.1663,C10
U01329,2,1,0.00020002000200020003,0.00010001000100010001,Regular,0.1319,0.1465,C04
U07423,2,2,0.00020002000200020003,0.00020002000200020003,Regular,0.1253,0.2495,C23
U07415,2,2,0.00020002000200020003,0.00020002000200020003,Regular,0.2064,0.3107,C15
U07414,2,2,0.00020002000200020003,0.00020002000200020003,Active,0.2253,0.1831,C14
U02836,2,2,0.00020002000200020003,0.00020002000200020003,Regular,0.1958,0.309,C11
U04398,2,2,0.00020002000200020003,0.00020002000200020003,Active,0.6102,0.6219,C23
U04395,2,2,0.00020002000200020003,0.00020002000200020003,Regular,0.0749,0.0889,C20
U04389,2,2,0.00020002000200020003,0.00020002000200020003,Regular,0.0105,0.421,C14
U04386,2,4,0.00020002000200020003,0.00040004000400040005,Regular,0.2894,0.0574,C11
U00565,2,2,0.00020002000200020003,0.00020002000200020003,Regular,0.1982,0.1143,C15
U05792,2,2,0.00020002000200020003,0.00020002000200020003,Regular,0.241,0.1544,C17
U07437,2,2,0.00020002000200020003,0.00020002000200020003,Regular,0.0477,0.1837,C12
U07432,2,2,0.00020002000200020003,0.00020002000200020003,Regular,0.1494,0.143,C07
U07431,2,2,0.00020002000200020003,0.00020002000200020003,Regular,0.2945,0.2174,C06
U01343,2,2,0.00020002000200020003,0.00020002000200020003,Regular,0.2149,0.1751,C18
U08882,2,2,0.00020002000200020003,0.00020002000200020003,Regular,0.1235,0.1336,C07
U08879,2,2,0.00020002000200020003,0.00020002000200020003,Regular,0.1452,0.2011,C04
U08865,2,2,0.00020002000200020003,0.00020002000200020003,Regular,0.0273,0.2929,C15
U08863,2,2,0.00020002000200020003,0.00020002000200020003,Regular,0.0597,0.2753,C13
U04407,2,2,0.00020002000200020003,0.00020002000200020003,Regular,0.4938,0.33,C07
U02848,2,2,0.00020002000200020003,0.00020002000200020003,Regular,0.2152,0.0895,C23
U02847,2,2,0.00020002000200020003,0.00020002000200020003,Regular,0.2678,0.1739,C22
U02840,2,2,0.00020002000200020003,0.00020002000200020003,Regular,0.0151,0.2923,C15
U02839,2,2,0.00020002000200020003,0.00020002000200020003,Regular,0.1883,0.192,C14
U02838,2,2,0.00020002000200020003,0.00020002000200020003,Regular,0.1059,0.0826,C13
U08855,2,2,0.00020002000200020003,0.00020002000200020003,Regular,0.1105,0.2688,C05
U08852,2,5,0.00020002000200020003,0.0005000500050005,Regular,0.2397,0.0885,C02
U00592,2,2,0.00020002000200020003,0.00020002000200020003,Regular,0.2032,0.212,C17
U00589,2,4,0.00020002000200020003,0.00040004000400040005,Regular,0.1151,0.0257,C14
U00583,2,2,0.00020002000200020003,0.00020002000200020003,Regular,0.1454,0.2051,C08
U04428,2,2,0.00020002000200020003,0.00020002000200020003,Regular,0.2227,0.0223,C03
U05766,2,2,0.00020002000200020003,0.00020002000200020003,Regular,0.0979,0.1559,C16
U05764,2,2,0.00020002000200020003,0.00020002000200020003,Regular,0.4129,0.1656,C14
U05762,2,2,0.00020002000200020003,0.00020002000200020003,Regular,0.1589,0.1781,C12
U02203,2,2,0.00020002000200020003,0.00020002000200020003,Active,0.5167,0.1732,C03
U07452,2,2,0.00020002000200020003,0.00020002000200020003,Regular,0.1453,0.2199,C02
U07444,2,2,0.00020002000200020003,0.00020002000200020003,Active,0.1998,0.4219,C19
U07443,2,2,0.00020002000200020003,0.00020002000200020003,Regular,0.3988,0.1223,C18
U02182,2,2,0.00020002000200020003,0.00020002000200020003,Regular,0.1794,0.0667,C07
U02180,2,2,0.00020002000200020003,0.00020002000200020003,Regular,0.2152,0.0835,C05
U07482,2,2,0.00020002000200020003,0.00020002000200020003,Regular,0.1811,0.1348,C07
U07478,2,2,0.00020002000200020003,0.00020002000200020003,Regular,0.51,0.2805,C03
U07473,2,3,0.00020002000200020003,0.00030003000300030005,Regular,0.1245,0.205,C23
U01326,2,2,0.00020002000200020003,0.00020002000200020003,Regular,0.0672,0.2657,C01
U01324,2,2,0.00020002000200020003,0.00020002000200020003,Regular,0.1733,0.0476,C24
U05774,2,2,0.00020002000200020003,0.00020002000200020003,Regular,0.06,0.0212,C24
U04423,2,2,0.00020002000200020003,0.00020002000200020003,Active,0.2584,0.2348,C23
U04416,2,2,0.00020002000200020003,0.00020002000200020003,Regular,0.0781,0.0812,C16
U00581,2,2,0.00020002000200020003,0.00020002000200020003,Regular,0.124,0.0681,C06
U08838,2,2,0.00020002000200020003,0.00020002000200020003,Regular,0.1669,0.1866,C13
U08837,2,2,0.00020002000200020003,0.00020002000200020003,Regular,0.0957,0.0771,C12
U04445,2,2,0.00020002000200020003,0.00020002000200020003,Regular,0.083,0.2506,C20
U04436,2,2,0.00020002000200020003,0.00020002000200020003,Regular,0.0541,0.1144,C11
U02818,2,2,0.00020002000200020003,0.00020002000200020003,Regular,0.0691,0.1359,C18
U08821,2,3,0.00020002000200020003,0.00030003000300030005,Regular,0.1832,0.1831,C21
U08818,2,2,0.00020002000200020003,0.00020002000200020003,Regular,0.0127,0.2046,C18
U00604,2,2,0.00020002000200020003,0.00020002000200020003,Regular,0.2814,0.0191,C04
U00600,2,2,0.00020002000200020003,0.00020002000200020003,Active,0.3557,0.2284,C25
U00597,2,2,0.00020002000200020003,0.00020002000200020003,Regular,0.2549,0.1003,C22
U04453,2,2,0.00020002000200020003,0.00020002000200020003,Regular,0.1025,0.0322,C03
U05726,2,2,0.00020002000200020003,0.00020002000200020003,Regular,0.0752,0.2122,C01
U05754,2,2,0.00020002000200020003,0.00020002000200020003,Regular,0.1646,0.3991,C04
U05751,2,2,0.00020002000200020003,0.00020002000200020003,Regular,0.0941,0.074,C01
U05750,2,2,0.00020002000200020003,0.00020002000200020003,Regular,0.2268,0.1552,C25
U02808,2,2,0.00020002000200020003,0.00020002000200020003,Regular,0.2668,0.0982,C08
U00624,2,2,0.00020002000200020003,0.00020002000200020003,Regular,0.1027,0.0495,C24
U00621,2,2,0.00020002000200020003,0.00020002000200020003,Regular,0.0359,0.1828,C21
U00619,2,3,0.00020002000200020003,0.00030003000300030005,Regular,0.035,0.1355,C19
U04473,2,2,0.00020002000200020003,0.00020002000200020003,Regular,0.2006,0.1981,C23
U04470,2,2,0.00020002000200020003,0.00020002000200020003,Regular,0.1098,0.2663,C20
U04468,2,2,0.00020002000200020003,0.00020002000200020003,Regular,0.4208,0.0218,C18
U04461,2,2,0.00020002000200020003,0.00020002000200020003,Regular,0.0882,0.4298,C11
U04460,2,2,0.00020002000200020003,0.00020002000200020003,Regular,0.0833,0.1874,C10
U08799,2,2,0.00020002000200020003,0.00020002000200020003,Regular,0.132,0.1601,C24
U08794,2,2,0.00020002000200020003,0.00020002000200020003,Regular,0.0877,0.3497,C19
U08793,2,2,0.00020002000200020003,0.00020002000200020003,Regular,0.2849,0.0758,C18
U08792,2,2,0.00020002000200020003,0.00020002000200020003,Regular,0.0299,0.2205,C17
U08790,2,2,0.00020002000200020003,0.00020002000200020003,Active,0.2307,0.2371,C15
U08788,2,2,0.00020002000200020003,0.00020002000200020003,Regular,0.1305,0.1792,C13
U05713,2,5,0.00020002000200020003,0.0005000500050005,Active,0.2658,0.1926,C13
U05711,2,2,0.00020002000200020003,0.00020002000200020003,Regular,0.118,0.1373,C11
U07492,2,2,0.00020002000200020003,0.00020002000200020003,Regular,0.1297,0.2596,C17
U01310,2,3,0.00020002000200020003,0.00030003000300030005,Regular,0.087,0.114,C10
U05739,2,2,0.00020002000200020003,0.00020002000200020003,Regular,0.1374,0.3138,C14
U05732,2,2,0.00020002000200020003,0.00020002000200020003,Regular,0.0708,0.1684,C07
U04485,2,2,0.00020002000200020003,0.00020002000200020003,Regular,0.1483,0.2471,C10
U04482,2,4,0.00020002000200020003,0.00040004000400040005,Regular,0.1348,0.1149,C07
U02800,2,2,0.00020002000200020003,0.00020002000200020003,Regular,0.0475,0.1591,C25
U02788,2,4,0.00020002000200020003,0.00040004000400040005,Active,0.2253,0.2043,C13
U08783,2,2,0.00020002000200020003,0.00020002000200020003,Regular,0.1445,0.1065,C08
U08781,2,2,0.00020002000200020003,0.00020002000200020003,Regular,0.0307,0.2182,C06
U08771,2,2,0.00020002000200020003,0.00020002000200020003,Regular,0.1976,0.1443,C21
U00637,2,2,0.00020002000200020003,0.00020002000200020003,Regular,0.0913,0.0343,C12
U05705,2,2,0.00020002000200020003,0.00020002000200020003,Regular,0.1632,0.1553,C05
U05698,2,2,0.00020002000200020003,0.00020002000200020003,Regular,0.3813,0.1062,C23
U02218,2,2,0.00020002000200020003,0.00020002000200020003,Regular,0.2035,0.0794,C18
U01283,2,2,0.00020002000200020003,0.00020002000200020003,Regular,0.1425,0.3759,C08
U07520,2,2,0.00020002000200020003,0.00020002000200020003,Regular,0.1778,0.0281,C20
U05724,2,2,0.00020002000200020003,0.00020002000200020003,Regular,0.2737,0.171,C24
U05715,2,2,0.00020002000200020003,0.00020002000200020003,Regular,0.3359,0.0744,C15
U00634,2,2,0.00020002000200020003,0.00020002000200020003,Regular,0.1034,0.1876,C09
U08765,2,2,0.00020002000200020003,0.00020002000200020003,Regular,0.1214,0.1243,C15
U08764,2,2,0.00020002000200020003,0.00020002000200020003,Regular,0.1757,0.1594,C14
U08751,2,2,0.00020002000200020003,0.00020002000200020003,Regular,0.2483,0.1553,C01
U04510,2,2,0.00020002000200020003,0.00020002000200020003,Regular,0.3995,0.1249,C10
U02210,2,2,0.00020002000200020003,0.00020002000200020003,Active,0.3125,0.2177,C10
U05689,2,2,0.00020002000200020003,0.00020002000200020003,Active,0.5315,0.276,C14
U05681,2,2,0.00020002000200020003,0.00020002000200020003,Regular,0.3075,0.1039,C06
U07525,2,3,0.00020002000200020003,0.00030003000300030005,Regular,0.4194,0.1342,C25
U07524,2,2,0.00020002000200020003,0.00020002000200020003,Regular,0.1774,0.0532,C24
U01290,2,2,0.00020002000200020003,0.00020002000200020003,Regular,0.1425,0.0623,C15
U04505,2,2,0.00020002000200020003,0.00020002000200020003,Active,0.425,0.4557,C05
U04503,2,2,0.00020002000200020003,0.00020002000200020003,Regular,0.1134,0.1485,C03
U08745,2,2,0.00020002000200020003,0.00020002000200020003,Regular,0.1033,0.157,C20
U08742,2,2,0.00020002000200020003,0.00020002000200020003,Active,0.418,0.3102,C17
U00654,2,2,0.00020002000200020003,0.00020002000200020003,Regular,0.1356,0.1301,C04
U00653,2,2,0.00020002000200020003,0.00020002000200020003,Regular,0.1832,0.364,C03
U00650,2,2,0.00020002000200020003,0.00020002000200020003,Regular,0.2618,0.1115,C25
U00648,2,2,0.00020002000200020003,0.00020002000200020003,Regular,0.1025,0.0438,C23
U04523,2,2,0.00020002000200020003,0.00020002000200020003,Regular,0.1579,0.2982,C23
U07561,2,4,0.00020002000200020003,0.00040004000400040005,Regular,0.4205,0.4118,C11
U07554,2,2,0.00020002000200020003,0.00020002000200020003,Regular,0.1036,0.2348,C04
U01275,2,2,0.00020002000200020003,0.00020002000200020003,Regular,0.1261,0.1172,C25
U01268,2,2,0.00020002000200020003,0.00020002000200020003,Regular,0.1526,0.0555,C18
U02214,2,2,0.00020002000200020003,0.00020002000200020003,Regular,0.222,0.2142,C14
U08734,2,2,0.00020002000200020003,0.00020002000200020003,Regular,0.0931,0.1632,C09
U08727,2,2,0.00020002000200020003,0.00020002000200020003,Regular,0.2552,0.2104,C02
U02761,2,2,0.00020002000200020003,0.00020002000200020003,Regular,0.1715,0.0546,C11
U02757,2,2,0.00020002000200020003,0.00020002000200020003,Regular,0.0918,0.0442,C07
U02754,2,2,0.00020002000200020003,0.00020002000200020003,Regular,0.0385,0.1772,C04
U08716,2,2,0.00020002000200020003,0.00020002000200020003,Regular,0.2178,0.1093,C16
U08713,2,2,0.00020002000200020003,0.00020002000200020003,Regular,0.0823,0.065,C13
U08711,2,2,0.00020002000200020003,0.00020002000200020003,Regular,0.0737,0.1138,C11
U08707,2,1,0.00020002000200020003,0.00010001000100010001,Regular,0.151,0.2389,C07
U08706,2,2,0.00020002000200020003,0.00020002000200020003,Regular,0.2306,0.1664,C06
U00664,2,2,0.00020002000200020003,0.00020002000200020003,Regular,0.1114,0.0726,C14
U04556,2,2,0.00020002000200020003,0.00020002000200020003,Regular,0.2712,0.2787,C06
U01259,2,2,0.00020002000200020003,0.00020002000200020003,Regular,0.1652,0.2136,C09
U05674,2,2,0.00020002000200020003,0.00020002000200020003,Regular,0.1174,0.0897,C24
U05668,2,2,0.00020002000200020003,0.00020002000200020003,Regular,0.0267,0.0799,C18
U05666,2,2,0.00020002000200020003,0.00020002000200020003,Regular,0.2469,0.0507,C16
U02239,2,2,0.00020002000200020003,0.00020002000200020003,Regular,0.4449,0.1134,C14
U02230,2,2,0.00020002000200020003,0.00020002000200020003,Regular,0.1162,0.1049,C05
U02229,2,2,0.00020002000200020003,0.00020002000200020003,Regular,0.1159,0.1628,C04
U01253,2,2,0.00020002000200020003,0.00020002000200020003,Regular,0.0482,0.1098,C03
U01252,2,2,0.00020002000200020003,0.00020002000200020003,Regular,0.1562,0.0069,C02
U02767,2,2,0.00020002000200020003,0.00020002000200020003,Regular,0.0851,0.1226,C17
U00661,2,2,0.00020002000200020003,0.00020002000200020003,Active,0.4776,0.2582,C11
U00658,2,2,0.00020002000200020003,0.00020002000200020003,Regular,0.19,0.3373,C08
U08704,2,2,0.00020002000200020003,0.00020002000200020003,Regular,0.1117,0.294,C04
U08700,2,2,0.00020002000200020003,0.00020002000200020003,Regular,0.1551,0.0543,C25
U08692,2,2,0.00020002000200020003,0.00020002000200020003,Regular,0.1695,0.0723,C17
U08688,2,2,0.00020002000200020003,0.00020002000200020003,Regular,0.176,0.1375,C13
U04570,2,3,0.00020002000200020003,0.00030003000300030005,Regular,0.0985,0.1648,C20
U02250,2,2,0.00020002000200020003,0.00020002000200020003,Regular,0.0822,0.2463,C25
U02225,2,2,0.00020002000200020003,0.00020002000200020003,Regular,0.1403,0.1309,C25
U05663,2,1,0.00020002000200020003,0.00010001000100010001,Regular,0.0508,0.1305,C13
U05657,2,2,0.00020002000200020003,0.00020002000200020003,Regular,0.2072,0.3344,C07
U05652,2,1,0.00020002000200020003,0.00010001000100010001,Regular,0.1181,0.1574,C02
U05647,2,2,0.00020002000200020003,0.00020002000200020003,Regular,0.159,0.1167,C22
U05645,2,2,0.00020002000200020003,0.00020002000200020003,Regular,0.1979,0.2244,C20
U04565,2,2,0.00020002000200020003,0.00020002000200020003,Regular,0.1454,0.2231,C15
U04562,2,2,0.00020002000200020003,0.00020002000200020003,Regular,0.2193,0.0969,C12
U04561,2,2,0.00020002000200020003,0.00020002000200020003,Regular,0.3442,0.2034,C11
U02743,2,2,0.00020002000200020003,0.00020002000200020003,Regular,0.0689,0.0098,C18
U02741,2,2,0.00020002000200020003,0.00020002000200020003,Regular,0.0554,0.2383,C16
U08683,2,2,0.00020002000200020003,0.00020002000200020003,Regular,0.0413,0.2458,C08
U08681,2,2,0.00020002000200020003,0.00020002000200020003,Regular,0.1265,0.1396,C06
U08676,2,2,0.00020002000200020003,0.00020002000200020003,Regular,0.3245,0.094,C01
U08674,2,2,0.00020002000200020003,0.00020002000200020003,Regular,0.2385,0.2818,C24
U00688,2,2,0.00020002000200020003,0.00020002000200020003,Regular,0.2667,0.0508,C13
U00686,2,2,0.00020002000200020003,0.00020002000200020003,Regular,0.0831,0.0466,C11
U05624,2,2,0.00020002000200020003,0.00020002000200020003,Regular,0.4262,0.0874,C24
U01243,2,2,0.00020002000200020003,0.00020002000200020003,Regular,0.1463,0.1219,C18
U01239,2,2,0.00020002000200020003,0.00020002000200020003,Regular,0.131,0.0643,C14
U05640,2,2,0.00020002000200020003,0.00020002000200020003,Regular,0.1146,0.2767,C15
U05639,2,2,0.00020002000200020003,0.00020002000200020003,Regular,0.2674,0.0819,C14
U05637,2,2,0.00020002000200020003,0.00020002000200020003,Regular,0.1854,0.1856,C12
U02255,2,2,0.00020002000200020003,0.00020002000200020003,Regular,0.1284,0.1198,C05
U00685,2,2,0.00020002000200020003,0.00020002000200020003,Regular,0.0901,0.1451,C10
U04580,2,2,0.00020002000200020003,0.00020002000200020003,Regular,0.0927,0.122,C05
U04579,2,2,0.00020002000200020003,0.00020002000200020003,Regular,0.3444,0.0824,C04
U02732,2,2,0.00020002000200020003,0.00020002000200020003,Regular,0.1876,0.0504,C07
U02730,2,2,0.00020002000200020003,0.00020002000200020003,Regular,0.2223,0.1084,C05
U02723,2,2,0.00020002000200020003,0.00020002000200020003,Regular,0.0399,0.1334,C23
U00681,2,3,0.00020002000200020003,0.00030003000300030005,Regular,0.1614,0.0669,C06
U00678,2,2,0.00020002000200020003,0.00020002000200020003,Active,0.5988,0.3726,C03
U07606,2,2,0.00020002000200020003,0.00020002000200020003,Regular,0.122,0.0572,C06
U07603,2,1,0.00020002000200020003,0.00010001000100010001,Regular,0.0273,0.2814,C03
U07602,2,2,0.00020002000200020003,0.00020002000200020003,Regular,0.3573,0.2613,C02
U01232,2,2,0.00020002000200020003,0.00020002000200020003,Regular,0.1696,0.2849,C07
U07598,2,2,0.00020002000200020003,0.00020002000200020003,Regular,0.2884,0.2521,C23
U02242,2,3,0.00020002000200020003,0.00030003000300030005,Regular,0.0639,0.1486,C17
U04598,2,2,0.00020002000200020003,0.00020002000200020003,Regular,0.2917,0.1243,C23
U04597,2,2,0.00020002000200020003,0.00020002000200020003,Regular,0.0537,0.0589,C22
U04595,2,1,0.00020002000200020003,0.00010001000100010001,Regular,0.1997,0.0325,C20
U04592,2,2,0.00020002000200020003,0.00020002000200020003,Regular,0.0474,0.0996,C17
U08655,2,2,0.00020002000200020003,0.00020002000200020003,Active,0.543,0.3245,C05
U08641,2,2,0.00020002000200020003,0.00020002000200020003,Regular,0.1239,0.0392,C16
U04621,2,4,0.00020002000200020003,0.00040004000400040005,Regular,0.1581,0.181,C21
U05615,2,2,0.00020002000200020003,0.00020002000200020003,Regular,0.12,0.2338,C15
U05606,2,2,0.00020002000200020003,0.00020002000200020003,Regular,0.1661,0.4568,C06
U02270,2,1,0.00020002000200020003,0.00010001000100010001,Active,0.2608,0.2855,C20
U02266,2,2,0.00020002000200020003,0.00020002000200020003,Regular,0.0627,0.1315,C16
U07615,2,2,0.00020002000200020003,0.00020002000200020003,Regular,0.1798,0.0767,C15
U07614,2,2,0.00020002000200020003,0.00020002000200020003,Regular,0.3181,0.36,C14
U04614,2,2,0.00020002000200020003,0.00020002000200020003,Regular,0.2036,0.0969,C14
U04613,2,7,0.00020002000200020003,0.0007000700070007,Regular,0.0909,0.0985,C13
U04611,2,3,0.00020002000200020003,0.00030003000300030005,Regular,0.1006,0.0666,C11
U00693,2,2,0.00020002000200020003,0.00020002000200020003,Regular,0.149,0.1243,C18
U08640,2,2,0.00020002000200020003,0.00020002000200020003,Regular,0.2568,0.0735,C15
U04636,2,2,0.00020002000200020003,0.00020002000200020003,Regular,0.4283,0.1125,C11
U04635,2,2,0.00020002000200020003,0.00020002000200020003,Regular,0.1265,0.0624,C10
U04633,2,2,0.00020002000200020003,0.00020002000200020003,Regular,0.3698,0.0084,C08
U08620,2,2,0.00020002000200020003,0.00020002000200020003,Regular,0.1342,0.0829,C20
U00714,2,2,0.00020002000200020003,0.00020002000200020003,Regular,0.2772,0.1567,C14
U04656,2,2,0.00020002000200020003,0.00020002000200020003,Regular,0.1239,0.6915,C06
U04651,2,2,0.00020002000200020003,0.00020002000200020003,Regular,0.108,0.1312,C01
U02257,2,3,0.00020002000200020003,0.00030003000300030005,Regular,0.1515,0.1064,C07
U05597,2,2,0.00020002000200020003,0.00020002000200020003,Regular,0.2273,0.0637,C22
U05595,2,2,0.00020002000200020003,0.00020002000200020003,Regular,0.1059,0.1686,C20
U05591,2,2,0.00020002000200020003,0.00020002000200020003,Regular,0.3145,0.0803,C16
U01202,2,2,0.00020002000200020003,0.00020002000200020003,Regular,0.0231,0.0491,C02
U07644,2,1,0.00020002000200020003,0.00010001000100010001,Regular,0.2594,0.0621,C19
U07641,2,2,0.00020002000200020003,0.00020002000200020003,Regular,0.0941,0.0208,C16
U04643,2,2,0.00020002000200020003,0.00020002000200020003,Regular,0.1876,0.1988,C18
U02714,2,4,0.00020002000200020003,0.00040004000400040005,Regular,0.1142,0.3936,C14
U08604,2,2,0.00020002000200020003,0.00020002000200020003,Regular,0.1186,0.157,C04
U08601,2,2,0.00020002000200020003,0.00020002000200020003,Regular,0.1077,0.0812,C01
U08594,2,2,0.00020002000200020003,0.00020002000200020003,Regular,0.1154,0.1498,C19
U08588,2,2,0.00020002000200020003,0.00020002000200020003,Regular,0.1834,0.1392,C13
U04664,2,1,0.00020002000200020003,0.00010001000100010001,Regular,0.1285,0.0991,C14
U02701,2,2,0.00020002000200020003,0.00020002000200020003,Regular,0.0902,0.2258,C01
U07653,2,1,0.00020002000200020003,0.00010001000100010001,Regular,0.1983,0.2244,C03
U07651,2,2,0.00020002000200020003,0.00020002000200020003,Regular,0.0909,0.1644,C01
U07650,2,2,0.00020002000200020003,0.00020002000200020003,Regular,0.059,0.0758,C25
U01212,2,1,0.00020002000200020003,0.00010001000100010001,Regular,0.2074,0.1758,C12
U01211,2,2,0.00020002000200020003,0.00020002000200020003,Regular,0.1372,0.0862,C11
U01207,2,2,0.00020002000200020003,0.00020002000200020003,Regular,0.1256,0.1411,C07
U01204,2,7,0.00020002000200020003,0.0007000700070007,Regular,0.06,0.2179,C04
U02700,2,2,0.00020002000200020003,0.00020002000200020003,Regular,0.1877,0.3077,C25
U02697,2,2,0.00020002000200020003,0.00020002000200020003,Regular,0.06,0.2089,C22
U02693,2,2,0.00020002000200020003,0.00020002000200020003,Regular,0.1891,0.2716,C18
U08582,2,4,0.00020002000200020003,0.00040004000400040005,Regular,0.0406,0.2207,C07
U08580,2,2,0.00020002000200020003,0.00020002000200020003,Regular,0.1027,0.2668,C05
U00728,2,2,0.00020002000200020003,0.00020002000200020003,Regular,0.2637,0.1613,C03
U00725,2,2,0.00020002000200020003,0.00020002000200020003,Regular,0.1298,0.0926,C25
U02675,2,2,0.00020002000200020003,0.00020002000200020003,Regular,0.1734,0.0974,C25
U04686,2,2,0.00020002000200020003,0.00020002000200020003,Regular,0.2548,0.11,C11
U04676,2,2,0.00020002000200020003,0.00020002000200020003,Regular,0.1056,0.0798,C01
U00724,2,2,0.00020002000200020003,0.00020002000200020003,Regular,0.0277,0.08,C24
U00721,2,2,0.00020002000200020003,0.00020002000200020003,Regular,0.1874,0.0593,C21
U08571,2,2,0.00020002000200020003,0.00020002000200020003,Regular,0.1459,0.0666,C21
U01188,2,2,0.00020002000200020003,0.00020002000200020003,Regular,0.1345,0.059,C13
U05556,2,1,0.00020002000200020003,0.00010001000100010001,Regular,0.1827,0.1808,C06
U02288,2,2,0.00020002000200020003,0.00020002000200020003,Regular,0.2001,0.2016,C13
U02280,2,2,0.00020002000200020003,0.00020002000200020003,Regular,0.3608,0.0784,C05
U07675,2,2,0.00020002000200020003,0.00020002000200020003,Regular,0.1162,0.1791,C25
U07674,2,2,0.00020002000200020003,0.00020002000200020003,Regular,0.2891,0.0455,C24
U07668,2,2,0.00020002000200020003,0.00020002000200020003,Regular,0.0383,0.1917,C18
U07667,2,2,0.00020002000200020003,0.00020002000200020003,Regular,0.2384,0.3783,C17
U08546,2,2,0.00020002000200020003,0.00020002000200020003,Regular,0.2086,0.1361,C21
U00746,2,2,0.00020002000200020003,0.00020002000200020003,Active,0.4251,0.2031,C21
U00745,2,1,0.00020002000200020003,0.00010001000100010001,Regular,0.1497,0.0945,C20
U02668,2,2,0.00020002000200020003,0.00020002000200020003,Regular,0.2422,0.163,C18
U02665,2,2,0.00020002000200020003,0.00020002000200020003,Regular,0.1938,0.1781,C15
U05550,2,2,0.00020002000200020003,0.00020002000200020003,Regular,0.0617,0.1929,C25
U05540,2,2,0.00020002000200020003,0.00020002000200020003,Regular,0.1677,0.0874,C15
U07696,2,2,0.00020002000200020003,0.00020002000200020003,Regular,0.2916,0.0693,C21
U07683,2,2,0.00020002000200020003,0.00020002000200020003,Regular,0.1657,0.0404,C08
U01199,2,2,0.00020002000200020003,0.00020002000200020003,Regular,0.1691,0.0577,C24
U00740,2,2,0.00020002000200020003,0.00020002000200020003,Regular,0.1712,0.0917,C15
U08539,2,2,0.00020002000200020003,0.00020002000200020003,Regular,0.0944,0.075,C14
U08532,2,2,0.00020002000200020003,0.00020002000200020003,Regular,0.2098,0.058,C07
U08527,2,1,0.00020002000200020003,0.00010001000100010001,Regular,0.0942,0.0651,C02
U04725,2,2,0.00020002000200020003,0.00020002000200020003,Regular,0.0096,0.2136,C25
U04722,2,2,0.00020002000200020003,0.00020002000200020003,Regular,0.1301,0.2489,C22
U04739,2,2,0.00020002000200020003,0.00020002000200020003,Regular,0.1947,0.0926,C14
U08519,2,2,0.00020002000200020003,0.00020002000200020003,Regular,0.2037,0.1085,C19
U08515,2,2,0.00020002000200020003,0.00020002000200020003,Regular,0.1808,0.0985,C15
U05505,2,2,0.00020002000200020003,0.00020002000200020003,Regular,0.1309,0.3395,C05
U05529,2,2,0.00020002000200020003,0.00020002000200020003,Regular,0.2293,0.2402,C04
U05528,2,2,0.00020002000200020003,0.00020002000200020003,Regular,0.1839,0.0971,C03
U05525,2,2,0.00020002000200020003,0.00020002000200020003,Regular,0.1033,0.1374,C25
U02300,2,2,0.00020002000200020003,0.00020002000200020003,Regular,0.0553,0.0743,C25
U02296,2,2,0.00020002000200020003,0.00020002000200020003,Regular,0.2495,0.2978,C21
U02295,2,2,0.00020002000200020003,0.00020002000200020003,Regular,0.0984,0.1179,C20
U07698,2,2,0.00020002000200020003,0.00020002000200020003,Regular,0.2498,0.1634,C23
U01174,2,2,0.00020002000200020003,0.00020002000200020003,Regular,0.0891,0.0888,C24
U00766,2,2,0.00020002000200020003,0.00020002000200020003,Regular,0.0997,0.0765,C16
U00761,2,2,0.00020002000200020003,0.00020002000200020003,Regular,0.2226,0.0893,C11
U00758,2,2,0.00020002000200020003,0.00020002000200020003,Regular,0.1759,0.2525,C08
U08510,2,2,0.00020002000200020003,0.00020002000200020003,Regular,0.3613,0.0716,C10
U08503,2,0,0.00020002000200020003,0.0,Regular,0.0827,0.1313,C03
U08502,2,2,0.00020002000200020003,0.00020002000200020003,Regular,0.157,0.1521,C02
U04757,2,2,0.00020002000200020003,0.00020002000200020003,Regular,0.0626,0.1599,C07
U02651,2,2,0.00020002000200020003,0.00020002000200020003,Regular,0.0695,0.054,C01
U08491,2,2,0.00020002000200020003,0.00020002000200020003,Regular,0.2285,0.1112,C16
U08481,2,2,0.00020002000200020003,0.00020002000200020003,Regular,0.0212,0.2182,C06
U00782,2,2,0.00020002000200020003,0.00020002000200020003,Regular,0.1998,0.1175,C07
U00779,2,1,0.00020002000200020003,0.00010001000100010001,Regular,0.0917,0.1371,C04
U00778,2,2,0.00020002000200020003,0.00020002000200020003,Regular,0.2673,0.2055,C03
U05490,2,2,0.00020002000200020003,0.00020002000200020003,Regular,0.2334,0.194,C15
U07727,2,2,0.00020002000200020003,0.00020002000200020003,Regular,0.0945,0.0106,C02
U07724,2,2,0.00020002000200020003,0.00020002000200020003,Regular,0.2281,0.2491,C24
U07722,2,2,0.00020002000200020003,0.00020002000200020003,Regular,0.0442,0.2739,C22
U07717,2,2,0.00020002000200020003,0.00020002000200020003,Regular,0.3028,0.202,C17
U05506,2,2,0.00020002000200020003,0.00020002000200020003,Regular,0.2504,0.1372,C06
U00770,2,2,0.00020002000200020003,0.00020002000200020003,Regular,0.0983,0.1309,C20
U08478,2,2,0.00020002000200020003,0.00020002000200020003,Regular,0.1092,0.1197,C03
U08477,2,2,0.00020002000200020003,0.00020002000200020003,Regular,0.1723,0.1232,C02
U08469,2,2,0.00020002000200020003,0.00020002000200020003,Regular,0.1593,0.1159,C19
U08466,2,2,0.00020002000200020003,0.00020002000200020003,Regular,0.1029,0.0754,C16
U00799,2,3,0.00020002000200020003,0.00030003000300030005,Regular,0.1992,0.1388,C24
U00798,2,2,0.00020002000200020003,0.00020002000200020003,Regular,0.2084,0.0495,C23
U07742,2,2,0.00020002000200020003,0.00020002000200020003,Regular,0.1778,0.1717,C17
U07741,2,2,0.00020002000200020003,0.00020002000200020003,Regular,0.213,0.1933,C16
U07737,2,2,0.00020002000200020003,0.00020002000200020003,Regular,0.0954,0.0987,C12
U07732,2,5,0.00020002000200020003,0.0005000500050005,Regular,0.1954,0.0204,C07
U07729,2,3,0.00020002000200020003,0.00030003000300030005,Regular,0.2396,0.0139,C04
U01158,2,2,0.00020002000200020003,0.00020002000200020003,Regular,0.1732,0.0931,C08
U05502,2,2,0.00020002000200020003,0.00020002000200020003,Regular,0.1138,0.2796,C02
U05493,2,2,0.00020002000200020003,0.00020002000200020003,Regular,0.1475,0.0858,C18
U05492,2,1,0.00020002000200020003,0.00010001000100010001,Regular,0.2884,0.0125,C17
U00797,2,2,0.00020002000200020003,0.00020002000200020003,Regular,0.2485,0.0715,C22
U00796,2,2,0.00020002000200020003,0.00020002000200020003,Active,0.4822,0.2741,C21
U04799,2,1,0.00020002000200020003,0.00010001000100010001,Regular,0.2031,0.2382,C24
U04797,2,2,0.00020002000200020003,0.00020002000200020003,Regular,0.1394,0.0729,C22
U04794,2,2,0.00020002000200020003,0.00020002000200020003,Regular,0.1479,0.1798,C19
U04791,2,2,0.00020002000200020003,0.00020002000200020003,Regular,0.1394,0.2359,C16
U02319,2,2,0.00020002000200020003,0.00020002000200020003,Regular,0.1233,0.084,C19
U02317,2,2,0.00020002000200020003,0.00020002000200020003,Regular,0.3228,0.0273,C17
U02316,2,6,0.00020002000200020003,0.0006000600060006001,Regular,0.2137,0.1717,C16
U02313,2,2,0.00020002000200020003,0.00020002000200020003,Regular,0.2369,0.1189,C13
U01137,2,2,0.00020002000200020003,0.00020002000200020003,Regular,0.2627,0.0768,C12
U07752,2,2,0.00020002000200020003,0.00020002000200020003,Regular,0.1641,0.2018,C02
U07745,2,1,0.00020002000200020003,0.00010001000100010001,Regular,0.1376,0.1887,C20
U04809,2,2,0.00020002000200020003,0.00020002000200020003,Regular,0.2755,0.06,C09
U02635,2,2,0.00020002000200020003,0.00020002000200020003,Regular,0.2171,0.137,C10
U08446,2,2,0.00020002000200020003,0.00020002000200020003,Regular,0.2076,0.2927,C21
U08438,2,2,0.00020002000200020003,0.00020002000200020003,Active,0.5869,0.2995,C13
U08434,2,2,0.00020002000200020003,0.00020002000200020003,Regular,0.0194,0.2037,C09
U00816,2,5,0.00020002000200020003,0.0005000500050005,Regular,0.0529,0.13,C16
U00814,2,2,0.00020002000200020003,0.00020002000200020003,Regular,0.0362,0.3832,C14
U00813,2,2,0.00020002000200020003,0.00020002000200020003,Regular,0.2131,0.3205,C13
U07767,2,9,0.00020002000200020003,0.0009000900090009002,Regular,0.1793,0.044,C17
U01148,2,1,0.00020002000200020003,0.00010001000100010001,Regular,0.1285,0.1087,C23
U02306,2,2,0.00020002000200020003,0.00020002000200020003,Regular,0.0954,0.1698,C06
U05457,2,2,0.00020002000200020003,0.00020002000200020003,Regular,0.2197,0.2134,C07
U02335,2,2,0.00020002000200020003,0.00020002000200020003,Regular,0.2635,0.0633,C10
U00812,2,2,0.00020002000200020003,0.00020002000200020003,Regular,0.222,0.0071,C12
U00811,2,2,0.00020002000200020003,0.00020002000200020003,Regular,0.3146,0.4764,C11
U00808,2,2,0.00020002000200020003,0.00020002000200020003,Regular,0.0936,0.3954,C08
U08430,2,2,0.00020002000200020003,0.00020002000200020003,Regular,0.1217,0.3284,C05
U08427,2,4,0.00020002000200020003,0.00040004000400040005,Regular,0.0716,0.2021,C02
U04819,2,2,0.00020002000200020003,0.00020002000200020003,Regular,0.0859,0.1654,C19
U02618,2,6,0.00020002000200020003,0.0006000600060006001,Regular,0.2023,0.3193,C18
U08412,2,2,0.00020002000200020003,0.00020002000200020003,Regular,0.1264,0.1224,C12
U02596,2,2,0.00020002000200020003,0.00020002000200020003,Regular,0.4525,0.0461,C21
U04834,2,1,0.00020002000200020003,0.00010001000100010001,Regular,0.0447,0.0425,C09
U02329,2,2,0.00020002000200020003,0.00020002000200020003,Regular,0.058,0.2799,C04
U02326,2,7,0.00020002000200020003,0.0007000700070007,Regular,0.1322,0.2557,C01
U02325,2,2,0.00020002000200020003,0.00020002000200020003,Regular,0.1774,0.1058,C25
U02323,2,2,0.00020002000200020003,0.00020002000200020003,Regular,0.1623,0.1489,C23
U05452,2,2,0.00020002000200020003,0.00020002000200020003,Regular,0.0903,0.1351,C02
U05451,2,2,0.00020002000200020003,0.00020002000200020003,Regular,0.0931,0.2286,C01
U01124,2,2,0.00020002000200020003,0.00020002000200020003,Regular,0.1218,0.063,C24
U01123,2,2,0.00020002000200020003,0.00020002000200020003,Regular,0.2033,0.1179,C23
U07791,2,2,0.00020002000200020003,0.00020002000200020003,Regular,0.2471,0.2248,C16
U07788,2,2,0.00020002000200020003,0.00020002000200020003,Regular,0.1096,0.1013,C13
U04831,2,1,0.00020002000200020003,0.00010001000100010001,Regular,0.1748,0.1726,C06
U00822,2,2,0.00020002000200020003,0.00020002000200020003,Regular,0.2214,0.063,C22
U00820,2,2,0.00020002000200020003,0.00020002000200020003,Regular,0.1423,0.0864,C20
U08381,2,2,0.00020002000200020003,0.00020002000200020003,Regular,0.0511,0.2101,C06
U04856,2,2,0.00020002000200020003,0.00020002000200020003,Regular,0.0566,0.0905,C06
U04854,2,2,0.00020002000200020003,0.00020002000200020003,Regular,0.2283,0.0852,C04
U04851,2,2,0.00020002000200020003,0.00020002000200020003,Regular,0.4637,0.0807,C01
U04850,2,5,0.00020002000200020003,0.0005000500050005,Regular,0.4825,0.0695,C25
U02604,2,3,0.00020002000200020003,0.00030003000300030005,Regular,0.0645,0.1714,C04
U05440,2,2,0.00020002000200020003,0.00020002000200020003,Regular,0.2219,0.182,C15
U05431,2,2,0.00020002000200020003,0.00020002000200020003,Active,0.0849,0.4203,C06
U05425,2,2,0.00020002000200020003,0.00020002000200020003,Regular,0.2329,0.2014,C25
U01133,2,2,0.00020002000200020003,0.00020002000200020003,Regular,0.1442,0.2672,C08
U01130,2,2,0.00020002000200020003,0.00020002000200020003,Regular,0.1525,0.1907,C05
U01127,2,2,0.00020002000200020003,0.00020002000200020003,Regular,0.2429,0.0119,C02
U04877,2,2,0.00020002000200020003,0.00020002000200020003,Regular,0.1239,0.1471,C02
U04875,2,5,0.00020002000200020003,0.0005000500050005,Regular,0.1462,0.0129,C25
U08379,2,2,0.00020002000200020003,0.00020002000200020003,Regular,0.1345,0.1515,C04
U08373,2,4,0.00020002000200020003,0.00040004000400040005,Regular,0.1574,0.1346,C23
U08370,2,2,0.00020002000200020003,0.00020002000200020003,Regular,0.102,0.1396,C20
U00840,2,2,0.00020002000200020003,0.00020002000200020003,Regular,0.1389,0.0244,C15
U04891,2,9,0.00020002000200020003,0.0009000900090009002,Regular,0.0628,0.0571,C16
U04888,2,2,0.00020002000200020003,0.00020002000200020003,Active,0.39,0.2007,C13
U02351,2,1,0.00020002000200020003,0.00010001000100010001,Regular,0.4277,0.3625,C01
U02348,2,2,0.00020002000200020003,0.00020002000200020003,Regular,0.152,0.0995,C23
U02347,2,1,0.00020002000200020003,0.00010001000100010001,Regular,0.3956,0.0671,C22
U02346,2,2,0.00020002000200020003,0.00020002000200020003,Regular,0.1611,0.3015,C21
U01111,2,2,0.00020002000200020003,0.00020002000200020003,Regular,0.2637,0.1548,C11
U07818,2,2,0.00020002000200020003,0.00020002000200020003,Regular,0.1199,0.1171,C18
U07805,2,1,0.00020002000200020003,0.00010001000100010001,Regular,0.2293,0.0696,C05
U05448,2,4,0.00020002000200020003,0.00040004000400040005,Regular,0.0795,0.0423,C23
U05447,2,2,0.00020002000200020003,0.00020002000200020003,Regular,0.0976,0.187,C22
U04906,2,2,0.00020002000200020003,0.00020002000200020003,Regular,0.1656,0.1633,C06
U04900,2,2,0.00020002000200020003,0.00020002000200020003,Regular,0.0779,0.0919,C25
U02590,2,2,0.00020002000200020003,0.00020002000200020003,Regular,0.0836,0.1549,C15
U02587,2,2,0.00020002000200020003,0.00020002000200020003,Regular,0.1953,0.1756,C12
U00836,2,2,0.00020002000200020003,0.00020002000200020003,Regular,0.069,0.3643,C11
U08367,2,2,0.00020002000200020003,0.00020002000200020003,Regular,0.0994,0.2984,C17
U07848,2,2,0.00020002000200020003,0.00020002000200020003,Regular,0.2598,0.1677,C23
U07840,2,3,0.00020002000200020003,0.00030003000300030005,Regular,0.1318,0.1936,C15
U07839,2,2,0.00020002000200020003,0.00020002000200020003,Regular,0.2775,0.2786,C14
U07834,2,2,0.00020002000200020003,0.00020002000200020003,Active,0.5058,0.3334,C09
U07830,2,2,0.00020002000200020003,0.00020002000200020003,Regular,0.1649,0.0774,C05
U01113,2,2,0.00020002000200020003,0.00020002000200020003,Regular,0.2759,0.1656,C13
U05420,2,2,0.00020002000200020003,0.00020002000200020003,Regular,0.1387,0.1872,C20
U08358,2,2,0.00020002000200020003,0.00020002000200020003,Regular,0.0871,0.1589,C08
U08353,2,2,0.00020002000200020003,0.00020002000200020003,Regular,0.1857,0.1184,C03
U08348,2,2,0.00020002000200020003,0.00020002000200020003,Regular,0.2396,0.1805,C23
U00856,2,2,0.00020002000200020003,0.00020002000200020003,Regular,0.129,0.121,C06
U02565,2,2,0.00020002000200020003,0.00020002000200020003,Regular,0.2368,0.0142,C15
U02563,2,2,0.00020002000200020003,0.00020002000200020003,Regular,0.2536,0.0252,C13
U04923,2,2,0.00020002000200020003,0.00020002000200020003,Regular,0.1135,0.1621,C23
U04922,2,2,0.00020002000200020003,0.00020002000200020003,Regular,0.3594,0.1297,C22
U04917,2,2,0.00020002000200020003,0.00020002000200020003,Regular,0.2435,0.0545,C17
U00855,2,2,0.00020002000200020003,0.00020002000200020003,Regular,0.4116,0.3048,C05
U00849,2,3,0.00020002000200020003,0.00030003000300030005,Regular,0.2119,0.169,C24
U08336,2,2,0.00020002000200020003,0.00020002000200020003,Regular,0.1027,0.1548,C11
U08335,2,2,0.00020002000200020003,0.00020002000200020003,Active,0.315,0.4659,C10
U08326,2,2,0.00020002000200020003,0.00020002000200020003,Regular,0.0994,0.1862,C01
U04941,2,2,0.00020002000200020003,0.00020002000200020003,Regular,0.0464,0.1754,C16
U05401,2,1,0.00020002000200020003,0.00010001000100010001,Active,0.3012,0.3109,C01
U04940,2,2,0.00020002000200020003,0.00020002000200020003,Regular,0.3439,0.0483,C15
U04935,2,2,0.00020002000200020003,0.00020002000200020003,Regular,0.0714,0.2055,C10
U04933,2,2,0.00020002000200020003,0.00020002000200020003,Regular,0.3076,0.0274,C08
U04931,2,1,0.00020002000200020003,0.00010001000100010001,Regular,0.1723,0.186,C06
U02575,2,2,0.00020002000200020003,0.00020002000200020003,Regular,0.4823,0.1341,C25
U02573,2,2,0.00020002000200020003,0.00020002000200020003,Regular,0.1926,0.0731,C23
U08322,2,1,0.00020002000200020003,0.00010001000100010001,Regular,0.1448,0.1818,C22
U08316,2,2,0.00020002000200020003,0.00020002000200020003,Regular,0.0648,0.0875,C16
U08304,2,2,0.00020002000200020003,0.00020002000200020003,Regular,0.0539,0.1849,C04
U08301,2,2,0.00020002000200020003,0.00020002000200020003,Regular,0.1886,0.1112,C01
U08299,2,2,0.00020002000200020003,0.00020002000200020003,Regular,0.2415,0.0587,C24
U08290,2,3,0.00020002000200020003,0.00030003000300030005,Active,0.3478,0.2034,C15
U00879,2,2,0.00020002000200020003,0.00020002000200020003,Regular,0.054,0.1365,C04
U00878,2,2,0.00020002000200020003,0.00020002000200020003,Regular,0.0626,0.084,C03
U02552,2,2,0.00020002000200020003,0.00020002000200020003,Regular,0.1415,0.0342,C02
U02547,2,2,0.00020002000200020003,0.00020002000200020003,Regular,0.1159,0.3061,C22
U02546,2,2,0.00020002000200020003,0.00020002000200020003,Regular,0.1662,0.0338,C21
U04949,2,2,0.00020002000200020003,0.00020002000200020003,Regular,0.1486,0.0947,C24
U07877,2,2,0.00020002000200020003,0.00020002000200020003,Regular,0.0883,0.1085,C02
U07872,2,2,0.00020002000200020003,0.00020002000200020003,Regular,0.1369,0.0208,C22
U07871,2,2,0.00020002000200020003,0.00020002000200020003,Regular,0.1123,0.2069,C21
U07869,2,2,0.00020002000200020003,0.00020002000200020003,Regular,0.2752,0.1759,C19
U07863,2,2,0.00020002000200020003,0.00020002000200020003,Active,0.4641,0.2067,C13
U01095,2,2,0.00020002000200020003,0.00020002000200020003,Regular,0.329,0.1198,C20
U04947,2,2,0.00020002000200020003,0.00020002000200020003,Regular,0.2761,0.1954,C22
U04945,2,2,0.00020002000200020003,0.00020002000200020003,Regular,0.1128,0.0981,C20
U00872,2,2,0.00020002000200020003,0.00020002000200020003,Regular,0.0267,0.4268,C22
U00871,2,2,0.00020002000200020003,0.00020002000200020003,Regular,0.2775,0.0814,C21
U00866,2,2,0.00020002000200020003,0.00020002000200020003,Regular,0.1302,0.2462,C16
U08286,2,2,0.00020002000200020003,0.00020002000200020003,Regular,0.0901,0.1661,C11
U08282,2,2,0.00020002000200020003,0.00020002000200020003,Regular,0.3096,0.1392,C07
U08279,2,2,0.00020002000200020003,0.00020002000200020003,Regular,0.1824,0.0526,C04
U04972,2,6,0.00020002000200020003,0.0006000600060006001,Regular,0.2092,0.2357,C22
U02357,2,2,0.00020002000200020003,0.00020002000200020003,Regular,0.1367,0.1242,C07
U02356,2,2,0.00020002000200020003,0.00020002000200020003,Regular,0.1571,0.1937,C06
U05375,2,2,0.00020002000200020003,0.00020002000200020003,Regular,0.1251,0.1193,C25
U05367,2,2,0.00020002000200020003,0.00020002000200020003,Regular,0.153,0.0889,C17
U05366,2,2,0.00020002000200020003,0.00020002000200020003,Regular,0.083,0.1536,C16
U01081,2,5,0.00020002000200020003,0.0005000500050005,Regular,0.1745,0.0726,C06
U07885,2,1,0.00020002000200020003,0.00010001000100010001,Regular,0.1547,0.1066,C10
U02557,2,3,0.00020002000200020003,0.00030003000300030005,Regular,0.2227,0.1138,C07
U02553,2,2,0.00020002000200020003,0.00020002000200020003,Regular,0.2368,0.0661,C03
U08261,2,2,0.00020002000200020003,0.00020002000200020003,Regular,0.2988,0.0431,C11
U00885,2,2,0.00020002000200020003,0.00020002000200020003,Regular,0.0908,0.1397,C10
U02531,2,2,0.00020002000200020003,0.00020002000200020003,Regular,0.2136,0.0915,C06
U04989,2,2,0.00020002000200020003,0.00020002000200020003,Regular,0.1241,0.2192,C14
U05008,2,2,0.00020002000200020003,0.00020002000200020003,Regular,0.1379,0.0665,C08
U05355,2,2,0.00020002000200020003,0.00020002000200020003,Active,0.1768,0.2984,C05
U05338,2,2,0.00020002000200020003,0.00020002000200020003,Regular,0.142,0.3843,C13
U07904,2,2,0.00020002000200020003,0.00020002000200020003,Regular,0.1873,0.0878,C04
U07901,2,2,0.00020002000200020003,0.00020002000200020003,Regular,0.2242,0.1522,C01
U07897,2,2,0.00020002000200020003,0.00020002000200020003,Regular,0.121,0.1568,C22
U02360,2,4,0.00020002000200020003,0.00040004000400040005,Regular,0.1711,0.2373,C10
U05005,2,2,0.00020002000200020003,0.00020002000200020003,Regular,0.2842,0.3774,C05
U05000,2,2,0.00020002000200020003,0.00020002000200020003,Regular,0.2814,0.0555,C25
U02538,2,2,0.00020002000200020003,0.00020002000200020003,Regular,0.2576,0.1061,C13
U08244,2,1,0.00020002000200020003,0.00010001000100010001,Regular,0.4906,0.0689,C19
U02377,2,2,0.00020002000200020003,0.00020002000200020003,Regular,0.1461,0.0567,C02
U02372,2,2,0.00020002000200020003,0.00020002000200020003,Regular,0.4473,0.2982,C22
U02369,2,2,0.00020002000200020003,0.00020002000200020003,Regular,0.083,0.0752,C19
U07919,2,2,0.00020002000200020003,0.00020002000200020003,Regular,0.2185,0.0248,C19
U07911,2,5,0.00020002000200020003,0.0005000500050005,Regular,0.1043,0.1502,C11
U07909,2,2,0.00020002000200020003,0.00020002000200020003,Regular,0.0528,0.1052,C09
U05362,2,2,0.00020002000200020003,0.00020002000200020003,Regular,0.1521,0.2063,C12
U05361,2,2,0.00020002000200020003,0.00020002000200020003,Regular,0.297,0.025,C11
U05359,2,2,0.00020002000200020003,0.00020002000200020003,Regular,0.05,0.073,C09
U05016,2,2,0.00020002000200020003,0.00020002000200020003,Regular,0.174,0.1065,C16
U02528,2,2,0.00020002000200020003,0.00020002000200020003,Regular,0.202,0.2202,C03
U02519,2,2,0.00020002000200020003,0.00020002000200020003,Regular,0.1397,0.1058,C19
U02517,2,2,0.00020002000200020003,0.00020002000200020003,Regular,0.1036,0.0419,C17
U08238,2,2,0.00020002000200020003,0.00020002000200020003,Regular,0.294,0.0297,C13
U08235,2,3,0.00020002000200020003,0.00030003000300030005,Regular,0.3851,0.0506,C10
U08230,2,2,0.00020002000200020003,0.00020002000200020003,Regular,0.3471,0.0691,C05
U08223,2,2,0.00020002000200020003,0.00020002000200020003,Regular,0.0541,0.1191,C23
U08221,2,2,0.00020002000200020003,0.00020002000200020003,Regular,0.1665,0.0745,C21
U08219,2,2,0.00020002000200020003,0.00020002000200020003,Regular,0.1644,0.2573,C19
U05323,2,3,0.00020002000200020003,0.00030003000300030005,Regular,0.2562,0.0481,C23
U07932,2,1,0.00020002000200020003,0.00010001000100010001,Regular,0.1047,0.015,C07
U07929,2,2,0.00020002000200020003,0.00020002000200020003,Regular,0.0539,0.0244,C04
U07926,2,2,0.00020002000200020003,0.00020002000200020003,Regular,0.2156,0.2805,C01
U01069,2,1,0.00020002000200020003,0.00010001000100010001,Active,0.4328,0.4624,C19
U05033,2,2,0.00020002000200020003,0.00020002000200020003,Regular,0.1313,0.0696,C08
U08216,2,2,0.00020002000200020003,0.00020002000200020003,Regular,0.138,0.0467,C16
U08212,2,2,0.00020002000200020003,0.00020002000200020003,Active,0.3908,0.2906,C12
U00911,2,2,0.00020002000200020003,0.00020002000200020003,Regular,0.303,0.1223,C11
U00903,2,2,0.00020002000200020003,0.00020002000200020003,Regular,0.1257,0.2047,C03
U00902,2,2,0.00020002000200020003,0.00020002000200020003,Regular,0.0957,0.2886,C02
U00899,2,2,0.00020002000200020003,0.00020002000200020003,Regular,0.207,0.0336,C24
U05047,2,2,0.00020002000200020003,0.00020002000200020003,Regular,0.1366,0.1265,C22
U05298,2,2,0.00020002000200020003,0.00020002000200020003,Regular,0.1107,0.245,C23
U05297,2,2,0.00020002000200020003,0.00020002000200020003,Regular,0.1743,0.0052,C22
U02394,2,2,0.00020002000200020003,0.00020002000200020003,Regular,0.2823,0.2734,C19
U02390,2,2,0.00020002000200020003,0.00020002000200020003,Regular,0.1552,0.2284,C15
U01043,2,2,0.00020002000200020003,0.00020002000200020003,Regular,0.1436,0.1077,C18
U01042,2,4,0.00020002000200020003,0.00040004000400040005,Regular,0.1005,0.2085,C17
U07950,2,2,0.00020002000200020003,0.00020002000200020003,Regular,0.0795,0.2674,C25
U07940,2,2,0.00020002000200020003,0.00020002000200020003,Regular,0.1749,0.0414,C15
U05324,2,2,0.00020002000200020003,0.00020002000200020003,Regular,0.0675,0.2081,C24
U05042,2,2,0.00020002000200020003,0.00020002000200020003,Regular,0.0886,0.2583,C17
U02503,2,2,0.00020002000200020003,0.00020002000200020003,Regular,0.0836,0.1732,C03
U00898,2,2,0.00020002000200020003,0.00020002000200020003,Regular,0.2846,0.1754,C23
U08205,2,2,0.00020002000200020003,0.00020002000200020003,Regular,0.3014,0.0918,C05
U05070,2,2,0.00020002000200020003,0.00020002000200020003,Regular,0.1277,0.1598,C20
U05058,2,2,0.00020002000200020003,0.00020002000200020003,Regular,0.2929,0.2071,C08
U08187,2,2,0.00020002000200020003,0.00020002000200020003,Regular,0.0889,0.0574,C12
U08180,2,2,0.00020002000200020003,0.00020002000200020003,Regular,0.3865,0.0555,C05
U00925,2,2,0.00020002000200020003,0.00020002000200020003,Regular,0.0195,0.4382,C25
U05081,2,2,0.00020002000200020003,0.00020002000200020003,Regular,0.0578,0.2882,C06
U05079,2,2,0.00020002000200020003,0.00020002000200020003,Regular,0.1611,0.2637,C04
U05073,2,3,0.00020002000200020003,0.00030003000300030005,Regular,0.4281,0.0656,C23
U05289,2,2,0.00020002000200020003,0.00020002000200020003,Regular,0.0769,0.3326,C14
U05284,2,2,0.00020002000200020003,0.00020002000200020003,Regular,0.0795,0.0682,C09
U07964,2,2,0.00020002000200020003,0.00020002000200020003,Regular,0.0532,0.2305,C14
U01052,2,2,0.00020002000200020003,0.00020002000200020003,Regular,0.0989,0.053,C02
U01050,2,5,0.00020002000200020003,0.0005000500050005,Regular,0.1951,0.1954,C25
U05305,2,2,0.00020002000200020003,0.00020002000200020003,Regular,0.232,0.1089,C05
U02495,2,2,0.00020002000200020003,0.00020002000200020003,Regular,0.2904,0.0704,C20
U02490,2,2,0.00020002000200020003,0.00020002000200020003,Regular,0.3274,0.1325,C15
U02489,2,2,0.00020002000200020003,0.00020002000200020003,Regular,0.186,0.21,C14
U08174,2,2,0.00020002000200020003,0.00020002000200020003,Regular,0.3627,0.1238,C24
U08161,2,5,0.00020002000200020003,0.0005000500050005,Regular,0.1724,0.181,C11
U05092,2,2,0.00020002000200020003,0.00020002000200020003,Regular,0.1515,0.2048,C17
U05091,2,3,0.00020002000200020003,0.00030003000300030005,Regular,0.0703,0.1078,C16
U05109,2,2,0.00020002000200020003,0.00020002000200020003,Regular,0.2392,0.0543,C09
U07998,2,2,0.00020002000200020003,0.00020002000200020003,Active,0.7019,0.5148,C23
U07987,2,2,0.00020002000200020003,0.00020002000200020003,Regular,0.1026,0.0724,C12
U07984,2,2,0.00020002000200020003,0.00020002000200020003,Active,0.2326,0.3557,C09
U02473,2,2,0.00020002000200020003,0.00020002000200020003,Regular,0.0786,0.0797,C23
U02469,2,2,0.00020002000200020003,0.00020002000200020003,Regular,0.1172,0.0491,C19
U08149,2,2,0.00020002000200020003,0.00020002000200020003,Regular,0.1705,0.0956,C24
U00935,2,2,0.00020002000200020003,0.00020002000200020003,Regular,0.0923,0.0927,C10
U00934,2,2,0.00020002000200020003,0.00020002000200020003,Regular,0.172,0.2644,C09
U05133,2,2,0.00020002000200020003,0.00020002000200020003,Regular,0.0426,0.1107,C08
U05120,2,1,0.00020002000200020003,0.00010001000100010001,Regular,0.2334,0.0157,C20
U08131,2,2,0.00020002000200020003,0.00020002000200020003,Regular,0.1065,0.3869,C06
U00958,2,2,0.00020002000200020003,0.00020002000200020003,Regular,0.1783,0.1303,C08
U00957,2,2,0.00020002000200020003,0.00020002000200020003,Regular,0.1012,0.3861,C07
U05140,2,2,0.00020002000200020003,0.00020002000200020003,Regular,0.2161,0.119,C15
U02457,2,2,0.00020002000200020003,0.00020002000200020003,Regular,0.2701,0.0343,C07
U05282,2,2,0.00020002000200020003,0.00020002000200020003,Active,0.581,0.2939,C07
U05281,2,1,0.00020002000200020003,0.00010001000100010001,Regular,0.0171,0.3354,C06
U05280,2,2,0.00020002000200020003,0.00020002000200020003,Regular,0.2246,0.1313,C05
U05278,2,2,0.00020002000200020003,0.00020002000200020003,Regular,0.0217,0.207,C03
U05274,2,2,0.00020002000200020003,0.00020002000200020003,Regular,0.2065,0.1269,C24
U05265,2,2,0.00020002000200020003,0.00020002000200020003,Regular,0.1964,0.0764,C15
U02415,2,2,0.00020002000200020003,0.00020002000200020003,Regular,0.3169,0.0623,C15
U02413,2,2,0.00020002000200020003,0.00020002000200020003,Regular,0.2276,0.2235,C13
U01026,2,2,0.00020002000200020003,0.00020002000200020003,Regular,0.382,0.1142,C01
U02453,2,2,0.00020002000200020003,0.00020002000200020003,Regular,0.4469,0.1234,C03
U00952,2,2,0.00020002000200020003,0.00020002000200020003,Active,0.193,0.4891,C02
U00950,2,2,0.00020002000200020003,0.00020002000200020003,Regular,0.1195,0.1501,C25
U08120,2,4,0.00020002000200020003,0.00040004000400040005,Regular,0.1727,0.1619,C20
U05166,2,2,0.00020002000200020003,0.00020002000200020003,Regular,0.1371,0.1224,C16
U05159,2,2,0.00020002000200020003,0.00020002000200020003,Regular,0.1275,0.1683,C09
U02438,2,2,0.00020002000200020003,0.00020002000200020003,Regular,0.0443,0.0684,C13
U02435,2,2,0.00020002000200020003,0.00020002000200020003,Regular,0.1925,0.0722,C10
U02411,2,2,0.00020002000200020003,0.00020002000200020003,Regular,0.3841,0.1339,C11
U05264,2,4,0.00020002000200020003,0.00040004000400040005,Regular,0.0574,0.0985,C14
U05259,2,2,0.00020002000200020003,0.00020002000200020003,Regular,0.3111,0.144,C09
U08017,2,2,0.00020002000200020003,0.00020002000200020003,Regular,0.0864,0.2004,C17
U08012,2,2,0.00020002000200020003,0.00020002000200020003,Regular,0.3562,0.0625,C12
U08007,2,2,0.00020002000200020003,0.00020002000200020003,Regular,0.1196,0.1469,C07
U01036,2,5,0.00020002000200020003,0.0005000500050005,Regular,0.2486,0.1912,C11
U02433,2,2,0.00020002000200020003,0.00020002000200020003,Regular,0.1397,0.2063,C08
U05181,2,3,0.00020002000200020003,0.00030003000300030005,Regular,0.238,0.1317,C06
U05179,2,2,0.00020002000200020003,0.00020002000200020003,Regular,0.2806,0.1143,C04
U05178,2,2,0.00020002000200020003,0.00020002000200020003,Regular,0.2147,0.3006,C03
U05177,2,2,0.00020002000200020003,0.00020002000200020003,Regular,0.0779,0.1705,C02
U05173,2,2,0.00020002000200020003,0.00020002000200020003,Regular,0.0574,0.1437,C23
U08114,2,2,0.00020002000200020003,0.00020002000200020003,Regular,0.1474,0.0816,C14
U08101,2,2,0.00020002000200020003,0.00020002000200020003,Regular,0.0445,0.0579,C01
U01014,2,3,0.00020002000200020003,0.00030003000300030005,Regular,0.079,0.0553,C14
U01011,2,2,0.00020002000200020003,0.00020002000200020003,Regular,0.0577,0.3726,C11
U08032,2,2,0.00020002000200020003,0.00020002000200020003,Regular,0.0897,0.3061,C07
U08029,2,1,0.00020002000200020003,0.00010001000100010001,Regular,0.1528,0.6046,C04
U08027,2,2,0.00020002000200020003,0.00020002000200020003,Regular,0.0604,0.2587,C02
U08022,2,2,0.00020002000200020003,0.00020002000200020003,Regular,0.2089,0.0832,C22
U08020,2,2,0.00020002000200020003,0.00020002000200020003,Regular,0.0595,0.2521,C20
U08018,2,1,0.00020002000200020003,0.00010001000100010001,Regular,0.241,0.1426,C18
U05199,2,2,0.00020002000200020003,0.00020002000200020003,Regular,0.1442,0.1167,C24
U05193,2,1,0.00020002000200020003,0.00010001000100010001,Regular,0.0644,0.0757,C18
U05191,2,3,0.00020002000200020003,0.00030003000300030005,Regular,0.0709,0.2732,C16
U05186,2,1,0.00020002000200020003,0.00010001000100010001,Regular,0.1155,0.0735,C11
U02448,2,2,0.00020002000200020003,0.00020002000200020003,Regular,0.2013,0.1368,C23
U08093,2,2,0.00020002000200020003,0.00020002000200020003,Regular,0.1025,0.1137,C18
U00971,2,2,0.00020002000200020003,0.00020002000200020003,Regular,0.1382,0.1617,C21
U00968,2,2,0.00020002000200020003,0.00020002000200020003,Regular,0.203,0.2344,C18
U00967,2,2,0.00020002000200020003,0.00020002000200020003,Regular,0.0761,0.215,C17
U05217,2,2,0.00020002000200020003,0.00020002000200020003,Regular,0.145,0.1499,C17
U05212,2,2,0.00020002000200020003,0.00020002000200020003,Regular,0.0887,0.3005,C12
U00997,2,2,0.00020002000200020003,0.00020002000200020003,Regular,0.1631,0.1095,C22
U00995,2,2,0.00020002000200020003,0.00020002000200020003,Regular,0.1783,0.2301,C20
U00994,2,2,0.00020002000200020003,0.00020002000200020003,Regular,0.1723,0.2167,C19
U01021,2,2,0.00020002000200020003,0.00020002000200020003,Regular,0.065,0.2867,C21
U05253,2,1,0.00020002000200020003,0.00010001000100010001,Regular,0.2462,0.1029,C03
U05249,2,2,0.00020002000200020003,0.00020002000200020003,Regular,0.3299,0.0978,C24
U05245,2,3,0.00020002000200020003,0.00030003000300030005,Regular,0.1265,0.1368,C20
U05241,2,2,0.00020002000200020003,0.00020002000200020003,Regular,0.152,0.168,C16
U05206,2,2,0.00020002000200020003,0.00020002000200020003,Regular,0.2581,0.1054,C06
U05202,2,2,0.00020002000200020003,0.00020002000200020003,Regular,0.4784,0.1717,C02
U02423,2,2,0.00020002000200020003,0.00020002000200020003,Regular,0.3265,0.136,C23
U02421,2,1,0.00020002000200020003,0.00010001000100010001,Regular,0.1583,0.0254,C21
U02418,2,2,0.00020002000200020003,0.00020002000200020003,Regular,0.4784,0.1395,C18
U00962,2,3,0.00020002000200020003,0.00030003000300030005,Regular,0.0548,0.1203,C12
U08077,2,2,0.00020002000200020003,0.00020002000200020003,Regular,0.2443,0.1226,C02
U08068,2,2,0.00020002000200020003,0.00020002000200020003,Regular,0.0449,0.2109,C18
U00985,2,2,0.00020002000200020003,0.00020002000200020003,Regular,0.3683,0.0829,C10
U00984,2,2,0.00020002000200020003,0.00020002000200020003,Regular,0.2694,0.2621,C09
U00982,2,2,0.00020002000200020003,0.00020002000200020003,Regular,0.0612,0.2535,C07
U00981,2,3,0.00020002000200020003,0.00030003000300030005,Regular,0.0672,0.2521,C06
U08062,2,2,0.00020002000200020003,0.00020002000200020003,Regular,0.2416,0.0957,C12
U08058,2,2,0.00020002000200020003,0.00020002000200020003,Regular,0.2383,0.0484,C08
U08054,2,2,0.00020002000200020003,0.00020002000200020003,Regular,0.1169,0.3115,C04
U01005,2,2,0.00020002000200020003,0.00020002000200020003,Regular,0.0697,0.0619,C05
U01003,2,2,0.00020002000200020003,0.00020002000200020003,Regular,0.239,0.1581,C03
U01002,2,2,0.00020002000200020003,0.00020002000200020003,Regular,0.2825,0.1067,C02
U05226,2,2,0.00020002000200020003,0.00020002000200020003,Regular,0.2328,0.0495,C01
U05222,2,5,0.00020002000200020003,0.0005000500050005,Active,0.1707,0.3023,C22
U05221,2,2,0.00020002000200020003,0.00020002000200020003,Regular,0.164,0.1517,C21
U09980,2,2,0.00020002000200020003,0.00020002000200020003,Regular,0.1809,0.2015,C05
U09967,2,2,0.00020002000200020003,0.00020002000200020003,Regular,0.1358,0.0821,C17
U09955,2,3,0.00020002000200020003,0.00030003000300030005,Regular,0.2595,0.1177,C05
U09953,2,3,0.00020002000200020003,0.00030003000300030005,Regular,0.3091,0.2145,C03
U03357,2,2,0.00020002000200020003,0.00020002000200020003,Regular,0.0969,0.1692,C07
U01783,2,2,0.00020002000200020003,0.00020002000200020003,Regular,0.1039,0.1689,C08
U00008,2,5,0.00020002000200020003,0.0005000500050005,Regular,0.094,0.1994,C08
U09973,2,2,0.00020002000200020003,0.00020002000200020003,Regular,0.0216,0.1745,C23
U00032,2,2,0.00020002000200020003,0.00020002000200020003,Regular,0.2415,0.1759,C07
U00027,2,2,0.00020002000200020003,0.00020002000200020003,Regular,0.1535,0.1014,C02
U00024,2,2,0.00020002000200020003,0.00020002000200020003,Regular,0.1008,0.2142,C24
U03346,2,1,0.00020002000200020003,0.00010001000100010001,Regular,0.1186,0.2237,C21
U03345,2,2,0.00020002000200020003,0.00020002000200020003,Regular,0.0662,0.1768,C20
U09999,2,3,0.00020002000200020003,0.00030003000300030005,Regular,0.1239,0.1544,C24
U09987,2,2,0.00020002000200020003,0.00020002000200020003,Regular,0.2852,0.2426,C12
U06564,1,1,0.00010001000100010001,0.00010001000100010001,Regular,0.1627,0.0729,C14
U06566,1,1,0.00010001000100010001,0.00010001000100010001,Regular,0.2835,0.1123,C16
U06569,1,1,0.00010001000100010001,0.00010001000100010001,Regular,0.0529,0.0402,C19
U06574,1,1,0.00010001000100010001,0.00010001000100010001,Regular,0.1111,0.0984,C24
U00035,1,1,0.00010001000100010001,0.00010001000100010001,Regular,0.0923,0.0703,C10
U00036,1,1,0.00010001000100010001,0.00010001000100010001,Regular,0.2234,0.0173,C11
U00041,1,1,0.00010001000100010001,0.00010001000100010001,Regular,0.0327,0.0566,C16
U00043,1,1,0.00010001000100010001,0.00010001000100010001,Regular,0.0675,0.1942,C18
U09944,1,1,0.00010001000100010001,0.00010001000100010001,Regular,0.1277,0.1769,C19
U03352,1,1,0.00010001000100010001,0.00010001000100010001,Regular,0.1445,0.1425,C02
U09986,1,0,0.00010001000100010001,0.0,Regular,0.1049,0.2301,C11
U05219,1,2,0.00010001000100010001,0.00020002000200020003,Regular,0.1989,0.0626,C19
U05227,1,1,0.00010001000100010001,0.00010001000100010001,Regular,0.0698,0.2068,C02
U01001,1,1,0.00010001000100010001,0.00010001000100010001,Regular,0.0761,0.1127,C01
U08071,1,2,0.00010001000100010001,0.00020002000200020003,Active,0.3954,0.2497,C21
U08072,1,1,0.00010001000100010001,0.00010001000100010001,Regular,0.1352,0.1139,C22
U08080,1,1,0.00010001000100010001,0.00010001000100010001,Regular,0.2902,0.4066,C05
U02419,1,0,0.00010001000100010001,0.0,Regular,0.0548,0.0171,C19
U02425,1,1,0.00010001000100010001,0.00010001000100010001,Regular,0.0632,0.121,C25
U02426,1,1,0.00010001000100010001,0.00010001000100010001,Regular,0.1668,0.0784,C01
U05205,1,1,0.00010001000100010001,0.00010001000100010001,Regular,0.0702,0.0916,C05
U05248,1,6,0.00010001000100010001,0.0006000600060006001,Regular,0.0384,0.0625,C23
U01022,1,1,0.00010001000100010001,0.00010001000100010001,Regular,0.2162,0.0341,C22
U08048,1,1,0.00010001000100010001,0.00010001000100010001,Regular,0.143,0.3325,C23
U05216,1,1,0.00010001000100010001,0.00010001000100010001,Regular,0.0605,0.0844,C16
U00976,1,1,0.00010001000100010001,0.00010001000100010001,Regular,0.349,0.1196,C01
U08087,1,1,0.00010001000100010001,0.00010001000100010001,Regular,0.0426,0.0999,C12
U08089,1,1,0.00010001000100010001,0.00010001000100010001,Regular,0.2716,0.0632,C14
U08096,1,4,0.00010001000100010001,0.00040004000400040005,Regular,0.0209,0.1763,C21
U05197,1,1,0.00010001000100010001,0.00010001000100010001,Regular,0.0275,0.1347,C22
U05198,1,1,0.00010001000100010001,0.00010001000100010001,Regular,0.0154,0.0227,C23
U08023,1,1,0.00010001000100010001,0.00010001000100010001,Regular,0.1289,0.1019,C23
U08031,1,0,0.00010001000100010001,0.0,Regular,0.0839,0.2029,C06
U01009,1,1,0.00010001000100010001,0.00010001000100010001,Regular,0.1159,0.1353,C09
U05235,1,1,0.00010001000100010001,0.00010001000100010001,Regular,0.2535,0.0746,C10
U05239,1,2,0.00010001000100010001,0.00020002000200020003,Regular,0.1482,0.0138,C14
U08102,1,1,0.00010001000100010001,0.00010001000100010001,Regular,0.0712,0.1191,C02
U08103,1,1,0.00010001000100010001,0.00010001000100010001,Regular,0.1017,0.0605,C03
U08110,1,1,0.00010001000100010001,0.00010001000100010001,Regular,0.0456,0.157,C10
U08118,1,1,0.00010001000100010001,0.00010001000100010001,Regular,0.0822,0.1691,C18
U05176,1,1,0.00010001000100010001,0.00010001000100010001,Regular,0.1432,0.0956,C01
U02434,1,1,0.00010001000100010001,0.00010001000100010001,Regular,0.1854,0.0532,C09
U01039,1,1,0.00010001000100010001,0.00010001000100010001,Regular,0.0783,0.0873,C14
U08010,1,1,0.00010001000100010001,0.00010001000100010001,Regular,0.1664,0.1357,C10
U08014,1,1,0.00010001000100010001,0.00010001000100010001,Regular,0.2478,0.1776,C14
U05263,1,1,0.00010001000100010001,0.00010001000100010001,Regular,0.031,0.1168,C13
U02401,1,1,0.00010001000100010001,0.00010001000100010001,Regular,0.2488,0.0995,C01
U02402,1,1,0.00010001000100010001,0.00010001000100010001,Regular,0.098,0.0664,C02
U03396,1,1,0.00010001000100010001,0.00010001000100010001,Regular,0.1086,0.1346,C21
U03400,1,1,0.00010001000100010001,0.00010001000100010001,Regular,0.259,0.2166,C25
U03405,1,1,0.00010001000100010001,0.00010001000100010001,Regular,0.2054,0.2686,C05
U03334,1,1,0.00010001000100010001,0.00010001000100010001,Regular,0.0172,0.0515,C09
U03337,1,1,0.00010001000100010001,0.00010001000100010001,Regular,0.2043,0.1569,C12
U01778,1,1,0.00010001000100010001,0.00010001000100010001,Regular,0.1671,0.2744,C03
U06593,1,1,0.00010001000100010001,0.00010001000100010001,Regular,0.067,0.0708,C18
U06600,1,1,0.00010001000100010001,0.00010001000100010001,Regular,0.1467,0.1719,C25
U06604,1,1,0.00010001000100010001,0.00010001000100010001,Regular,0.0789,0.1102,C04
U06605,1,1,0.00010001000100010001,0.00010001000100010001,Regular,0.1814,0.0435,C05
U02406,1,5,0.00010001000100010001,0.0005000500050005,Regular,0.092,0.0398,C06
U05147,1,1,0.00010001000100010001,0.00010001000100010001,Regular,0.1624,0.3283,C22
U05167,1,1,0.00010001000100010001,0.00010001000100010001,Regular,0.1042,0.0511,C17
U08119,1,2,0.00010001000100010001,0.00020002000200020003,Regular,0.0799,0.1852,C19
U08124,1,1,0.00010001000100010001,0.00010001000100010001,Regular,0.2044,0.1788,C24
U00951,1,1,0.00010001000100010001,0.00010001000100010001,Regular,0.0802,0.0322,C01
U01025,1,1,0.00010001000100010001,0.00010001000100010001,Regular,0.1942,0.168,C25
U01033,1,1,0.00010001000100010001,0.00010001000100010001,Regular,0.0892,0.1726,C08
U05271,1,1,0.00010001000100010001,0.00010001000100010001,Regular,0.057,0.1153,C21
U05283,1,1,0.00010001000100010001,0.00010001000100010001,Regular,0.1236,0.0552,C08
U05146,1,1,0.00010001000100010001,0.00010001000100010001,Regular,0.3131,0.0786,C21
U00956,1,1,0.00010001000100010001,0.00010001000100010001,Regular,0.1189,0.0942,C06
U08136,1,1,0.00010001000100010001,0.00010001000100010001,Regular,0.2222,0.0615,C11
U08142,1,1,0.00010001000100010001,0.00010001000100010001,Regular,0.3492,0.16,C17
U05125,1,1,0.00010001000100010001,0.00010001000100010001,Regular,0.1936,0.0149,C25
U05130,1,1,0.00010001000100010001,0.00010001000100010001,Regular,0.1237,0.1446,C05
U05131,1,1,0.00010001000100010001,0.00010001000100010001,Regular,0.1302,0.0183,C06
U00933,1,1,0.00010001000100010001,0.00010001000100010001,Regular,0.3248,0.0803,C08
U08145,1,1,0.00010001000100010001,0.00010001000100010001,Regular,0.1289,0.014,C20
U08151,1,1,0.00010001000100010001,0.00010001000100010001,Regular,0.343,0.04,C01
U00073,1,1,0.00010001000100010001,0.00010001000100010001,Regular,0.2812,0.1035,C23
U00078,1,1,0.00010001000100010001,0.00010001000100010001,Regular,0.04,0.3293,C03
U00080,1,1,0.00010001000100010001,0.00010001000100010001,Regular,0.165,0.2184,C05
U09891,1,1,0.00010001000100010001,0.00010001000100010001,Regular,0.0283,0.1218,C16
U09896,1,1,0.00010001000100010001,0.00010001000100010001,Regular,0.2288,0.1836,C21
U09899,1,1,0.00010001000100010001,0.00010001000100010001,Regular,0.1063,0.0644,C24
U09910,1,1,0.00010001000100010001,0.00010001000100010001,Regular,0.0386,0.1843,C10
U09915,1,2,0.00010001000100010001,0.00020002000200020003,Regular,0.1073,0.1477,C15
U06609,1,1,0.00010001000100010001,0.00010001000100010001,Regular,0.1975,0.1245,C09
U06613,1,1,0.00010001000100010001,0.00010001000100010001,Regular,0.1699,0.1084,C13
U06616,1,1,0.00010001000100010001,0.00010001000100010001,Regular,0.1461,0.3381,C16
U06617,1,1,0.00010001000100010001,0.00010001000100010001,Regular,0.0864,0.1787,C17
U01800,1,1,0.00010001000100010001,0.00010001000100010001,Regular,0.1344,0.0258,C25
U02466,1,1,0.00010001000100010001,0.00010001000100010001,Regular,0.042,0.041,C16
U02477,1,1,0.00010001000100010001,0.00010001000100010001,Regular,0.2543,0.2097,C02
U05106,1,1,0.00010001000100010001,0.00010001000100010001,Regular,0.061,0.0907,C06
U05292,1,1,0.00010001000100010001,0.00010001000100010001,Regular,0.1147,0.2002,C17
U02386,1,2,0.00010001000100010001,0.00020002000200020003,Regular,0.2706,0.1761,C11
U02387,1,1,0.00010001000100010001,0.00010001000100010001,Regular,0.126,0.1193,C12
U07982,1,1,0.00010001000100010001,0.00010001000100010001,Regular,0.2666,0.0127,C07
U07993,1,2,0.00010001000100010001,0.00020002000200020003,Regular,0.2347,0.0995,C18
U07996,1,1,0.00010001000100010001,0.00010001000100010001,Regular,0.132,0.2886,C21
U05089,1,1,0.00010001000100010001,0.00010001000100010001,Regular,0.326,0.3647,C14
U05090,1,1,0.00010001000100010001,0.00010001000100010001,Regular,0.0671,0.0535,C15
U05098,1,1,0.00010001000100010001,0.00010001000100010001,Active,0.5811,0.2412,C23
U02465,1,1,0.00010001000100010001,0.00010001000100010001,Regular,0.3495,0.0412,C15
U08153,1,1,0.00010001000100010001,0.00010001000100010001,Regular,0.3686,0.0883,C03
U08166,1,2,0.00010001000100010001,0.00020002000200020003,Regular,0.2119,0.1279,C16
U08168,1,1,0.00010001000100010001,0.00010001000100010001,Regular,0.1853,0.2556,C18
U01049,1,1,0.00010001000100010001,0.00010001000100010001,Regular,0.1147,0.2131,C24
U01051,1,1,0.00010001000100010001,0.00010001000100010001,Regular,0.1307,0.2239,C01
U01054,1,1,0.00010001000100010001,0.00010001000100010001,Regular,0.0742,0.1299,C04
U07953,1,1,0.00010001000100010001,0.00010001000100010001,Regular,0.0534,0.3755,C03
U09888,1,3,0.00010001000100010001,0.00030003000300030005,Regular,0.0448,0.1148,C13
U03410,1,1,0.00010001000100010001,0.00010001000100010001,Regular,0.1042,0.0735,C10
U06621,1,0,0.00010001000100010001,0.0,Regular,0.0565,0.3499,C21
U06625,1,1,0.00010001000100010001,0.00010001000100010001,Regular,0.0475,0.0747,C25
U06529,1,1,0.00010001000100010001,0.00010001000100010001,Regular,0.0833,0.1883,C04
U06530,1,1,0.00010001000100010001,0.00010001000100010001,Regular,0.0374,0.0785,C05
U06541,1,1,0.00010001000100010001,0.00010001000100010001,Regular,0.0699,0.1864,C16
U06544,1,1,0.00010001000100010001,0.00010001000100010001,Regular,0.2212,0.1946,C19
U07958,1,1,0.00010001000100010001,0.00010001000100010001,Regular,0.1972,0.1942,C08
U07961,1,1,0.00010001000100010001,0.00010001000100010001,Regular,0.115,0.0641,C11
U05287,1,4,0.00010001000100010001,0.00040004000400040005,Regular,0.1631,0.0277,C12
U05288,1,1,0.00010001000100010001,0.00010001000100010001,Regular,0.2353,0.132,C13
U02496,1,0,0.00010001000100010001,0.0,Regular,0.3809,0.1867,C21
U05076,1,1,0.00010001000100010001,0.00010001000100010001,Regular,0.2892,0.029,C01
U00920,1,3,0.00010001000100010001,0.00030003000300030005,Regular,0.1402,0.1075,C20
U00921,1,1,0.00010001000100010001,0.00010001000100010001,Regular,0.1777,0.1553,C21
U08179,1,1,0.00010001000100010001,0.00010001000100010001,Regular,0.2119,0.186,C04
U08186,1,1,0.00010001000100010001,0.00010001000100010001,Regular,0.2088,0.0602,C11
U08191,1,1,0.00010001000100010001,0.00010001000100010001,Regular,0.2129,0.0408,C16
U05052,1,1,0.00010001000100010001,0.00010001000100010001,Regular,0.1508,0.095,C02
U05053,1,1,0.00010001000100010001,0.00010001000100010001,Regular,0.1425,0.1059,C03
U05057,1,1,0.00010001000100010001,0.00010001000100010001,Regular,0.2919,0.2517,C07
U05059,1,1,0.00010001000100010001,0.00010001000100010001,Regular,0.146,0.1858,C09
U05065,1,1,0.00010001000100010001,0.00010001000100010001,Regular,0.3371,0.1003,C15
U02488,1,1,0.00010001000100010001,0.00010001000100010001,Regular,0.0968,0.1008,C13
U08192,1,1,0.00010001000100010001,0.00010001000100010001,Regular,0.143,0.2631,C17
U08194,1,2,0.00010001000100010001,0.00020002000200020003,Regular,0.1184,0.1366,C19
U08197,1,1,0.00010001000100010001,0.00010001000100010001,Regular,0.3493,0.0518,C22
U05044,1,1,0.00010001000100010001,0.00010001000100010001,Regular,0.0452,0.2307,C19
U05045,1,1,0.00010001000100010001,0.00010001000100010001,Regular,0.2325,0.1149,C20
U07937,1,1,0.00010001000100010001,0.00010001000100010001,Regular,0.257,0.0996,C12
U07943,1,1,0.00010001000100010001,0.00010001000100010001,Regular,0.1134,0.1629,C18
U01041,1,1,0.00010001000100010001,0.00010001000100010001,Regular,0.2149,0.2056,C16
U02399,1,1,0.00010001000100010001,0.00010001000100010001,Regular,0.4527,0.0366,C24
U05303,1,1,0.00010001000100010001,0.00010001000100010001,Regular,0.1029,0.113,C03
U05046,1,1,0.00010001000100010001,0.00010001000100010001,Regular,0.1496,0.1332,C21
U05051,1,1,0.00010001000100010001,0.00010001000100010001,Regular,0.0895,0.1592,C01
U00906,1,1,0.00010001000100010001,0.00010001000100010001,Regular,0.2743,0.1696,C06
U05021,1,1,0.00010001000100010001,0.00010001000100010001,Regular,0.0921,0.1353,C21
U05036,1,2,0.00010001000100010001,0.00020002000200020003,Regular,0.0396,0.0584,C11
U02378,1,1,0.00010001000100010001,0.00010001000100010001,Regular,0.3066,0.0542,C03
U05330,1,1,0.00010001000100010001,0.00010001000100010001,Regular,0.0301,0.1055,C05
U05332,1,1,0.00010001000100010001,0.00010001000100010001,Regular,0.3206,0.1475,C07
U05337,1,1,0.00010001000100010001,0.00010001000100010001,Regular,0.1385,0.1591,C12
U06646,1,1,0.00010001000100010001,0.00010001000100010001,Regular,0.1719,0.0606,C21
U06652,1,0,0.00010001000100010001,0.0,Regular,0.0834,0.1496,C02
U09860,1,1,0.00010001000100010001,0.00010001000100010001,Regular,0.1533,0.163,C10
U09867,1,2,0.00010001000100010001,0.00020002000200020003,Regular,0.0708,0.3912,C17
U09871,1,1,0.00010001000100010001,0.00010001000100010001,Regular,0.1746,0.0471,C21
U09873,1,1,0.00010001000100010001,0.00010001000100010001,Regular,0.0761,0.0223,C23
U09875,1,1,0.00010001000100010001,0.00010001000100010001,Regular,0.1799,0.1038,C25
U09876,1,6,0.00010001000100010001,0.0006000600060006001,Regular,0.2234,0.0152,C01
U09878,1,1,0.00010001000100010001,0.00010001000100010001,Regular,0.2212,0.1766,C03
U09879,1,1,0.00010001000100010001,0.00010001000100010001,Regular,0.3542,0.1438,C04
U09880,1,1,0.00010001000100010001,0.00010001000100010001,Regular,0.0829,0.0756,C05
U09883,1,3,0.00010001000100010001,0.00030003000300030005,Regular,0.1364,0.006,C08
U09886,1,1,0.00010001000100010001,0.00010001000100010001,Regular,0.267,0.0959,C11
U05317,1,1,0.00010001000100010001,0.00010001000100010001,Regular,0.0172,0.12,C17
U05320,1,1,0.00010001000100010001,0.00010001000100010001,Regular,0.1879,0.0815,C20
U08232,1,0,0.00010001000100010001,0.0,Regular,0.148,0.2202,C07
U08234,1,0,0.00010001000100010001,0.0,Regular,0.3309,0.1052,C09
U02514,1,2,0.00010001000100010001,0.00020002000200020003,Regular,0.1222,0.129,C14
U02523,1,1,0.00010001000100010001,0.00010001000100010001,Regular,0.076,0.1456,C23
U05009,1,1,0.00010001000100010001,0.00010001000100010001,Regular,0.0755,0.0792,C09
U05010,1,1,0.00010001000100010001,0.00010001000100010001,Regular,0.1489,0.1393,C10
U07916,1,1,0.00010001000100010001,0.00010001000100010001,Regular,0.1133,0.1215,C16
U07920,1,5,0.00010001000100010001,0.0005000500050005,Regular,0.0903,0.0546,C20
U01061,1,1,0.00010001000100010001,0.00010001000100010001,Regular,0.2128,0.1511,C11
U02371,1,1,0.00010001000100010001,0.00010001000100010001,Regular,0.2475,0.1996,C21
U05018,1,1,0.00010001000100010001,0.00010001000100010001,Regular,0.1353,0.1232,C18
U08247,1,1,0.00010001000100010001,0.00010001000100010001,Regular,0.1702,0.0105,C22
U08249,1,1,0.00010001000100010001,0.00010001000100010001,Regular,0.1688,0.1356,C24
U08253,1,4,0.00010001000100010001,0.00040004000400040005,Regular,0.0514,0.0907,C03
U02536,1,6,0.00010001000100010001,0.0006000600060006001,Regular,0.0556,0.0709,C11
U02540,1,1,0.00010001000100010001,0.00010001000100010001,Regular,0.1289,0.0859,C15
U02544,1,1,0.00010001000100010001,0.00010001000100010001,Regular,0.0562,0.424,C19
U04994,1,0,0.00010001000100010001,0.0,Regular,0.1721,0.0452,C19
U05002,1,1,0.00010001000100010001,0.00010001000100010001,Regular,0.1227,0.1506,C02
U05006,1,1,0.00010001000100010001,0.00010001000100010001,Regular,0.1888,0.32,C06
U01082,1,1,0.00010001000100010001,0.00010001000100010001,Regular,0.2897,0.1553,C07
U01084,1,2,0.00010001000100010001,0.00020002000200020003,Regular,0.1375,0.0318,C09
U01085,1,4,0.00010001000100010001,0.00040004000400040005,Regular,0.1777,0.3028,C10
U07907,1,1,0.00010001000100010001,0.00010001000100010001,Regular,0.1022,0.0955,C07
U05344,1,1,0.00010001000100010001,0.00010001000100010001,Regular,0.1228,0.1282,C19
U05346,1,1,0.00010001000100010001,0.00010001000100010001,Regular,0.1375,0.1186,C21
U05349,1,1,0.00010001000100010001,0.00010001000100010001,Regular,0.1576,0.0431,C24
U05351,1,0,0.00010001000100010001,0.0,Regular,0.1742,0.0746,C01
U05007,1,1,0.00010001000100010001,0.00010001000100010001,Regular,0.178,0.2989,C07
U04980,1,1,0.00010001000100010001,0.00010001000100010001,Regular,0.1118,0.0222,C05
U04981,1,1,0.00010001000100010001,0.00010001000100010001,Regular,0.1812,0.0385,C06
U04987,1,1,0.00010001000100010001,0.00010001000100010001,Regular,0.053,0.0726,C12
U04992,1,1,0.00010001000100010001,0.00010001000100010001,Regular,0.0839,0.2584,C17
U01823,1,6,0.00010001000100010001,0.0006000600060006001,Regular,0.1893,0.0927,C23
U06514,1,1,0.00010001000100010001,0.00010001000100010001,Regular,0.1241,0.1303,C14
U09851,1,1,0.00010001000100010001,0.00010001000100010001,Regular,0.1808,0.2226,C01
U03426,1,1,0.00010001000100010001,0.00010001000100010001,Regular,0.1163,0.099,C01
U03438,1,2,0.00010001000100010001,0.00020002000200020003,Regular,0.243,0.2166,C13
U03313,1,2,0.00010001000100010001,0.00020002000200020003,Regular,0.235,0.1915,C13
U03318,1,1,0.00010001000100010001,0.00010001000100010001,Regular,0.137,0.2529,C18
U09858,1,2,0.00010001000100010001,0.00020002000200020003,Regular,0.111,0.2592,C08
U01796,1,1,0.00010001000100010001,0.00010001000100010001,Regular,0.0592,0.067,C21
U01755,1,1,0.00010001000100010001,0.00010001000100010001,Regular,0.2295,0.0729,C05
U06642,1,1,0.00010001000100010001,0.00010001000100010001,Regular,0.2543,0.0788,C17
U06644,1,1,0.00010001000100010001,0.00010001000100010001,Regular,0.0235,0.2372,C19
U07888,1,1,0.00010001000100010001,0.00010001000100010001,Regular,0.1347,0.0832,C13
U01076,1,1,0.00010001000100010001,0.00010001000100010001,Regular,0.135,0.168,C01
U01077,1,1,0.00010001000100010001,0.00010001000100010001,Regular,0.1452,0.0637,C02
U05369,1,1,0.00010001000100010001,0.00010001000100010001,Regular,0.0595,0.1211,C19
U05371,1,0,0.00010001000100010001,0.0,Regular,0.2678,0.1295,C21
U02559,1,1,0.00010001000100010001,0.00010001000100010001,Regular,0.1519,0.0926,C09
U04966,1,1,0.00010001000100010001,0.00010001000100010001,Regular,0.1443,0.0812,C16
U04971,1,1,0.00010001000100010001,0.00010001000100010001,Regular,0.0506,0.0768,C21
U08275,1,1,0.00010001000100010001,0.00010001000100010001,Regular,0.051,0.2419,C25
U08285,1,4,0.00010001000100010001,0.00040004000400040005,Regular,0.1359,0.1207,C10
U04948,1,1,0.00010001000100010001,0.00010001000100010001,Regular,0.0559,0.2396,C23
U05378,1,1,0.00010001000100010001,0.00010001000100010001,Regular,0.2624,0.1273,C03
U05387,1,1,0.00010001000100010001,0.00010001000100010001,Regular,0.1543,0.3085,C12
U05388,1,1,0.00010001000100010001,0.00010001000100010001,Regular,0.0916,0.2114,C13
U01094,1,1,0.00010001000100010001,0.00010001000100010001,Regular,0.2305,0.1356,C19
U07861,1,2,0.00010001000100010001,0.00020002000200020003,Regular,0.1166,0.121,C11
U07865,1,1,0.00010001000100010001,0.00010001000100010001,Regular,0.0934,0.0997,C15
U07866,1,1,0.00010001000100010001,0.00010001000100010001,Regular,0.398,0.1656,C16
U04950,1,1,0.00010001000100010001,0.00010001000100010001,Regular,0.0427,0.0678,C25
U04957,1,1,0.00010001000100010001,0.00010001000100010001,Regular,0.1645,0.1209,C07
U02549,1,1,0.00010001000100010001,0.00010001000100010001,Regular,0.431,0.0332,C24
U08296,1,1,0.00010001000100010001,0.00010001000100010001,Regular,0.0682,0.2523,C21
U08303,1,1,0.00010001000100010001,0.00010001000100010001,Regular,0.4344,0.2304,C03
U08305,1,1,0.00010001000100010001,0.00010001000100010001,Regular,0.1381,0.0973,C05
U08306,1,1,0.00010001000100010001,0.00010001000100010001,Regular,0.0706,0.1332,C06
U03448,1,1,0.00010001000100010001,0.00010001000100010001,Regular,0.1295,0.1263,C23
U03453,1,1,0.00010001000100010001,0.00010001000100010001,Regular,0.0439,0.0427,C03
U00093,1,1,0.00010001000100010001,0.00010001000100010001,Regular,0.1458,0.0742,C18
U09832,1,2,0.00010001000100010001,0.00020002000200020003,Regular,0.149,0.0199,C07
U09842,1,1,0.00010001000100010001,0.00010001000100010001,Regular,0.1847,0.0751,C17
U09845,1,1,0.00010001000100010001,0.00010001000100010001,Regular,0.3504,0.2773,C20
U06658,1,4,0.00010001000100010001,0.00040004000400040005,Regular,0.0706,0.0387,C08
U06660,1,1,0.00010001000100010001,0.00010001000100010001,Regular,0.0496,0.1256,C10
U06672,1,1,0.00010001000100010001,0.00010001000100010001,Regular,0.1474,0.1952,C22
U01820,1,1,0.00010001000100010001,0.00010001000100010001,Regular,0.2622,0.1356,C20
U08312,1,1,0.00010001000100010001,0.00010001000100010001,Regular,0.0648,0.1715,C12
U08313,1,1,0.00010001000100010001,0.00010001000100010001,Regular,0.1654,0.0576,C13
U08318,1,1,0.00010001000100010001,0.00010001000100010001,Regular,0.1013,0.0745,C18
U02569,1,1,0.00010001000100010001,0.00010001000100010001,Regular,0.1786,0.1025,C19
U02572,1,1,0.00010001000100010001,0.00010001000100010001,Regular,0.1492,0.3062,C22
U07850,1,1,0.00010001000100010001,0.00010001000100010001,Regular,0.2394,0.1486,C25
U07852,1,1,0.00010001000100010001,0.00010001000100010001,Regular,0.2253,0.1114,C02
U07854,1,1,0.00010001000100010001,0.00010001000100010001,Regular,0.3992,0.1737,C04
U07855,1,1,0.00010001000100010001,0.00010001000100010001,Regular,0.0354,0.1228,C05
U01089,1,1,0.00010001000100010001,0.00010001000100010001,Regular,0.1206,0.142,C14
U05396,1,1,0.00010001000100010001,0.00010001000100010001,Regular,0.1792,0.1246,C21
U05399,1,1,0.00010001000100010001,0.00010001000100010001,Regular,0.0681,0.2887,C24
U05404,1,3,0.00010001000100010001,0.00030003000300030005,Regular,0.3619,0.1688,C04
U05405,1,1,0.00010001000100010001,0.00010001000100010001,Regular,0.0204,0.1814,C05
U05406,1,1,0.00010001000100010001,0.00010001000100010001,Regular,0.0101,0.0804,C06
U05407,1,1,0.00010001000100010001,0.00010001000100010001,Regular,0.1379,0.217,C07
U02337,1,1,0.00010001000100010001,0.00010001000100010001,Regular,0.0377,0.154,C12
U04943,1,1,0.00010001000100010001,0.00010001000100010001,Regular,0.0391,0.0392,C18
U00852,1,1,0.00010001000100010001,0.00010001000100010001,Regular,0.2966,0.2475,C02
U04916,1,1,0.00010001000100010001,0.00010001000100010001,Regular,0.0239,0.2482,C16
U04919,1,2,0.00010001000100010001,0.00020002000200020003,Regular,0.1487,0.0568,C19
U04928,1,1,0.00010001000100010001,0.00010001000100010001,Regular,0.0669,0.0385,C03
U00864,1,1,0.00010001000100010001,0.00010001000100010001,Regular,0.0061,0.1322,C14
U08344,1,1,0.00010001000100010001,0.00010001000100010001,Active,0.2578,0.4458,C19
U08350,1,0,0.00010001000100010001,0.0,Regular,0.0828,0.0877,C25
U08354,1,1,0.00010001000100010001,0.00010001000100010001,Regular,0.1223,0.0371,C04
U08359,1,1,0.00010001000100010001,0.00010001000100010001,Regular,0.13,0.1998,C09
U08361,1,1,0.00010001000100010001,0.00010001000100010001,Regular,0.2747,0.0869,C11
U05418,1,3,0.00010001000100010001,0.00030003000300030005,Regular,0.0275,0.0978,C18
U01114,1,1,0.00010001000100010001,0.00010001000100010001,Regular,0.2953,0.0891,C14
U01115,1,1,0.00010001000100010001,0.00010001000100010001,Regular,0.1687,0.1053,C15
U01116,1,1,0.00010001000100010001,0.00010001000100010001,Regular,0.3659,0.0346,C16
U01117,1,1,0.00010001000100010001,0.00010001000100010001,Regular,0.0694,0.0727,C17
U01119,1,1,0.00010001000100010001,0.00010001000100010001,Regular,0.1652,0.2073,C19
U07842,1,1,0.00010001000100010001,0.00010001000100010001,Regular,0.0644,0.0541,C17
U03471,1,1,0.00010001000100010001,0.00010001000100010001,Regular,0.1206,0.1106,C21
U00106,1,1,0.00010001000100010001,0.00010001000100010001,Regular,0.2685,0.2316,C06
U09810,1,3,0.00010001000100010001,0.00030003000300030005,Regular,0.2686,0.2846,C10
U09823,1,1,0.00010001000100010001,0.00010001000100010001,Regular,0.1198,0.2273,C23
U03323,1,3,0.00010001000100010001,0.00030003000300030005,Regular,0.1534,0.1113,C23
U03324,1,1,0.00010001000100010001,0.00010001000100010001,Regular,0.3129,0.2562,C24
U03325,1,2,0.00010001000100010001,0.00020002000200020003,Regular,0.0514,0.2386,C25
U06680,1,1,0.00010001000100010001,0.00010001000100010001,Regular,0.1744,0.1934,C05
U01732,1,1,0.00010001000100010001,0.00010001000100010001,Regular,0.063,0.1251,C07
U01737,1,1,0.00010001000100010001,0.00010001000100010001,Regular,0.2095,0.0674,C12
U06510,1,1,0.00010001000100010001,0.00010001000100010001,Regular,0.1036,0.3511,C10
U06512,1,1,0.00010001000100010001,0.00010001000100010001,Regular,0.1995,0.1092,C12
U02585,1,1,0.00010001000100010001,0.00010001000100010001,Regular,0.1675,0.1038,C10
U02589,1,1,0.00010001000100010001,0.00010001000100010001,Regular,0.0461,0.019,C14
U02591,1,1,0.00010001000100010001,0.00010001000100010001,Regular,0.1,0.2206,C16
U04899,1,1,0.00010001000100010001,0.00010001000100010001,Regular,0.0673,0.1572,C24
U04907,1,1,0.00010001000100010001,0.00010001000100010001,Regular,0.2427,0.1241,C07
U04908,1,1,0.00010001000100010001,0.00010001000100010001,Regular,0.2119,0.0874,C08
U04909,1,1,0.00010001000100010001,0.00010001000100010001,Regular,0.2949,0.0973,C09
U04883,1,1,0.00010001000100010001,0.00010001000100010001,Regular,0.1019,0.0884,C08
U05444,1,1,0.00010001000100010001,0.00010001000100010001,Regular,0.1551,0.1619,C19
U07807,1,1,0.00010001000100010001,0.00010001000100010001,Regular,0.1369,0.1836,C07
U07813,1,0,0.00010001000100010001,0.0,Regular,0.0151,0.3262,C13
U07814,1,1,0.00010001000100010001,0.00010001000100010001,Regular,0.0168,0.1498,C14
U04892,1,1,0.00010001000100010001,0.00010001000100010001,Regular,0.1109,0.135,C17
U00843,1,2,0.00010001000100010001,0.00020002000200020003,Regular,0.1158,0.2393,C18
U08369,1,1,0.00010001000100010001,0.00010001000100010001,Regular,0.2365,0.3905,C19
U04866,1,1,0.00010001000100010001,0.00010001000100010001,Regular,0.2904,0.0621,C16
U04873,1,1,0.00010001000100010001,0.00010001000100010001,Regular,0.0765,0.1249,C23
U01128,1,1,0.00010001000100010001,0.00010001000100010001,Regular,0.1451,0.1151,C03
U01136,1,1,0.00010001000100010001,0.00010001000100010001,Regular,0.0137,0.0855,C11
U07800,1,1,0.00010001000100010001,0.00010001000100010001,Regular,0.047,0.2025,C25
U07801,1,1,0.00010001000100010001,0.00010001000100010001,Regular,0.0733,0.1033,C01
U07802,1,1,0.00010001000100010001,0.00010001000100010001,Regular,0.0858,0.0574,C02
U05433,1,2,0.00010001000100010001,0.00020002000200020003,Regular,0.1259,0.1133,C08
U00097,1,2,0.00010001000100010001,0.00020002000200020003,Regular,0.0971,0.4584,C22
U00098,1,1,0.00010001000100010001,0.00010001000100010001,Regular,0.07,0.1836,C23
U03455,1,1,0.00010001000100010001,0.00010001000100010001,Regular,0.1276,0.0987,C05
U03467,1,1,0.00010001000100010001,0.00010001000100010001,Regular,0.1166,0.0534,C17
U01838,1,1,0.00010001000100010001,0.00010001000100010001,Regular,0.1247,0.17,C13
U01739,1,1,0.00010001000100010001,0.00010001000100010001,Regular,0.2422,0.0733,C14
U01740,1,1,0.00010001000100010001,0.00010001000100010001,Regular,0.1558,0.1135,C15
U06693,1,2,0.00010001000100010001,0.00020002000200020003,Regular,0.0417,0.1253,C18
U06469,1,1,0.00010001000100010001,0.00010001000100010001,Regular,0.2572,0.1216,C19
U01825,1,1,0.00010001000100010001,0.00010001000100010001,Regular,0.0887,0.2334,C25
U05437,1,1,0.00010001000100010001,0.00010001000100010001,Regular,0.0196,0.1227,C12
U04878,1,1,0.00010001000100010001,0.00010001000100010001,Regular,0.0231,0.2579,C03
U02603,1,1,0.00010001000100010001,0.00010001000100010001,Regular,0.0711,0.1196,C03
U02607,1,1,0.00010001000100010001,0.00010001000100010001,Regular,0.1065,0.0851,C07
U04832,1,1,0.00010001000100010001,0.00010001000100010001,Active,0.5205,0.2557,C07
U02324,1,1,0.00010001000100010001,0.00010001000100010001,Regular,0.1597,0.0184,C24
U04839,1,1,0.00010001000100010001,0.00010001000100010001,Regular,0.1284,0.2221,C14
U04841,1,1,0.00010001000100010001,0.00010001000100010001,Regular,0.0622,0.2826,C16
U02593,1,1,0.00010001000100010001,0.00010001000100010001,Regular,0.0711,0.0675,C18
U08402,1,1,0.00010001000100010001,0.00010001000100010001,Regular,0.0403,0.1501,C02
U08404,1,1,0.00010001000100010001,0.00010001000100010001,Regular,0.2783,0.0802,C04
U08409,1,1,0.00010001000100010001,0.00010001000100010001,Regular,0.0786,0.064,C09
U02612,1,1,0.00010001000100010001,0.00010001000100010001,Regular,0.1764,0.1471,C12
U02616,1,1,0.00010001000100010001,0.00010001000100010001,Regular,0.0593,0.0501,C16
U02619,1,1,0.00010001000100010001,0.00010001000100010001,Regular,0.2075,0.0307,C19
U08419,1,2,0.00010001000100010001,0.00020002000200020003,Regular,0.2019,0.1666,C19
U08424,1,1,0.00010001000100010001,0.00010001000100010001,Regular,0.2571,0.1043,C24
U09774,1,1,0.00010001000100010001,0.00010001000100010001,Regular,0.3556,0.031,C24
U09787,1,1,0.00010001000100010001,0.00010001000100010001,Regular,0.3646,0.0448,C12
U09788,1,1,0.00010001000100010001,0.00010001000100010001,Regular,0.2112,0.1814,C13
U09789,1,1,0.00010001000100010001,0.00010001000100010001,Regular,0.0284,0.1199,C14
U09790,1,1,0.00010001000100010001,0.00010001000100010001,Regular,0.088,0.1813,C15
U03475,1,1,0.00010001000100010001,0.00010001000100010001,Regular,0.1156,0.2971,C25
U03476,1,1,0.00010001000100010001,0.00010001000100010001,Active,0.3069,0.4374,C01
U09798,1,1,0.00010001000100010001,0.00010001000100010001,Regular,0.1979,0.0763,C23
U09800,1,1,0.00010001000100010001,0.00010001000100010001,Regular,0.1374,0.1084,C25
U08432,1,1,0.00010001000100010001,0.00010001000100010001,Regular,0.1002,0.1305,C07
U00803,1,1,0.00010001000100010001,0.00010001000100010001,Regular,0.2474,0.1693,C03
U00806,1,4,0.00010001000100010001,0.00040004000400040005,Regular,0.1351,0.0265,C06
U02333,1,1,0.00010001000100010001,0.00010001000100010001,Regular,0.1965,0.1255,C08
U02334,1,1,0.00010001000100010001,0.00010001000100010001,Regular,0.1733,0.1594,C09
U05458,1,1,0.00010001000100010001,0.00010001000100010001,Regular,0.122,0.0754,C08
U02305,1,1,0.00010001000100010001,0.00010001000100010001,Regular,0.1741,0.0448,C05
U01145,1,1,0.00010001000100010001,0.00010001000100010001,Regular,0.2545,0.3129,C20
U07774,1,1,0.00010001000100010001,0.00010001000100010001,Regular,0.1084,0.3015,C24
U07777,1,1,0.00010001000100010001,0.00010001000100010001,Regular,0.1912,0.1583,C02
U07786,1,2,0.00010001000100010001,0.00020002000200020003,Regular,0.086,0.0558,C11
U09764,1,1,0.00010001000100010001,0.00010001000100010001,Regular,0.2571,0.1012,C14
U09766,1,1,0.00010001000100010001,0.00010001000100010001,Regular,0.1535,0.0543,C16
U09767,1,1,0.00010001000100010001,0.00010001000100010001,Regular,0.073,0.2007,C17
U03488,1,0,0.00010001000100010001,0.0,Regular,0.0321,0.1869,C13
U06707,1,1,0.00010001000100010001,0.00010001000100010001,Regular,0.1017,0.1658,C07
U06710,1,1,0.00010001000100010001,0.00010001000100010001,Regular,0.0742,0.2519,C10
U06711,1,1,0.00010001000100010001,0.00010001000100010001,Regular,0.0747,0.2401,C11
U06719,1,1,0.00010001000100010001,0.00010001000100010001,Regular,0.1124,0.1614,C19
U06443,1,1,0.00010001000100010001,0.00010001000100010001,Regular,0.1268,0.0537,C18
U06447,1,1,0.00010001000100010001,0.00010001000100010001,Regular,0.0881,0.0673,C22
U06454,1,1,0.00010001000100010001,0.00010001000100010001,Regular,0.0871,0.2373,C04
U08436,1,1,0.00010001000100010001,0.00010001000100010001,Regular,0.0963,0.1364,C11
U02632,1,1,0.00010001000100010001,0.00010001000100010001,Regular,0.1411,0.0605,C07
U02634,1,1,0.00010001000100010001,0.00010001000100010001,Regular,0.2305,0.1184,C09
U02638,1,2,0.00010001000100010001,0.00020002000200020003,Regular,0.1354,0.0734,C13
U04811,1,1,0.00010001000100010001,0.00010001000100010001,Regular,0.0284,0.1591,C11
U07748,1,1,0.00010001000100010001,0.00010001000100010001,Regular,0.1503,0.0476,C23
U07750,1,1,0.00010001000100010001,0.00010001000100010001,Regular,0.0627,0.0799,C25
U07758,1,1,0.00010001000100010001,0.00010001000100010001,Regular,0.105,0.1854,C08
U02312,1,0,0.00010001000100010001,0.0,Regular,0.0769,0.0518,C12
U02315,1,1,0.00010001000100010001,0.00010001000100010001,Regular,0.1552,0.1077,C15
U05473,1,1,0.00010001000100010001,0.00010001000100010001,Regular,0.1256,0.0925,C23
U04813,1,0,0.00010001000100010001,0.0,Regular,0.2182,0.0155,C13
U02631,1,1,0.00010001000100010001,0.00010001000100010001,Regular,0.1197,0.1834,C06
U08450,1,1,0.00010001000100010001,0.00010001000100010001,Regular,0.2095,0.0614,C25
U08452,1,1,0.00010001000100010001,0.00010001000100010001,Active,0.1902,0.5835,C02
U08461,1,1,0.00010001000100010001,0.00010001000100010001,Regular,0.2937,0.1888,C11
U00790,1,1,0.00010001000100010001,0.00010001000100010001,Regular,0.3042,0.2143,C15
U00791,1,1,0.00010001000100010001,0.00010001000100010001,Regular,0.1764,0.0707,C16
U05494,1,2,0.00010001000100010001,0.00020002000200020003,Active,0.6891,0.146,C19
U05503,1,1,0.00010001000100010001,0.00010001000100010001,Regular,0.1285,0.0515,C03
U01157,1,3,0.00010001000100010001,0.00030003000300030005,Regular,0.1129,0.2507,C07
U01166,1,1,0.00010001000100010001,0.00010001000100010001,Regular,0.233,0.0593,C16
U07736,1,1,0.00010001000100010001,0.00010001000100010001,Regular,0.2559,0.0399,C11
U07738,1,1,0.00010001000100010001,0.00010001000100010001,Regular,0.2432,0.0079,C13
U07740,1,1,0.00010001000100010001,0.00010001000100010001,Regular,0.2121,0.1979,C15
U08472,1,1,0.00010001000100010001,0.00010001000100010001,Regular,0.144,0.1591,C22
U04765,1,1,0.00010001000100010001,0.00010001000100010001,Regular,0.0602,0.0769,C15
U04776,1,1,0.00010001000100010001,0.00010001000100010001,Regular,0.039,0.2463,C01
U04778,1,1,0.00010001000100010001,0.00010001000100010001,Regular,0.0849,0.1589,C03
U04779,1,1,0.00010001000100010001,0.00010001000100010001,Regular,0.1166,0.137,C04
U04780,1,1,0.00010001000100010001,0.00010001000100010001,Regular,0.0466,0.0651,C05
U04788,1,2,0.00010001000100010001,0.00020002000200020003,Regular,0.0558,0.1904,C13
U05511,1,1,0.00010001000100010001,0.00010001000100010001,Regular,0.3255,0.1348,C11
U05514,1,1,0.00010001000100010001,0.00010001000100010001,Regular,0.0914,0.1275,C14
U06731,1,1,0.00010001000100010001,0.00010001000100010001,Regular,0.1543,0.1398,C06
U03270,1,1,0.00010001000100010001,0.00010001000100010001,Regular,0.1857,0.0473,C20
U09746,1,1,0.00010001000100010001,0.00010001000100010001,Regular,0.1896,0.0894,C21
U03294,1,1,0.00010001000100010001,0.00010001000100010001,Regular,0.0386,0.1804,C19
U03505,1,1,0.00010001000100010001,0.00010001000100010001,Regular,0.2272,0.1492,C05
U03509,1,1,0.00010001000100010001,0.00010001000100010001,Regular,0.0321,0.1341,C09
U03514,1,1,0.00010001000100010001,0.00010001000100010001,Regular,0.1034,0.1513,C14
U00118,1,1,0.00010001000100010001,0.00010001000100010001,Regular,0.1388,0.0685,C18
U00120,1,1,0.00010001000100010001,0.00010001000100010001,Regular,0.1057,0.1348,C20
U00127,1,1,0.00010001000100010001,0.00010001000100010001,Regular,0.1039,0.0823,C02
U07723,1,1,0.00010001000100010001,0.00010001000100010001,Regular,0.0924,0.0614,C23
U05485,1,1,0.00010001000100010001,0.00010001000100010001,Regular,0.3745,0.1161,C10
U05489,1,1,0.00010001000100010001,0.00010001000100010001,Regular,0.0981,0.1743,C14
U08485,1,1,0.00010001000100010001,0.00010001000100010001,Regular,0.1424,0.1619,C10
U04753,1,1,0.00010001000100010001,0.00010001000100010001,Regular,0.0758,0.1211,C03
U04758,1,0,0.00010001000100010001,0.0,Regular,0.3096,0.1288,C08
U04759,1,1,0.00010001000100010001,0.00010001000100010001,Regular,0.069,0.0955,C09
U06751,1,1,0.00010001000100010001,0.00010001000100010001,Regular,0.1194,0.0661,C01
U09734,1,1,0.00010001000100010001,0.00010001000100010001,Regular,0.1084,0.059,C09
U09739,1,3,0.00010001000100010001,0.00030003000300030005,Regular,0.104,0.0931,C14
U09740,1,1,0.00010001000100010001,0.00010001000100010001,Regular,0.1997,0.0888,C15
U03519,1,1,0.00010001000100010001,0.00010001000100010001,Regular,0.1621,0.0613,C19
U03526,1,2,0.00010001000100010001,0.00020002000200020003,Regular,0.0632,0.1306,C01
U03267,1,1,0.00010001000100010001,0.00010001000100010001,Regular,0.1036,0.1448,C17
U06460,1,1,0.00010001000100010001,0.00010001000100010001,Regular,0.0847,0.141,C10
U06461,1,1,0.00010001000100010001,0.00010001000100010001,Regular,0.3254,0.3743,C11
U06723,1,1,0.00010001000100010001,0.00010001000100010001,Regular,0.1405,0.0103,C23
U06724,1,1,0.00010001000100010001,0.00010001000100010001,Regular,0.128,0.1229,C24
U04761,1,1,0.00010001000100010001,0.00010001000100010001,Regular,0.0495,0.1826,C11
U08497,1,2,0.00010001000100010001,0.00020002000200020003,Regular,0.0923,0.1337,C22
U00757,1,1,0.00010001000100010001,0.00010001000100010001,Regular,0.1457,0.0714,C07
U08513,1,0,0.00010001000100010001,0.0,Regular,0.0351,0.06,C13
U01173,1,1,0.00010001000100010001,0.00010001000100010001,Regular,0.064,0.2094,C23
U01182,1,1,0.00010001000100010001,0.00010001000100010001,Regular,0.3803,0.1259,C07
U07697,1,1,0.00010001000100010001,0.00010001000100010001,Regular,0.1698,0.0205,C22
U07704,1,1,0.00010001000100010001,0.00010001000100010001,Regular,0.2907,0.066,C04
U08514,1,1,0.00010001000100010001,0.00010001000100010001,Regular,0.1161,0.1491,C14
U08520,1,0,0.00010001000100010001,0.0,Active,0.4726,0.2894,C20
U04747,1,1,0.00010001000100010001,0.00010001000100010001,Regular,0.1417,0.0243,C22
U02642,1,1,0.00010001000100010001,0.00010001000100010001,Regular,0.1461,0.0945,C17
U02646,1,1,0.00010001000100010001,0.00010001000100010001,Regular,0.2019,0.1984,C21
U02647,1,1,0.00010001000100010001,0.00010001000100010001,Regular,0.1719,0.0478,C22
U04731,1,1,0.00010001000100010001,0.00010001000100010001,Regular,0.1366,0.1935,C06
U04736,1,0,0.00010001000100010001,0.0,Regular,0.1779,0.1213,C11
U06756,1,1,0.00010001000100010001,0.00010001000100010001,Regular,0.1987,0.2379,C06
U06758,1,1,0.00010001000100010001,0.00010001000100010001,Regular,0.1495,0.0378,C08
U06404,1,1,0.00010001000100010001,0.00010001000100010001,Regular,0.0746,0.2492,C04
U03541,1,6,0.00010001000100010001,0.0006000600060006001,Regular,0.3194,0.1925,C16
U09716,1,1,0.00010001000100010001,0.00010001000100010001,Regular,0.0927,0.048,C16
U09721,1,1,0.00010001000100010001,0.00010001000100010001,Regular,0.2213,0.0149,C21
U09724,1,1,0.00010001000100010001,0.00010001000100010001,Regular,0.3241,0.1229,C24
U00129,1,2,0.00010001000100010001,0.00020002000200020003,Regular,0.1654,0.2246,C04
U00140,1,1,0.00010001000100010001,0.00010001000100010001,Regular,0.1256,0.0262,C15
U00141,1,1,0.00010001000100010001,0.00010001000100010001,Regular,0.0086,0.2466,C16
U06433,1,1,0.00010001000100010001,0.00010001000100010001,Regular,0.2232,0.0875,C08
U06439,1,1,0.00010001000100010001,0.00010001000100010001,Regular,0.1112,0.1124,C14
U06748,1,2,0.00010001000100010001,0.00020002000200020003,Regular,0.0857,0.1962,C23
U08533,1,3,0.00010001000100010001,0.00030003000300030005,Regular,0.1138,0.0802,C08
U08537,1,1,0.00010001000100010001,0.00010001000100010001,Regular,0.4649,0.06,C12
U02661,1,1,0.00010001000100010001,0.00010001000100010001,Regular,0.1139,0.0531,C11
U01190,1,1,0.00010001000100010001,0.00010001000100010001,Regular,0.2777,0.0102,C15
U05539,1,1,0.00010001000100010001,0.00010001000100010001,Regular,0.0567,0.3742,C14
U05541,1,1,0.00010001000100010001,0.00010001000100010001,Regular,0.0947,0.074,C16
U05543,1,1,0.00010001000100010001,0.00010001000100010001,Regular,0.2875,0.217,C18
U02273,1,1,0.00010001000100010001,0.00010001000100010001,Regular,0.053,0.112,C23
U02274,1,1,0.00010001000100010001,0.00010001000100010001,Regular,0.1417,0.1611,C24
U02275,1,1,0.00010001000100010001,0.00010001000100010001,Regular,0.1587,0.0812,C25
U01683,1,1,0.00010001000100010001,0.00010001000100010001,Regular,0.0806,0.1373,C08
U01883,1,1,0.00010001000100010001,0.00010001000100010001,Regular,0.3193,0.1614,C08
U06392,1,6,0.00010001000100010001,0.0006000600060006001,Regular,0.1464,0.0619,C17
U00149,1,4,0.00010001000100010001,0.00040004000400040005,Regular,0.2075,0.036,C24
U00160,1,1,0.00010001000100010001,0.00010001000100010001,Regular,0.0645,0.2133,C10
U09699,1,1,0.00010001000100010001,0.00010001000100010001,Regular,0.0807,0.0867,C24
U03275,1,2,0.00010001000100010001,0.00020002000200020003,Regular,0.0501,0.2605,C25
U03280,1,1,0.00010001000100010001,0.00010001000100010001,Regular,0.1365,0.2148,C05
U01706,1,1,0.00010001000100010001,0.00010001000100010001,Regular,0.1456,0.1562,C06
U01172,1,1,0.00010001000100010001,0.00010001000100010001,Regular,0.0894,0.1544,C22
U04709,1,1,0.00010001000100010001,0.00010001000100010001,Regular,0.136,0.0741,C09
U04711,1,1,0.00010001000100010001,0.00010001000100010001,Regular,0.0974,0.13,C11
U00749,1,1,0.00010001000100010001,0.00010001000100010001,Regular,0.0562,0.1382,C24
U08552,1,1,0.00010001000100010001,0.00010001000100010001,Regular,0.0575,0.0794,C02
U02680,1,1,0.00010001000100010001,0.00010001000100010001,Regular,0.0937,0.0489,C05
U04695,1,1,0.00010001000100010001,0.00010001000100010001,Regular,0.1405,0.0735,C20
U05579,1,2,0.00010001000100010001,0.00020002000200020003,Regular,0.0878,0.2714,C04
U05583,1,1,0.00010001000100010001,0.00010001000100010001,Regular,0.3004,0.0875,C08
U07664,1,1,0.00010001000100010001,0.00010001000100010001,Regular,0.0424,0.1758,C14
U07672,1,1,0.00010001000100010001,0.00010001000100010001,Regular,0.261,0.0785,C22
U05564,1,1,0.00010001000100010001,0.00010001000100010001,Regular,0.0226,0.1046,C14
U05565,1,1,0.00010001000100010001,0.00010001000100010001,Active,0.1645,0.143,C15
U04702,1,1,0.00010001000100010001,0.00010001000100010001,Regular,0.1398,0.0253,C02
U08564,1,1,0.00010001000100010001,0.00010001000100010001,Regular,0.1309,0.1016,C14
U08565,1,1,0.00010001000100010001,0.00010001000100010001,Regular,0.0692,0.0593,C15
U08567,1,2,0.00010001000100010001,0.00020002000200020003,Regular,0.208,0.1007,C17
U04677,1,1,0.00010001000100010001,0.00010001000100010001,Regular,0.3027,0.0869,C02
U04678,1,1,0.00010001000100010001,0.00010001000100010001,Regular,0.0977,0.0872,C03
U04684,1,1,0.00010001000100010001,0.00010001000100010001,Regular,0.1071,0.1442,C09
U04688,1,1,0.00010001000100010001,0.00010001000100010001,Regular,0.1295,0.0677,C13
U02676,1,1,0.00010001000100010001,0.00010001000100010001,Active,0.3213,0.3943,C01
U06383,1,1,0.00010001000100010001,0.00010001000100010001,Regular,0.0878,0.1431,C08
U06384,1,2,0.00010001000100010001,0.00020002000200020003,Regular,0.0827,0.1533,C09
U03575,1,0,0.00010001000100010001,0.0,Regular,0.0471,0.301,C25
U09684,1,1,0.00010001000100010001,0.00010001000100010001,Regular,0.3203,0.2575,C09
U03559,1,1,0.00010001000100010001,0.00010001000100010001,Regular,0.115,0.1402,C09
U03563,1,1,0.00010001000100010001,0.00010001000100010001,Regular,0.1463,0.1602,C13
U03565,1,1,0.00010001000100010001,0.00010001000100010001,Regular,0.1103,0.1212,C15
U03566,1,1,0.00010001000100010001,0.00010001000100010001,Regular,0.3897,0.1273,C16
U03249,1,2,0.00010001000100010001,0.00020002000200020003,Regular,0.159,0.1163,C24
U06406,1,1,0.00010001000100010001,0.00010001000100010001,Regular,0.1354,0.1803,C06
U06781,1,2,0.00010001000100010001,0.00020002000200020003,Regular,0.2156,0.0666,C06
U08577,1,1,0.00010001000100010001,0.00010001000100010001,Regular,0.1287,0.0428,C02
U08585,1,1,0.00010001000100010001,0.00010001000100010001,Regular,0.2005,0.2117,C10
U08586,1,1,0.00010001000100010001,0.00010001000100010001,Regular,0.0501,0.13,C11
U08587,1,1,0.00010001000100010001,0.00010001000100010001,Active,0.3978,0.2063,C12
U02696,1,1,0.00010001000100010001,0.00010001000100010001,Regular,0.1916,0.1109,C21
U02263,1,1,0.00010001000100010001,0.00010001000100010001,Regular,0.0767,0.1243,C13
U01208,1,2,0.00010001000100010001,0.00020002000200020003,Regular,0.204,0.2509,C08
U01215,1,1,0.00010001000100010001,0.00010001000100010001,Active,0.3639,0.176,C15
U07652,1,1,0.00010001000100010001,0.00010001000100010001,Regular,0.0717,0.0385,C02
U07654,1,3,0.00010001000100010001,0.00030003000300030005,Regular,0.1033,0.1172,C04
U05568,1,1,0.00010001000100010001,0.00010001000100010001,Regular,0.3356,0.1188,C18
U05569,1,2,0.00010001000100010001,0.00020002000200020003,Regular,0.125,0.0761,C19
U08591,1,1,0.00010001000100010001,0.00010001000100010001,Regular,0.0661,0.0412,C16
U08599,1,1,0.00010001000100010001,0.00010001000100010001,Regular,0.1213,0.3726,C24
U02717,1,0,0.00010001000100010001,0.0,Regular,0.1905,0.134,C17
U02718,1,1,0.00010001000100010001,0.00010001000100010001,Regular,0.1814,0.1386,C18
U02720,1,1,0.00010001000100010001,0.00010001000100010001,Regular,0.205,0.1564,C20
U04644,1,4,0.00010001000100010001,0.00040004000400040005,Regular,0.0246,0.1647,C19
U07636,1,1,0.00010001000100010001,0.00010001000100010001,Regular,0.2001,0.207,C11
U07640,1,1,0.00010001000100010001,0.00010001000100010001,Regular,0.2362,0.1669,C15
U07642,1,1,0.00010001000100010001,0.00010001000100010001,Regular,0.1667,0.137,C17
U07645,1,6,0.00010001000100010001,0.0006000600060006001,Regular,0.161,0.1243,C20
U05594,1,1,0.00010001000100010001,0.00010001000100010001,Regular,0.2651,0.1343,C19
U05596,1,1,0.00010001000100010001,0.00010001000100010001,Regular,0.1976,0.1998,C21
U05600,1,1,0.00010001000100010001,0.00010001000100010001,Regular,0.1635,0.1561,C25
U04654,1,1,0.00010001000100010001,0.00010001000100010001,Regular,0.1883,0.0894,C04
U02690,1,1,0.00010001000100010001,0.00010001000100010001,Regular,0.0567,0.2327,C15
U00709,1,1,0.00010001000100010001,0.00010001000100010001,Regular,0.0439,0.33,C09
U00715,1,1,0.00010001000100010001,0.00010001000100010001,Regular,0.0314,0.1452,C15
U00719,1,1,0.00010001000100010001,0.00010001000100010001,Regular,0.0804,0.1139,C19
U00720,1,1,0.00010001000100010001,0.00010001000100010001,Regular,0.0816,0.0989,C20
U08609,1,1,0.00010001000100010001,0.00010001000100010001,Regular,0.2254,0.2465,C09
U04631,1,1,0.00010001000100010001,0.00010001000100010001,Regular,0.0071,0.0763,C06
U02706,1,1,0.00010001000100010001,0.00010001000100010001,Regular,0.0658,0.0761,C06
U02713,1,1,0.00010001000100010001,0.00010001000100010001,Regular,0.1923,0.2365,C13
U08623,1,1,0.00010001000100010001,0.00010001000100010001,Regular,0.0664,0.211,C23
U08628,1,1,0.00010001000100010001,0.00010001000100010001,Regular,0.3329,0.2152,C03
U08629,1,1,0.00010001000100010001,0.00010001000100010001,Regular,0.1844,0.0792,C04
U01666,1,1,0.00010001000100010001,0.00010001000100010001,Regular,0.0957,0.1213,C16
U06357,1,1,0.00010001000100010001,0.00010001000100010001,Regular,0.0612,0.2028,C07
U06366,1,2,0.00010001000100010001,0.00020002000200020003,Regular,0.1688,0.1642,C16
U00169,1,1,0.00010001000100010001,0.00010001000100010001,Regular,0.121,0.3621,C19
U00171,1,1,0.00010001000100010001,0.00010001000100010001,Active,0.3043,0.2749,C21
U03262,1,3,0.00010001000100010001,0.00030003000300030005,Regular,0.1023,0.1684,C12
U03264,1,2,0.00010001000100010001,0.00020002000200020003,Regular,0.1792,0.0475,C14
U01858,1,1,0.00010001000100010001,0.00010001000100010001,Regular,0.1045,0.1964,C08
U01685,1,2,0.00010001000100010001,0.00020002000200020003,Regular,0.0826,0.2392,C10
U01687,1,1,0.00010001000100010001,0.00010001000100010001,Regular,0.2955,0.1519,C12
U01694,1,1,0.00010001000100010001,0.00010001000100010001,Regular,0.1665,0.3082,C19
U06789,1,1,0.00010001000100010001,0.00010001000100010001,Regular,0.2455,0.2682,C14
U06790,1,1,0.00010001000100010001,0.00010001000100010001,Regular,0.0171,0.0888,C15
U06379,1,1,0.00010001000100010001,0.00010001000100010001,Regular,0.1212,0.0875,C04
U08636,1,1,0.00010001000100010001,0.00010001000100010001,Regular,0.1846,0.129,C11
U08638,1,1,0.00010001000100010001,0.00010001000100010001,Active,0.8161,0.3305,C13
U04608,1,2,0.00010001000100010001,0.00020002000200020003,Regular,0.1243,0.275,C08
U07629,1,1,0.00010001000100010001,0.00010001000100010001,Regular,0.168,0.0415,C04
U07631,1,1,0.00010001000100010001,0.00010001000100010001,Regular,0.121,0.071,C06
U02265,1,1,0.00010001000100010001,0.00010001000100010001,Regular,0.1031,0.126,C15
U02268,1,1,0.00010001000100010001,0.00010001000100010001,Regular,0.0823,0.1659,C18
U05618,1,0,0.00010001000100010001,0.0,Regular,0.0507,0.1008,C18
U04620,1,1,0.00010001000100010001,0.00010001000100010001,Regular,0.1469,0.2166,C20
U04622,1,1,0.00010001000100010001,0.00010001000100010001,Regular,0.1425,0.1902,C22
U04625,1,1,0.00010001000100010001,0.00010001000100010001,Regular,0.0946,0.1383,C25
U00697,1,1,0.00010001000100010001,0.00010001000100010001,Regular,0.1053,0.1166,C22
U08651,1,1,0.00010001000100010001,0.00010001000100010001,Regular,0.0577,0.2554,C01
U04593,1,1,0.00010001000100010001,0.00010001000100010001,Regular,0.1129,0.2305,C18
U05628,1,1,0.00010001000100010001,0.00010001000100010001,Regular,0.2381,0.1659,C03
U02243,1,1,0.00010001000100010001,0.00010001000100010001,Regular,0.1138,0.2739,C18
U01231,1,1,0.00010001000100010001,0.00010001000100010001,Regular,0.0223,0.148,C06
U01890,1,1,0.00010001000100010001,0.00010001000100010001,Regular,0.0925,0.1555,C15
U01900,1,1,0.00010001000100010001,0.00010001000100010001,Regular,0.0876,0.1755,C25
U01902,1,1,0.00010001000100010001,0.00010001000100010001,Regular,0.1481,0.2126,C02
U06339,1,1,0.00010001000100010001,0.00010001000100010001,Regular,0.089,0.1106,C14
U03592,1,1,0.00010001000100010001,0.00010001000100010001,Regular,0.0617,0.0702,C17
U03598,1,1,0.00010001000100010001,0.00010001000100010001,Regular,0.2428,0.2858,C23
U03599,1,1,0.00010001000100010001,0.00010001000100010001,Regular,0.2683,0.1732,C24
U06808,1,1,0.00010001000100010001,0.00010001000100010001,Regular,0.2925,0.1446,C08
U01665,1,1,0.00010001000100010001,0.00010001000100010001,Regular,0.0741,0.0564,C15
U07608,1,1,0.00010001000100010001,0.00010001000100010001,Regular,0.1027,0.5037,C08
U04600,1,1,0.00010001000100010001,0.00010001000100010001,Regular,0.0192,0.1078,C25
U00676,1,1,0.00010001000100010001,0.00010001000100010001,Regular,0.095,0.2274,C01
U02721,1,2,0.00010001000100010001,0.00020002000200020003,Active,0.3615,0.2139,C21
U02728,1,1,0.00010001000100010001,0.00010001000100010001,Regular,0.3428,0.037,C03
U02254,1,0,0.00010001000100010001,0.0,Regular,0.2775,0.2058,C04
U05634,1,1,0.00010001000100010001,0.00010001000100010001,Regular,0.0442,0.0659,C09
U05636,1,1,0.00010001000100010001,0.00010001000100010001,Regular,0.0546,0.0492,C11
U01235,1,1,0.00010001000100010001,0.00010001000100010001,Regular,0.209,0.1468,C10
U06843,1,1,0.00010001000100010001,0.00010001000100010001,Regular,0.0652,0.0336,C18
U01649,1,1,0.00010001000100010001,0.00010001000100010001,Regular,0.1575,0.4096,C24
U06316,1,1,0.00010001000100010001,0.00010001000100010001,Regular,0.1442,0.0455,C16
U06325,1,1,0.00010001000100010001,0.00010001000100010001,Regular,0.0639,0.0549,C25
U03630,1,1,0.00010001000100010001,0.00010001000100010001,Regular,0.0686,0.2399,C05
U03608,1,1,0.00010001000100010001,0.00010001000100010001,Regular,0.1053,0.3146,C08
U03610,1,5,0.00010001000100010001,0.0005000500050005,Regular,0.1315,0.2119,C10
U09635,1,2,0.00010001000100010001,0.00020002000200020003,Regular,0.0516,0.0451,C10
U00184,1,1,0.00010001000100010001,0.00010001000100010001,Regular,0.1164,0.1593,C09
U00189,1,1,0.00010001000100010001,0.00010001000100010001,Regular,0.0542,0.0853,C14
U00191,1,1,0.00010001000100010001,0.00010001000100010001,Regular,0.197,0.359,C16
U01676,1,1,0.00010001000100010001,0.00010001000100010001,Regular,0.0476,0.1266,C01
U07586,1,1,0.00010001000100010001,0.00010001000100010001,Regular,0.1146,0.1892,C11
U07593,1,1,0.00010001000100010001,0.00010001000100010001,Regular,0.1627,0.2234,C18
U08675,1,1,0.00010001000100010001,0.00010001000100010001,Regular,0.2578,0.1172,C25
U08680,1,1,0.00010001000100010001,0.00010001000100010001,Regular,0.1372,0.1232,C05
U02738,1,1,0.00010001000100010001,0.00010001000100010001,Regular,0.1325,0.0744,C13
U07574,1,1,0.00010001000100010001,0.00010001000100010001,Regular,0.0649,0.1997,C24
U07576,1,0,0.00010001000100010001,0.0,Regular,0.1963,0.1934,C01
U07580,1,1,0.00010001000100010001,0.00010001000100010001,Regular,0.2083,0.0832,C05
U07582,1,1,0.00010001000100010001,0.00010001000100010001,Regular,0.103,0.1414,C07
U05649,1,1,0.00010001000100010001,0.00010001000100010001,Regular,0.18,0.0623,C24
U05660,1,1,0.00010001000100010001,0.00010001000100010001,Regular,0.0476,0.3632,C10
U08697,1,1,0.00010001000100010001,0.00010001000100010001,Regular,0.0684,0.1281,C22
U08698,1,1,0.00010001000100010001,0.00010001000100010001,Regular,0.1283,0.1921,C23
U02768,1,1,0.00010001000100010001,0.00010001000100010001,Regular,0.1934,0.1813,C18
U04546,1,1,0.00010001000100010001,0.00010001000100010001,Regular,0.0983,0.1611,C21
U04549,1,1,0.00010001000100010001,0.00010001000100010001,Regular,0.1265,0.1411,C24
U02228,1,1,0.00010001000100010001,0.00010001000100010001,Regular,0.0662,0.0801,C03
U02235,1,1,0.00010001000100010001,0.00010001000100010001,Regular,0.0981,0.3151,C10
U05667,1,1,0.00010001000100010001,0.00010001000100010001,Regular,0.1289,0.1887,C17
U05671,1,1,0.00010001000100010001,0.00010001000100010001,Regular,0.3073,0.2607,C21
U05673,1,1,0.00010001000100010001,0.00010001000100010001,Regular,0.0987,0.0977,C23
U04560,1,1,0.00010001000100010001,0.00010001000100010001,Regular,0.0283,0.1766,C10
U00667,1,1,0.00010001000100010001,0.00010001000100010001,Regular,0.1245,0.1623,C17
U08709,1,2,0.00010001000100010001,0.00020002000200020003,Active,0.2341,0.1899,C09
U08717,1,1,0.00010001000100010001,0.00010001000100010001,Regular,0.1527,0.1322,C17
U08718,1,1,0.00010001000100010001,0.00010001000100010001,Regular,0.0313,0.1372,C18
U02753,1,1,0.00010001000100010001,0.00010001000100010001,Regular,0.131,0.2593,C03
U08721,1,1,0.00010001000100010001,0.00010001000100010001,Regular,0.1866,0.1707,C21
U08723,1,1,0.00010001000100010001,0.00010001000100010001,Regular,0.1007,0.2154,C23
U08724,1,1,0.00010001000100010001,0.00010001000100010001,Regular,0.2476,0.1126,C24
U08725,1,1,0.00010001000100010001,0.00010001000100010001,Regular,0.1288,0.0458,C25
U00642,1,1,0.00010001000100010001,0.00010001000100010001,Regular,0.1013,0.0982,C17
U06850,1,1,0.00010001000100010001,0.00010001000100010001,Regular,0.0639,0.1235,C25
U06851,1,1,0.00010001000100010001,0.00010001000100010001,Regular,0.1533,0.0563,C01
U01907,1,1,0.00010001000100010001,0.00010001000100010001,Regular,0.1509,0.144,C07
U00201,1,2,0.00010001000100010001,0.00020002000200020003,Regular,0.1551,0.114,C01
U09617,1,1,0.00010001000100010001,0.00010001000100010001,Active,0.184,0.2996,C17
U09625,1,1,0.00010001000100010001,0.00010001000100010001,Regular,0.1069,0.0663,C25
U09629,1,1,0.00010001000100010001,0.00010001000100010001,Regular,0.0434,0.2203,C04
U03228,1,1,0.00010001000100010001,0.00010001000100010001,Regular,0.0525,0.0655,C03
U03230,1,1,0.00010001000100010001,0.00010001000100010001,Regular,0.0838,0.0871,C05
U03618,1,1,0.00010001000100010001,0.00010001000100010001,Regular,0.0594,0.0807,C18
U06342,1,1,0.00010001000100010001,0.00010001000100010001,Regular,0.0742,0.0952,C17
U02778,1,1,0.00010001000100010001,0.00010001000100010001,Regular,0.2014,0.097,C03
U02781,1,1,0.00010001000100010001,0.00010001000100010001,Regular,0.0887,0.0375,C06
U02784,1,0,0.00010001000100010001,0.0,Regular,0.0815,0.3987,C09
U04514,1,1,0.00010001000100010001,0.00010001000100010001,Regular,0.0347,0.2256,C14
U07542,1,1,0.00010001000100010001,0.00010001000100010001,Regular,0.0863,0.1061,C17
U01265,1,1,0.00010001000100010001,0.00010001000100010001,Regular,0.0923,0.2911,C15
U01271,1,1,0.00010001000100010001,0.00010001000100010001,Regular,0.1042,0.1844,C21
U01272,1,1,0.00010001000100010001,0.00010001000100010001,Regular,0.0851,0.2383,C22
U01279,1,1,0.00010001000100010001,0.00010001000100010001,Regular,0.026,0.0224,C04
U01280,1,1,0.00010001000100010001,0.00010001000100010001,Regular,0.0704,0.2484,C05
U07562,1,1,0.00010001000100010001,0.00010001000100010001,Regular,0.1593,0.238,C12
U07564,1,0,0.00010001000100010001,0.0,Regular,0.176,0.045,C14
U07566,1,1,0.00010001000100010001,0.00010001000100010001,Regular,0.0755,0.2709,C16
U04524,1,3,0.00010001000100010001,0.00030003000300030005,Regular,0.0538,0.1162,C24
U04526,1,1,0.00010001000100010001,0.00010001000100010001,Regular,0.1212,0.2048,C01
U08740,1,1,0.00010001000100010001,0.00010001000100010001,Regular,0.1866,0.1424,C15
U04509,1,1,0.00010001000100010001,0.00010001000100010001,Regular,0.0464,0.3039,C09
U07527,1,1,0.00010001000100010001,0.00010001000100010001,Regular,0.0237,0.1368,C02
U07537,1,1,0.00010001000100010001,0.00010001000100010001,Regular,0.047,0.2055,C12
U05675,1,4,0.00010001000100010001,0.00040004000400040005,Regular,0.1585,0.3175,C25
U05684,1,1,0.00010001000100010001,0.00010001000100010001,Regular,0.1423,0.161,C09
U05686,1,2,0.00010001000100010001,0.00020002000200020003,Regular,0.3201,0.0436,C11
U05687,1,1,0.00010001000100010001,0.00010001000100010001,Regular,0.3514,0.3735,C12
U05694,1,1,0.00010001000100010001,0.00010001000100010001,Regular,0.109,0.1689,C19
U09600,1,1,0.00010001000100010001,0.00010001000100010001,Regular,0.1276,0.0508,C25
U09610,1,1,0.00010001000100010001,0.00010001000100010001,Regular,0.1008,0.1004,C10
U00194,1,1,0.00010001000100010001,0.00010001000100010001,Regular,0.1493,0.2893,C19
U06861,1,1,0.00010001000100010001,0.00010001000100010001,Regular,0.1569,0.1271,C11
U06867,1,1,0.00010001000100010001,0.00010001000100010001,Regular,0.0551,0.1509,C17
U06871,1,1,0.00010001000100010001,0.00010001000100010001,Regular,0.1866,0.1103,C21
U01634,1,2,0.00010001000100010001,0.00020002000200020003,Regular,0.2044,0.0535,C09
U06298,1,1,0.00010001000100010001,0.00010001000100010001,Regular,0.1243,0.0959,C23
U01656,1,1,0.00010001000100010001,0.00010001000100010001,Regular,0.1462,0.2104,C06
U02772,1,1,0.00010001000100010001,0.00010001000100010001,Regular,0.3271,0.0964,C22
U02777,1,1,0.00010001000100010001,0.00010001000100010001,Regular,0.1348,0.0753,C02
U08755,1,1,0.00010001000100010001,0.00010001000100010001,Regular,0.0473,0.0193,C05
U08756,1,1,0.00010001000100010001,0.00010001000100010001,Regular,0.0613,0.0606,C06
U08758,1,1,0.00010001000100010001,0.00010001000100010001,Regular,0.1171,0.0534,C08
U08766,1,1,0.00010001000100010001,0.00010001000100010001,Regular,0.0799,0.1908,C16
U00632,1,1,0.00010001000100010001,0.00010001000100010001,Regular,0.1032,0.0596,C07
U00635,1,1,0.00010001000100010001,0.00010001000100010001,Regular,0.1181,0.0931,C10
U05722,1,1,0.00010001000100010001,0.00010001000100010001,Regular,0.1782,0.1456,C22
U07510,1,1,0.00010001000100010001,0.00010001000100010001,Regular,0.0698,0.2578,C10
U07518,1,1,0.00010001000100010001,0.00010001000100010001,Regular,0.1182,0.0919,C18
U01282,1,1,0.00010001000100010001,0.00010001000100010001,Regular,0.4343,0.1239,C07
U02215,1,1,0.00010001000100010001,0.00010001000100010001,Regular,0.3502,0.2393,C15
U05697,1,1,0.00010001000100010001,0.00010001000100010001,Regular,0.1253,0.1494,C22
U05703,1,1,0.00010001000100010001,0.00010001000100010001,Regular,0.257,0.0987,C03
U08776,1,1,0.00010001000100010001,0.00010001000100010001,Regular,0.2313,0.105,C01
U02794,1,1,0.00010001000100010001,0.00010001000100010001,Regular,0.1119,0.0842,C19
U05730,1,1,0.00010001000100010001,0.00010001000100010001,Regular,0.0713,0.0443,C05
U05735,1,1,0.00010001000100010001,0.00010001000100010001,Regular,0.2382,0.2856,C10
U09597,1,4,0.00010001000100010001,0.00040004000400040005,Regular,0.1234,0.0252,C22
U03211,1,1,0.00010001000100010001,0.00010001000100010001,Regular,0.0669,0.1919,C11
U03659,1,1,0.00010001000100010001,0.00010001000100010001,Regular,0.1388,0.0744,C09
U01646,1,1,0.00010001000100010001,0.00010001000100010001,Regular,0.1486,0.1424,C21
U06881,1,1,0.00010001000100010001,0.00010001000100010001,Regular,0.1531,0.2913,C06
U06882,1,1,0.00010001000100010001,0.00010001000100010001,Regular,0.0665,0.1267,C07
U06884,1,1,0.00010001000100010001,0.00010001000100010001,Regular,0.1563,0.0918,C09
U06274,1,1,0.00010001000100010001,0.00010001000100010001,Regular,0.1108,0.0857,C24
U06276,1,1,0.00010001000100010001,0.00010001000100010001,Regular,0.0353,0.1407,C01
U06278,1,1,0.00010001000100010001,0.00010001000100010001,Regular,0.1427,0.185,C03
U07500,1,1,0.00010001000100010001,0.00010001000100010001,Regular,0.0462,0.0978,C25
U07502,1,1,0.00010001000100010001,0.00010001000100010001,Regular,0.1367,0.0643,C02
U05710,1,1,0.00010001000100010001,0.00010001000100010001,Regular,0.1834,0.083,C10
U04501,1,1,0.00010001000100010001,0.00010001000100010001,Regular,0.1631,0.2019,C01
U08787,1,1,0.00010001000100010001,0.00010001000100010001,Regular,0.2205,0.0106,C12
U00610,1,1,0.00010001000100010001,0.00010001000100010001,Regular,0.187,0.1056,C10
U00617,1,1,0.00010001000100010001,0.00010001000100010001,Regular,0.0805,0.0805,C17
U04474,1,1,0.00010001000100010001,0.00010001000100010001,Regular,0.2695,0.0041,C24
U00618,1,1,0.00010001000100010001,0.00010001000100010001,Regular,0.1216,0.1723,C18
U03695,1,2,0.00010001000100010001,0.00020002000200020003,Regular,0.1143,0.0278,C20
U03696,1,1,0.00010001000100010001,0.00010001000100010001,Regular,0.2938,0.204,C21
U09577,1,1,0.00010001000100010001,0.00010001000100010001,Regular,0.2495,0.2249,C02
U09584,1,1,0.00010001000100010001,0.00010001000100010001,Regular,0.1924,0.0318,C09
U00212,1,1,0.00010001000100010001,0.00010001000100010001,Regular,0.1016,0.0256,C12
U03675,1,1,0.00010001000100010001,0.00010001000100010001,Regular,0.1448,0.0685,C25
U03679,1,1,0.00010001000100010001,0.00010001000100010001,Regular,0.0762,0.1915,C04
U03189,1,1,0.00010001000100010001,0.00010001000100010001,Regular,0.0935,0.0449,C14
U00219,1,1,0.00010001000100010001,0.00010001000100010001,Regular,0.2782,0.091,C19
U00222,1,1,0.00010001000100010001,0.00010001000100010001,Regular,0.3897,0.0068,C22
U09586,1,1,0.00010001000100010001,0.00010001000100010001,Regular,0.0322,0.0399,C11
U08810,1,1,0.00010001000100010001,0.00010001000100010001,Regular,0.192,0.0909,C10
U00596,1,9,0.00010001000100010001,0.0009000900090009002,Regular,0.024,0.1272,C21
U02803,1,1,0.00010001000100010001,0.00010001000100010001,Regular,0.1495,0.0563,C03
U04450,1,1,0.00010001000100010001,0.00010001000100010001,Regular,0.1603,0.0845,C25
U04452,1,1,0.00010001000100010001,0.00010001000100010001,Regular,0.0931,0.321,C02
U01301,1,1,0.00010001000100010001,0.00010001000100010001,Regular,0.1236,0.2383,C01
U05749,1,1,0.00010001000100010001,0.00010001000100010001,Regular,0.0933,0.1503,C24
U05752,1,1,0.00010001000100010001,0.00010001000100010001,Regular,0.068,0.0763,C02
U02193,1,3,0.00010001000100010001,0.00030003000300030005,Regular,0.071,0.4807,C18
U02197,1,1,0.00010001000100010001,0.00010001000100010001,Regular,0.4049,0.0786,C22
U08817,1,1,0.00010001000100010001,0.00010001000100010001,Regular,0.1567,0.029,C17
U08819,1,1,0.00010001000100010001,0.00010001000100010001,Regular,0.0732,0.1428,C19
U02820,1,1,0.00010001000100010001,0.00010001000100010001,Regular,0.2356,0.0225,C20
U02831,1,1,0.00010001000100010001,0.00010001000100010001,Regular,0.0935,0.1681,C06
U02801,1,1,0.00010001000100010001,0.00010001000100010001,Regular,0.1049,0.1497,C01
U08826,1,1,0.00010001000100010001,0.00010001000100010001,Regular,0.0055,0.1369,C01
U08828,1,3,0.00010001000100010001,0.00030003000300030005,Regular,0.1881,0.0335,C03
U08836,1,1,0.00010001000100010001,0.00010001000100010001,Regular,0.1199,0.1934,C11
U08843,1,1,0.00010001000100010001,0.00010001000100010001,Regular,0.153,0.2432,C18
U09553,1,1,0.00010001000100010001,0.00010001000100010001,Regular,0.0642,0.2725,C03
U09557,1,1,0.00010001000100010001,0.00010001000100010001,Regular,0.07,0.1114,C07
U09570,1,1,0.00010001000100010001,0.00010001000100010001,Regular,0.1866,0.0907,C20
U03195,1,1,0.00010001000100010001,0.00010001000100010001,Regular,0.1231,0.0805,C20
U06286,1,1,0.00010001000100010001,0.00010001000100010001,Regular,0.3235,0.0919,C11
U06890,1,1,0.00010001000100010001,0.00010001000100010001,Regular,0.1059,0.0668,C15
U06900,1,1,0.00010001000100010001,0.00010001000100010001,Regular,0.268,0.1584,C25
U06902,1,1,0.00010001000100010001,0.00010001000100010001,Regular,0.1616,0.2195,C02
U06911,1,1,0.00010001000100010001,0.00010001000100010001,Regular,0.2615,0.0275,C11
U01619,1,1,0.00010001000100010001,0.00010001000100010001,Regular,0.2843,0.026,C19
U01628,1,1,0.00010001000100010001,0.00010001000100010001,Regular,0.0805,0.0501,C03
U08845,1,0,0.00010001000100010001,0.0,Regular,0.2836,0.0532,C20
U04414,1,1,0.00010001000100010001,0.00010001000100010001,Regular,0.1188,0.0184,C14
U04421,1,1,0.00010001000100010001,0.00010001000100010001,Regular,0.2482,0.0843,C21
U04424,1,1,0.00010001000100010001,0.00010001000100010001,Regular,0.0697,0.0947,C24
U01317,1,1,0.00010001000100010001,0.00010001000100010001,Regular,0.1115,0.0279,C17
U01319,1,1,0.00010001000100010001,0.00010001000100010001,Active,0.2398,0.2765,C19
U01320,1,1,0.00010001000100010001,0.00010001000100010001,Regular,0.1171,0.2408,C20
U01328,1,2,0.00010001000100010001,0.00020002000200020003,Regular,0.261,0.0632,C03
U07464,1,1,0.00010001000100010001,0.00010001000100010001,Regular,0.1511,0.0342,C14
U07465,1,1,0.00010001000100010001,0.00010001000100010001,Regular,0.2619,0.2086,C15
U07475,1,1,0.00010001000100010001,0.00010001000100010001,Regular,0.0269,0.1389,C25
U07439,1,1,0.00010001000100010001,0.00010001000100010001,Regular,0.0663,0.2126,C14
U07441,1,1,0.00010001000100010001,0.00010001000100010001,Regular,0.0323,0.2436,C16
U07455,1,1,0.00010001000100010001,0.00010001000100010001,Regular,0.116,0.1204,C05
U02205,1,1,0.00010001000100010001,0.00010001000100010001,Regular,0.1952,0.091,C05
U05767,1,2,0.00010001000100010001,0.00020002000200020003,Regular,0.1326,0.1703,C17
U05773,1,1,0.00010001000100010001,0.00010001000100010001,Regular,0.0616,0.1025,C23
U04426,1,1,0.00010001000100010001,0.00010001000100010001,Regular,0.0416,0.0616,C01
U04430,1,1,0.00010001000100010001,0.00010001000100010001,Regular,0.1734,0.0213,C05
U04431,1,1,0.00010001000100010001,0.00010001000100010001,Regular,0.0844,0.0447,C06
U00585,1,1,0.00010001000100010001,0.00010001000100010001,Regular,0.0904,0.1943,C10
U00588,1,1,0.00010001000100010001,0.00010001000100010001,Regular,0.0292,0.1303,C13
U02846,1,1,0.00010001000100010001,0.00010001000100010001,Regular,0.4907,0.1637,C21
U04406,1,1,0.00010001000100010001,0.00010001000100010001,Regular,0.1274,0.3088,C06
U01604,1,1,0.00010001000100010001,0.00010001000100010001,Active,0.7198,0.1352,C04
U01929,1,1,0.00010001000100010001,0.00010001000100010001,Regular,0.1124,0.1869,C04
U06260,1,1,0.00010001000100010001,0.00010001000100010001,Regular,0.1707,0.0992,C10
U03719,1,1,0.00010001000100010001,0.00010001000100010001,Regular,0.1312,0.1014,C19
U03720,1,1,0.00010001000100010001,0.00010001000100010001,Regular,0.0129,0.2146,C20
U03723,1,1,0.00010001000100010001,0.00010001000100010001,Regular,0.0807,0.1144,C23
U00252,1,1,0.00010001000100010001,0.00010001000100010001,Regular,0.068,0.1349,C02
U00237,1,1,0.00010001000100010001,0.00010001000100010001,Regular,0.2445,0.1461,C12
U09537,1,1,0.00010001000100010001,0.00010001000100010001,Regular,0.3734,0.0606,C12
U03710,1,1,0.00010001000100010001,0.00010001000100010001,Regular,0.0724,0.1444,C10
U09547,1,2,0.00010001000100010001,0.00020002000200020003,Regular,0.2177,0.0476,C22
U04409,1,1,0.00010001000100010001,0.00010001000100010001,Regular,0.0492,0.2904,C09
U08869,1,1,0.00010001000100010001,0.00010001000100010001,Regular,0.219,0.2383,C19
U08875,1,1,0.00010001000100010001,0.00010001000100010001,Regular,0.2064,0.273,C25
U08886,1,1,0.00010001000100010001,0.00010001000100010001,Regular,0.0881,0.0196,C11
U01336,1,1,0.00010001000100010001,0.00010001000100010001,Regular,0.044,0.1825,C11
U01342,1,1,0.00010001000100010001,0.00010001000100010001,Regular,0.2331,0.2176,C17
U07428,1,1,0.00010001000100010001,0.00010001000100010001,Regular,0.1782,0.0461,C03
U05779,1,1,0.00010001000100010001,0.00010001000100010001,Regular,0.1929,0.0835,C04
U05781,1,1,0.00010001000100010001,0.00010001000100010001,Regular,0.0527,0.0657,C06
U05782,1,1,0.00010001000100010001,0.00010001000100010001,Regular,0.0581,0.0799,C07
U08888,1,1,0.00010001000100010001,0.00010001000100010001,Regular,0.1625,0.228,C13
U00563,1,1,0.00010001000100010001,0.00010001000100010001,Regular,0.0034,0.1192,C13
U00566,1,1,0.00010001000100010001,0.00010001000100010001,Regular,0.189,0.2294,C16
U04387,1,0,0.00010001000100010001,0.0,Regular,0.1749,0.1097,C12
U04396,1,1,0.00010001000100010001,0.00010001000100010001,Regular,0.2512,0.0928,C21
U01332,1,1,0.00010001000100010001,0.00010001000100010001,Regular,0.0844,0.0338,C07
U06936,1,2,0.00010001000100010001,0.00020002000200020003,Regular,0.1793,0.0528,C11
U06939,1,1,0.00010001000100010001,0.00010001000100010001,Regular,0.0455,0.251,C14
U06940,1,1,0.00010001000100010001,0.00010001000100010001,Regular,0.1152,0.1267,C15
U03738,1,1,0.00010001000100010001,0.00010001000100010001,Regular,0.2283,0.1226,C13
U03739,1,1,0.00010001000100010001,0.00010001000100010001,Regular,0.0828,0.0889,C14
U09528,1,0,0.00010001000100010001,0.0,Regular,0.2656,0.0958,C03
U09531,1,1,0.00010001000100010001,0.00010001000100010001,Regular,0.1091,0.1385,C06
U00249,1,1,0.00010001000100010001,0.00010001000100010001,Regular,0.0047,0.1421,C24
U03174,1,1,0.00010001000100010001,0.00010001000100010001,Regular,0.1769,0.2636,C24
U03181,1,1,0.00010001000100010001,0.00010001000100010001,Regular,0.1413,0.1713,C06
U06917,1,1,0.00010001000100010001,0.00010001000100010001,Regular,0.2181,0.1089,C17
U06919,1,1,0.00010001000100010001,0.00010001000100010001,Regular,0.0942,0.0751,C19
U01603,1,1,0.00010001000100010001,0.00010001000100010001,Regular,0.247,0.1678,C03
U02192,1,1,0.00010001000100010001,0.00010001000100010001,Regular,0.2384,0.0292,C17
U05794,1,1,0.00010001000100010001,0.00010001000100010001,Regular,0.0885,0.096,C19
U05795,1,1,0.00010001000100010001,0.00010001000100010001,Regular,0.1246,0.0893,C20
U02837,1,1,0.00010001000100010001,0.00010001000100010001,Regular,0.266,0.0272,C12
U08898,1,1,0.00010001000100010001,0.00010001000100010001,Regular,0.0595,0.3326,C23
U08899,1,0,0.00010001000100010001,0.0,Regular,0.3411,0.2675,C24
U08907,1,1,0.00010001000100010001,0.00010001000100010001,Regular,0.0263,0.1793,C07
U02862,1,1,0.00010001000100010001,0.00010001000100010001,Regular,0.3065,0.0467,C12
U04370,1,1,0.00010001000100010001,0.00010001000100010001,Regular,0.0287,0.0474,C20
U04373,1,1,0.00010001000100010001,0.00010001000100010001,Regular,0.0336,0.1044,C23
U07405,1,1,0.00010001000100010001,0.00010001000100010001,Regular,0.1417,0.0592,C05
U07407,1,1,0.00010001000100010001,0.00010001000100010001,Regular,0.2545,0.0453,C07
U07409,1,1,0.00010001000100010001,0.00010001000100010001,Regular,0.1348,0.221,C09
U05815,1,1,0.00010001000100010001,0.00010001000100010001,Regular,0.1701,0.0797,C15
U02167,1,1,0.00010001000100010001,0.00010001000100010001,Regular,0.1551,0.1836,C17
U02877,1,1,0.00010001000100010001,0.00010001000100010001,Regular,0.1232,0.1932,C02
U04358,1,1,0.00010001000100010001,0.00010001000100010001,Regular,0.1194,0.1081,C08
U04365,1,1,0.00010001000100010001,0.00010001000100010001,Regular,0.1811,0.2427,C15
U04335,1,1,0.00010001000100010001,0.00010001000100010001,Regular,0.2395,0.1058,C10
U04346,1,1,0.00010001000100010001,0.00010001000100010001,Regular,0.0717,0.1423,C21
U07381,1,1,0.00010001000100010001,0.00010001000100010001,Regular,0.037,0.0259,C06
U02174,1,1,0.00010001000100010001,0.00010001000100010001,Regular,0.0536,0.0695,C24
U06234,1,1,0.00010001000100010001,0.00010001000100010001,Regular,0.1192,0.196,C09
U03752,1,0,0.00010001000100010001,0.0,Regular,0.0111,0.1265,C02
U03753,1,1,0.00010001000100010001,0.00010001000100010001,Regular,0.0056,0.1849,C03
U03757,1,2,0.00010001000100010001,0.00020002000200020003,Regular,0.1228,0.2243,C07
U03759,1,1,0.00010001000100010001,0.00010001000100010001,Regular,0.088,0.1503,C09
U09508,1,1,0.00010001000100010001,0.00010001000100010001,Regular,0.1107,0.1687,C08
U09509,1,1,0.00010001000100010001,0.00010001000100010001,Regular,0.106,0.0888,C09
U09518,1,1,0.00010001000100010001,0.00010001000100010001,Regular,0.2097,0.1661,C18
U09520,1,0,0.00010001000100010001,0.0,Regular,0.2173,0.3225,C20
U06246,1,2,0.00010001000100010001,0.00020002000200020003,Regular,0.2571,0.0813,C21
U06253,1,1,0.00010001000100010001,0.00010001000100010001,Regular,0.0809,0.2056,C03
U01606,1,1,0.00010001000100010001,0.00010001000100010001,Regular,0.1326,0.0868,C06
U05834,1,1,0.00010001000100010001,0.00010001000100010001,Regular,0.2245,0.1009,C09
U05837,1,1,0.00010001000100010001,0.00010001000100010001,Regular,0.1624,0.0864,C12
U00555,1,1,0.00010001000100010001,0.00010001000100010001,Regular,0.3652,0.0096,C05
U00560,1,1,0.00010001000100010001,0.00010001000100010001,Regular,0.2063,0.1118,C10
U08929,1,1,0.00010001000100010001,0.00010001000100010001,Regular,0.4163,0.1205,C04
U08935,1,1,0.00010001000100010001,0.00010001000100010001,Regular,0.1981,0.2529,C10
U02888,1,1,0.00010001000100010001,0.00010001000100010001,Regular,0.0593,0.0503,C13
U04321,1,1,0.00010001000100010001,0.00010001000100010001,Regular,0.2274,0.1656,C21
U04323,1,1,0.00010001000100010001,0.00010001000100010001,Regular,0.1005,0.1426,C23
U02154,1,2,0.00010001000100010001,0.00020002000200020003,Regular,0.3586,0.0471,C04
U02156,1,1,0.00010001000100010001,0.00010001000100010001,Regular,0.1112,0.0431,C06
U02160,1,1,0.00010001000100010001,0.00010001000100010001,Regular,0.2251,0.1179,C10
U05842,1,1,0.00010001000100010001,0.00010001000100010001,Regular,0.124,0.1056,C17
U05845,1,1,0.00010001000100010001,0.00010001000100010001,Regular,0.0999,0.0394,C20
U07365,1,1,0.00010001000100010001,0.00010001000100010001,Regular,0.0469,0.2155,C15
U07366,1,1,0.00010001000100010001,0.00010001000100010001,Regular,0.1455,0.1159,C16
U02881,1,1,0.00010001000100010001,0.00010001000100010001,Regular,0.148,0.3622,C06
U08949,1,1,0.00010001000100010001,0.00010001000100010001,Regular,0.1351,0.0583,C24
U08952,1,3,0.00010001000100010001,0.00030003000300030005,Regular,0.0543,0.088,C02
U08956,1,1,0.00010001000100010001,0.00010001000100010001,Regular,0.1739,0.2436,C06
U08957,1,1,0.00010001000100010001,0.00010001000100010001,Regular,0.0887,0.0691,C07
U02911,1,1,0.00010001000100010001,0.00010001000100010001,Regular,0.1708,0.1189,C11
U05865,1,5,0.00010001000100010001,0.0005000500050005,Regular,0.0469,0.1194,C15
U01384,1,1,0.00010001000100010001,0.00010001000100010001,Regular,0.2311,0.2053,C09
U07347,1,1,0.00010001000100010001,0.00010001000100010001,Regular,0.1735,0.0663,C22
U08963,1,5,0.00010001000100010001,0.0005000500050005,Regular,0.2048,0.0628,C13
U08967,1,1,0.00010001000100010001,0.00010001000100010001,Regular,0.0474,0.0504,C17
U04270,1,1,0.00010001000100010001,0.00010001000100010001,Active,0.2083,0.2551,C20
U07332,1,1,0.00010001000100010001,0.00010001000100010001,Regular,0.1512,0.1495,C07
U07336,1,1,0.00010001000100010001,0.00010001000100010001,Regular,0.1227,0.0459,C11
U03140,1,1,0.00010001000100010001,0.00010001000100010001,Regular,0.1334,0.106,C15
U09488,1,1,0.00010001000100010001,0.00010001000100010001,Regular,0.206,0.1162,C13
U09499,1,1,0.00010001000100010001,0.00010001000100010001,Regular,0.1316,0.0835,C24
U09501,1,1,0.00010001000100010001,0.00010001000100010001,Regular,0.1055,0.1568,C01
U03746,1,1,0.00010001000100010001,0.00010001000100010001,Regular,0.1904,0.1735,C21
U03750,1,0,0.00010001000100010001,0.0,Regular,0.1664,0.0156,C25
U06946,1,1,0.00010001000100010001,0.00010001000100010001,Regular,0.0971,0.1188,C21
U06950,1,1,0.00010001000100010001,0.00010001000100010001,Regular,0.068,0.061,C25
U01945,1,1,0.00010001000100010001,0.00010001000100010001,Regular,0.111,0.1319,C20
U01952,1,1,0.00010001000100010001,0.00010001000100010001,Regular,0.3897,0.1352,C02
U05856,1,1,0.00010001000100010001,0.00010001000100010001,Regular,0.1253,0.0733,C06
U05857,1,1,0.00010001000100010001,0.00010001000100010001,Regular,0.0894,0.223,C07
U05859,1,1,0.00010001000100010001,0.00010001000100010001,Regular,0.0666,0.1203,C09
U04281,1,1,0.00010001000100010001,0.00010001000100010001,Regular,0.1332,0.0407,C06
U08986,1,1,0.00010001000100010001,0.00010001000100010001,Regular,0.0364,0.0142,C11
U02921,1,0,0.00010001000100010001,0.0,Regular,0.4063,0.0737,C21
U02925,1,1,0.00010001000100010001,0.00010001000100010001,Regular,0.1317,0.1174,C25
U01402,1,1,0.00010001000100010001,0.00010001000100010001,Regular,0.0261,0.2115,C02
U01403,1,1,0.00010001000100010001,0.00010001000100010001,Regular,0.0613,0.1168,C03
U07314,1,4,0.00010001000100010001,0.00040004000400040005,Regular,0.0876,0.0613,C14
U07318,1,3,0.00010001000100010001,0.00030003000300030005,Regular,0.104,0.0617,C18
U07320,1,1,0.00010001000100010001,0.00010001000100010001,Regular,0.2066,0.0528,C20
U00265,1,1,0.00010001000100010001,0.00010001000100010001,Regular,0.1954,0.4409,C15
U09479,1,2,0.00010001000100010001,0.00020002000200020003,Regular,0.3981,0.0284,C04
U03770,1,1,0.00010001000100010001,0.00010001000100010001,Regular,0.0377,0.005,C20
U06966,1,1,0.00010001000100010001,0.00010001000100010001,Regular,0.1529,0.1542,C16
U06216,1,1,0.00010001000100010001,0.00010001000100010001,Regular,0.09,0.216,C16
U06219,1,1,0.00010001000100010001,0.00010001000100010001,Regular,0.1543,0.0697,C19
U01937,1,1,0.00010001000100010001,0.00010001000100010001,Regular,0.1516,0.039,C12
U02140,1,1,0.00010001000100010001,0.00010001000100010001,Regular,0.0347,0.1082,C15
U02143,1,1,0.00010001000100010001,0.00010001000100010001,Regular,0.248,0.1688,C18
U08990,1,1,0.00010001000100010001,0.00010001000100010001,Regular,0.3816,0.1357,C15
U00514,1,0,0.00010001000100010001,0.0,Regular,0.1848,0.1511,C14
U00519,1,1,0.00010001000100010001,0.00010001000100010001,Regular,0.0278,0.2158,C19
U04251,1,0,0.00010001000100010001,0.0,Regular,0.1291,0.1352,C01
U02913,1,1,0.00010001000100010001,0.00010001000100010001,Regular,0.1651,0.129,C13
U02914,1,1,0.00010001000100010001,0.00010001000100010001,Regular,0.3517,0.0467,C14
U01574,1,0,0.00010001000100010001,0.0,Regular,0.0739,0.2071,C24
U06185,1,1,0.00010001000100010001,0.00010001000100010001,Regular,0.0935,0.3136,C10
U09461,1,1,0.00010001000100010001,0.00010001000100010001,Regular,0.1283,0.0493,C11
U09472,1,1,0.00010001000100010001,0.00010001000100010001,Regular,0.0308,0.1599,C22
U03807,1,1,0.00010001000100010001,0.00010001000100010001,Regular,0.1172,0.1528,C07
U03125,1,1,0.00010001000100010001,0.00010001000100010001,Regular,0.097,0.2462,C25
U01594,1,1,0.00010001000100010001,0.00010001000100010001,Regular,0.1175,0.0658,C19
U01595,1,1,0.00010001000100010001,0.00010001000100010001,Regular,0.0913,0.1215,C20
U06980,1,0,0.00010001000100010001,0.0,Regular,0.298,0.0982,C05
U06189,1,1,0.00010001000100010001,0.00010001000100010001,Regular,0.4152,0.0908,C14
U09003,1,1,0.00010001000100010001,0.00010001000100010001,Regular,0.3097,0.0413,C03
U09023,1,1,0.00010001000100010001,0.00010001000100010001,Regular,0.0621,0.3285,C23
U00497,1,4,0.00010001000100010001,0.00040004000400040005,Regular,0.0754,0.143,C22
U00501,1,1,0.00010001000100010001,0.00010001000100010001,Regular,0.0986,0.1208,C01
U00502,1,1,0.00010001000100010001,0.00010001000100010001,Regular,0.0694,0.2367,C02
U00504,1,1,0.00010001000100010001,0.00010001000100010001,Regular,0.3102,0.1315,C04
U07297,1,1,0.00010001000100010001,0.00010001000100010001,Regular,0.0684,0.152,C22
U07307,1,1,0.00010001000100010001,0.00010001000100010001,Regular,0.1927,0.136,C07
U01397,1,1,0.00010001000100010001,0.00010001000100010001,Regular,0.13,0.1496,C22
U01398,1,1,0.00010001000100010001,0.00010001000100010001,Regular,0.2678,0.1249,C23
U06164,1,1,0.00010001000100010001,0.00010001000100010001,Regular,0.1567,0.2597,C14
U01954,1,1,0.00010001000100010001,0.00010001000100010001,Regular,0.1777,0.1371,C04
U03838,1,1,0.00010001000100010001,0.00010001000100010001,Regular,0.3166,0.0724,C13
U03111,1,1,0.00010001000100010001,0.00010001000100010001,Regular,0.061,0.1945,C11
U03131,1,1,0.00010001000100010001,0.00010001000100010001,Regular,0.1203,0.0088,C06
U09447,1,5,0.00010001000100010001,0.0005000500050005,Regular,0.0461,0.1674,C22
U09459,1,1,0.00010001000100010001,0.00010001000100010001,Regular,0.0507,0.3519,C09
U07004,1,1,0.00010001000100010001,0.00010001000100010001,Regular,0.2278,0.062,C04
U07006,1,2,0.00010001000100010001,0.00020002000200020003,Regular,0.2171,0.0942,C06
U07007,1,1,0.00010001000100010001,0.00010001000100010001,Regular,0.0455,0.1254,C07
U05894,1,1,0.00010001000100010001,0.00010001000100010001,Regular,0.0844,0.2416,C19
U02115,1,1,0.00010001000100010001,0.00010001000100010001,Regular,0.1856,0.1827,C15
U00506,1,1,0.00010001000100010001,0.00010001000100010001,Regular,0.1321,0.1133,C06
U09029,1,1,0.00010001000100010001,0.00010001000100010001,Regular,0.1149,0.1702,C04
U09030,1,1,0.00010001000100010001,0.00010001000100010001,Regular,0.1044,0.1268,C05
U09032,1,1,0.00010001000100010001,0.00010001000100010001,Regular,0.0916,0.2079,C07
U04228,1,1,0.00010001000100010001,0.00010001000100010001,Active,0.4066,0.3418,C03
U04230,1,1,0.00010001000100010001,0.00010001000100010001,Regular,0.1853,0.006,C05
U04231,1,1,0.00010001000100010001,0.00010001000100010001,Regular,0.1176,0.1951,C06
U04236,1,1,0.00010001000100010001,0.00010001000100010001,Regular,0.3315,0.2247,C11
U04247,1,1,0.00010001000100010001,0.00010001000100010001,Regular,0.1408,0.0547,C22
U09040,1,1,0.00010001000100010001,0.00010001000100010001,Regular,0.2231,0.1115,C15
U09047,1,1,0.00010001000100010001,0.00010001000100010001,Regular,0.0628,0.0755,C22
U09051,1,1,0.00010001000100010001,0.00010001000100010001,Regular,0.0951,0.0778,C01
U09054,1,2,0.00010001000100010001,0.00020002000200020003,Regular,0.1355,0.1495,C04
U09055,1,1,0.00010001000100010001,0.00010001000100010001,Regular,0.3019,0.0391,C05
U04211,1,1,0.00010001000100010001,0.00010001000100010001,Regular,0.1277,0.0069,C11
U09064,1,1,0.00010001000100010001,0.00010001000100010001,Regular,0.1349,0.1181,C14
U09069,1,2,0.00010001000100010001,0.00020002000200020003,Regular,0.3202,0.0481,C19
U04201,1,5,0.00010001000100010001,0.0005000500050005,Regular,0.3087,0.0933,C01
U04203,1,1,0.00010001000100010001,0.00010001000100010001,Regular,0.0805,0.1405,C03
U07033,1,1,0.00010001000100010001,0.00010001000100010001,Regular,0.1095,0.0282,C08
U07039,1,1,0.00010001000100010001,0.00010001000100010001,Regular,0.1077,0.2519,C14
U01976,1,1,0.00010001000100010001,0.00010001000100010001,Regular,0.1213,0.2826,C01
U01979,1,2,0.00010001000100010001,0.00020002000200020003,Regular,0.1028,0.1489,C04
U06150,1,1,0.00010001000100010001,0.00010001000100010001,Regular,0.1738,0.2747,C25
U03853,1,1,0.00010001000100010001,0.00010001000100010001,Regular,0.0613,0.0947,C03
U09430,1,1,0.00010001000100010001,0.00010001000100010001,Regular,0.1621,0.1157,C05
U09435,1,5,0.00010001000100010001,0.0005000500050005,Regular,0.2546,0.215,C10
U09436,1,1,0.00010001000100010001,0.00010001000100010001,Regular,0.0877,0.2126,C11
U03820,1,1,0.00010001000100010001,0.00010001000100010001,Regular,0.0586,0.3302,C20
U03821,1,1,0.00010001000100010001,0.00010001000100010001,Regular,0.0271,0.1004,C21
U07018,1,1,0.00010001000100010001,0.00010001000100010001,Regular,0.212,0.1498,C18
U06159,1,1,0.00010001000100010001,0.00010001000100010001,Regular,0.2692,0.0233,C09
U02936,1,1,0.00010001000100010001,0.00010001000100010001,Regular,0.1263,0.051,C11
U01424,1,1,0.00010001000100010001,0.00010001000100010001,Regular,0.1381,0.1158,C24
U07287,1,1,0.00010001000100010001,0.00010001000100010001,Regular,0.1386,0.2404,C12
U07293,1,4,0.00010001000100010001,0.00040004000400040005,Regular,0.1885,0.1039,C18
U02120,1,1,0.00010001000100010001,0.00010001000100010001,Regular,0.2203,0.109,C20
U02122,1,1,0.00010001000100010001,0.00010001000100010001,Regular,0.1498,0.0253,C22
U02125,1,1,0.00010001000100010001,0.00010001000100010001,Regular,0.2966,0.1086,C25
U05905,1,1,0.00010001000100010001,0.00010001000100010001,Regular,0.121,0.19,C05
U05911,1,1,0.00010001000100010001,0.00010001000100010001,Regular,0.1942,0.0307,C11
U02937,1,1,0.00010001000100010001,0.00010001000100010001,Regular,0.0381,0.1142,C12
U04184,1,1,0.00010001000100010001,0.00010001000100010001,Regular,0.2023,0.1113,C09
U00491,1,1,0.00010001000100010001,0.00010001000100010001,Regular,0.014,0.3749,C16
U00493,1,1,0.00010001000100010001,0.00010001000100010001,Regular,0.0513,0.0712,C18
U09075,1,1,0.00010001000100010001,0.00010001000100010001,Regular,0.3535,0.1277,C25
U09078,1,1,0.00010001000100010001,0.00010001000100010001,Regular,0.0802,0.2109,C03
U04154,1,1,0.00010001000100010001,0.00010001000100010001,Regular,0.1536,0.0097,C04
U07269,1,1,0.00010001000100010001,0.00010001000100010001,Regular,0.0702,0.101,C19
U07274,1,5,0.00010001000100010001,0.0005000500050005,Regular,0.0896,0.2118,C24
U07275,1,1,0.00010001000100010001,0.00010001000100010001,Regular,0.0247,0.1708,C25
U00295,1,1,0.00010001000100010001,0.00010001000100010001,Regular,0.0672,0.1049,C20
U03113,1,0,0.00010001000100010001,0.0,Regular,0.3417,0.0582,C13
U03114,1,1,0.00010001000100010001,0.00010001000100010001,Regular,0.0207,0.1805,C14
U03842,1,1,0.00010001000100010001,0.00010001000100010001,Regular,0.084,0.0965,C17
U03844,1,1,0.00010001000100010001,0.00010001000100010001,Regular,0.0614,0.1936,C19
U03845,1,1,0.00010001000100010001,0.00010001000100010001,Regular,0.3496,0.0471,C20
U01539,1,1,0.00010001000100010001,0.00010001000100010001,Regular,0.2068,0.3323,C14
U01541,1,1,0.00010001000100010001,0.00010001000100010001,Active,0.3562,0.1535,C16
U06131,1,1,0.00010001000100010001,0.00010001000100010001,Regular,0.1192,0.0219,C06
U07032,1,2,0.00010001000100010001,0.00020002000200020003,Regular,0.2246,0.036,C07
U07278,1,1,0.00010001000100010001,0.00010001000100010001,Regular,0.123,0.0635,C03
U07280,1,1,0.00010001000100010001,0.00010001000100010001,Regular,0.1314,0.0756,C05
U01413,1,1,0.00010001000100010001,0.00010001000100010001,Regular,0.0696,0.0831,C13
U04167,1,1,0.00010001000100010001,0.00010001000100010001,Regular,0.1513,0.295,C17
U00468,1,1,0.00010001000100010001,0.00010001000100010001,Regular,0.1229,0.2517,C18
U00469,1,1,0.00010001000100010001,0.00010001000100010001,Regular,0.1295,0.041,C19
U00473,1,2,0.00010001000100010001,0.00020002000200020003,Regular,0.2742,0.1429,C23
U09090,1,1,0.00010001000100010001,0.00010001000100010001,Regular,0.0978,0.0922,C15
U09095,1,1,0.00010001000100010001,0.00010001000100010001,Regular,0.1588,0.0305,C20
U09101,1,1,0.00010001000100010001,0.00010001000100010001,Regular,0.0774,0.0493,C01
U09110,1,2,0.00010001000100010001,0.00020002000200020003,Regular,0.0206,0.2118,C10
U02947,1,1,0.00010001000100010001,0.00010001000100010001,Regular,0.0873,0.132,C22
U02950,1,1,0.00010001000100010001,0.00010001000100010001,Regular,0.0754,0.1009,C25
U02955,1,2,0.00010001000100010001,0.00020002000200020003,Regular,0.2488,0.149,C05
U02959,1,3,0.00010001000100010001,0.00030003000300030005,Regular,0.0798,0.1631,C09
U01439,1,2,0.00010001000100010001,0.00020002000200020003,Regular,0.1078,0.1384,C14
U01440,1,1,0.00010001000100010001,0.00010001000100010001,Regular,0.1668,0.3483,C15
U07258,1,2,0.00010001000100010001,0.00020002000200020003,Regular,0.0367,0.1719,C08
U07259,1,2,0.00010001000100010001,0.00020002000200020003,Regular,0.2113,0.0669,C09
U00310,1,1,0.00010001000100010001,0.00010001000100010001,Regular,0.0729,0.1181,C10
U00311,1,2,0.00010001000100010001,0.00020002000200020003,Regular,0.0518,0.0971,C11
U00313,1,4,0.00010001000100010001,0.00040004000400040005,Regular,0.0745,0.0173,C13
U00318,1,1,0.00010001000100010001,0.00010001000100010001,Regular,0.1428,0.1097,C18
U09396,1,1,0.00010001000100010001,0.00010001000100010001,Regular,0.36,0.062,C21
U09399,1,1,0.00010001000100010001,0.00010001000100010001,Regular,0.1881,0.069,C24
U09407,1,1,0.00010001000100010001,0.00010001000100010001,Regular,0.0391,0.0205,C07
U09416,1,1,0.00010001000100010001,0.00010001000100010001,Regular,0.1724,0.1388,C16
U09417,1,1,0.00010001000100010001,0.00010001000100010001,Regular,0.032,0.2469,C17
U09421,1,1,0.00010001000100010001,0.00010001000100010001,Regular,0.0814,0.1269,C21
U00294,1,1,0.00010001000100010001,0.00010001000100010001,Regular,0.3127,0.0469,C19
U02971,1,1,0.00010001000100010001,0.00010001000100010001,Regular,0.2834,0.1064,C21
U04129,1,1,0.00010001000100010001,0.00010001000100010001,Regular,0.0694,0.1802,C04
U04137,1,1,0.00010001000100010001,0.00010001000100010001,Regular,0.2375,0.0757,C12
U00454,1,1,0.00010001000100010001,0.00010001000100010001,Regular,0.1926,0.2063,C04
U00457,1,1,0.00010001000100010001,0.00010001000100010001,Regular,0.34,0.2293,C07
U04120,1,1,0.00010001000100010001,0.00010001000100010001,Regular,0.0865,0.0664,C20
U05966,1,1,0.00010001000100010001,0.00010001000100010001,Regular,0.0361,0.1242,C16
U07240,1,1,0.00010001000100010001,0.00010001000100010001,Regular,0.1418,0.2116,C15
U01428,1,4,0.00010001000100010001,0.00040004000400040005,Regular,0.0966,0.0065,C03
U01431,1,1,0.00010001000100010001,0.00010001000100010001,Regular,0.0928,0.415,C06
U02105,1,1,0.00010001000100010001,0.00010001000100010001,Regular,0.2271,0.1007,C05
U02106,1,1,0.00010001000100010001,0.00010001000100010001,Regular,0.1349,0.2277,C06
U04124,1,1,0.00010001000100010001,0.00010001000100010001,Regular,0.1642,0.0449,C24
U04125,1,1,0.00010001000100010001,0.00010001000100010001,Regular,0.1209,0.0398,C25
U02987,1,1,0.00010001000100010001,0.00010001000100010001,Regular,0.1791,0.1768,C12
U02988,1,1,0.00010001000100010001,0.00010001000100010001,Regular,0.3217,0.1175,C13
U02990,1,1,0.00010001000100010001,0.00010001000100010001,Regular,0.0364,0.096,C15
U04109,1,1,0.00010001000100010001,0.00010001000100010001,Regular,0.1999,0.1027,C09
U09159,1,1,0.00010001000100010001,0.00010001000100010001,Regular,0.1333,0.1253,C09
U09160,1,1,0.00010001000100010001,0.00010001000100010001,Regular,0.2013,0.1109,C10
U07064,1,1,0.00010001000100010001,0.00010001000100010001,Regular,0.0541,0.3058,C14
U06117,1,1,0.00010001000100010001,0.00010001000100010001,Regular,0.0893,0.1569,C17
U00336,1,1,0.00010001000100010001,0.00010001000100010001,Regular,0.1694,0.0721,C11
U09378,1,1,0.00010001000100010001,0.00010001000100010001,Regular,0.1619,0.2442,C03
U09383,1,5,0.00010001000100010001,0.0005000500050005,Regular,0.0155,0.2454,C08
U03861,1,1,0.00010001000100010001,0.00010001000100010001,Regular,0.1124,0.1078,C11
U03870,1,1,0.00010001000100010001,0.00010001000100010001,Regular,0.1925,0.0405,C20
U04078,1,1,0.00010001000100010001,0.00010001000100010001,Regular,0.1334,0.1159,C03
U04084,1,2,0.00010001000100010001,0.00020002000200020003,Regular,0.0813,0.0112,C09
U04088,1,1,0.00010001000100010001,0.00010001000100010001,Regular,0.0832,0.1846,C13
U04096,1,1,0.00010001000100010001,0.00010001000100010001,Active,0.4118,0.5662,C21
U02980,1,1,0.00010001000100010001,0.00010001000100010001,Regular,0.1738,0.0569,C05
U02078,1,6,0.00010001000100010001,0.0006000600060006001,Regular,0.2186,0.0708,C03
U05969,1,1,0.00010001000100010001,0.00010001000100010001,Regular,0.1646,0.0884,C19
U05972,1,1,0.00010001000100010001,0.00010001000100010001,Regular,0.263,0.1066,C22
U01447,1,1,0.00010001000100010001,0.00010001000100010001,Regular,0.0977,0.1643,C22
U07222,1,1,0.00010001000100010001,0.00010001000100010001,Regular,0.0945,0.1934,C22
U05964,1,1,0.00010001000100010001,0.00010001000100010001,Regular,0.2142,0.0088,C14
U01994,1,1,0.00010001000100010001,0.00010001000100010001,Regular,0.0874,0.0547,C19
U01995,1,2,0.00010001000100010001,0.00020002000200020003,Regular,0.1105,0.0199,C20
U00349,1,2,0.00010001000100010001,0.00020002000200020003,Regular,0.2821,0.0254,C24
U00326,1,1,0.00010001000100010001,0.00010001000100010001,Regular,0.2675,0.0522,C01
U01542,1,1,0.00010001000100010001,0.00010001000100010001,Regular,0.0567,0.099,C17
U01550,1,1,0.00010001000100010001,0.00010001000100010001,Regular,0.1322,0.2706,C25
U02981,1,1,0.00010001000100010001,0.00010001000100010001,Regular,0.0548,0.1895,C06
U00442,1,1,0.00010001000100010001,0.00010001000100010001,Regular,0.0357,0.1622,C17
U00446,1,1,0.00010001000100010001,0.00010001000100010001,Regular,0.0916,0.0216,C21
U09171,1,1,0.00010001000100010001,0.00010001000100010001,Regular,0.1286,0.1312,C21
U09181,1,1,0.00010001000100010001,0.00010001000100010001,Regular,0.129,0.1101,C06
U02998,1,1,0.00010001000100010001,0.00010001000100010001,Regular,0.0684,0.3854,C23
U03000,1,1,0.00010001000100010001,0.00010001000100010001,Regular,0.2123,0.0962,C25
U04074,1,1,0.00010001000100010001,0.00010001000100010001,Regular,0.2391,0.2121,C24
U09186,1,1,0.00010001000100010001,0.00010001000100010001,Regular,0.2774,0.0325,C11
U09188,1,0,0.00010001000100010001,0.0,Regular,0.1018,0.0228,C13
U09191,1,1,0.00010001000100010001,0.00010001000100010001,Regular,0.2358,0.1887,C16
U00342,1,1,0.00010001000100010001,0.00010001000100010001,Regular,0.1657,0.1553,C17
U03879,1,1,0.00010001000100010001,0.00010001000100010001,Regular,0.2093,0.1387,C04
U06126,1,1,0.00010001000100010001,0.00010001000100010001,Regular,0.0799,0.0675,C01
U01529,1,1,0.00010001000100010001,0.00010001000100010001,Regular,0.086,0.026,C04
U07074,1,1,0.00010001000100010001,0.00010001000100010001,Regular,0.3091,0.0621,C24
U07076,1,0,0.00010001000100010001,0.0,Regular,0.061,0.2428,C01
U07078,1,2,0.00010001000100010001,0.00020002000200020003,Regular,0.0554,0.1047,C03
U00417,1,1,0.00010001000100010001,0.00010001000100010001,Regular,0.164,0.1821,C17
U04051,1,1,0.00010001000100010001,0.00010001000100010001,Regular,0.0894,0.1141,C01
U04058,1,1,0.00010001000100010001,0.00010001000100010001,Regular,0.1131,0.0949,C08
U05992,1,1,0.00010001000100010001,0.00010001000100010001,Regular,0.111,0.0647,C17
U05995,1,1,0.00010001000100010001,0.00010001000100010001,Regular,0.0482,0.2481,C20
U07197,1,1,0.00010001000100010001,0.00010001000100010001,Regular,0.1494,0.1686,C22
U07203,1,1,0.00010001000100010001,0.00010001000100010001,Regular,0.0659,0.2072,C03
U02067,1,1,0.00010001000100010001,0.00010001000100010001,Regular,0.2027,0.1172,C17
U02073,1,1,0.00010001000100010001,0.00010001000100010001,Regular,0.0221,0.2145,C23
U02077,1,1,0.00010001000100010001,0.00010001000100010001,Regular,0.0738,0.0767,C02
U04046,1,1,0.00010001000100010001,0.00010001000100010001,Regular,0.1849,0.1118,C21
U02009,1,1,0.00010001000100010001,0.00010001000100010001,Regular,0.1084,0.1177,C09
U02012,1,1,0.00010001000100010001,0.00010001000100010001,Regular,0.248,0.0585,C12
U03924,1,1,0.00010001000100010001,0.00010001000100010001,Regular,0.0363,0.1911,C24
U09331,1,1,0.00010001000100010001,0.00010001000100010001,Regular,0.095,0.101,C06
U09332,1,1,0.00010001000100010001,0.00010001000100010001,Regular,0.228,0.0681,C07
U09342,1,2,0.00010001000100010001,0.00020002000200020003,Regular,0.2266,0.1199,C17
U03890,1,1,0.00010001000100010001,0.00010001000100010001,Regular,0.0793,0.1488,C15
U03895,1,1,0.00010001000100010001,0.00010001000100010001,Regular,0.0137,0.2271,C20
U09356,1,1,0.00010001000100010001,0.00010001000100010001,Regular,0.1668,0.1303,C06
U09359,1,1,0.00010001000100010001,0.00010001000100010001,Regular,0.059,0.163,C09
U03009,1,0,0.00010001000100010001,0.0,Regular,0.0647,0.1114,C09
U03013,1,4,0.00010001000100010001,0.00040004000400040005,Regular,0.1041,0.2151,C13
U03016,1,1,0.00010001000100010001,0.00010001000100010001,Regular,0.1264,0.0797,C16
U00422,1,1,0.00010001000100010001,0.00010001000100010001,Regular,0.4483,0.0023,C22
U00432,1,1,0.00010001000100010001,0.00010001000100010001,Regular,0.2006,0.1459,C07
U09205,1,1,0.00010001000100010001,0.00010001000100010001,Regular,0.0366,0.3612,C05
U09206,1,1,0.00010001000100010001,0.00010001000100010001,Regular,0.1575,0.0323,C06
U04012,1,1,0.00010001000100010001,0.00010001000100010001,Regular,0.0809,0.0807,C12
U04021,1,1,0.00010001000100010001,0.00010001000100010001,Regular,0.0883,0.1976,C21
U04022,1,1,0.00010001000100010001,0.00010001000100010001,Regular,0.1018,0.096,C22
U04031,1,0,0.00010001000100010001,0.0,Regular,0.1104,0.243,C06
U09219,1,1,0.00010001000100010001,0.00010001000100010001,Regular,0.275,0.2828,C19
U09223,1,1,0.00010001000100010001,0.00010001000100010001,Regular,0.4427,0.1882,C23
U09226,1,1,0.00010001000100010001,0.00010001000100010001,Regular,0.196,0.0358,C01
U09228,1,1,0.00010001000100010001,0.00010001000100010001,Regular,0.2004,0.0863,C03
U00402,1,1,0.00010001000100010001,0.00010001000100010001,Regular,0.16,0.1821,C02
U03029,1,1,0.00010001000100010001,0.00010001000100010001,Regular,0.1126,0.0088,C04
U03030,1,1,0.00010001000100010001,0.00010001000100010001,Regular,0.0889,0.2747,C05
U03031,1,2,0.00010001000100010001,0.00020002000200020003,Regular,0.1108,0.2164,C06
U02063,1,1,0.00010001000100010001,0.00010001000100010001,Regular,0.2334,0.0863,C13
U06003,1,1,0.00010001000100010001,0.00010001000100010001,Regular,0.3818,0.1578,C03
U06012,1,1,0.00010001000100010001,0.00010001000100010001,Active,0.5162,0.4483,C12
U01460,1,1,0.00010001000100010001,0.00010001000100010001,Regular,0.0289,0.1292,C10
U07192,1,1,0.00010001000100010001,0.00010001000100010001,Regular,0.1239,0.1473,C17
U05986,1,3,0.00010001000100010001,0.00030003000300030005,Regular,0.074,0.1147,C11
U05987,1,2,0.00010001000100010001,0.00020002000200020003,Regular,0.0248,0.2034,C12
U03038,1,1,0.00010001000100010001,0.00010001000100010001,Regular,0.2371,0.2274,C13
U04005,1,1,0.00010001000100010001,0.00010001000100010001,Regular,0.0896,0.1589,C05
U00405,1,1,0.00010001000100010001,0.00010001000100010001,Regular,0.4002,0.1282,C05
U09244,1,1,0.00010001000100010001,0.00010001000100010001,Regular,0.1795,0.181,C19
U09249,1,1,0.00010001000100010001,0.00010001000100010001,Regular,0.1043,0.1017,C24
U09258,1,1,0.00010001000100010001,0.00010001000100010001,Regular,0.1894,0.0723,C08
U09259,1,1,0.00010001000100010001,0.00010001000100010001,Regular,0.0422,0.0823,C09
U01479,1,1,0.00010001000100010001,0.00010001000100010001,Regular,0.0599,0.3744,C04
U07178,1,1,0.00010001000100010001,0.00010001000100010001,Regular,0.0773,0.1638,C03
U02049,1,1,0.00010001000100010001,0.00010001000100010001,Regular,0.1404,0.1363,C24
U01517,1,1,0.00010001000100010001,0.00010001000100010001,Regular,0.0785,0.2304,C17
U01520,1,1,0.00010001000100010001,0.00010001000100010001,Regular,0.0782,0.0929,C20
U07112,1,1,0.00010001000100010001,0.00010001000100010001,Regular,0.2153,0.125,C12
U06065,1,0,0.00010001000100010001,0.0,Regular,0.0461,0.1625,C15
U03066,1,1,0.00010001000100010001,0.00010001000100010001,Regular,0.2806,0.016,C16
U09310,1,1,0.00010001000100010001,0.00010001000100010001,Regular,0.0568,0.2744,C10
U09323,1,2,0.00010001000100010001,0.00020002000200020003,Regular,0.1429,0.0501,C23
U09325,1,1,0.00010001000100010001,0.00010001000100010001,Regular,0.0839,0.1133,C25
U03900,1,1,0.00010001000100010001,0.00010001000100010001,Regular,0.0663,0.0209,C25
U07089,1,1,0.00010001000100010001,0.00010001000100010001,Active,0.1869,0.1247,C14
U00386,1,1,0.00010001000100010001,0.00010001000100010001,Regular,0.1953,0.048,C11
U00390,1,1,0.00010001000100010001,0.00010001000100010001,Regular,0.149,0.0746,C15
U03994,1,1,0.00010001000100010001,0.00010001000100010001,Regular,0.1259,0.2075,C19
U03996,1,6,0.00010001000100010001,0.0006000600060006001,Regular,0.1245,0.2328,C21
U06040,1,1,0.00010001000100010001,0.00010001000100010001,Regular,0.0517,0.1591,C15
U02017,1,3,0.00010001000100010001,0.00030003000300030005,Regular,0.0911,0.1881,C17
U02019,1,1,0.00010001000100010001,0.00010001000100010001,Regular,0.2262,0.3085,C19
U02020,1,1,0.00010001000100010001,0.00010001000100010001,Regular,0.0727,0.0449,C20
U02021,1,1,0.00010001000100010001,0.00010001000100010001,Regular,0.2119,0.2319,C21
U01504,1,1,0.00010001000100010001,0.00010001000100010001,Regular,0.1465,0.0651,C04
U07157,1,1,0.00010001000100010001,0.00010001000100010001,Regular,0.3415,0.1475,C07
U07166,1,1,0.00010001000100010001,0.00010001000100010001,Regular,0.1102,0.051,C16
U07167,1,1,0.00010001000100010001,0.00010001000100010001,Regular,0.0842,0.2188,C17
U00400,1,0,0.00010001000100010001,0.0,Regular,0.1807,0.1775,C25
U09271,1,1,0.00010001000100010001,0.00010001000100010001,Active,0.6289,0.4847,C21
U09280,1,2,0.00010001000100010001,0.00020002000200020003,Regular,0.1352,0.085,C05
U03970,1,1,0.00010001000100010001,0.00010001000100010001,Regular,0.1215,0.1346,C20
U06053,1,1,0.00010001000100010001,0.00010001000100010001,Regular,0.1081,0.0694,C03
U06060,1,1,0.00010001000100010001,0.00010001000100010001,Regular,0.1997,0.2946,C10
U07142,1,1,0.00010001000100010001,0.00010001000100010001,Regular,0.0828,0.0783,C17
U07143,1,1,0.00010001000100010001,0.00010001000100010001,Regular,0.1921,0.0531,C18
U02031,1,1,0.00010001000100010001,0.00010001000100010001,Regular,0.1744,0.0738,C06
U02032,1,1,0.00010001000100010001,0.00010001000100010001,Regular,0.0849,0.3178,C07
U06049,1,1,0.00010001000100010001,0.00010001000100010001,Regular,0.0562,0.1966,C24
U03071,1,1,0.00010001000100010001,0.00010001000100010001,Regular,0.0457,0.1576,C21
U03943,1,1,0.00010001000100010001,0.00010001000100010001,Regular,0.0263,0.0208,C18
U00355,1,1,0.00010001000100010001,0.00010001000100010001,Regular,0.1005,0.0916,C05
U00364,1,1,0.00010001000100010001,0.00010001000100010001,Regular,0.1451,0.0154,C14
U03933,1,1,0.00010001000100010001,0.00010001000100010001,Regular,0.065,0.0907,C08
U03057,1,1,0.00010001000100010001,0.00010001000100010001,Regular,0.2207,0.3529,C07
U06081,1,1,0.00010001000100010001,0.00010001000100010001,Regular,0.2105,0.0736,C06
U06089,1,1,0.00010001000100010001,0.00010001000100010001,Regular,0.0646,0.0846,C14
U06091,1,0,0.00010001000100010001,0.0,Regular,0.0744,0.1315,C16
U06094,1,1,0.00010001000100010001,0.00010001000100010001,Regular,0.0803,0.2399,C19
U01489,1,1,0.00010001000100010001,0.00010001000100010001,Regular,0.2149,0.0169,C14
U01492,1,1,0.00010001000100010001,0.00010001000100010001,Regular,0.0298,0.0184,C17
U06030,1,1,0.00010001000100010001,0.00010001000100010001,Regular,0.0825,0.3579,C05
U03980,1,1,0.00010001000100010001,0.00010001000100010001,Regular,0.1675,0.1445,C05
U09289,1,1,0.00010001000100010001,0.00010001000100010001,Regular,0.2049,0.0458,C14
U09293,1,1,0.00010001000100010001,0.00010001000100010001,Regular,0.1305,0.0337,C18
U03953,1,4,0.00010001000100010001,0.00040004000400040005,Regular,0.2166,0.0224,C03
U06071,1,1,0.00010001000100010001,0.00010001000100010001,Regular,0.1104,0.087,C21
U06080,1,1,0.00010001000100010001,0.00010001000100010001,Active,0.4495,0.4728,C05
U07135,1,1,0.00010001000100010001,0.00010001000100010001,Regular,0.0858,0.0477,C10
U00029,1,1,0.00010001000100010001,0.00010001000100010001,Regular,0.1244,0.1996,C04
U09970,1,1,0.00010001000100010001,0.00010001000100010001,Regular,0.2393,0.0491,C20
U01791,1,1,0.00010001000100010001,0.00010001000100010001,Regular,0.1163,0.2287,C16
U03368,1,1,0.00010001000100010001,0.00010001000100010001,Regular,0.0118,0.2088,C18
U03369,1,1,0.00010001000100010001,0.00010001000100010001,Regular,0.3438,0.0406,C19
U09949,1,0,0.00010001000100010001,0.0,Regular,0.0908,0.2158,C24
U09960,1,1,0.00010001000100010001,0.00010001000100010001,Regular,0.1323,0.1892,C10
U09962,1,1,0.00010001000100010001,0.00010001000100010001,Regular,0.1085,0.0972,C12
U09968,1,1,0.00010001000100010001,0.00010001000100010001,Regular,0.1234,0.0658,C18
U00021,1,1,0.00010001000100010001,0.00010001000100010001,Regular,0.0546,0.0886,C21
U01761,1,1,0.00010001000100010001,0.00010001000100010001,Regular,0.011,0.1062,C11
U01763,1,1,0.00010001000100010001,0.00010001000100010001,Regular,0.136,0.1579,C13
U01766,1,1,0.00010001000100010001,0.00010001000100010001,Regular,0.1362,0.2013,C16
U09927,1,1,0.00010001000100010001,0.00010001000100010001,Regular,0.1001,0.204,C02
U09928,1,1,0.00010001000100010001,0.00010001000100010001,Regular,0.1037,0.0464,C03
U03385,1,1,0.00010001000100010001,0.00010001000100010001,Regular,0.1927,0.081,C10
U03386,1,1,0.00010001000100010001,0.00010001000100010001,Regular,0.1358,0.0364,C11
U01792,1,1,0.00010001000100010001,0.00010001000100010001,Regular,0.0896,0.2728,C17
U06577,1,1,0.00010001000100010001,0.00010001000100010001,Regular,0.1953,0.1144,C02
U06581,1,0,0.00010001000100010001,0.0,Regular,0.0475,0.0797,C06
U06583,1,2,0.00010001000100010001,0.00020002000200020003,Regular,0.0788,0.1506,C08
U06586,1,1,0.00010001000100010001,0.00010001000100010001,Regular,0.0925,0.0741,C11
U06563,0,0,0.0,0.0,Regular,0.138,0.0981,C13
U06559,0,0,0.0,0.0,Regular,0.0814,0.0739,C09
U03380,0,2,0.0,0.00020002000200020003,Regular,0.0096,0.0174,C05
U09931,0,0,0.0,0.0,Regular,0.0386,0.0661,C06
U01762,0,0,0.0,0.0,Regular,0.077,0.0515,C12
U09948,0,0,0.0,0.0,Regular,0.0841,0.2679,C23
U06546,0,0,0.0,0.0,Regular,0.1604,0.0183,C21
U06556,0,3,0.0,0.00030003000300030005,Regular,0.0294,0.0825,C06
U00052,0,0,0.0,0.0,Regular,0.0685,0.1005,C02
U03404,0,0,0.0,0.0,Regular,0.1872,0.0426,C04
U03332,0,0,0.0,0.0,Regular,0.1075,0.219,C07
U01780,0,0,0.0,0.0,Regular,0.0935,0.0838,C05
U02405,0,0,0.0,0.0,Regular,0.0723,0.1295,C05
U05160,0,0,0.0,0.0,Regular,0.265,0.3808,C10
U05168,0,4,0.0,0.00040004000400040005,Regular,0.2063,0.0986,C18
U02456,0,0,0.0,0.0,Regular,0.1312,0.025,C06
U01030,0,0,0.0,0.0,Regular,0.0269,0.3066,C05
U05276,0,0,0.0,0.0,Regular,0.0281,0.0234,C01
U05277,0,0,0.0,0.0,Regular,0.1313,0.2794,C02
U00954,0,0,0.0,0.0,Regular,0.0904,0.0658,C04
U08138,0,0,0.0,0.0,Regular,0.0896,0.0288,C13
U08139,0,0,0.0,0.0,Regular,0.0358,0.0485,C14
U01487,0,0,0.0,0.0,Regular,0.2466,0.1241,C12
U07172,0,0,0.0,0.0,Regular,0.0492,0.0852,C22
U06062,0,0,0.0,0.0,Regular,0.0933,0.1108,C12
U09312,0,0,0.0,0.0,Regular,0.0912,0.0597,C12
U09315,0,0,0.0,0.0,Regular,0.1262,0.1311,C15
U03913,0,0,0.0,0.0,Regular,0.0889,0.0776,C13
U07092,0,0,0.0,0.0,Regular,0.1209,0.0984,C17
U01510,0,0,0.0,0.0,Regular,0.0787,0.0968,C10
U02052,0,0,0.0,0.0,Regular,0.0803,0.1834,C02
U09263,0,0,0.0,0.0,Regular,0.1181,0.1071,C13
U09264,0,0,0.0,0.0,Regular,0.0822,0.0562,C14
U03987,0,0,0.0,0.0,Regular,0.0428,0.0881,C12
U03995,0,1,0.0,0.00010001000100010001,Regular,0.1819,0.1587,C20
U03997,0,0,0.0,0.0,Regular,0.0369,0.0646,C22
U03998,0,0,0.0,0.0,Regular,0.156,0.1754,C23
U02034,0,0,0.0,0.0,Regular,0.1252,0.0232,C09
U02005,0,0,0.0,0.0,Regular,0.0607,0.099,C05
U02007,0,1,0.0,0.00010001000100010001,Regular,0.2075,0.1948,C07
U09338,0,0,0.0,0.0,Regular,0.1796,0.0633,C13
U09339,0,0,0.0,0.0,Regular,0.1307,0.1651,C14
U03083,0,0,0.0,0.0,Regular,0.0606,0.0781,C08
U09353,0,0,0.0,0.0,Regular,0.1423,0.1635,C03
U09207,0,0,0.0,0.0,Regular,0.1445,0.022,C07
U04015,0,0,0.0,0.0,Regular,0.0722,0.1746,C15
U04016,0,0,0.0,0.0,Regular,0.0762,0.196,C16
U09220,0,0,0.0,0.0,Regular,0.1024,0.0997,C20
U09229,0,0,0.0,0.0,Regular,0.1092,0.1041,C04
U06010,0,0,0.0,0.0,Regular,0.1025,0.2099,C10
U07186,0,1,0.0,0.00010001000100010001,Regular,0.2367,0.1167,C11
U00412,0,1,0.0,0.00010001000100010001,Regular,0.1428,0.0552,C12
U09247,0,0,0.0,0.0,Regular,0.0663,0.1254,C22
U06020,0,0,0.0,0.0,Regular,0.1107,0.0318,C20
U09185,0,0,0.0,0.0,Regular,0.2841,0.1711,C10
U09192,0,0,0.0,0.0,Regular,0.1149,0.2183,C17
U09360,0,0,0.0,0.0,Regular,0.0762,0.0855,C10
U00344,0,0,0.0,0.0,Regular,0.11,0.1017,C19
U03101,0,0,0.0,0.0,Regular,0.0846,0.1047,C01
U03102,0,0,0.0,0.0,Regular,0.0289,0.0352,C02
U03103,0,0,0.0,0.0,Regular,0.0148,0.0328,C03
U03104,0,0,0.0,0.0,Regular,0.0915,0.0969,C04
U06121,0,0,0.0,0.0,Regular,0.3381,0.2418,C21
U06125,0,0,0.0,0.0,Regular,0.0526,0.0217,C25
U01528,0,0,0.0,0.0,Regular,0.1767,0.0853,C03
U05989,0,0,0.0,0.0,Regular,0.195,0.1296,C14
U05993,0,1,0.0,0.00010001000100010001,Regular,0.2611,0.0936,C18
U07204,0,0,0.0,0.0,Regular,0.1253,0.0721,C04
U07213,0,0,0.0,0.0,Regular,0.1734,0.0464,C13
U07215,0,0,0.0,0.0,Regular,0.0243,0.4284,C15
U05970,0,0,0.0,0.0,Regular,0.2003,0.007,C20
U07219,0,0,0.0,0.0,Regular,0.1113,0.2508,C19
U02087,0,0,0.0,0.0,Regular,0.0263,0.1285,C12
U01985,0,0,0.0,0.0,Regular,0.0596,0.1838,C10
U01998,0,0,0.0,0.0,Regular,0.0519,0.2925,C23
U03880,0,0,0.0,0.0,Regular,0.0831,0.0779,C05
U03881,0,0,0.0,0.0,Regular,0.0923,0.1017,C06
U03073,0,0,0.0,0.0,Regular,0.0745,0.1112,C23
U09365,0,0,0.0,0.0,Regular,0.2394,0.1375,C15
U09367,0,0,0.0,0.0,Regular,0.145,0.0765,C17
U09368,0,0,0.0,0.0,Regular,0.1944,0.05,C18
U01548,0,0,0.0,0.0,Regular,0.1087,0.0363,C23
U07057,0,0,0.0,0.0,Regular,0.217,0.0884,C07
U00439,0,0,0.0,0.0,Regular,0.146,0.0885,C14
U09180,0,1,0.0,0.00010001000100010001,Regular,0.2912,0.0821,C05
U04071,0,0,0.0,0.0,Regular,0.0401,0.0539,C21
U02961,0,0,0.0,0.0,Regular,0.0408,0.2285,C11
U09136,0,0,0.0,0.0,Regular,0.101,0.034,C11
U09137,0,0,0.0,0.0,Regular,0.0382,0.0349,C12
U09147,0,0,0.0,0.0,Regular,0.0117,0.0275,C22
U09150,0,0,0.0,0.0,Regular,0.2627,0.0303,C25
U01521,0,0,0.0,0.0,Regular,0.2117,0.0763,C21
U06113,0,0,0.0,0.0,Regular,0.0915,0.0511,C13
U09379,0,0,0.0,0.0,Regular,0.1294,0.0607,C04
U09389,0,0,0.0,0.0,Regular,0.088,0.0633,C14
U03857,0,0,0.0,0.0,Regular,0.1814,0.063,C07
U03091,0,0,0.0,0.0,Regular,0.1723,0.2821,C16
U03094,0,0,0.0,0.0,Regular,0.2003,0.0336,C19
U00306,0,0,0.0,0.0,Regular,0.1758,0.0085,C06
U00307,0,0,0.0,0.0,Regular,0.0572,0.0916,C07
U09166,0,0,0.0,0.0,Regular,0.1017,0.2162,C16
U02977,0,0,0.0,0.0,Regular,0.1451,0.0699,C02
U02081,0,3,0.0,0.00030003000300030005,Regular,0.0557,0.0574,C06
U01433,0,0,0.0,0.0,Regular,0.1805,0.0953,C08
U01438,0,0,0.0,0.0,Regular,0.2982,0.0553,C13
U07256,0,0,0.0,0.0,Regular,0.0931,0.0542,C06
U00314,0,0,0.0,0.0,Regular,0.0186,0.1942,C14
U00317,0,0,0.0,0.0,Regular,0.0507,0.2688,C17
U00319,0,0,0.0,0.0,Regular,0.1961,0.1261,C19
U09415,0,0,0.0,0.0,Regular,0.1253,0.0472,C15
U00291,0,0,0.0,0.0,Regular,0.1233,0.2778,C16
U04144,0,0,0.0,0.0,Regular,0.1971,0.0555,C19
U00455,0,0,0.0,0.0,Regular,0.1142,0.1268,C05
U00456,0,0,0.0,0.0,Regular,0.4038,0.1728,C06
U09132,0,0,0.0,0.0,Regular,0.0486,0.0344,C07
U07237,0,0,0.0,0.0,Regular,0.1037,0.1502,C12
U04127,0,1,0.0,0.00010001000100010001,Regular,0.0768,0.1519,C02
U04128,0,0,0.0,0.0,Regular,0.159,0.1355,C03
U07273,0,0,0.0,0.0,Regular,0.0927,0.1205,C23
U03116,0,0,0.0,0.0,Regular,0.155,0.1199,C16
U03120,0,0,0.0,0.0,Regular,0.0283,0.0304,C20
U01567,0,4,0.0,0.00040004000400040005,Regular,0.0553,0.1824,C17
U01538,0,0,0.0,0.0,Regular,0.0419,0.2271,C13
U06132,0,0,0.0,0.0,Regular,0.3533,0.118,C07
U06141,0,0,0.0,0.0,Regular,0.1192,0.2257,C16
U05926,0,0,0.0,0.0,Regular,0.0338,0.1968,C01
U02102,0,1,0.0,0.00010001000100010001,Regular,0.0283,0.0888,C02
U00467,0,0,0.0,0.0,Regular,0.0928,0.1112,C17
U09114,0,0,0.0,0.0,Regular,0.0538,0.2085,C14
U09117,0,0,0.0,0.0,Regular,0.1256,0.176,C17
U02949,0,0,0.0,0.0,Regular,0.0916,0.1483,C24
U02957,0,0,0.0,0.0,Regular,0.1864,0.2062,C07
U02958,0,0,0.0,0.0,Regular,0.0814,0.2616,C08
U04146,0,0,0.0,0.0,Regular,0.0368,0.1237,C21
U00484,0,0,0.0,0.0,Regular,0.152,0.0467,C09
U00297,0,1,0.0,0.00010001000100010001,Regular,0.0878,0.0343,C22
U07026,0,0,0.0,0.0,Regular,0.0427,0.0439,C01
U06162,0,3,0.0,0.00030003000300030005,Regular,0.0353,0.0999,C12
U04206,0,0,0.0,0.0,Regular,0.0901,0.2655,C06
U02930,0,0,0.0,0.0,Regular,0.0933,0.0608,C05
U02932,0,0,0.0,0.0,Regular,0.169,0.1324,C07
U01419,0,0,0.0,0.0,Regular,0.1318,0.2868,C19
U07291,0,0,0.0,0.0,Regular,0.0403,0.1197,C16
U02124,0,0,0.0,0.0,Regular,0.1155,0.1447,C24
U02126,0,0,0.0,0.0,Regular,0.0404,0.0738,C01
U05907,0,0,0.0,0.0,Regular,0.0533,0.0261,C07
U04180,0,0,0.0,0.0,Regular,0.3014,0.0645,C05
U04183,0,3,0.0,0.00030003000300030005,Regular,0.1036,0.0055,C08
U04190,0,0,0.0,0.0,Regular,0.0931,0.238,C15
U04198,0,0,0.0,0.0,Regular,0.2173,0.1996,C23
U06174,0,0,0.0,0.0,Regular,0.0783,0.1506,C24
U03110,0,0,0.0,0.0,Regular,0.0627,0.133,C10
U03132,0,0,0.0,0.0,Regular,0.0748,0.0554,C07
U03134,0,0,0.0,0.0,Regular,0.2169,0.0528,C09
U06206,0,0,0.0,0.0,Regular,0.1183,0.1537,C06
U06990,0,0,0.0,0.0,Regular,0.1813,0.107,C15
U05903,0,0,0.0,0.0,Regular,0.2359,0.0445,C03
U00510,0,1,0.0,0.00010001000100010001,Regular,0.0955,0.0187,C10
U00511,0,0,0.0,0.0,Regular,0.0722,0.0527,C11
U09031,0,0,0.0,0.0,Regular,0.0603,0.1007,C06
U04242,0,0,0.0,0.0,Regular,0.0583,0.2349,C17
U09044,0,0,0.0,0.0,Regular,0.0491,0.2021,C19
U02939,0,0,0.0,0.0,Regular,0.1183,0.1257,C14
U02940,0,0,0.0,0.0,Regular,0.149,0.2382,C15
U02942,0,0,0.0,0.0,Regular,0.1274,0.1462,C17
U09058,0,0,0.0,0.0,Regular,0.0793,0.0505,C08
U04254,0,0,0.0,0.0,Regular,0.0687,0.0586,C04
U02915,0,0,0.0,0.0,Regular,0.1625,0.0494,C15
U02919,0,0,0.0,0.0,Regular,0.1388,0.0999,C19
U02920,0,0,0.0,0.0,Regular,0.0211,0.3641,C20
U01961,0,0,0.0,0.0,Regular,0.0731,0.061,C11
U06180,0,0,0.0,0.0,Regular,0.0802,0.0332,C05
U03795,0,1,0.0,0.00010001000100010001,Regular,0.1938,0.0936,C20
U03805,0,0,0.0,0.0,Regular,0.0685,0.0948,C05
U06978,0,0,0.0,0.0,Regular,0.1215,0.0783,C03
U06982,0,0,0.0,0.0,Regular,0.2199,0.0188,C07
U09009,0,0,0.0,0.0,Regular,0.0518,0.1479,C09
U05913,0,0,0.0,0.0,Regular,0.0859,0.0766,C13
U05914,0,0,0.0,0.0,Regular,0.082,0.1005,C14
U07298,0,0,0.0,0.0,Regular,0.0582,0.0992,C23
U07310,0,0,0.0,0.0,Regular,0.0447,0.2582,C10
U01395,0,0,0.0,0.0,Regular,0.0271,0.0521,C20
U04257,0,0,0.0,0.0,Regular,0.0975,0.1526,C07
U02116,0,0,0.0,0.0,Regular,0.1079,0.0656,C16
U02117,0,0,0.0,0.0,Regular,0.0183,0.0108,C17
U06196,0,0,0.0,0.0,Regular,0.0959,0.0614,C21
U06202,0,0,0.0,0.0,Regular,0.1226,0.0904,C02
U03150,0,0,0.0,0.0,Regular,0.023,0.3306,C25
U03151,0,0,0.0,0.0,Regular,0.0622,0.1046,C01
U00263,0,0,0.0,0.0,Regular,0.1574,0.1708,C13
U03764,0,0,0.0,0.0,Regular,0.0869,0.089,C14
U06974,0,0,0.0,0.0,Regular,0.2627,0.1658,C24
U06224,0,0,0.0,0.0,Regular,0.0469,0.0563,C24
U01938,0,0,0.0,0.0,Regular,0.0463,0.1193,C13
U04265,0,0,0.0,0.0,Regular,0.0994,0.0975,C15
U08998,0,0,0.0,0.0,Regular,0.1154,0.2178,C23
U04248,0,0,0.0,0.0,Regular,0.0139,0.105,C23
U04252,0,0,0.0,0.0,Regular,0.1156,0.1519,C02
U07358,0,0,0.0,0.0,Regular,0.1148,0.1448,C08
U05840,0,0,0.0,0.0,Regular,0.0853,0.1196,C15
U02147,0,0,0.0,0.0,Regular,0.1331,0.0859,C22
U04292,0,0,0.0,0.0,Regular,0.1198,0.022,C17
U04299,0,7,0.0,0.0007000700070007,Regular,0.0585,0.0306,C24
U04301,0,0,0.0,0.0,Regular,0.5396,0.2029,C01
U08971,0,0,0.0,0.0,Regular,0.0975,0.2487,C21
U05879,0,0,0.0,0.0,Regular,0.0478,0.0717,C04
U07326,0,0,0.0,0.0,Regular,0.2874,0.1005,C01
U03774,0,0,0.0,0.0,Regular,0.3597,0.0447,C24
U09505,0,0,0.0,0.0,Regular,0.0707,0.1081,C05
U06947,0,0,0.0,0.0,Regular,0.0917,0.0912,C22
U01948,0,0,0.0,0.0,Regular,0.0892,0.0706,C23
U06230,0,0,0.0,0.0,Regular,0.1977,0.1209,C05
U06232,0,0,0.0,0.0,Regular,0.1707,0.1184,C07
U00537,0,0,0.0,0.0,Regular,0.034,0.0661,C12
U04357,0,0,0.0,0.0,Regular,0.139,0.0222,C07
U00545,0,0,0.0,0.0,Regular,0.1202,0.063,C20
U01350,0,0,0.0,0.0,Regular,0.2958,0.1562,C25
U03758,0,1,0.0,0.00010001000100010001,Regular,0.1318,0.1526,C08
U03167,0,0,0.0,0.0,Regular,0.0651,0.1391,C17
U03729,0,0,0.0,0.0,Regular,0.1307,0.0357,C04
U01921,0,0,0.0,0.0,Regular,0.0819,0.1708,C21
U04327,0,0,0.0,0.0,Regular,0.0277,0.0828,C02
U01368,0,0,0.0,0.0,Regular,0.0769,0.2584,C18
U01372,0,1,0.0,0.00010001000100010001,Regular,0.0431,0.047,C22
U07367,0,0,0.0,0.0,Regular,0.0334,0.061,C17
U04312,0,0,0.0,0.0,Regular,0.0999,0.1017,C12
U04317,0,0,0.0,0.0,Regular,0.0994,0.0467,C17
U05867,0,2,0.0,0.00020002000200020003,Regular,0.1505,0.0239,C17
U07351,0,0,0.0,0.0,Regular,0.0763,0.2247,C01
U07352,0,0,0.0,0.0,Regular,0.1231,0.0448,C02
U04392,0,0,0.0,0.0,Regular,0.0965,0.0986,C17
U04397,0,0,0.0,0.0,Regular,0.2081,0.0217,C22
U07420,0,0,0.0,0.0,Regular,0.0432,0.0225,C20
U07421,0,0,0.0,0.0,Regular,0.0486,0.1294,C21
U02184,0,0,0.0,0.0,Regular,0.1756,0.0349,C09
U02188,0,0,0.0,0.0,Regular,0.0185,0.1124,C13
U06937,0,3,0.0,0.00030003000300030005,Regular,0.1067,0.0414,C12
U00244,0,0,0.0,0.0,Regular,0.2285,0.0513,C19
U03182,0,1,0.0,0.00010001000100010001,Regular,0.0647,0.1736,C07
U08903,0,0,0.0,0.0,Regular,0.1036,0.0862,C03
U01353,0,0,0.0,0.0,Regular,0.2635,0.0378,C03
U07394,0,0,0.0,0.0,Regular,0.1929,0.1099,C19
U07402,0,0,0.0,0.0,Regular,0.1435,0.0828,C02
U07408,0,1,0.0,0.00010001000100010001,Regular,0.0356,0.0873,C08
U02162,0,0,0.0,0.0,Regular,0.184,0.0995,C12
U02878,0,0,0.0,0.0,Regular,0.0808,0.0645,C03
U02841,0,0,0.0,0.0,Regular,0.0585,0.0514,C16
U01932,0,5,0.0,0.0005000500050005,Regular,0.2935,0.2127,C07
U06259,0,0,0.0,0.0,Regular,0.0625,0.1446,C09
U03717,0,10,0.0,0.001000100010001,Regular,0.1024,0.169,C17
U03709,0,0,0.0,0.0,Regular,0.0326,0.1802,C09
U09551,0,0,0.0,0.0,Regular,0.0586,0.07,C01
U08858,0,0,0.0,0.0,Regular,0.2347,0.0963,C08
U08873,0,0,0.0,0.0,Regular,0.1227,0.052,C23
U01340,0,0,0.0,0.0,Regular,0.0659,0.1157,C15
U07433,0,0,0.0,0.0,Regular,0.0537,0.1334,C08
U05784,0,0,0.0,0.0,Regular,0.1342,0.0991,C09
U05787,0,0,0.0,0.0,Regular,0.1395,0.072,C12
U02178,0,0,0.0,0.0,Regular,0.0521,0.0557,C03
U08889,0,0,0.0,0.0,Regular,0.0486,0.1441,C14
U04384,0,0,0.0,0.0,Regular,0.0485,0.1865,C09
U04388,0,1,0.0,0.00010001000100010001,Regular,0.0983,0.14,C13
U04458,0,0,0.0,0.0,Regular,0.0733,0.1429,C08
U08824,0,0,0.0,0.0,Regular,0.2145,0.0963,C24
U02824,0,0,0.0,0.0,Regular,0.027,0.0908,C24
U04441,0,1,0.0,0.00010001000100010001,Regular,0.1014,0.0883,C16
U09569,0,0,0.0,0.0,Regular,0.0367,0.0531,C19
U06281,0,0,0.0,0.0,Regular,0.0408,0.1486,C06
U01630,0,1,0.0,0.00010001000100010001,Regular,0.3463,0.0764,C05
U06915,0,0,0.0,0.0,Regular,0.0121,0.123,C15
U03691,0,0,0.0,0.0,Regular,0.0034,0.2533,C16
U04419,0,0,0.0,0.0,Regular,0.101,0.1017,C19
U01321,0,0,0.0,0.0,Regular,0.1012,0.291,C21
U07461,0,0,0.0,0.0,Regular,0.2525,0.2106,C11
U07467,0,0,0.0,0.0,Regular,0.1273,0.4031,C17
U07450,0,0,0.0,0.0,Regular,0.1576,0.2722,C25
U00586,0,0,0.0,0.0,Regular,0.0719,0.08,C11
U00587,0,0,0.0,0.0,Regular,0.0043,0.0792,C12
U04478,0,0,0.0,0.0,Regular,0.0441,0.0649,C03
U08801,0,0,0.0,0.0,Regular,0.0065,0.07,C01
U09573,0,0,0.0,0.0,Regular,0.0698,0.1019,C23
U09576,0,0,0.0,0.0,Regular,0.3086,0.023,C01
U09579,0,0,0.0,0.0,Regular,0.0782,0.1356,C04
U03668,0,0,0.0,0.0,Regular,0.1339,0.1636,C18
U09589,0,0,0.0,0.0,Regular,0.0905,0.0395,C14
U02805,0,0,0.0,0.0,Active,0.6265,0.1576,C05
U02809,0,0,0.0,0.0,Regular,0.1103,0.1238,C09
U07483,0,0,0.0,0.0,Regular,0.0554,0.1154,C08
U01298,0,0,0.0,0.0,Regular,0.3711,0.0684,C23
U05746,0,0,0.0,0.0,Regular,0.229,0.1651,C21
U05755,0,0,0.0,0.0,Regular,0.0709,0.0221,C05
U05757,0,0,0.0,0.0,Regular,0.2781,0.0646,C07
U05760,0,0,0.0,0.0,Regular,0.0461,0.0441,C10
U02198,0,0,0.0,0.0,Regular,0.1261,0.0903,C23
U04481,0,0,0.0,0.0,Regular,0.0379,0.3147,C06
U04491,0,0,0.0,0.0,Regular,0.1028,0.0648,C16
U04494,0,0,0.0,0.0,Regular,0.2012,0.0715,C19
U05727,0,0,0.0,0.0,Regular,0.0545,0.0929,C02
U05729,0,0,0.0,0.0,Regular,0.0953,0.2379,C04
U03652,0,0,0.0,0.0,Regular,0.0751,0.134,C02
U03658,0,0,0.0,0.0,Regular,0.0703,0.1341,C08
U01641,0,0,0.0,0.0,Regular,0.0422,0.1138,C16
U01645,0,0,0.0,0.0,Regular,0.0851,0.0522,C20
U01647,0,0,0.0,0.0,Regular,0.0494,0.116,C22
U06888,0,2,0.0,0.00020002000200020003,Regular,0.003,0.0632,C13
U01312,0,0,0.0,0.0,Regular,0.0595,0.0328,C12
U07498,0,0,0.0,0.0,Regular,0.0747,0.2969,C23
U05712,0,0,0.0,0.0,Regular,0.0294,0.3111,C12
U08795,0,0,0.0,0.0,Regular,0.1252,0.0849,C20
U04466,0,0,0.0,0.0,Regular,0.0582,0.0382,C16
U05691,0,0,0.0,0.0,Regular,0.066,0.0695,C16
U09605,0,1,0.0,0.00010001000100010001,Regular,0.187,0.0682,C05
U09612,0,0,0.0,0.0,Regular,0.179,0.2323,C12
U09616,0,0,0.0,0.0,Regular,0.0939,0.0186,C16
U03635,0,0,0.0,0.0,Regular,0.1211,0.1632,C10
U06310,0,0,0.0,0.0,Regular,0.072,0.1338,C10
U06312,0,0,0.0,0.0,Regular,0.165,0.0972,C12
U06880,0,0,0.0,0.0,Regular,0.2563,0.1129,C05
U02775,0,0,0.0,0.0,Regular,0.2271,0.0827,C25
U08759,0,0,0.0,0.0,Regular,0.012,0.0411,C09
U00630,0,0,0.0,0.0,Regular,0.079,0.0841,C05
U07512,0,0,0.0,0.0,Regular,0.0237,0.0878,C12
U02221,0,0,0.0,0.0,Regular,0.1098,0.0794,C21
U08774,0,0,0.0,0.0,Regular,0.0778,0.1748,C24
U08785,0,0,0.0,0.0,Regular,0.0627,0.0393,C10
U02792,0,0,0.0,0.0,Regular,0.0811,0.0174,C17
U08708,0,0,0.0,0.0,Regular,0.0683,0.134,C08
U04528,0,0,0.0,0.0,Regular,0.0832,0.093,C03
U02758,0,0,0.0,0.0,Regular,0.0115,0.0434,C08
U08729,0,0,0.0,0.0,Regular,0.0599,0.0943,C04
U01658,0,0,0.0,0.0,Regular,0.1448,0.2838,C08
U01660,0,0,0.0,0.0,Regular,0.0944,0.1036,C10
U03646,0,0,0.0,0.0,Regular,0.1145,0.1165,C21
U09621,0,0,0.0,0.0,Regular,0.1051,0.1726,C21
U06839,0,0,0.0,0.0,Regular,0.1471,0.0373,C14
U07543,0,0,0.0,0.0,Regular,0.1663,0.0334,C18
U07557,0,0,0.0,0.0,Regular,0.0593,0.0586,C07
U04518,0,0,0.0,0.0,Regular,0.0963,0.0475,C18
U08749,0,0,0.0,0.0,Regular,0.3572,0.0713,C24
U04506,0,0,0.0,0.0,Regular,0.0999,0.0451,C06
U01285,0,0,0.0,0.0,Regular,0.297,0.4309,C10
U05685,0,0,0.0,0.0,Regular,0.1307,0.1005,C10
U01651,0,0,0.0,0.0,Regular,0.0699,0.0319,C01
U01652,0,0,0.0,0.0,Regular,0.1797,0.0684,C02
U06319,0,0,0.0,0.0,Regular,0.0418,0.0565,C19
U01674,0,0,0.0,0.0,Regular,0.0466,0.1487,C24
U05622,0,0,0.0,0.0,Regular,0.1564,0.1926,C22
U08682,0,0,0.0,0.0,Regular,0.0727,0.0429,C07
U02740,0,0,0.0,0.0,Regular,0.1248,0.2417,C15
U01264,0,0,0.0,0.0,Regular,0.0971,0.0874,C14
U07569,0,0,0.0,0.0,Regular,0.0413,0.0848,C19
U05654,0,0,0.0,0.0,Regular,0.2232,0.1004,C04
U08691,0,0,0.0,0.0,Regular,0.1026,0.2246,C16
U08703,0,0,0.0,0.0,Regular,0.1275,0.1245,C03
U02766,0,0,0.0,0.0,Regular,0.1718,0.1642,C16
U02227,0,0,0.0,0.0,Regular,0.065,0.055,C02
U02240,0,1,0.0,0.00010001000100010001,Regular,0.0291,0.128,C15
U04551,0,0,0.0,0.0,Regular,0.1357,0.0244,C01
U01228,0,0,0.0,0.0,Regular,0.0927,0.0999,C03
U07607,0,0,0.0,0.0,Regular,0.1664,0.3094,C07
U06830,0,0,0.0,0.0,Regular,0.1324,0.2671,C05
U00192,0,0,0.0,0.0,Regular,0.0601,0.168,C17
U09654,0,0,0.0,0.0,Regular,0.0741,0.0203,C04
U09661,0,0,0.0,0.0,Regular,0.1935,0.1539,C11
U03582,0,0,0.0,0.0,Regular,0.0263,0.1792,C07
U03233,0,0,0.0,0.0,Regular,0.1873,0.0697,C08
U01879,0,0,0.0,0.0,Regular,0.1349,0.262,C04
U07611,0,0,0.0,0.0,Regular,0.1334,0.0941,C11
U04599,0,0,0.0,0.0,Regular,0.0657,0.2614,C24
U04602,0,0,0.0,0.0,Regular,0.346,0.207,C02
U08658,0,0,0.0,0.0,Regular,0.158,0.015,C08
U08671,0,0,0.0,0.0,Regular,0.0266,0.1128,C21
U02253,0,0,0.0,0.0,Regular,0.1078,0.2148,C03
U01238,0,1,0.0,0.00010001000100010001,Regular,0.0625,0.0832,C13
U04638,0,0,0.0,0.0,Regular,0.0953,0.0941,C13
U01668,0,0,0.0,0.0,Regular,0.1014,0.1458,C18
U03569,0,0,0.0,0.0,Regular,0.0473,0.1771,C19
U08632,0,0,0.0,0.0,Regular,0.1185,0.2086,C07
U00696,0,0,0.0,0.0,Regular,0.0502,0.1377,C21
U07618,0,0,0.0,0.0,Regular,0.0425,0.0716,C18
U07627,0,5,0.0,0.0005000500050005,Regular,0.0433,0.1938,C02
U07632,0,0,0.0,0.0,Regular,0.1183,0.1164,C07
U05604,0,0,0.0,0.0,Regular,0.1114,0.0594,C04
U07635,0,0,0.0,0.0,Regular,0.1747,0.1991,C10
U04626,0,1,0.0,0.00010001000100010001,Regular,0.1066,0.0534,C01
U00702,0,0,0.0,0.0,Regular,0.0427,0.1221,C02
U08650,0,0,0.0,0.0,Regular,0.073,0.0765,C25
U02249,0,3,0.0,0.00030003000300030005,Regular,0.1871,0.1643,C24
U07600,0,0,0.0,0.0,Regular,0.0707,0.0333,C25
U01225,0,0,0.0,0.0,Regular,0.1679,0.1665,C25
U04703,0,0,0.0,0.0,Regular,0.0888,0.1003,C03
U00726,0,3,0.0,0.00030003000300030005,Regular,0.0352,0.0583,C01
U01876,0,0,0.0,0.0,Regular,0.0796,0.0448,C01
U01878,0,1,0.0,0.00010001000100010001,Regular,0.0434,0.1452,C03
U09679,0,0,0.0,0.0,Regular,0.0399,0.1649,C04
U03567,0,0,0.0,0.0,Regular,0.0718,0.0383,C17
U06416,0,0,0.0,0.0,Regular,0.0519,0.2789,C16
U00731,0,1,0.0,0.00010001000100010001,Regular,0.0842,0.0303,C06
U02694,0,0,0.0,0.0,Regular,0.0253,0.0605,C19
U02262,0,2,0.0,0.00020002000200020003,Regular,0.2346,0.0918,C12
U01209,0,0,0.0,0.0,Regular,0.0414,0.1484,C09
U04657,0,0,0.0,0.0,Regular,0.0586,0.0246,C07
U04667,0,0,0.0,0.0,Regular,0.051,0.0161,C17
U07643,0,0,0.0,0.0,Regular,0.0924,0.1597,C18
U07648,0,0,0.0,0.0,Regular,0.1254,0.167,C23
U08618,0,0,0.0,0.0,Regular,0.1765,0.0898,C18
U01169,0,0,0.0,0.0,Regular,0.0707,0.0882,C19
U01682,0,0,0.0,0.0,Regular,0.1828,0.1095,C07
U06400,0,0,0.0,0.0,Regular,0.1056,0.3139,C25
U09702,0,0,0.0,0.0,Regular,0.0677,0.0997,C02
U01841,0,2,0.0,0.00020002000200020003,Regular,0.2299,0.2541,C16
U01844,0,0,0.0,0.0,Regular,0.1138,0.2296,C19
U01702,0,0,0.0,0.0,Regular,0.2541,0.0852,C02
U06755,0,0,0.0,0.0,Regular,0.1325,0.1167,C05
U00742,0,0,0.0,0.0,Regular,0.1205,0.0404,C17
U00751,0,0,0.0,0.0,Regular,0.0759,0.1584,C01
U08551,0,0,0.0,0.0,Regular,0.14,0.0262,C01
U02685,0,0,0.0,0.0,Regular,0.1422,0.046,C10
U04689,0,0,0.0,0.0,Regular,0.2884,0.017,C14
U05571,0,0,0.0,0.0,Regular,0.0853,0.0518,C21
U07676,0,0,0.0,0.0,Regular,0.1191,0.0496,C01
U04696,0,1,0.0,0.00010001000100010001,Regular,0.0289,0.0603,C21
U04740,0,1,0.0,0.00010001000100010001,Regular,0.2292,0.1002,C15
U04744,0,0,0.0,0.0,Regular,0.1481,0.1816,C19
U04745,0,1,0.0,0.00010001000100010001,Regular,0.2032,0.0434,C20
U04749,0,0,0.0,0.0,Regular,0.0285,0.0486,C24
U02644,0,0,0.0,0.0,Regular,0.0663,0.0508,C19
U04721,0,0,0.0,0.0,Regular,0.2147,0.015,C21
U04737,0,0,0.0,0.0,Regular,0.0648,0.1079,C12
U04738,0,0,0.0,0.0,Regular,0.1574,0.0574,C13
U06759,0,0,0.0,0.0,Regular,0.023,0.1351,C09
U01868,0,0,0.0,0.0,Regular,0.0735,0.158,C18
U09713,0,0,0.0,0.0,Regular,0.0659,0.0764,C13
U08534,0,0,0.0,0.0,Regular,0.0832,0.0254,C09
U00737,0,0,0.0,0.0,Regular,0.0784,0.0755,C12
U02658,0,0,0.0,0.0,Regular,0.0546,0.1601,C08
U01196,0,0,0.0,0.0,Regular,0.1869,0.0765,C21
U07682,0,0,0.0,0.0,Regular,0.0676,0.1707,C07
U02653,0,0,0.0,0.0,Regular,0.1591,0.0865,C03
U02654,0,0,0.0,0.0,Regular,0.0298,0.1434,C04
U02655,0,0,0.0,0.0,Regular,0.0461,0.0655,C05
U06426,0,0,0.0,0.0,Regular,0.2168,0.3819,C01
U06428,0,0,0.0,0.0,Regular,0.2011,0.1071,C03
U03520,0,0,0.0,0.0,Regular,0.175,0.2353,C20
U03528,0,0,0.0,0.0,Regular,0.1984,0.014,C03
U01723,0,0,0.0,0.0,Regular,0.0493,0.14,C23
U08505,0,0,0.0,0.0,Regular,0.0811,0.0455,C05
U08508,0,0,0.0,0.0,Regular,0.0782,0.0356,C08
U00755,0,0,0.0,0.0,Regular,0.0406,0.0205,C05
U00764,0,0,0.0,0.0,Regular,0.1438,0.0203,C14
U01175,0,0,0.0,0.0,Regular,0.0582,0.048,C25
U07702,0,0,0.0,0.0,Regular,0.1451,0.1848,C02
U05530,0,0,0.0,0.0,Regular,0.0505,0.0585,C05
U08522,0,0,0.0,0.0,Regular,0.0979,0.0409,C22
U04774,0,0,0.0,0.0,Regular,0.115,0.1379,C24
U05508,0,0,0.0,0.0,Regular,0.2282,0.0302,C08
U05509,0,0,0.0,0.0,Regular,0.0856,0.0271,C09
U05512,0,0,0.0,0.0,Regular,0.2348,0.1856,C12
U06728,0,0,0.0,0.0,Regular,0.1721,0.0549,C03
U01852,0,0,0.0,0.0,Regular,0.017,0.0865,C02
U09752,0,0,0.0,0.0,Regular,0.0181,0.0475,C02
U03289,0,0,0.0,0.0,Regular,0.1023,0.0507,C14
U03296,0,0,0.0,0.0,Regular,0.1009,0.2953,C21
U03511,0,0,0.0,0.0,Regular,0.1573,0.0625,C11
U02290,0,0,0.0,0.0,Regular,0.0803,0.0949,C15
U07709,0,0,0.0,0.0,Regular,0.091,0.1431,C09
U00772,0,0,0.0,0.0,Regular,0.128,0.0908,C22
U00780,0,0,0.0,0.0,Regular,0.1194,0.1965,C05
U08488,0,0,0.0,0.0,Regular,0.0483,0.1131,C13
U08490,0,0,0.0,0.0,Regular,0.125,0.1461,C15
U07779,0,0,0.0,0.0,Regular,0.2669,0.1668,C04
U09765,0,0,0.0,0.0,Regular,0.044,0.0647,C15
U03485,0,0,0.0,0.0,Regular,0.136,0.1517,C10
U03503,0,0,0.0,0.0,Regular,0.0534,0.1206,C03
U06717,0,0,0.0,0.0,Regular,0.1507,0.186,C17
U01716,0,0,0.0,0.0,Regular,0.2401,0.164,C16
U08444,0,0,0.0,0.0,Regular,0.0862,0.1811,C19
U02633,0,0,0.0,0.0,Regular,0.1051,0.1385,C08
U04812,0,0,0.0,0.0,Regular,0.0739,0.1281,C12
U07759,0,0,0.0,0.0,Regular,0.2417,0.058,C09
U02308,0,0,0.0,0.0,Regular,0.1906,0.0453,C08
U05476,0,0,0.0,0.0,Regular,0.0959,0.1086,C01
U04790,0,0,0.0,0.0,Regular,0.0899,0.1045,C15
U08464,0,2,0.0,0.00020002000200020003,Regular,0.1148,0.0306,C14
U00795,0,1,0.0,0.00010001000100010001,Regular,0.0765,0.1196,C20
U04771,0,0,0.0,0.0,Regular,0.039,0.2202,C21
U02598,0,0,0.0,0.0,Regular,0.0596,0.1567,C23
U02609,0,0,0.0,0.0,Regular,0.113,0.2909,C09
U02615,0,0,0.0,0.0,Regular,0.1297,0.0556,C15
U04830,0,0,0.0,0.0,Regular,0.162,0.2322,C05
U08431,0,0,0.0,0.0,Regular,0.1974,0.2357,C06
U03283,0,0,0.0,0.0,Regular,0.2438,0.183,C08
U09778,0,0,0.0,0.0,Regular,0.0508,0.0387,C03
U03310,0,0,0.0,0.0,Regular,0.0677,0.1969,C10
U03312,0,0,0.0,0.0,Regular,0.248,0.1322,C12
U03478,0,1,0.0,0.00010001000100010001,Regular,0.094,0.0637,C03
U03480,0,0,0.0,0.0,Regular,0.0218,0.1564,C05
U09805,0,0,0.0,0.0,Regular,0.0844,0.1296,C05
U00804,0,0,0.0,0.0,Regular,0.0689,0.074,C04
U00807,0,0,0.0,0.0,Regular,0.0821,0.1649,C07
U07765,0,0,0.0,0.0,Regular,0.0288,0.1952,C15
U07771,0,0,0.0,0.0,Regular,0.1483,0.1704,C21
U00103,0,0,0.0,0.0,Regular,0.0122,0.088,C03
U06491,0,0,0.0,0.0,Regular,0.0768,0.1934,C16
U06696,0,0,0.0,0.0,Regular,0.0335,0.0777,C21
U06466,0,0,0.0,0.0,Regular,0.0201,0.0393,C16
U06470,0,0,0.0,0.0,Regular,0.0809,0.2185,C20
U03470,0,0,0.0,0.0,Regular,0.0804,0.0549,C20
U05436,0,0,0.0,0.0,Regular,0.1877,0.2602,C11
U04880,0,0,0.0,0.0,Regular,0.0469,0.0463,C05
U08398,0,3,0.0,0.00030003000300030005,Regular,0.1861,0.044,C23
U00819,0,0,0.0,0.0,Regular,0.1439,0.1051,C19
U07792,0,0,0.0,0.0,Regular,0.0729,0.3294,C17
U01122,0,0,0.0,0.0,Regular,0.0343,0.2222,C22
U05453,0,0,0.0,0.0,Regular,0.1067,0.1882,C03
U02328,0,0,0.0,0.0,Regular,0.1478,0.0545,C03
U01126,0,1,0.0,0.00010001000100010001,Regular,0.0592,0.0778,C01
U04845,0,2,0.0,0.00020002000200020003,Regular,0.2243,0.0814,C20
U01118,0,0,0.0,0.0,Regular,0.0807,0.0778,C18
U01120,0,0,0.0,0.0,Regular,0.0587,0.1252,C20
U00835,0,0,0.0,0.0,Regular,0.0969,0.1877,C10
U00107,0,0,0.0,0.0,Regular,0.1585,0.0373,C07
U09821,0,0,0.0,0.0,Regular,0.0559,0.1041,C21
U06683,0,0,0.0,0.0,Regular,0.0522,0.1261,C08
U01735,0,0,0.0,0.0,Regular,0.2034,0.0313,C10
U02586,0,0,0.0,0.0,Regular,0.4382,0.1742,C11
U05411,0,0,0.0,0.0,Regular,0.0984,0.0423,C11
U05412,0,0,0.0,0.0,Regular,0.1069,0.0807,C12
U05417,0,1,0.0,0.00010001000100010001,Regular,0.128,0.17,C17
U04887,0,4,0.0,0.00040004000400040005,Regular,0.0435,0.1118,C12
U02583,0,0,0.0,0.0,Regular,0.145,0.3224,C08
U04874,0,0,0.0,0.0,Regular,0.1888,0.014,C24
U01129,0,0,0.0,0.0,Regular,0.1694,0.0767,C04
U01132,0,0,0.0,0.0,Regular,0.1285,0.0602,C07
U03446,0,0,0.0,0.0,Regular,0.1425,0.2112,C21
U00085,0,0,0.0,0.0,Regular,0.0337,0.1237,C10
U09837,0,1,0.0,0.00010001000100010001,Regular,0.1088,0.0561,C12
U09843,0,0,0.0,0.0,Regular,0.2471,0.1933,C18
U06667,0,0,0.0,0.0,Regular,0.1666,0.1859,C17
U06674,0,0,0.0,0.0,Regular,0.1449,0.0329,C24
U08314,0,0,0.0,0.0,Regular,0.0066,0.2008,C14
U07856,0,0,0.0,0.0,Regular,0.0476,0.1557,C06
U01091,0,0,0.0,0.0,Regular,0.1281,0.2641,C16
U02344,0,0,0.0,0.0,Regular,0.1809,0.1205,C19
U08325,0,0,0.0,0.0,Regular,0.0578,0.1065,C25
U08333,0,0,0.0,0.0,Regular,0.1104,0.0855,C08
U00851,0,1,0.0,0.00010001000100010001,Regular,0.1089,0.0536,C01
U02566,0,0,0.0,0.0,Regular,0.0487,0.034,C16
U00858,0,1,0.0,0.00010001000100010001,Regular,0.1345,0.2003,C08
U08349,0,0,0.0,0.0,Regular,0.0378,0.0884,C24
U04991,0,0,0.0,0.0,Regular,0.0978,0.0827,C16
U00887,0,0,0.0,0.0,Regular,0.0231,0.0328,C12
U00894,0,0,0.0,0.0,Regular,0.1192,0.1279,C19
U07878,0,0,0.0,0.0,Regular,0.1066,0.1196,C03
U07884,0,0,0.0,0.0,Regular,0.1132,0.0278,C09
U09848,0,0,0.0,0.0,Regular,0.078,0.3783,C23
U09850,0,1,0.0,0.00010001000100010001,Regular,0.0718,0.0467,C25
U09854,0,0,0.0,0.0,Regular,0.2338,0.1688,C04
U03439,0,3,0.0,0.00030003000300030005,Regular,0.1777,0.0441,C14
U07887,0,0,0.0,0.0,Regular,0.0208,0.0493,C12
U01074,0,0,0.0,0.0,Regular,0.0734,0.0891,C24
U04962,0,0,0.0,0.0,Regular,0.1576,0.1785,C12
U02366,0,0,0.0,0.0,Regular,0.1749,0.0352,C16
U07875,0,0,0.0,0.0,Regular,0.0305,0.0292,C25
U07876,0,0,0.0,0.0,Regular,0.0255,0.5693,C01
U00877,0,0,0.0,0.0,Regular,0.0648,0.1932,C02
U05333,0,0,0.0,0.0,Regular,0.078,0.0614,C08
U01065,0,0,0.0,0.0,Regular,0.1574,0.0102,C15
U07922,0,0,0.0,0.0,Regular,0.2016,0.1986,C22
U05313,0,0,0.0,0.0,Regular,0.0552,0.035,C13
U05316,0,0,0.0,0.0,Regular,0.1577,0.1598,C16
U06648,0,0,0.0,0.0,Regular,0.0905,0.0979,C23
U09864,0,0,0.0,0.0,Regular,0.1641,0.0728,C14
U09885,0,0,0.0,0.0,Regular,0.0813,0.0744,C10
U05357,0,0,0.0,0.0,Regular,0.0551,0.0663,C07
U01057,0,1,0.0,0.00010001000100010001,Regular,0.1053,0.0492,C07
U01059,0,0,0.0,0.0,Regular,0.1401,0.0886,C09
U00881,0,0,0.0,0.0,Regular,0.1694,0.0429,C06
U02534,0,0,0.0,0.0,Regular,0.0271,0.0713,C09
U05343,0,0,0.0,0.0,Regular,0.0674,0.2678,C18
U05353,0,2,0.0,0.00020002000200020003,Regular,0.0915,0.0231,C03
U04984,0,0,0.0,0.0,Regular,0.171,0.1252,C09
U05308,0,0,0.0,0.0,Regular,0.0102,0.0444,C08
U09887,0,0,0.0,0.0,Regular,0.0959,0.1121,C12
U00066,0,0,0.0,0.0,Regular,0.1512,0.071,C16
U03411,0,0,0.0,0.0,Regular,0.2365,0.2415,C11
U03423,0,0,0.0,0.0,Regular,0.0428,0.1137,C23
U03425,0,1,0.0,0.00010001000100010001,Regular,0.2804,0.1777,C25
U06526,0,0,0.0,0.0,Regular,0.2088,0.0988,C01
U06535,0,0,0.0,0.0,Regular,0.0712,0.0864,C10
U00072,0,0,0.0,0.0,Regular,0.0656,0.0377,C22
U08204,0,0,0.0,0.0,Regular,0.1107,0.0586,C04
U02504,0,0,0.0,0.0,Regular,0.016,0.0248,C04
U07944,0,0,0.0,0.0,Regular,0.1852,0.045,C19
U02396,0,0,0.0,0.0,Regular,0.2221,0.0547,C21
U05050,0,0,0.0,0.0,Regular,0.113,0.0358,C25
U05039,0,0,0.0,0.0,Regular,0.0485,0.0431,C14
U05040,0,0,0.0,0.0,Regular,0.0553,0.3363,C15
U05132,0,1,0.0,0.00010001000100010001,Regular,0.1173,0.0868,C07
U00939,0,0,0.0,0.0,Regular,0.1433,0.2992,C14
U01776,0,0,0.0,0.0,Regular,0.1121,0.031,C01
U06610,0,0,0.0,0.0,Regular,0.0226,0.0223,C10
U01802,0,0,0.0,0.0,Regular,0.1542,0.0448,C02
U02474,0,0,0.0,0.0,Regular,0.0586,0.1715,C24
U02475,0,0,0.0,0.0,Regular,0.2804,0.0659,C25
U05293,0,0,0.0,0.0,Regular,0.0857,0.0809,C18
U07972,0,0,0.0,0.0,Regular,0.0519,0.1483,C22
U07973,0,0,0.0,0.0,Regular,0.0565,0.1075,C23
U07976,0,0,0.0,0.0,Regular,0.1014,0.1872,C01
U07979,0,0,0.0,0.0,Regular,0.0606,0.0179,C04
U07980,0,0,0.0,0.0,Regular,0.1175,0.1422,C05
U07990,0,0,0.0,0.0,Regular,0.0973,0.2591,C15
U08158,0,0,0.0,0.0,Regular,0.1492,0.0604,C08
U05307,0,0,0.0,0.0,Regular,0.1365,0.0322,C07
U03361,0,0,0.0,0.0,Regular,0.0948,0.0523,C11
U09943,0,0,0.0,0.0,Regular,0.1174,0.1546,C18
U03349,0,1,0.0,0.00010001000100010001,Regular,0.099,0.0768,C24
U03354,0,0,0.0,0.0,Regular,0.2368,0.0726,C04
U00014,0,1,0.0,0.00010001000100010001,Regular,0.2678,0.1213,C14
U09978,0,0,0.0,0.0,Regular,0.008,0.0535,C03
U05229,0,0,0.0,0.0,Regular,0.129,0.1757,C04
U01016,0,0,0.0,0.0,Regular,0.0037,0.1785,C16
U01017,0,0,0.0,0.0,Regular,0.0746,0.0961,C17
U05188,0,0,0.0,0.0,Regular,0.0549,0.0768,C13
U08024,0,0,0.0,0.0,Regular,0.1099,0.3087,C24
U08026,0,0,0.0,0.0,Regular,0.1535,0.2028,C01
U08028,0,0,0.0,0.0,Regular,0.0334,0.176,C03
U08107,0,0,0.0,0.0,Regular,0.029,0.0685,C07
U08113,0,0,0.0,0.0,Regular,0.0944,0.0342,C13
U01038,0,0,0.0,0.0,Regular,0.0959,0.0669,C13
U03028,0,0,0.0,0.0,Regular,0.0424,0.1759,C03
U03974,0,0,0.0,0.0,Regular,0.2716,0.2591,C24
U07141,0,0,0.0,0.0,Regular,0.0468,0.0404,C16
U07137,0,0,0.0,0.0,Regular,0.0666,0.0368,C12
U07139,0,0,0.0,0.0,Regular,0.2322,0.2547,C14
U06092,0,0,0.0,0.0,Regular,0.1179,0.0757,C17
U06038,0,1,0.0,0.00010001000100010001,Regular,0.0401,0.0618,C13
U00375,0,2,0.0,0.00020002000200020003,Regular,0.0225,0.0287,C25
U03042,0,0,0.0,0.0,Regular,0.1241,0.1896,C17
U03068,0,0,0.0,0.0,Regular,0.0995,0.0129,C18
U07126,0,0,0.0,0.0,Regular,0.1689,0.1154,C01
U07131,0,0,0.0,0.0,Regular,0.1326,0.0741,C06
U09989,0,0,0.0,0.0,Regular,0.1123,0.0947,C14
U09974,0,3,0.0,0.00030003000300030005,Regular,0.0862,0.0762,C24
U01784,0,0,0.0,0.0,Regular,0.0448,0.0428,C09
U03358,0,0,0.0,0.0,Regular,0.1076,0.052,C08
